clinic_name,address,phone,serving,Street Address,City,State,Zip Code
Wise Choice Health Care LLC,"1214 W A St Wise Choice Health Care, North Platte, NE 69101- 4695",(308) 221-6228,"Women, Men",1214 W A St Wise Choice Health Care, North Platte,NE,69101
Restore Health and Wellness,"1525 E. REPUBLIC RD. STE A115, Springfield, MO 65804 - 6584",(417) 875-3000,"Women, Men",1525 E. REPUBLIC RD. STE A115, Springfield,MO,65804
Transformed Aesthetic & Wellness Center,"61 Thomas Johnson Drive Suite B, Frederick, MD 21702 - 4301",(240) 215-0454,"Women, Men",61 Thomas Johnson Drive Suite B, Frederick,MD,21702
Southeastern Integrated Family Medicine,"105 FARM BROOK DR., Lumberton, NC 28358 - 2179",(910) 738-7789,"Women, Men",105 FARM BROOK DR., Lumberton,NC,28358
Vital Wellness,"95 H20 PLACE, HAMPSTEAD, NC 28443 - 0448",(740) 215 0451,"Men, Women",95 H20 PLACE, HAMPSTEAD,NC,28443
The Hormone Advantage,"19 UPPER RAGSDALE DR. Suite 150, Monterey, CA 93940 - 7869",(831) 648-1870,"Women, Men",19 UPPER RAGSDALE DR. Suite 150, Monterey,CA,93940
Vitally Doc Integrative Medicine,"4755 SUMMERLIN RD. SUITE # 2, FORT MYERS, FL 33919 - 1073",239-842-6816,"Men, Women",4755 SUMMERLIN RD. SUITE # 2, FORT MYERS,FL,33919
Infinity Med-I-Spa,"430 Green Springs Hwy, Suite 21, Birmingham, AL 35209",205-290-0021,"Women, Men",430 Green Springs Hwy  Suite 21, Birmingham,AL,35209
Brookwood Women's Health,"2006 Brookwood Medical Center, Suite 202, Birmingham, AL 35209",205-397-8850,"Women, Men",2006 Brookwood Medical Center  Suite 202, Birmingham,AL,35209
Alabama Women's Specialist,"2006 Brookwood Medical Center, Suite 310, Birmingham, AL 35209",205-877-2121,"Women, Men",2006 Brookwood Medical Center  Suite 310, Birmingham,AL,35209
"Donald Aulds, MD","401 Lowell Drive, Suite 21, Huntsville, AL 35801",256-533-1244,"Women, Men",401 Lowell Drive  Suite 21, Huntsville,AL,35801
The Myers Institute of Plastic and Hand Surgery,"300 Medical Center Drive, Suite 305, Gadsden, AL 35903",256-494-8000,"Women, Men",300 Medical Center Drive  Suite 305, Gadsden,AL,35903
Medical Centers OB/GYN,"55 Rowe Dr., Suite A, Guntersville, AL 35976",256-753-8470,"Women, Men",55 Rowe Dr.  Suite A, Guntersville,AL,35976
Infinity Med-I-Spa,"501 Quintard Ave, Suite 4, Anniston, AL 36201",256-237-2029,"Women, Men",501 Quintard Ave  Suite 4, Anniston,AL,36201
Western Arkansas Hormone Optimization,"8101 McClure Dr., Suite 203, Fort Smith, AR 72916",(479) 242-2577,"Women, Men",8101 McClure Dr.  Suite 203, Fort Smith,AR,72916
Silver Tree Wellness Center,"16421 N Tatum Blvd., Suite 210, Phoenix, AZ 85032",(602) 675-0170,"Women, Men",16421 N Tatum Blvd.  Suite 210, Phoenix,AZ,85032
Your Health District,"2525 W Carefree Hwy Building 4, Suite 124, Phoenix, AZ 85085",623-748-9106,"Women, Men",2525 W Carefree Hwy Building 4  Suite 124, Phoenix,AZ,85085
Dr. Kristine Sarna at Paradise Wellness,"2060 W Whispering Wind Dr., Ste 170, Phoenix, AZ 85085",602-266-8144,"Women, Men",2060 W Whispering Wind Dr.  Ste 170, Phoenix,AZ,85085
Davis Health and Wellness,"1641 S. Stapley Drive Suite 107, Unit 303, Mesa, AZ 85204",(314) 471-9540,"Women, Men",1641 S. Stapley Drive Suite 107  Unit 303, Mesa,AZ,85204
Orange Medical Pain Management,"2626 E University Dr, suite 110 , Mesa, AZ 85213",480-526-5300,"Women, Men",2626 E University Dr  suite 110 , Mesa,AZ,85213
Optima Medical Care,"8575 E. Princess Dr., Suite 117, Scottsdale, AZ 85255",480-496-2696,"Women, Men",8575 E. Princess Dr.  Suite 117, Scottsdale,AZ,85255
Revive Wellness & Rejuvenation,"20229 N 67th Ave, Ste C1A, Glendale, AZ 85308",602-595-7836,"Women, Men",20229 N 67th Ave  Ste C1A, Glendale,AZ,85308
Betania Mazon Gonzalez,"Alvaro Obregon #747 Esquina 8a, Zona Centro, Ensenada, BC 22800",+52 5515025277,"Women, Men",Alvaro Obregon #747 Esquina 8a  Zona Centro, Ensenada,BC,22800
"H. Elena Rodriguez, MD","3440 Lomita Blvd, Suite 427, Torrance, CA 90505",310-325-9400,"Women, Men",3440 Lomita Blvd  Suite 427, Torrance,CA,90505
OB-Gyn Place,"622 W Duarte Road, Suite 305, Arcadia, CA 91007",(626) 688-3584,"Women, Men",622 W Duarte Road  Suite 305, Arcadia,CA,91007
Christopher Tiner MD,"50 Bellefontaine street, suite 304, Pasadena, CA 91105",(626) 788-9152,"Women, Men",50 Bellefontaine street  suite 304, Pasadena,CA,91105
"Stuart Kramer, MD","5530 Corbin Ave., Suite 260, Tarzana, CA 91356",818-716-5179,"Women, Men",5530 Corbin Ave.  Suite 260, Tarzana,CA,91356
Swan Cosmetic Surgery,"20929 Ventura Blvd., Ste 25, Woodland Hills, CA 91364",818-800-0082,"Men, Women",20929 Ventura Blvd.  Ste 25, Woodland Hills,CA,91364
Prime Wellness,"22554 Ventura Blvd, Suite 117, Woodland Hills, CA 91364",818-703-9512,"Women, Men",22554 Ventura Blvd  Suite 117, Woodland Hills,CA,91364
"Restoring Health Medical Institute, Inc","7365 Carnelian St., Ste 219, Rancho Cucamonga, CA 91730",888-774-3254,"Women, Men",7365 Carnelian St.  Ste 219, Rancho Cucamonga,CA,91730
My Family Doc,"1207 Carlsbad Village Dr, Suite A, Carlsbad, CA 92008",760-896-3030,"Men, Women",1207 Carlsbad Village Dr  Suite A, Carlsbad,CA,92008
Rejuvenate Medical Group,"5030 Camino De La Siesta, Suite 102, San Diego, CA 92108",619-713-7411,"Women, Men",5030 Camino De La Siesta  Suite 102, San Diego,CA,92108
Ignite RX,"44065 Margarita Rd, Ste 101, Temecula, CA 92532",951-302-2000,"Women, Men",44065 Margarita Rd  Ste 101, Temecula,CA,92532
Ageless Grace Inc,"24910 Las Brisas Rd, Suite 103, Murrieta, CA 92592",951-643-4664,"Women, Men",24910 Las Brisas Rd  Suite 103, Murrieta,CA,92592
Kessler Plastic Surgery,"2121 E. Coast Highway, Suite 200, Corona Del Mar, CA 92625",949-644-6544,"Women, Men",2121 E. Coast Highway  Suite 200, Corona Del Mar,CA,92625
SSK Plastic Surgery,"500 Superior Avenue, Suite 340, Newport Beach, CA 92663",(949) 515-7874,"Women, Men",500 Superior Avenue  Suite 340, Newport Beach,CA,92663
Optimum Rejuvenation,"910 S. El Camino Real, Suite A, San Clemente, CA 92672",949.424.3832,"Women, Men",910 S. El Camino Real  Suite A, San Clemente,CA,92672
Bonsai Med & Wellness,"27762 Vista del Lago, Ste A-3, Mission Viejo, CA 92692",9492476788,,27762 Vista del Lago  Ste A-3, Mission Viejo,CA,92692
Restore Orthopedics & Spine Center,"1120 West La Veta Ave., Suite 300, Orange, CA 92868",714-598-1745,"Women, Men",1120 West La Veta Ave.  Suite 300, Orange,CA,92868
"Kanwar Mahal MD, Inc","7710 N FRESNO ST, SUITE 102, Fresno, CA 93720",559-437-9100,"Women, Men",7710 N FRESNO ST  SUITE 102, Fresno,CA,93720
Serenity Aesthetics & Wellness,"126 Post St, Fl 2, San Francisco, CA 94108",(415) 267-9860,"Women, Men",126 Post St  Fl 2, San Francisco,CA,94108
California Longevity and Vitality Medical Institute,"450 Sutter Street, Suite 2310, San Francisco, CA 94108",(415) 619-3021,"Women, Men",450 Sutter Street  Suite 2310, San Francisco,CA,94108
"Béla S. Kenessey, MD","1320 El Capitan Drive, Suite 400, Danville, CA 94526",925-277-1600,"Women, Men",1320 El Capitan Drive  Suite 400, Danville,CA,94526
Responder First Wellness,"833 Franklin St, Suite. 8, Napa, CA 94559",530-625-7738,"Women, Men",833 Franklin St  Suite. 8, Napa,CA,94559
"Children & Family Medical Care, Inc.","1190 W. Olive Ave., #L, Merced, CA 95348",209-722-0831,"Women, Men",1190 W. Olive Ave.  #L, Merced,CA,95348
Laser Esthetica,"1650 Lead Hill Blvd., Suite 400, Roseville, CA 95661",916-783-0580,"Women, Men",1650 Lead Hill Blvd.  Suite 400, Roseville,CA,95661
HORMOCLINIC,"Calle Citadela Nº 5902 Edificio 11 Distrito 1, Col. Saucito, Chihuahua, CH 31110",(614) 390 0018,"Women, Men",Calle Citadela Nº 5902 Edificio 11 Distrito 1  Col. Saucito, Chihuahua,CH,31110
Aurora Medical Weight Loss,"15230 E Iliff Ave, Unit A, Aurora, CO 80014",720-748-3187,"Women, Men",15230 E Iliff Ave  Unit A, Aurora,CO,80014
OnPoint Family Care DTC,"8200 E. Belleview Ave., Suite 202C, Greenwood Village, CO 80111",303-694-5757,"Women, Men",8200 E. Belleview Ave.  Suite 202C, Greenwood Village,CO,80111
Center for Wellness MD,"8000 E. Prentice Ave. Bldg D, Unit 10, Englewood, CO 80111",303-309-3660,"Women, Men",8000 E. Prentice Ave. Bldg D  Unit 10, Englewood,CO,80111
Health Now Integrated Care,"9137 E. Mineral Circle, Suite 110, Centennial, CO 80112",303-953-9405,"Women, Men",9137 E. Mineral Circle  Suite 110, Centennial,CO,80112
All About Women's Care,"799 E. Hampden Ave, Suite 430, Englewood, CO 80113",303-781-5299,"Women, Men",799 E. Hampden Ave  Suite 430, Englewood,CO,80113
South Denver OBGYN,"7780 South Broadway, Suite 280, Littleton, CO 80122",303-738-1100,"Women, Men",7780 South Broadway  Suite 280, Littleton,CO,80122
Faces First,"9980 Park Meadows Dr., suite #201, Lone Tree, CO 80124",303-708-8787,"Women, Men",9980 Park Meadows Dr.  suite #201, Lone Tree,CO,80124
Altitude Family Medicine,"13402 W. Coal Mine Blvd, Suite 230, Littleton, CO 80127",303-730-2167,"Women, Men",13402 W. Coal Mine Blvd  Suite 230, Littleton,CO,80127
OnPoint Family Medicine at Parker Square,"19641 E. Parker Square Dr., Suite E, Parker, CO 80134",720-603-4247,"Women, Men",19641 E. Parker Square Dr.  Suite E, Parker,CO,80134
Cherry Creek Medical Weight Loss,"1325 S Colorado Blvd. Building B, Suite 509, Denver, CO 80222",303-321-0123,"Women, Men",1325 S Colorado Blvd. Building B  Suite 509, Denver,CO,80222
Spruce Health Group - Thornton,"9195 Grant Street, Suite 305, Thornton, CO 80229",720-638-5474,"Women, Men",9195 Grant Street  Suite 305, Thornton,CO,80229
The Women's Health Group,"9195 Grant St., Suite 410, Thornton, CO 80229",303-280-2229,"Women, Men",9195 Grant St.  Suite 410, Thornton,CO,80229
Weight Loss MD Boulder,"2425 Canyon Blvd., Suite G, Boulder, CO 80302",303-800-2405,"Women, Men",2425 Canyon Blvd.  Suite G, Boulder,CO,80302
Anazao MD,"1890 Loggers Lane, Unit A, Steamboat Springs, CO 80487",970-875-3900,"Women, Men",1890 Loggers Lane  Unit A, Steamboat Springs,CO,80487
Cratos Health,"2630 Tenderfoot Hill St., Ste 202, Colorado Springs, CO 80906",719-487-7777,"Women, Men",2630 Tenderfoot Hill St.  Ste 202, Colorado Springs,CO,80906
Eagle's Wing Medical,"112 Village Square West, Suite 102, Ridgway, CO 81432",970-626-7140,"Women, Men",112 Village Square West  Suite 102, Ridgway,CO,81432
Vitality Health and Medical Spa,"1400 Building Peoples Plaza, Suite 301, Newark, DE 19702",302-643-2500,"Women, Men",1400 Building Peoples Plaza  Suite 301, Newark,DE,19702
Danyo Plastic Surgery,"4001 Kennett Pike, Ste 234, Greenville, DE 19807",(302) 888-0508,"Women, Men",4001 Kennett Pike  Ste 234, Greenville,DE,19807
Dr. Daniel Mondlak,"BLVD MAGNOCENTRO  5, HUIXQUILUCAN, DF, DF 52783",55 50180503,"Women, Men",BLVD MAGNOCENTRO  5  HUIXQUILUCAN, DF,DF,52783
Dra Zoraida Rebeca Mena,"Centro Medico Siglo 21 Calle Duarte 25, San Francisco Macoris, San Francisco de Macoris, DU 31000",809-772-3503,"Women, Men",Centro Medico Siglo 21 Calle Duarte 25  San Francisco Macoris, San Francisco de Macoris,DU,31000
Dra Jennifer Reyes,"Centro Médico Siglo 21, Calle Duarte 25, San Francisco de Macoris, DU 31000",(829) 642-1564,"Women, Men",Centro Médico Siglo 21  Calle Duarte 25, San Francisco de Macoris,DU,31000
Doctora Maria Eréndira  Ortiz Ruiz,"Carlos Graef Fernández No.154 Consultorio 330 Torre de Ginecología, Santa Fé, Cuajimalpa, EM 05300",16647241,"Women, Men",Carlos Graef Fernández No.154 Consultorio 330 Torre de Ginecología  Santa Fé, Cuajimalpa,EM,5300
"Karen E. Kennedy, MD, FACOG, RPh","1118 Gulf Breeze Pkwy, Suite 201, Gulf Breeze, FL 32561",850-916-7766,"Women, Men",1118 Gulf Breeze Pkwy  Suite 201, Gulf Breeze,FL,32561
Well Balanced Healthcare,"6440 W Newberry Road, Suite 409, Gainesville, FL 32605",(352) 333-6161,"Women, Men",6440 W Newberry Road  Suite 409, Gainesville,FL,32605
Gainesville OBGYN,"6440 W. Newberry Road, Suite 502, Gainesville, FL 32605",352-371-2011,"Women, Men",6440 W. Newberry Road  Suite 502, Gainesville,FL,32605
Your Will Wellness LLC,"917 Rinehart Rd, Suite 2061, Lake Mary, FL 32746",407-378-7976,"Women, Men",917 Rinehart Rd  Suite 2061, Lake Mary,FL,32746
Svelte Weight Loss Center,"580 Rinehart Road, Suite 110, Lake Mary, FL 32746",(407)804-5200,"Women, Men",580 Rinehart Road  Suite 110, Lake Mary,FL,32746
Advanced Women's Health Specialists,"785 Primera Blvd, Suite 1031, Lake Mary, FL 32746",407-834-8111,"Women, Men",785 Primera Blvd  Suite 1031, Lake Mary,FL,32746
GlowSpring Health,"288 E St. Rd, 434, Longwood, FL 32750",407-478-9797,"Women, Men",288 E St. Rd 434, Longwood,FL,32750
ThrIVe Hydration & Spa,"7067 Narcoossee Road Suiite B, Loft #12, Orlando, FL 32822",(407) 205-9070,"Women, Men",7067 Narcoossee Road Suiite B  Loft #12, Orlando,FL,32822
The Restoration Place Clinic,"141 Terra Mango Loop, STE B, Orlando, FL 32835",407.587.6406,"Women, Men",141 Terra Mango Loop  STE B, Orlando,FL,32835
The Refinery Medspa & Wellness,"4311 Norfolk Parkway, Suite 114, West Melbourne, FL 32904",(321) 3413321,"Women, Men",4311 Norfolk Parkway  Suite 114, West Melbourne,FL,32904
Florida Anti-Aging Center,"1290 Hwy A1A, Suite 103, Satellite Beach, FL 32937",321-690-0003,"Women, Men",1290 Hwy A1A  Suite 103, Satellite Beach,FL,32937
Rigdon Medical Center,"270 North Sykes Creek Pkwy, Suite 202, Merritt Island, FL 32953",321-450-2335,"Women, Men",270 North Sykes Creek Pkwy  Suite 202, Merritt Island,FL,32953
"Kenneth Strubbe, MD, PA","7100 W 20th Ave, Suite 314, Hialeah, FL 33016",305-827-5890,"Women, Men",7100 W 20th Ave  Suite 314, Hialeah,FL,33016
Lina Echavarria MD LLC,"1951 SW 172 Ave. , Ste 412, Miramar, FL 33029",(954) 702-4232,"Women, Men",1951 SW 172 Ave.   Ste 412, Miramar,FL,33029
Keys Med Spa @ George D Peterson MD,"5450 MacDonald Ave, Suite 12, Key West, FL 33040",305.293.9555,"Women, Men",5450 MacDonald Ave  Suite 12, Key West,FL,33040
"Premier Medical Center, LLC","6741 SW 24 Street, Suite 38-39, Miami, FL 33155",305-262-5476,"Women, Men",6741 SW 24 Street  Suite 38-39, Miami,FL,33155
Heavenly Esthetics,"7805 Coral Way, Suite 121, Miami, FL 33155",305-269-7004,"Women, Men",7805 Coral Way  Suite 121, Miami,FL,33155
"Lievano Perez OB/GYN of Miami, LLC","8525 SW 92 Street, Suite D13, Miami, FL 33156",305-270-3562,"Women, Men",8525 SW 92 Street  Suite D13, Miami,FL,33156
Cosmetic Laser Professionals Med Spa,"8501 SW 124 Ave, Suite 212A, Miami, FL 33183",305-456-1170,"Women, Men",8501 SW 124 Ave  Suite 212A, Miami,FL,33183
Miracle Angels Med Spa,"14201 SW 120 St, Suite 205, Miami, FL 33186",305-281-2494,"Women, Men",14201 SW 120 St  Suite 205, Miami,FL,33186
Serenity Medical Aesthetics - Weston,"1605 Town Center BLVD, Suite A, Weston, FL 33326",561-500-9355,"Women, Men",1605 Town Center BLVD  Suite A, Weston,FL,33326
"Beth L. Freedland, DO","7301A W. Palmetto Park Rd., Suite 200C, Boca Raton, FL 33433",561-961-5456,"Women, Men",7301A W. Palmetto Park Rd.  Suite 200C, Boca Raton,FL,33433
Hybrid Medical Solution,"9325 Glades Road, Suite 208, Boca Raton, FL 33434",561-898-0020,"Women, Men",9325 Glades Road  Suite 208, Boca Raton,FL,33434
"Erika Bradshaw, MD, PA","503 S Eichenfeld Drive, Ste 103, Brandon, FL 33511",813-810-1688,"Women, Men",503 S Eichenfeld Drive  Ste 103, Brandon,FL,33511
"Inside Out Aesthetics, LLC","27613 Cashford Cir, Suite # 101, Wesley Chapel, FL 33544",(813) 602-6100,"Women, Men",27613 Cashford Cir  Suite # 101, Wesley Chapel,FL,33544
Lindsay Aesthetics,"16541 Pointe Village Dr., 211, Lutz, FL 33558",813-920-8300,"Women, Men",16541 Pointe Village Dr. 211, Lutz,FL,33558
The Vein and Vascular Institute of Tampa Bay,"3140 S Falkenburg Road, STE 202, Riverview, FL 33578",813-574-2844,"Men, Women",3140 S Falkenburg Road  STE 202, Riverview,FL,33578
Florida Urology Partners,"4710 N. Habana Ave., Suite 400, Tampa, FL 33614",813-875-8914,"Men, Women",4710 N. Habana Ave.  Suite 400, Tampa,FL,33614
The Aesthetics Lab,"4014 W. Estrella St, Suite A, Tampa, FL 33629",813-773-3661,"Women, Men",4014 W. Estrella St  Suite A, Tampa,FL,33629
Dr. Mackay Vein & Circulation Specialists,"7601 Dr. MLK Jr. St. North, Suite C-2, St. Petersburg, FL 33702",727-781-5652,"Women, Men",7601 Dr. MLK Jr. St. North  Suite C-2, St. Petersburg,FL,33702
Peaks of Health Metabolic Medical Center,"1120 S Belcher Road, Suite 2, Largo, FL 33771",727-826-0838,"Women, Men",1120 S Belcher Road  Suite 2, Largo,FL,33771
Urbaniak Plastic Surgery,"13201 Walsingham Rd, Ste 200, Largo, FL 33774",727-447-4536,"Men, Women",13201 Walsingham Rd  Ste 200, Largo,FL,33774
Triana Center for Hormone Balance,"3155 Harbor Blvd, Suite 100, Port Charlotte, FL 33952",941-625-1990,"Women, Men",3155 Harbor Blvd  Suite 100, Port Charlotte,FL,33952
"Hope in Health, LLC","2301 Del Prado Blvd. South Unit 180, Suite 59, Cape Coral, FL 33990",(239) 414-6588,"Men, Women",2301 Del Prado Blvd. South Unit 180  Suite 59, Cape Coral,FL,33990
"Diane Brzezinski, DO, PA","1250 Pine Ridge Road, Unit 101A, Naples, FL 34108",239-261-9990,"Women, Men",1250 Pine Ridge Road  Unit 101A, Naples,FL,34108
Dr. Robert Korolevich,"5515 Bryson Drive, Suite 501, Naples, FL 34109",239-593-0086,"Women, Men",5515 Bryson Drive  Suite 501, Naples,FL,34109
"Joseph F. Lang, MD","12250 Tamiami Trail East, Ste 210, Naples, FL 34113",239-389-5264,"Women, Men",12250 Tamiami Trail East  Ste 210, Naples,FL,34113
Gulf Coast Institute of Rejuvenation,"8788 State Road 70 East, Suite 102, Lakewood Ranch, FL 34202",941-753-0600,"Women, Men",8788 State Road 70 East  Suite 102, Lakewood Ranch,FL,34202
"Transform Your Health, PLLC","35111 US Highway 19 N., Suite 200, Palm Harbor, FL 34684",(833)791-2248,"Women, Men",35111 US Highway 19 N.  Suite 200, Palm Harbor,FL,34684
Total Woman Healthcare,"885 Sedalia St, Ste 100, Ocoee, FL 34761",407-294-2994,"Women, Men",885 Sedalia St  Ste 100, Ocoee,FL,34761
"SafiraMD Medical Aesthetics and Wellness Center, PC","6345 Halcyon Way, Suite 850, Alpharetta, GA 30005",678-235-8221,"Women, Men",6345 Halcyon Way  Suite 850, Alpharetta,GA,30005
"Donald C. Siegel, MD, PC","2801 N Decatur Road, Suite 180, Decatur, GA 30033",404-297-0098,"Women, Men",2801 N Decatur Road  Suite 180, Decatur,GA,30033
North Atlanta OB GYN,"1523 Johnson Ferry Rd, Ste 150, Marietta, GA 30062",404-255-0621,"Women, Men",1523 Johnson Ferry Rd  Ste 150, Marietta,GA,30062
True Age Wellness,"800 Whitlock Ave Ste 115, Room 126, Marietta, GA 30064",(239) 595-6803,,800 Whitlock Ave Ste 115  Room 126, Marietta,GA,30064
Roswell Pain Specialists,"1300 Upper Hembree Road Suite B, Building 100, Roswell, GA 30076",678-736-7680,"Men, Women",1300 Upper Hembree Road Suite B  Building 100, Roswell,GA,30076
North Fulton Internal Medicine Clinic,"2500 Hospital Boulevard, Suite 250, Roswell, GA 30076",770-442-1111,"Women, Men",2500 Hospital Boulevard  Suite 250, Roswell,GA,30076
Comprehensive Women's OB/GYN - Wow Aesthetics,"3630 Savannah Place Drive Building 100, Suite B, Duluth, GA 30096",(678) 474-0203,"Women, Men",3630 Savannah Place Drive Building 100  Suite B, Duluth,GA,30096
"Cobb Womens Health, P.A.","1810 Mulkey Road, Suite 102, Austell, GA 30106",770-944-8660,"Women, Men",1810 Mulkey Road  Suite 102, Austell,GA,30106
Georgia Medical Treatment Centers,"557 Riverstone Pkwy, Suite 140, Canton, GA 30114",770-345-2000,"Women, Men",557 Riverstone Pkwy  Suite 140, Canton,GA,30114
Eagles Landing OB/GYN,"3333 Jodeco RD, Suite D, MCDONOUGH, GA 30253",(770) 474-1919,"Women, Men",3333 Jodeco RD  Suite D, MCDONOUGH,GA,30253
Recharge Wellness Medical Clinic,"1447 Peachtree St, NE Suite. 490E, Atlanta, GA 30309",(404) 800-1169,"Men, Women",1447 Peachtree St  NE Suite. 490E, Atlanta,GA,30309
"Hailey, Brody, Casey, and Wray, M.D., P.C.","1218 West Paces Ferry Road, NW, Atlanta, GA 30327",(404) 525-7409,"Women, Men",1218 West Paces Ferry Road  NW, Atlanta,GA,30327
P&S Healthcare,"1829 INDEPENDENCE SQUARE, SUITE ONE, Dunwoody, GA 30338",770-551-9616,"Women, Men",1829 INDEPENDENCE SQUARE  SUITE ONE, Dunwoody,GA,30338
Joseph Medical PC,"1303 D'antignac Street, Suite 2500, Augusta, GA 30901",706-733-4427,"Women, Men",1303 D'antignac Street  Suite 2500, Augusta,GA,30901
Macon Family Health Care,"2040 Bowman Park, Suite A, Macon , GA 31210",478-755-8400,"Women, Men",2040 Bowman Park  Suite A, Macon ,GA,31210
Savii Health,"340 Eisenhower Dr, Suite 1200, Savannah, GA 31406",912-443-4200,"Women, Men",340 Eisenhower Dr  Suite 1200, Savannah,GA,31406
Southern Family Walk-In,"73 S W Park St, Suite B, Baxley, GA 31513",(912) 705-8050,"Women, Men",73 S W Park St  Suite B, Baxley,GA,31513
St. Francis OBGYN Associates,"2300 Manchester Expressway, Butler Pavilion Ste B001, Columbus, GA 31904",706-324-4891,"Women, Men",2300 Manchester Expressway  Butler Pavilion Ste B001, Columbus,GA,31904
Clinica de Ozonoterapia,"Jaime Nunó 310 B colonia Periodistas, Pachuca, HG, HG 42060",52 1771 7192018,"Men, Women",Jaime Nunó 310 B colonia Periodistas  Pachuca, HG,HG,42060
"Honolulu Pain Management Clinic, LLC.","500 Ala Moana Blvd, Suite #1-302, Honolulu, HI 96813",808-528-3657,"Women, Men",500 Ala Moana Blvd  Suite #1-302, Honolulu,HI,96813
Bloom Women's Health,"2242 E. Riverwalk Drive, Suite 200, Boise, ID 83706-5483",(208) 495-4145,Women,2242 E. Riverwalk Drive  Suite 200, Boise,ID,83706-5483
Sohn Medical Center,"1700 W. Central Rd, Suite 140, Arlington Heights, IL 60005",847-843-9191,"Men, Women",1700 W. Central Rd  Suite 140, Arlington Heights,IL,60005
Optimal Aging Institute,"750 Fletcher Drive, Suite 203, Elgin, IL 60123",847-697-7011,"Women, Men",750 Fletcher Drive  Suite 203, Elgin,IL,60123
Dermatique Laser and Skin,"407 S 3rd St., Suite 240, Geneva, IL 60134",(630) 262-2515,"Women, Men",407 S 3rd St.  Suite 240, Geneva,IL,60134
Meliora Integrative Medicine,"1740 Ridge Ave, Suite 120 Suite 120, Evanston, IL 60201",(847) 440-4355,"Women, Men",1740 Ridge Ave  Suite 120 Suite 120, Evanston,IL,60201
Quench Wellness,"1301 E 47th St. Building 2, Suites 111/112, Chicago, IL 60653",(312) 888-9449,"Women, Men",1301 E 47th St. Building 2  Suites 111/112, Chicago,IL,60653
Livido Wellness,"1911 Frank Scott Parkway East Suite 4, Shiloh,, IL 62221",(618) 830-7023,"Women, Men",1911 Frank Scott Parkway East Suite 4  Shiloh,,IL,62221
Total Performance Medical,"90 Executive Drive, Suite E, Carmel, IN 46032",317-454-7700,"Men, Women",90 Executive Drive  Suite E, Carmel,IN,46032
Complementary Family Medical Care of Indiana,"69 East Garner Rd., Suite 300, Brownsburg, IN 46112",317-852-3616,"Women, Men",69 East Garner Rd.  Suite 300, Brownsburg,IN,46112
Revive RX,"5650 S. Franklin Rd. Ste. 300C Ste. 300C, Indianapolis, IN, IN 46239",317-245-7353,"Women, Men",5650 S. Franklin Rd. Ste. 300C Ste. 300C  Indianapolis, IN,IN,46239
Envigorate Aesthetics,"317 N Rock Rd Suite 1300, Room 10, Derby, KS 67037",(316) 990-0491,"Women, Men",317 N Rock Rd Suite 1300  Room 10, Derby,KS,67037
Future Hope Total Health,"231 Midland Park, Suite 101, Shelbyville, KY 40065",502-633-6411,"Women, Men",231 Midland Park  Suite 101, Shelbyville,KY,40065
Figure Weight Loss,"157 Barnwood Drive, Ste 1, Edgewood, KY 41017",859-371-4555,"Women, Men",157 Barnwood Drive  Ste 1, Edgewood,KY,41017
"Live Again, LLC","127 E. North St., Suite B, Madisonville, KY 42431",270-821-7739,"Women, Men",127 E. North St.  Suite B, Madisonville,KY,42431
Premier OBGYN Specialists,"8120 Main Street, Suite 202, Houma, LA 70360",985-223-8994,"Women, Men",8120 Main Street  Suite 202, Houma,LA,70360
"Mary Lee Cherry, M.D.","1401 Ochsner Blvd, Suite B, Covington, LA 70433",985-809-3883,"Women, Men",1401 Ochsner Blvd  Suite B, Covington,LA,70433
Optimal Health Center of Acadiana,"340 Kaliste Saloom Rd., Suite H, Lafayette, LA 70508",337-235-0575,"Women, Men",340 Kaliste Saloom Rd.  Suite H, Lafayette,LA,70508
Mint Health,"500 Rue de la Vie, Suite 401, Baton Rouge, LA 70817",225-250-1025,"Women, Men",500 Rue de la Vie  Suite 401, Baton Rouge,LA,70817
Bridges to Beauty,"4300 Youree Drive, Suite 300, Shreveport, LA 71105",318-219-8555,"Women, Men",4300 Youree Drive  Suite 300, Shreveport,LA,71105
Menopause and Hormone Specialty Center,"7591 Fern Ave., Suite 1501, Shreveport, LA 71105",318-524-8032,Women,7591 Fern Ave.  Suite 1501, Shreveport,LA,71105
Dr. Catherine Vanderloos,"460 Ashley Ridge Blvd, Suite 200, Shreveport, LA 71106",(318) 865-4333,"Women, Men",460 Ashley Ridge Blvd  Suite 200, Shreveport,LA,71106
AFA OBGYN,"131 Old Road to Nine Acre Corner, Suite 830, Concord, MA 01742",978-371-1396,"Women, Men",131 Old Road to Nine Acre Corner  Suite 830, Concord,MA,1742
Boston Urogyn,"70 Walnut St, Suite 101, Wellesley, MA 02481",(617) 340-6446,"Women, Men",70 Walnut St  Suite 101, Wellesley,MA,2481
Skin MD Hyannis,"790 Iyannough Road, Suite 6, Hyannis, MA 02601",(508) 418-3570,"Women, Men",790 Iyannough Road  Suite 6, Hyannis,MA,2601
"Steven J. Adashek, MD PA","1205 York Road, Suite 12, Lutherville, MD 21093",(410) 296-8001,"Women, Men",1205 York Road  Suite 12, Lutherville,MD,21093
Pria Wellness Center,"724 Maiden Choice Lane, Suite 202, Catonsville, MD 21228",410-747-6080,"Women, Men",724 Maiden Choice Lane  Suite 202, Catonsville,MD,21228
Family Doc's Clinic,"8275 Holly Road, Suite 1, Grand Blanc, MI 48439",810-603-0990,"Women, Men",8275 Holly Road  Suite 1, Grand Blanc,MI,48439
Grand Pearl Spa- A Division of Plastic Surgery Associates,"220 Lyon St. NW, Suite 700, Grand Rapids, MI 49503",616-451-4500,"Women, Men",220 Lyon St. NW  Suite 700, Grand Rapids,MI,49503
Omni Cosmetic,"935 Wayzata Blvd E, Suite 200, Wayzata, MN 55391",763-559-4500,"Women, Men",935 Wayzata Blvd E  Suite 200, Wayzata,MN,55391
Wildwood Integrative Healthcare,"16111 Manchester Rd., Suite 202, Ellisville, MO 63011",636-489-2000,"Women, Men",16111 Manchester Rd.  Suite 202, Ellisville,MO,63011
Chesterfield Bariatric Surgery,"16216 Baxter Road, Suite 110, Chesterfield, MO 63017",314-907-7999,"Men, Women",16216 Baxter Road  Suite 110, Chesterfield,MO,63017
Complete Family Medicine - Macon,"1206 N. Missouri St., Suite C, Macon , MO 63552",660-395-7575,"Men, Women",1206 N. Missouri St.  Suite C, Macon ,MO,63552
Adonia Med Spa/True Body Sculpting,"201 W Broadway Building 5B, Doctors Park, Columbia, MO 65203",(573) 443-0075,"Women, Men",201 W Broadway Building 5B  Doctors Park, Columbia,MO,65203
Audrain Orthopaedics,"626 East Summit Ave, Suite B, Mexico, MO 65265",573-582-0444,"Women, Men",626 East Summit Ave  Suite B, Mexico,MO,65265
Complete Family Medicine - Moberly,"1600 N. Morley St., Suite A115, Moberly, MO 65270",660-372-9595,"Men, Women",1600 N. Morley St.  Suite A115, Moberly,MO,65270
FG Aesthetics & Medicine,"2315 McDonald Ave., Suite 105, Missoula, MT 59801",(406) 200-9002,"Women, Men",2315 McDonald Ave.  Suite 105, Missoula,MT,59801
RejuvenaTE Health,"770 W Reserve Dr, Ste3, Kalispell, MT 59901",(406) 300-4511,"Women, Men",770 W Reserve Dr  Ste3, Kalispell,MT,59901
Family Healthcare of Lake Norman,"9718 - A Sam Furr Rd, Unit A, Huntersville, NC 28078",704-987-7970,"Women, Men",9718 - A Sam Furr Rd  Unit A, Huntersville,NC,28078
Urban Medspa and Weight Loss Center,"8535 Cliff Cameron Drive, STE 116, Charlotte, NC 28269",(704) 971-9191,"Women, Men",8535 Cliff Cameron Drive  STE 116, Charlotte,NC,28269
Center For Pain Management,"1602 Physicians Drive, Suite 103, Wilmington, NC 28401",(910) 442-1200,"Women, Men",1602 Physicians Drive  Suite 103, Wilmington,NC,28401
One Oak Medical,"55 North Gilbert Street, Suite 1101, Tinton Falls, NJ 07701",973-870-0777,"Women, Men",55 North Gilbert Street  Suite 1101, Tinton Falls,NJ,7701
Anti-Aging Care,"2800 Route 130 N. Suite 102, New Albany Prof Bldg, Cinnaminson, NJ 08077",(856) 303-8500,"Women, Men",2800 Route 130 N. Suite 102  New Albany Prof Bldg, Cinnaminson,NJ,8077
Kespra Medical Center,"22 Meridian Rd., Suite 10, Edison, NJ 08820",732-243-9808,"Women, Men",22 Meridian Rd.  Suite 10, Edison,NJ,8820
Gynecological Solutions,"349 US Hwy 206 and Doctors Way, Building B, Hillsborough, NJ 08844",908-431-5849,"Women, Men",349 US Hwy 206 and Doctors Way  Building B, Hillsborough,NJ,8844
Blooming Cactus Wellness,"7801 Academy Rd NE Building 2, Suite 104, Albuquerque, NM 87109",(505) 554-6654,"Women, Men",7801 Academy Rd NE Building 2  Suite 104, Albuquerque,NM,87109
EverCare Family Practice,"1911 5th Street, Ste 101, Santa Fe, NM 87505",505-780-8301,"Women, Men",1911 5th Street  Ste 101, Santa Fe,NM,87505
Kim Lark Family Practice,"2402 W Pierce, Suite 4-A, Carlsbad, NM 88220",575-234-9964,"Women, Men",2402 W Pierce  Suite 4-A, Carlsbad,NM,88220
Aesthetic Enhancements,"1360 East Highway 372, Suite 5, Pahrump, NV 89048",775-877-9500,"Women, Men",1360 East Highway 372  Suite 5, Pahrump,NV,89048
Spa Chiara Wellness Center,"333 N. Bedford Road, Suite 230, Mount Kisco, NY 10549",914-752-6850,"Women, Men",333 N. Bedford Road  Suite 230, Mount Kisco,NY,10549
Advanced OBGYN,"1725 E 12th Street, Suite 301, Brooklyn, NY 11229",(718) 336-1909,"Women, Men",1725 E 12th Street  Suite 301, Brooklyn,NY,11229
Yixiu Zheng MD PC,"135-27 38th Avenue, 2nd Floor, New York, NY 11354",212-933-9661,"Women, Men",135-27 38th Avenue  2nd Floor, New York,NY,11354
CC Medical,"500 Montauk Hwy, Suite Q, West Islip, NY 11795",631-314-4456,"Women, Men",500 Montauk Hwy  Suite Q, West Islip,NY,11795
Broome Family Nurse Practitioners PC,"2220 Vestal Pkwy E, 2nd Floor, Vestal, NY 13850",(607) 306-7546,"Women, Men",2220 Vestal Pkwy E  2nd Floor, Vestal,NY,13850
Jenerous Hydration & Wellness,"232 West 3rd Street, Office Suite. 320, Dover, OH 44622",(330) 407-6222,"Women, Men",232 West 3rd Street  Office Suite. 320, Dover,OH,44622
Optimal Health Institute of Ohio,"4030 Massillon Rd., Suite C, Uniontown, OH 44685",330-699-1500,"Women, Men",4030 Massillon Rd.  Suite C, Uniontown,OH,44685
"Skin Care Solutions Elite Medspa, LLC","3727 Friendsville Road, Unit 2, Wooster, OH 44691",330-465-0670,"Women, Men",3727 Friendsville Road  Unit 2, Wooster,OH,44691
Valere Medical PLLC,"1943 W 33rd Street, Suite 100, Edmond, OK 73013",4052833886,Women,1943 W 33rd Street  Suite 100, Edmond,OK,73013
Signature Skin Care,"1025 N. Bryant Ave, Edmond, Ok, OK 73034",4053416009,"Women, Men",1025 N. Bryant Ave  Edmond, Ok,OK,73034
Optimal Health Associates,"9800 Broadway Extension, Suite 200, Oklahoma City, OK 73114",405-715-4496,"Women, Men",9800 Broadway Extension  Suite 200, Oklahoma City,OK,73114
"Michael Robinson, MD","1900 W. 2nd St., Suite A, Elk City, OK 73664",580-303-9060,"Women, Men",1900 W. 2nd St.  Suite A, Elk City,OK,73664
Dr. James Webb & Associates,"6550 E 71st St., Suite 200, Tulsa, OK 74133",918-260-9322,"Women, Men",6550 E 71st St.  Suite 200, Tulsa,OK,74133
Southeast Medical Center,"1308 E Carl Albert Parkway, Suite A, McAlester, OK 74501",918-423-7191,"Women, Men",1308 E Carl Albert Parkway  Suite A, McAlester,OK,74501
Opulence Medical Spa,"1 West Main, Suite 100, Idabel, OK 74745",580-212-2210,"Women, Men",1 West Main  Suite 100, Idabel,OK,74745
VIVA! GYN,"2450 NE Mary Rose Place, St 200, Bend, OR 97701",541-323-3747,"Women, Men",2450 NE Mary Rose Place  St 200, Bend,OR,97701
Regenerative Medicine Center,"17 Brilliant Ave, Suite 202A, Pittsburgh, PA 15215",412-767-9890,"Women, Men",17 Brilliant Ave  Suite 202A, Pittsburgh,PA,15215
"Wellness in the Lehigh Valley, LLC","1275 S. Cedar Crest Blvd., Suite 5, Allentown, PA 18103",610-821-2820,"Men, Women",1275 S. Cedar Crest Blvd.  Suite 5, Allentown,PA,18103
The Female Pelvic Health Center,"760 Newtown-Yardley Road, Suite 115, Newtown, PA 18940",(215) 504-8900,"Women, Men",760 Newtown-Yardley Road  Suite 115, Newtown,PA,18940
Urologic Consultants of Southeast PA,"9880 Bustleton Ave., Suite 208, Philadelphia, PA 19115",(215) 677-0667,"Men, Women",9880 Bustleton Ave.  Suite 208, Philadelphia,PA,19115
Melanie Acevedo Valle LLC,"CARR. 115R KM 0.1 AVE. ROTARIO, BO. ASOMANTE, Aguada, PR 00602",(787) 238-0044,"Women, Men",CARR. 115R KM 0.1 AVE. ROTARIO  BO. ASOMANTE, Aguada,PR,602
DRA.XIOMARA LOPEZ,"Carr #2 KM 118.9 Int Bo. Caimital Alto, Professional Plaza Lot 3, Aguadilla, PR 00603",(787) 827-8188,"Women, Men",Carr #2 KM 118.9 Int Bo. Caimital Alto  Professional Plaza Lot 3, Aguadilla,PR,603
Valle Medical Offices,"Carr 459 Km 0.7, Bo. Caban 136, Aguadilla, PR 00603",787-997-1111,"Women, Men",Carr 459 Km 0.7  Bo. Caban 136, Aguadilla,PR,603
ALGYN,"Carr  2 KM, Torre Medica 1 Suite 209, Manati, PR 00674",939-272-0054,"Women, Men",Carr  2 KM  Torre Medica 1 Suite 209, Manati,PR,674
North ObGyn Services Psc.,"Edif Medico I Dr. Pedro Blanco Lugo, Suite 305, Manati, PR 00674",787-854-0800,"Women, Men",Edif Medico I Dr. Pedro Blanco Lugo  Suite 305, Manati,PR,674
Dr Carlos Baez-Marin,"Doctor's Center Hospital. Edif Medicina Especializada, Carr 2 km 47.7, Manati, PR 00674",787-503-8972,"Women, Men",Doctor's Center Hospital. Edif Medicina Especializada  Carr 2 km 47.7, Manati,PR,674
Manuel J Rodriguez Iglesias MD,"63 Mendez Vigo E Centro Plaza, Of. 3A, Mayaguez, PR 00680",787-831-4320,"Women, Men",63 Mendez Vigo E Centro Plaza  Of. 3A, Mayaguez,PR,680
Health and body care,"MVC Building 7 Suite 102, Ramon Emeterio Betances Esq. de Diego, Mayaguez, PR 00680",(787) 519-4795,"Women, Men",MVC Building 7 Suite 102  Ramon Emeterio Betances Esq. de Diego, Mayaguez,PR,680
Services Gineco Obstetricos del Oeste,"Edif. Medical Emporium, Ste 307 Ave. Hostos #351, Mayaguez, PR 00680",787-833-2250,"Women, Men",Edif. Medical Emporium  Ste 307 Ave. Hostos #351, Mayaguez,PR,680
Numed Health & Aesthetic Center,"Edificio Centro Novios Plaza, Carr 2 Suite 208, Mayaguez, PR 00680",787-425-0606,"Women, Men",Edificio Centro Novios Plaza  Carr 2 Suite 208, Mayaguez,PR,680
"Vega Alta Radiology, Inc.","Caribe Medical Plaza Suite 103, C/O PO BOX 1508, Vega Alta, PR 00692",787-270-0520,"Women, Men",Caribe Medical Plaza Suite 103  C/O PO BOX 1508, Vega Alta,PR,692
Dra. Anabelle Ortiz-Rivera,"909 Ave. Tito Castro Torre Medica San Lucas, Suite 804, Ponce, PR 00716",787-232-8772,"Women, Men",909 Ave. Tito Castro Torre Medica San Lucas  Suite 804, Ponce,PR,716
Dra. Zaskia M. Rodriguez Gonzalez,"880 Ave Tito Castro, Ste 102, Ponce, PR 00716",787-651-6121,"Women, Men",880 Ave Tito Castro  Ste 102, Ponce,PR,716
Oficina Dr Julio Baez,"Hospital Menonita Caguas, Carr 172 Urb Turabo Gardens Anexos Oficina B5, Caguas, PR 00725",939-640-2001,"Women, Men",Hospital Menonita Caguas  Carr 172 Urb Turabo Gardens Anexos Oficina B5, Caguas,PR,725
Clinica Medicina Primaria y Preventiva Dr. Angel Ortiz-Ortega,"Carretera 183 KM 4.8, Bo. Tomas De Castro 2, Caguas, PR 00725",787-239-9333,"Women, Men",Carretera 183 KM 4.8  Bo. Tomas De Castro 2, Caguas,PR,725
Essencia Gynecology & Women's Health,"2003 CARR 506 # 9A, COTO LAUREL,, PR 007802929",787-971-7133,"Men, Women",2003 CARR 506 # 9A  COTO LAUREL,,PR,7802929
Idia Velazquez Medicina Interna,"Font Martelo 123 Street, F 123, Humacao, PR 00791",787-852-3417,"Men, Women",Font Martelo 123 Street  F 123, Humacao,PR,791
Perinatology Group,"355 Font Martelo Ave. Oficina 126, Multipisos Ryder, Humacao, PR 00791",(787) 716-9059,Women,355 Font Martelo Ave. Oficina 126  Multipisos Ryder, Humacao,PR,791
Dra. Diana Noya,"Ashford Medical Center, Suite #402, San Juan, PR 00907",787-724-8441,"Men, Women",Ashford Medical Center  Suite #402, San Juan,PR,907
Dra. Nilmar Rodriguez Batiz,"Centro Plaza #650, Calle Lloveras Suite 101, San Juan, PR 00909",787-724-4433,"Women, Men",Centro Plaza #650  Calle Lloveras Suite 101, San Juan,PR,909
"Jorge A. Negron MD, FACOG, OB-GYN","Centro Plaza #650 Calle Lloveras, Suite 203, San Juan, PR 00909-2110",787-721-5677,"Women, Men",Centro Plaza #650 Calle Lloveras  Suite 203, San Juan,PR,00909-2110
Juan Carlos Roman MD,"Adler Medical Plaza   576 Avenida Cesar Gonzalez, Suite 406, San Juan, PR 00918",787-998-0188,"Women, Men",Adler Medical Plaza   576 Avenida Cesar Gonzalez  Suite 406, San Juan,PR,918
DR VILMA ORTEGA-VIDAURRE,"239 Artial Hostos Ave. Capital Center Building, Suite 601, San Juan, PR 00918",787-754-8333,"Women, Men",239 Artial Hostos Ave. Capital Center Building  Suite 601, San Juan,PR,918
Cruzado & Cruzado Medical Group,"576 Ave Cesar Gonzalez, Suite 408, Hato Rey, PR 00918",787-274-1992,"Women, Men",576 Ave Cesar Gonzalez  Suite 408, Hato Rey,PR,918
Dr. Edgar C. Hernandez Viera Neurology,"Hospital Torre San Francisco Ave. 369 Calle De Diego, Ste 607, Rio Piedras, PR 00923",787-764-9560,"Women, Men",Hospital Torre San Francisco Ave. 369 Calle De Diego  Ste 607, Rio Piedras,PR,923
MC Medical Clinic LLC,"Plaza 65 Office, Ave 65 Infanteria, San Juan, PR 00924",(939) 318-8312,Women,Plaza 65 Office  Ave 65 Infanteria, San Juan,PR,924
Women's Wellness and Anti-Aging Medical Spa,"Urb. Caribe, 1565 Calle Alda, San Juan , PR 00926",787-379-4777,"Women, Men",Urb. Caribe  1565 Calle Alda, San Juan ,PR,926
Perfetto Salud Integral,"254 Ave. Jesus T Pinero, Ste 2, San Juan, PR 00927",787-988-0111,"Women, Men",254 Ave. Jesus T Pinero  Ste 2, San Juan,PR,927
Consultorio Medico Dr. Rafael Soto,"Ave Boulevard, Suite 3326, Toa Baja, PR 00949",787-784-7200,"Women, Men",Ave Boulevard  Suite 3326, Toa Baja,PR,949
BELA-G LLC,"STREET J-19, HERMANAS DAVILA INSTITUTO MEDICO DE LA MUJER, BAYAMON, PR 00959",(787) 383-2226,"Women, Men",STREET J-19  HERMANAS DAVILA INSTITUTO MEDICO DE LA MUJER, BAYAMON,PR,959
Dr. Edwin Baez Montalvo,"Urb Santa Rosa, Bloque 16-34 Ave. Aguas Buenas, Bayamon, PR 00959",787-798-0344,"Women, Men",Urb Santa Rosa  Bloque 16-34 Ave. Aguas Buenas, Bayamon,PR,959
"Enrique Segura Nieves, MD","#100 Paseo San Pablo, Suite 408, Bayamon, PR 00961",787-740-8116,"Women, Men",#100 Paseo San Pablo  Suite 408, Bayamon,PR,961
"Jose A. Bermudez, MD","Edif Dr Arturo Cadilla St 408, Paseo San Pablo 100, Bayamon, PR 00961",787-787-1060,"Women, Men",Edif Dr Arturo Cadilla St 408  Paseo San Pablo 100, Bayamon,PR,961
"Leonardo Molina-Millet, MD","Calle Carazo #44, Suite 2-A, Guaynabo, PR 00969",787-790-4176,"Women, Men",Calle Carazo #44  Suite 2-A, Guaynabo,PR,969
Brendaliz Cabrera OBGYN,"Villas De Caney, E43 Calle Canovanas, Trujillo Alto, PR 00976",7879360002,"Women, Men",Villas De Caney  E43 Calle Canovanas, Trujillo Alto,PR,976
Numed Health & Aesthetic Center,"Urb Villamar, Calle Marginal #41, Isla Verde, PR 00979",787-644-1010,"Women, Men",Urb Villamar  Calle Marginal #41, Isla Verde,PR,979
"New Haven Medical Services, PA","115 Eagle's Nest Dr., Suite B, Seneca, SC 29678",864-885-2000,"Women, Men",115 Eagle's Nest Dr.  Suite B, Seneca,SC,29678
Dr Jose Julian Flores,"CIPLA, Pedro H. Urena 137, Santo Domingo, SD 10108",(809) 331-5050,"Women, Men",CIPLA  Pedro H. Urena 137, Santo Domingo,SD,10108
Dr Rafael Alberto Draper,"Hospiten Ave Alma Mater, esquina Bolivar, Santa Domingo, SD 10108",(809) 541-3000,"Women, Men",Hospiten Ave Alma Mater  esquina Bolivar, Santa Domingo,SD,10108
Dra Juana M. Sepulveda,"Clinica Abreu calle Arzobispo Portes 853, Gascue, Santo Domingo, SD 10208",(809) 689-2432,"Women, Men",Clinica Abreu calle Arzobispo Portes 853  Gascue, Santo Domingo,SD,10208
Body Opt,"5622 Sheridan Lake Road, Suite 105, Rapid City, SD 57702",605-787-2170,"Women, Men",5622 Sheridan Lake Road  Suite 105, Rapid City,SD,57702
MDS Lab & Imaging S.C. - Dr. Michael Laux,"Blvd. Manlio Fabio Beltrones, Ranchito Campestre, San Carlos, SO 85506",622 2262060,"Women, Men",Blvd. Manlio Fabio Beltrones  Ranchito Campestre, San Carlos,SO,85506
Luis Reyes Cruz,"Autopista Duarte Km. 2.8 Tramo Santiago La Vega,, Santiago de los Caballeros, ST 51000",1-809-967-6327,"Women, Men",Autopista Duarte Km. 2.8 Tramo Santiago La Vega , Santiago de los Caballeros,ST,51000
Dr. Efrain Martinez Jr.,"Baja California 3401-201, Jardin, Nuevo Laredo, TM 88260",86 7719 2820,"Women, Men",Baja California 3401-201  Jardin, Nuevo Laredo,TM,88260
Reelfoot Family Walk in Clinic,"1954 St John Ave, Ste 1, Dyersburg, TN 38024",731-285-8247,"Women, Men",1954 St John Ave  Ste 1, Dyersburg,TN,38024
Dallas Family Medical & Aesthetics,"16901 N. Dallas Parkway, Suite 208, Addison, TX 75001",4699174808,"Women, Men",16901 N. Dallas Parkway  Suite 208, Addison,TX,75001
Rosemary A Bates MD,"6300 Stonewood Drive, Suite 302, Plano, TX 75024",972-943-8597,"Women, Men",6300 Stonewood Drive  Suite 302, Plano,TX,75024
Texas Hormone and Wellness,"5575 Warren Parkway, Suite 310, Frisco, TX 75034",214-824-2547,"Women, Men",5575 Warren Parkway  Suite 310, Frisco,TX,75034
Frisco Concierge Medicine,"5575 Warren Pkwy, Ste. 305, Frisco, TX 75034",469-200-4802,"Men, Women",5575 Warren Pkwy  Ste. 305, Frisco,TX,75034
"Tenison Women's Health Center, Inc.","5505 Broadway Blvd., Suite B, Garland, TX 75043",214-703-6527,"Women, Men",5505 Broadway Blvd.  Suite B, Garland,TX,75043
Advanced Hormone Management,"3201 E. President George Bush Turnpike, Suite 107, Richardson, TX 75082",972-276-9902,"Women, Men",3201 E. President George Bush Turnpike  Suite 107, Richardson,TX,75082
"G. DeAn Strobel, MD PA","230  E. Sycamore St., Ste. 200, Sherman, TX 75090",903-957-0275,"Women, Men",230  E. Sycamore St.  Ste. 200, Sherman,TX,75090
OB/GYN North Dallas,"6124 West Parker Road, Suite 134, Plano, TX 75093",972-981-7777,"Women, Men",6124 West Parker Road  Suite 134, Plano,TX,75093
Plano Wellness Center PLLC,"3060 Communications Pkwy., #105, Plano, TX 75093",972-535-8000,"Women, Men",3060 Communications Pkwy.  #105, Plano,TX,75093
Genesis Wellness and Pain,"108 E US Hwy 80, Ste. 150, Forney, TX 75126",972-564-4444,"Women, Men",108 E US Hwy 80  Ste. 150, Forney,TX,75126
Modern Medicine,"992 E US Highway 80, Suite C, Forney, TX 75126",972-552-2920,"Women, Men",992 E US Highway 80  Suite C, Forney,TX,75126
His and Her Testosterone Center,"133 Chieftain Dr #103, Waxahachie	, TX 75165",972-938-0827,"Women, Men",133 Chieftain Dr #103  Waxahachie,,TX,75165
Preston Hollow Women's Healthcare,"8160 Walnut Hill Lane, Suite 330, Dallas, TX 75231",214-739-1300,"Women, Men",8160 Walnut Hill Lane  Suite 330, Dallas,TX,75231
Living Well Dallas Functional Medicine Center,"17000 Preston Rd, Bldg 4 STE 400, Dallas, TX 75248",972-930-0260,"Women, Men",17000 Preston Rd  Bldg 4 STE 400, Dallas,TX,75248
Pineywoods Health & Wellness Clinic,"1240 E. Loop 304 Ste. A,, Crockett, TX 75835",(936) 260-1192,"Women, Men",1240 E. Loop 304 Ste. A , Crockett,TX,75835
MY MD Select,"415 S. First St., Suite 130A, Lufkin, TX 75901",936-205-9922,"Women, Men",415 S. First St.  Suite 130A, Lufkin,TX,75901
Dr. Kavita Vyas,"607 Russell Blvd, Ste A, Nacogdoches, TX 75965",(936) 560-2920,"Women, Men",607 Russell Blvd  Ste A, Nacogdoches,TX,75965
Burroughs Medical Clinic,"1021 Holden St., Suite 200, Glen Rose, TX 76043",254-897-3310,"Women, Men",1021 Holden St.  Suite 200, Glen Rose,TX,76043
Heritage Women's Health Center,"1600 W. College St., #510, Grapevine, TX 76051",817-410-7982,"Women, Men",1600 W. College St.  #510, Grapevine,TX,76051
Heritage Women's Health Center,"1600 W. College St., #510, Grapevine, TX 76051",817-410-7982,"Women, Men",1600 W. College St.  #510, Grapevine,TX,76051
"Don Colbert, MD","325 Morrison Park Drive, Suite 110, Southlake, TX 76092",(817) 251-0155,"Women, Men",325 Morrison Park Drive  Suite 110, Southlake,TX,76092
P.L. Allen Health and Wellness Center,"7560 Glenview Dr, Suite 106, Richland Hills, TX 76180",817-590-8700,"Women, Men",7560 Glenview Dr  Suite 106, Richland Hills,TX,76180
Questcare Medical Clinic at Keller,"8861 Davis Blvd, Ste 100, Keller, TX 76248",817-431-5073,"Women, Men",8861 Davis Blvd  Ste 100, Keller,TX,76248
Nocona Family Medicine,"90 Park Road, P.O. BOX 30, Nocona, TX 76255",940-825-3333,"Women, Men",90 Park Road  P.O. BOX 30, Nocona,TX,76255
BioEnve,"1038 Early Blvd., Suite 200, Early, TX 76802",325-646-4800,"Women, Men",1038 Early Blvd.  Suite 200, Early,TX,76802
Dr. Alexandra Pelllicena,"1919 North Loop West, Suite 215, Houston, TX 77008",713-370-7325,"Women, Men",1919 North Loop West  Suite 215, Houston,TX,77008
Diabetes Relief,"11511 Katy Freeway, Suite 100, Houston, TX 77079",281-600-5000,"Women, Men",11511 Katy Freeway  Suite 100, Houston,TX,77079
"SSN Legacy Health, PLLC.","2222 Greenhouse Rd., Suite 200, Houston, TX 77084",281-206-8070,"Women, Men",2222 Greenhouse Rd.  Suite 200, Houston,TX,77084
John C Sparks Jr MD PA,"1020 Riverwood Ct, Suite 340, Conroe, TX 77304",936-539-2663,"Women, Men",1020 Riverwood Ct  Suite 340, Conroe,TX,77304
Contemporary Family Medicine,"200 E BOOTHE ST, STE 100, CLEVELAND, TX 77327",2815922888,"Women, Men",200 E BOOTHE ST  STE 100, CLEVELAND,TX,77327
Newella/Northeast Primary Care,"8901 FM 1960 Bypass West, Suite 201, Humble, TX 77338",2815483627,"Women, Men",8901 FM 1960 Bypass West  Suite 201, Humble,TX,77338
Claire Trappey Health Optimization,"23330 HWY 59 N, Suite 300, Kingwood, TX 77339",281-359-3223,"Women, Men",23330 HWY 59 N  Suite 300, Kingwood,TX,77339
Magnolia Family Medicine,"6912 FM 1488, Suite A, Magnolia, TX 77354",281-356-1945,"Women, Men",6912 FM 1488  Suite A, Magnolia,TX,77354
Sharpless Wellness Center,"18059 Hwy 105 West, Suite 125, Montgomery, TX 77356",936-449-8058,"Women, Men",18059 Hwy 105 West  Suite 125, Montgomery,TX,77356
"Pelvic Health, Wellness, & Aesthetic Center","9180 Pinecroft Dr. Medical Professional Building 4, Suite 250, Shenandoah, TX 77380",713-512-7810,"Women, Men",9180 Pinecroft Dr. Medical Professional Building 4  Suite 250, Shenandoah,TX,77380
Randy Birken MD,"4185 Technology Forest Blvd, Suite 190, The Woodlands, TX 77381",281-419-3231,"Women, Men",4185 Technology Forest Blvd  Suite 190, The Woodlands,TX,77381
Art of Wellness Med Spa,"28533 Spring Trails Ridge Suite, 110, Spring, TX 77386",832-791-1990,"Women, Men",28533 Spring Trails Ridge Suite 110, Spring,TX,77386
Butterfly MedSpa & Wellness,"2940 FM 2920, Ste 120, Spring, TX 77388",346-341-0600,"Men, Women",2940 FM 2920  Ste 120, Spring,TX,77388
Center for Women’s Health,"7790 W. Grand Parkway S, Suite 201, Richmond, TX 77406",(281) 342-6962,"Women, Men",7790 W. Grand Parkway S  Suite 201, Richmond,TX,77406
Fusion Primary Care and Wellness,"10310 W. Grand Parkway, S 103, RIchmond, TX 77406",(832) 430-2789,"Men, Women",10310 W. Grand Parkway  S 103, RIchmond,TX,77406
Balle Bliss Luxury Medical Spa,"13611 Skinner Rd., Suite 270, Cypress, TX 77429",281-758-2777,"Women, Men",13611 Skinner Rd.  Suite 270, Cypress,TX,77429
Dr. Nikko Dermatology,"27150 U.S. Highway 290, Suite 100, Cypress, TX 77433",832-653-3316,"Women, Men",27150 U.S. Highway 290  Suite 100, Cypress,TX,77433
Center for Women’s Health,"1601 Liberty Street, Ste A, Richmond, TX 77469",(281) 342-6962,"Women, Men",1601 Liberty Street  Ste A, Richmond,TX,77469
Dr. Shel Wellness & Aesthetics Center,"1437 Highway 6, Suite 100, Sugarland, TX 77478",281-313-7435,"Women, Men",1437 Highway 6  Suite 100, Sugarland,TX,77478
Allure Medical Aesthetics PA,"6903 Brisbane Court, Suite 100, Sugar Land, TX 77479",346-309-4955,"Men, Women",6903 Brisbane Court  Suite 100, Sugar Land,TX,77479
"SETOGA Wellness, PLLC","755 North 11th Street, P4200, Beaumont, TX 77702",409-899-1499,"Women, Men",755 North 11th Street  P4200, Beaumont,TX,77702
Broussard Family Practice,"7675 Folsom Drive, Building 300B, Beaumont, TX 77706",409-833-0342,"Women, Men",7675 Folsom Drive  Building 300B, Beaumont,TX,77706
Revivify Medical Spa,"3560 Delaware Street, Suite 107 , Beaumont, TX 77706",409-347-7976,"Women, Men",3560 Delaware Street  Suite 107 , Beaumont,TX,77706
Davidhizar Medical PLLC,"3201 University Dr. E, STE 135, Bryan, TX 77802",979-209-0458,"Women, Men",3201 University Dr. E  STE 135, Bryan,TX,77802
"Hill Country Hormone Center, LLC","1929 West State Highway 46, Suite 105, New Braunfels, TX 78132",830-625-6258,"Women, Men",1929 West State Highway 46  Suite 105, New Braunfels,TX,78132
R Family Medical Group,"3110 Nogalitos, Suite 105, San Antonio, TX 78225",210-533-0257,"Women, Men",3110 Nogalitos  Suite 105, San Antonio,TX,78225
Kadavil FNP & Associates PC,"8038 Wurzbach Rd, Suite 510, San Antonio, TX 78229",(210) 699 6993,,8038 Wurzbach Rd  Suite 510, San Antonio,TX,78229
"Narciso Gonzalez, MD, PLLC","2130 NE Loop 410, Ste. 375, San Antonio, TX 78235",210-634-1232,"Men, Women",2130 NE Loop 410  Ste. 375, San Antonio,TX,78235
"PAS Health, PLLC","11212 Highway 151 Plaza 1, Suite 340, San Antonio, TX 78251",(726) 245-2824,,11212 Highway 151 Plaza 1  Suite 340, San Antonio,TX,78251
South Texas Surgeons,"11212 State Highway Plaza 2, Suite 201, San Antonio, TX 78251",210-220-1726,"Women, Men",11212 State Highway Plaza 2  Suite 201, San Antonio,TX,78251
The Wellness & Aesthetics Medical Center,"540 Oak Centre Drive, Suite 114, San Antonio, TX 78258",210-495-8558,"Women, Men",540 Oak Centre Drive  Suite 114, San Antonio,TX,78258
New Wellness,"18707 Hardy Oak Blvd, Suite 550, San Antonio, TX 78258",210-497-1111,"Women, Men",18707 Hardy Oak Blvd  Suite 550, San Antonio,TX,78258
"Michelle Anson, M.D., PLLC","21252 Gathering Oak, Suite 100, San Antonio, TX 78260",210-920-2020,"Women, Men",21252 Gathering Oak  Suite 100, San Antonio,TX,78260
"Valley Aesthetics, LLC","5505 S. Expressway 77, Suite 203, Harlingen, TX 78550",956-230-3312,"Women, Men",5505 S. Expressway 77  Suite 203, Harlingen,TX,78550
Infinite Love by Dr. Norma Cavazos,"2121 E. Griffin Parkway, Ste 7, Mission, TX 78572",956-599-9523,"Women, Men",2121 E. Griffin Parkway  Ste 7, Mission,TX,78572
Hill Country OB/GYN- Dripping Spring,"13830 Sawyer Ranch Road, Suite 101, Dripping Spring, TX 78620",512-462-1936,"Women, Men",13830 Sawyer Ranch Road  Suite 101, Dripping Spring,TX,78620
Urology Specialists of Austin,"6501 S. Congress Ave, Suite 1-103, Austin, TX 78745",512-238-0762,"Men, Women",6501 S. Congress Ave  Suite 1-103, Austin,TX,78745
Austin Preferred Integrative Medicine,"6836 Bee Cave Road Building 1, Suite 200, Austin, TX 78746",(512) 442-2727,Women,6836 Bee Cave Road Building 1  Suite 200, Austin,TX,78746
Lisa M. Jukes MD,"5656 Bee Cave Rd, Suite B101, Austin, TX 78746",512-301-6767,"Women, Men",5656 Bee Cave Rd  Suite B101, Austin,TX,78746
Urology Specialists of Austin,"12505 Hymeadow Dr., Suite #2C, Austin, TX 78750",512-238-0762,"Men, Women",12505 Hymeadow Dr.  Suite #2C, Austin,TX,78750
River Hills Wellness,"7011 Ribelin Ranch Drive, Suite 200, Austin, TX 78750",512-345-7436,"Women, Men",7011 Ribelin Ranch Drive  Suite 200, Austin,TX,78750
Austin Area Obstetrics and Gynecology – COWAN,"12200 Renfert Way, Ste 100, Austin, TX 78758",512-451-8211,"Women, Men",12200 Renfert Way  Ste 100, Austin,TX,78758
ICAM Institute of Amarillo,"1901 Medi-Park, Ste 1001, Amarillo, TX 79106",806-468-4616,"Women, Men",1901 Medi-Park  Ste 1001, Amarillo,TX,79106
"Lewis Lyons, MD","1600 S. Coulter St, Bldg. G-500, Amarillo, TX 79106",(806) 356-9500,"Women, Men",1600 S. Coulter St  Bldg. G-500, Amarillo,TX,79106
Family Medicine Center of Amarillo,"7306 SW 34th St., Unit 4, Amarillo, TX 79121",806-350-8850,"Women, Men",7306 SW 34th St.  Unit 4, Amarillo,TX,79121
Lubbock Family Medicine,"7008 Indiana Ave., Suite A, Lubbock, TX 79413",806-698-8088,"Women, Men",7008 Indiana Ave.  Suite A, Lubbock,TX,79413
Arledge Aesthetics,"4642 N. Loop 289, Ste #203, Lubbock, TX 79416",806-788-5598,"Women, Men",4642 N. Loop 289  Ste #203, Lubbock,TX,79416
Dr. Scott Barclay- FMC Cornerstone,"1501 W. 11th Place, Suite 206, Big Spring, TX 79720",432-264-6361,"Men, Women",1501 W. 11th Place  Suite 206, Big Spring,TX,79720
Family Medical Center Ob/Gyn Department,"1501 W. 11th Place, Suite 200, Big Spring, TX 79720",432-264-7180,"Women, Men",1501 W. 11th Place  Suite 200, Big Spring,TX,79720
Family Medical Center Ob/Gyn Department,"1501 W. 11th Place, Suite 200, Big Spring, TX 79720",432-264-7180,"Men, Women",1501 W. 11th Place  Suite 200, Big Spring,TX,79720
"Advanced Health Clinic, LLC","630 W. Shepard Lane, #102, Farmington, UT 84025",801-447-8680,"Women, Men",630 W. Shepard Lane  #102, Farmington,UT,84025
Vgentle,"394 W Main Street, Suite 209, Lehi, UT 84043",801-796-2229,"Women, Men",394 W Main Street  Suite 209, Lehi,UT,84043
MKD Bio Health,"640 E 700 S, STE 10D, St. George, UT 84770",435-849-3270,"Women, Men",640 E 700 S  STE 10D, St. George,UT,84770
The Menopause Center PLLC,"8300 Old Courthouse Rd., Suite 140B, Vienna, VA 22182",703-991-6806,"Women, Men",8300 Old Courthouse Rd.  Suite 140B, Vienna,VA,22182
Acute Alternative Medical Group,"4000 Ruby Plaza, Suite 3, Christansted, VI 00820",340-772-2883,"Women, Men",4000 Ruby Plaza  Suite 3, Christansted,VI,820
Elysium Medical Arts Center,"7500 212th St., SW Ste. 112, Edmonds, WA 98026",(425) 582-9617,"Women, Men",7500 212th St.  SW Ste. 112, Edmonds,WA,98026
Edmonds Wellness Clinic,"7935 216th St. SW, Suite E, Edmonds, WA 98026",425-672-2113,"Women, Men",7935 216th St. SW  Suite E, Edmonds,WA,98026
Eastside Eye Candy,"22500 SE 64th Pl Building G, Ste 220, Issaquah, WA 98027",(425) 657-0355,"Men, Women",22500 SE 64th Pl Building G  Ste 220, Issaquah,WA,98027
Snohomish Naturopathic Clinic,"1101 Avenue D, Suite D103, Snohomish, WA 98290",360-568-2686,"Women, Men",1101 Avenue D  Suite D103, Snohomish,WA,98290
MeQuon Wellness Center,"11649 N. Port Washington Rd, Suite 114, Mequon, WI 53092",262-235-3800,"Women, Men",11649 N. Port Washington Rd  Suite 114, Mequon,WI,53092
Medical Grade Aesthetics,"136 W Grand Ave, Unit 101, Beloit, WI 53511",(608) 856-6180,"Women, Men",136 W Grand Ave  Unit 101, Beloit,WI,53511
Lasting Skin Solutions,"2981 Yarmouth Greenway Dr., Suite 111, Fitchburg, WI 53711",608-661-0000,"Women, Men",2981 Yarmouth Greenway Dr.  Suite 111, Fitchburg,WI,53711
Green Bay Integrative Health,"926 Willard Dr., Suite 236, Green Bay, WI 54304",920-489-8350,"Women, Men",926 Willard Dr.  Suite 236, Green Bay,WI,54304
Holistic Medical Services and Counseling,"4815 MacCorkle Ave., SE, Charleston, WV 25304",(681) 265-1693,"Women, Men",4815 MacCorkle Ave., Charleston,WV,25304
Astra Healthcare and Wellness,"105 S. Mill St, Beloit, KS 67420",(785) 534-1910,"Women, Men",105 S. Mill St, Beloit,KS,67420
Salina Urology Associates,"218 S Santa Fe Ave., Salina, KS 67401",(785) 827-9635,Women,218 S Santa Fe Ave., Salina,KS,67401
Restore Wellness,"325 N Broadway Street, Abilene, KS 67410",(785) 571-5004,"Women, Men",325 N Broadway Street, Abilene,KS,67410
Essence Med Spa,"2115 N. Kansas Ave Suite 102, Hastings, NE 68901",402-463-4004,"Men, Women",2115 N. Kansas Ave Suite 102, Hastings,NE,68901
Brad Rodgers Family Practice & Sports Medicine,"102 3rd Ave Suite A, Kearney, NE 68845",308-237-2273,"Women, Men",102 3rd Ave Suite A, Kearney,NE,68845
Redefine Med Spa,"2223 1st Avenue, Kearney, NE 68847",(308) 627-9318,"Women, Men",2223 1st Avenue, Kearney,NE,68847
"First Care Medical, P.C.","2605 2nd Ave, Kearney, NE 68847",(308) 236-7016,"Women, Men",2605 2nd Ave, Kearney,NE,68847
J Debban Wellness,"4111 4TH AVE, Suite # 2, Kearney, NE 68845-2883",(308) 293-0885,"Women, Men",4111 4TH AVE Suite #2, Suite # 2,NE,68845-2883
Regenirex,"5205 2ND Ave Suite 1, Kearney, NE 68847",308-237-9696,"Women, Men",5205 2ND Ave Suite 1, Kearney,NE,68847
"Sunflower Mental Health & Wellness, LLC","714A Broadway St, Marysville, KS 66508",(785) 619-6078,"Women, Men",714A Broadway St, Marysville,KS,66508
Concierge Med Lounge,"2012 Vanesta Place Ste. 220, Manhattan, KS 66503",(785) 320-9139,"Women, Men",2012 Vanesta Place Ste. 220, Manhattan,KS,66503
Family Practice of Grand Island,"3563 Prairieview St Suite 300, Grand Island, NE 68803",(308) 381-0162,"Women, Men",3563 Prairieview St Suite 300, Grand Island,NE,68803
"The Women's Health Group, PA","1620 Charles Pl, Manhattan, KS 66502",(785) 776-1400,"Women, Men",1620 Charles Pl, Manhattan,KS,66502
Vibrance Family Health Care,"606 N. Diers Ave, Grand Island, NE 68803",(308) 281-2544,"Women, Men",606 N. Diers Ave, Grand Island,NE,68803
Essence Med Spa - Grand Island,"1010 N Diers Ave Suite 4, Grand Island, NE 68803",(308) 398-1787,"Women, Men",1010 N Diers Ave Suite 4, Grand Island,NE,68803
"Vitality Family Healthcare, LLC","1028 N. Webb Rd Ste. E, Grand Island, NE 68803",308-865-0703,"Men, Women",1028 N. Webb Rd Ste. E, Grand Island,NE,68803
WHOLEhealthMHK,"7840 E US highway 24, Manhattan, KS 66502",(785) 775-1155,"Women, Men",7840 E US highway 24, Manhattan,KS,66502
Beauty Bar Aesthetics - Larned,"518 Broadway St, Larned, KS 67550",(620) 606-0222,"Men, Women",518 Broadway St, Larned,KS,67550
Woods Esthetics,"121 1/2 West 5th Street, Larned, KS 67550",(620) 282-9012,"Women, Men",121 1/2 West 5th Street, Larned,KS,67550
Schroeder Family Wellness Clinic,"421 East 30th Ave., Hutchinson, KS 67502",(620) 663-2678,"Women, Men",421 East 30th Ave., Hutchinson,KS,67502
Hutchinson Primary Care Associates,"1701 E 23rd Avenue Ste. 3100, Hutchinson, KS 67502",(620) 513-4850,"Women, Men",1701 E 23rd Avenue Ste. 3100, Hutchinson,KS,67502
Arise Medical and Wellness,"1011 N Main Street, Hutchinson, KS 67501",(620) 899-6493,"Women, Men",1011 N Main Street, Hutchinson,KS,67501
Whole Medicine,"116 S. Lincoln Avenue Suite 1, York, NE 68467",(402) 710-2501,"Women, Men",116 S. Lincoln Avenue Suite 1, York,NE,68467
Prairie Winds Family Care,"1507 W Us Highway 24, Wamego, KS 66547-1442",(785) 456-9773,"Women, Men",1507 W Us Highway 24, Wamego,KS,66547-1442
Birth and Womens' Health Center,"2913 E RED ROCK RD STE B, HUTCHINSON, KS 67501",(620) 255-7891,"Men, Women",2913 E RED ROCK RD STE B, HUTCHINSON,KS,67501
Plum Creek Medical Group,"1103 Buffalo Bend, Lexington, NE 68850",(308) 324-6386,"Women, Men",1103 Buffalo Bend, Lexington,NE,68850
Prairie Creek Family Medicine,"1356 126th Road, Stromsburg, NE 68666",(402) 764-2491,"Women, Men",1356 126th Road, Stromsburg,NE,68666
Apex Wellness PC,"7401 S. 15th Street Suite. A, Lincoln, NE 68512",(402) 413-2094,"Women, Men",7401 S. 15th Street Suite. A, Lincoln,NE,68512
Lincoln Ob-Gyn PC,"9110 Andermatt Drive Suite 2, Lincoln, NE 68526",(402) 483-7641,Women,9110 Andermatt Drive Suite 2, Lincoln,NE,68526
NMC Health Family Medicine Valley Center,"641 N Seneca St, Valley Center, KS 67147",(316) 755-1511,"Women, Men",641 N Seneca St, Valley Center,KS,67147
Cozad Community Medical Clinic,"1803 Papio Lane, Cozad, NE 69130",(308) 784-3535,"Women, Men",1803 Papio Lane, Cozad,NE,69130
Pratt Regional Medical Center,"124 Commodore Street Ste. B, Pratt, KS 67124",620-672-6454,"Men, Women",124 Commodore Street Ste. B, Pratt,KS,67124
Evolve Healthcare,"3510 N Ridge Road Ste. 500, Wichita, KS 67205",(316) 881-8180,"Women, Men",3510 N Ridge Road Ste. 500, Wichita,KS,67205
Quality Urgent Care & Clinic,"3 Bison Holiday Dr, McCook, NE 69001",308-345-7036,"Women, Men",3 Bison Holiday Dr, McCook,NE,69001
Imbue Aesthetics & Wellness,"3460 N Ridge Road 90 , Wichita, KS 67205",316-722-4725,"Women, Men",3460 N Ridge Road 90 , Wichita,KS,67205
Spectrum Family Medicine,"2020 N Tyler Road Ste. 114, Wichita, KS 67212",(316) 462-0460,"Women, Men",2020 N Tyler Road Ste. 114, Wichita,KS,67212
Miracle Moments,"1301 N West St Ste 4, Wichita, KS 67203",316-361-6276,"Women, Men",1301 N West St Ste 4, Wichita,KS,67203
Restoration Health,"10616 W Maple STE# 500, Wichita, KS 67235",(316) 500-1250,"Women, Men",10616 W Maple STE# 500, Wichita,KS,67235
M-Care Healthcare,"731 N McLean Blvd, Wichita, KS 67203",(316) 461-0339,,731 N McLean Blvd, Wichita,KS,67203
Skincredible Wichita,"3161 N Rock Road Suite B, Wichita, KS 67226",(316) 633-0930,,3161 N Rock Road Suite B, Wichita,KS,67226
Aesthetic Solutions,"2000 N Rock Rd Suite 100, Wichita, KS 67206",316-708-4451,"Women, Men",2000 N Rock Rd Suite 100, Wichita,KS,67206
New Frontiers Health System,"212 Maple Ave, Oakley, KS 67748",(785) 672-3261,"Women, Men",212 Maple Ave, Oakley,KS,67748
Jeuje Aesthetics & Wellness,"9449 E 21st St N Suite 200, Wichita, KS 67206",(316) 352-7126,"Women, Men",9449 E 21st St N Suite 200, Wichita,KS,67206
Plastic Surgery Center,"1861 North Webb Rd, Wichita, KS 67206",(316) 688-7500,"Women, Men",1861 North Webb Rd, Wichita,KS,67206
Everyday Wellness,"5112 E. Central Ave Suite. 3, Wichita, KS 67208",(316) 391-3465,"Women, Men",5112 E. Central Ave Suite. 3, Wichita,KS,67208
Vitality Rising,"144 S Hillside St., Wichita, KS 67211",316-682-9900,"Women, Men",144 S Hillside St., Wichita,KS,67211
Haus of You Aesthetics,"2146 N Collective Lane Ste. 110, Wichita, KS 67206",(316) 260-4100,"Women, Men",2146 N Collective Lane Ste. 110, Wichita,KS,67206
Skin Studio,"710 Commercial Street, Emporia, KS 66801",(620) 208-7546,"Women, Men",710 Commercial Street, Emporia,KS,66801
Love Clinic & Med Spa,"214 S. Rock Road Suite 101, Wichita, KS 67207",(316) 669-4770,"Women, Men",214 S. Rock Road Suite 101, Wichita,KS,67207
Liberty MD,"708 Commercial Street, Emporia, KS 66801",(620) 263-3777,"Women, Men",708 Commercial Street, Emporia,KS,66801
Sakura Health and Wellness,"1224 N. Andover Road Suite 300, Andover, KS 67002",316-247-2234,Women,1224 N. Andover Road Suite 300, Andover,KS,67002
Merit Weight Loss,"1111 SW Gage Blvd Ste. 100, Topeka, KS 66604",(785) 329-6282,"Women, Men",1111 SW Gage Blvd Ste. 100, Topeka,KS,66604
Damm Wellness Clinic,"201 N Baltimore Ave, Derby, KS 67037",620-415-0110,"Women, Men",201 N Baltimore Ave, Derby,KS,67037
"Advanced Weight Loss, LLC","320 N Rock Rd Suite 200, Derby, KS 67037",(316) 352-7006,,320 N Rock Rd Suite 200, Derby,KS,67037
InnovateMed,"105 Layton St., Dodge City, KS 67801",(620) 412-8943,"Women, Men",105 Layton St., Dodge City,KS,67801
Gravity Wellness Spa,"2405 Central Ave Suite. B, Dodge City, KS 67801",620-874-0161,"Men, Women",2405 Central Ave Suite. B, Dodge City,KS,67801
Pratt Regional Medical Center - Dodge City,"1206 W Frontview Street Ste. 202, Dodge City, KS 67801",(620) 371-7270,"Women, Men",1206 W Frontview Street Ste. 202, Dodge City,KS,67801
Knight IV Hydration & Wellness,"2120 N 14th Ave Suite B, Dodge City, KS 67801",(620) 837-1790,"Men, Women",2120 N 14th Ave Suite B, Dodge City,KS,67801
Elevate You Med Spa,"105 W 11th Street Suite A, Scott City, KS 67871",(620) 872-7675,"Women, Men",105 W 11th Street Suite A, Scott City,KS,67871
Gravity Wellness Spa - Scott City,"804 Park Ave, Scott City, KS 67871",(620) 874-0161,"Women, Men",804 Park Ave, Scott City,KS,67871
Doctors for Health,"18011 Oak St. Suite A, Omaha, NE 68130",402-502-9454,"Women, Men",18011 Oak St. Suite A, Omaha,NE,68130
88 Med,"17650 Wright Street Suite 3, Omaha, NE 68130",402-334-5433,"Men, Women",17650 Wright Street Suite 3, Omaha,NE,68130
Internal Medicine & Family Physicians,"17030 Lakeside Hills Plaza Suite. 102, Omaha, NE 68130",(402) 758-5800,"Women, Men",17030 Lakeside Hills Plaza Suite. 102, Omaha,NE,68130
Internal Medicine & Family Physicians,"17030 Lakeside Hills Plaza Suite 102, Omaha, NE 68130",(402) 758-5800,"Women, Men",17030 Lakeside Hills Plaza Suite 102, Omaha,NE,68130
Wellness Edge,"203 N 180TH ST STE 104, Omaha, NE 68124",(402) 807-2504,"Women, Men",203 N 180TH ST STE 104, Omaha,NE,68124
Adult Pediatric Urology & Urogynecology- Fremont,"2735 N Clarkson St, Fremont, NE 68025",(402) 727-5000,,2735 N Clarkson St, Fremont,NE,68025
Mid-City OBGYN,"515 N. 162nd Avenue Suite 102, Omaha, NE 68118",402-397-6600,"Women, Men",515 N. 162nd Avenue Suite 102, Omaha,NE,68118
LifeCare Family Medicine,"8074 South 84th Street, LaVista, NE 68128",402-779-7207,"Women, Men",8074 South 84th Street, LaVista,NE,68128
Origen Healthcare,"2313 Gold Street, Omaha, NE 68144",(531) 571-3018,,2313 Gold Street, Omaha,NE,68144
Ageless Skin Co.,"1150 Sterling Ridge Drive #104, Omaha, NE 68144",(402) 957-6363,"Women, Men",1150 Sterling Ridge Drive #104, Omaha,NE,68144
S. Thetics Medspa + Wellbeing,"3510 Clinton Place Suite 310, Lawrence, KS 66047",(785) 856-8880,"Women, Men",3510 Clinton Place Suite 310, Lawrence,KS,66047
"YMS, PC","2805 S 88t St Ste 101, Omaha, NE 68124",402-390-0555,"Women, Men",2805 S 88t St Ste 101, Omaha,NE,68124
UroHealth Partners,"10707 Pacific St Suite 101, Omaha, NE 68114",4023977989,"Women, Men",10707 Pacific St Suite 101, Omaha,NE,68114
Elevate Recovery and Med Spa,"2723 SOUTH 87TH ST., Omaha, NE 68124",(402) 885-8125,"Women, Men",2723 SOUTH 87TH ST., Omaha,NE,68124
Gravity Wellness Spa,"1106 N Campus Drive, Garden City, KS 67846",620-260-2433,"Women, Men",1106 N Campus Drive, Garden City,KS,67846
Mid-City OBGYN,"7205 W. Center Road Suite 200, Omaha, NE 68124",402-397-6600,"Women, Men",7205 W. Center Road Suite 200, Omaha,NE,68124
Zen Vitality Spa,"709 N 98th St Suite 12, Omaha, NE 68114",(402) 699-3631,"Women, Men",709 N 98th St Suite 12, Omaha,NE,68114
Remedy Health,"1320 Galvin Rd S, Bellevue, NE 68005",402-292-6006,"Women, Men",1320 Galvin Rd S, Bellevue,NE,68005
Bellevue Family Practice,"2206 Longo Drive #201, Bellevue, NE 68005",402-292-9170,"Women, Men",2206 Longo Drive #201, Bellevue,NE,68005
Remedy Health - Maple,"10685 Bedford Ave, Omaha, NE 68134",(402) 292-6006,"Women, Men",10685 Bedford Ave, Omaha,NE,68134
BeYOUthful IV Med Spa,"601 Commercial Street, Atchison, KS 66002",(913) 370-5333,Women,601 Commercial Street, Atchison,KS,66002
"Ernesto Padron, MD","612 S 72nd St., Omaha, NE 68114",402-933-8375,"Women, Men",612 S 72nd St., Omaha,NE,68114
Graves Wellness Clinic,"905 Main Street, Winfield, KS 67156",620-415-0110,"Women, Men",905 Main Street, Winfield,KS,67156
Kurtz Medical Aesthetics,"24585 US Highway 59, Oregon, MO 64473",6604463302,Women,24585 US Highway 59, Oregon,MO,64473
LIVE Hydration Spa Legacy,"17010 Wright Plz. Suite. 145, Omaha, NE 68022",(402) 804-8555,"Women, Men",17010 Wright Plz. Suite. 145, Omaha,NE,68022
Live Hydration Spa - Old Market,"1001 Farnam Street, Omaha, NE 68102",(531) 202-8403,"Women, Men",1001 Farnam Street, Omaha,NE,68102
Beauty Bar Aesthetics,"230 S Main Street, Ottawa, KS 66067",(785) 580-3630,"Women, Men",230 S Main Street, Ottawa,KS,66067
Gypsy Soul Spa,"307 Main Street, Malvern, IA 51551",(402) 999-4833,"Women, Men",307 Main Street, Malvern,IA,51551
"Diabetes and Wellness Clinic, LLC","809 1/2 SO 13th St., Norfolk, NE 68701",402-379-9600,"Women, Men",809 1/2 SO 13th St., Norfolk,NE,68701
Norfolk Family Medicine Sunny Meadow,"305 N. 37th St., Norfolk, NE 68701",402-370-4100,"Women, Men",305 N. 37th St., Norfolk,NE,68701
Tap Hydration,"320 McKenzie Ave Suite 201, Council Bluffs, IA 51503",(712) 796-4573,"Women, Men",320 McKenzie Ave Suite 201, Council Bluffs,IA,51503
"JK Medspa, LLC","1400 N 9th Street, Norfolk, NE 68701",(402) 370-2700,"Women, Men",1400 N 9th Street, Norfolk,NE,68701
PS Wellness + Aesthetics,"15630 Pinehurst Dr Suite 5, Basehor, KS 66007",913-662-0016,Women,15630 Pinehurst Dr Suite 5, Basehor,KS,66007
Hebe aesthetics,"4516 S 4th street, Leavenworth, KS 66048",(913) 651-6161,"Women, Men",4516 S 4th street, Leavenworth,KS,66048
Leavenworth/Lansing Family Health Center,"720 First Terrace, Lansing, KS 66043",913-682-5588,"Women, Men",720 First Terrace, Lansing,KS,66043
Alva Health and Wellness PLLC,"515 College Ave Suite C, Alva, OK 73717",580-430-1970,"Women, Men",515 College Ave Suite C, Alva,OK,73717
Empowering Beauty & Wellness,"3500 N Village Dr. Suite 101, St. Joseph, MO 64506",(816) 807-3746,"Women, Men",3500 N Village Dr. Suite 101, St. Joseph,MO,64506
Absolute Aesthetics & Wellness,"1108 Platte Falls Road, Platte City, MO 64079",(816) 431-6131,Women,1108 Platte Falls Road, Platte City,MO,64079
KC Health Solutions,"1817 S Ridgeview Road, Olathe, KS 66062",(913) 709-7422,Women,1817 S Ridgeview Road, Olathe,KS,66062
LJ Aesthetics LLC,"1501 East Summit St, Red Oak, IA 51566",(712) 621-5492,"Women, Men",1501 East Summit St, Red Oak,IA,51566
Dew Aesthetics & Wellness,"5900 Nieman Rd Suite 300, Shawnee, KS 66203",913-368-9246,"Women, Men",5900 Nieman Rd Suite 300, Shawnee,KS,66203
Lani Wellness and Beauty,"5822 Reeder St. Suite B, Shawnee, KS 66203",(913) 346-0700,Women,5822 Reeder St. Suite B, Shawnee,KS,66203
KC Injectables,"11740 W 135th St, Overland Park, KS 66221",(913) 361-0108,"Women, Men",11740 W 135th St, Overland Park,KS,66221
Clay Platte Family Medicine Clinic,"5501 NW 62nd Terrace Suite. 100, Kansas City, MO 64151",(816) 842-4440,"Women, Men",5501 NW 62nd Terrace Suite. 100, Kansas City,MO,64151
Cobblestone Family Health,"5501 NW 62nd Terrace, Kansas City, MO 64151",8168424440,"Women, Men",5501 NW 62nd Terrace, Kansas City,MO,64151
Alora Medical Spa and Wellness Center,"8901 W 74th Street Ste. 1, Merriam, KS 66204",(913) 266-8927,"Women, Men",8901 W 74th Street Ste. 1, Merriam,KS,66204
Journey Aesthetics and Wellness,"9906 College Blvd, Overland Park, KS 66210",(913) 415-7791,"Women, Men",9906 College Blvd, Overland Park,KS,66210
Blush Aesthetic Bar,"8717 W 110th St Suite 270, Overland Park, KS 66210",(913) 232-7171,"Women, Men",8717 W 110th St Suite 270, Overland Park,KS,66210
Ashley Clinic,"505 S Plummer Ave, Chanute, KS 66720",(620) 431-2500,"Women, Men",505 S Plummer Ave, Chanute,KS,66720
Heartland Wellness Collective,"421 W Main, Chanute, KS 66720",(620) 431-7193,Women,421 W Main, Chanute,KS,66720
Karma beauty and wellness,"7108 W 119th Street, Overland Park, KS 66213",(816) 510-8254,"Women, Men",7108 W 119th Street, Overland Park,KS,66213
Sastun Direct,"8756 W 151st St., Overland Park, KS 66221",(913) 380-1903,"Women, Men",8756 W 151st St., Overland Park,KS,66221
Bloom Health and Wellness,"7301 Mission Road Suite 251, Prairie Village, KS 66208",(913) 766-3664,"Women, Men",7301 Mission Road Suite 251, Prairie Village,KS,66208
Merit Weight Loss - Leawood,"5401 College Blvd Ste 110, Leawood, KS 66211",(913) 261-9523,"Women, Men",5401 College Blvd Ste 110, Leawood,KS,66211
Miles Medical Group,"11111 Nall Avenue Suite 218, Leawood, KS 66211",(913) 261-9812,"Women, Men",11111 Nall Avenue Suite 218, Leawood,KS,66211
Bella Derma Medical Aesthetics & Wellness,"9501 N. Oak Trafficway Suite 280, Kansas City, MO 64155",816-552-5400,"Women, Men",9501 N. Oak Trafficway Suite 280, Kansas City,MO,64155
Rejuvv Luxury Spa - Overland Park,"15106 Glenwood Ave, Overland Park, KS 66223",(913) 242-7049,"Women, Men",15106 Glenwood Ave, Overland Park,KS,66223
Mission: SKIN,"4030 Indian Creek Pkwy, Overland Park, KS 66207",(913) 730-8050,,4030 Indian Creek Pkwy, Overland Park,KS,66207
Beau Monde Health and Wellness,"4800 W 135th St Suite 200, Leawood, KS 66224",913-261-9855,Women,4800 W 135th St Suite 200, Leawood,KS,66224
816 Medical Aesthetics Spa,"638 W. 39th Street, Kansas City, MO 64111",(816) 388-0985,,638 W. 39th Street, Kansas City,MO,64111
KC Full Circle Midwifery & Family Wellness,"15137 Rosewood Drive, Leawood, KS 66224",(913) 291-0194,"Women, Men",15137 Rosewood Drive, Leawood,KS,66224
Neuage Health + Wellness Leawood,"15061 Nall Ave, Leawood, KS 66224",(913) 344-5399,Women,15061 Nall Ave, Leawood,KS,66224
Stillwell Wellness Solutions,"7402 W. 199th St, Stilwell, KS 66085",913-934-0052,"Women, Men",7402 W. 199th St, Stilwell,KS,66085
Hura Gomez MD,"1010 Carondelet Dr Suite 114, Kansas City, MO 64114",(816) 888-7040,"Women, Men",1010 Carondelet Dr Suite 114, Kansas City,MO,64114
Samatu Wellness Clinic,"451 14th St, Burlington, CO 80807",719-346-4681,"Women, Men",451 14th St, Burlington,CO,80807
Wray Community Hospital,"1017 W 7th Street, Wray, CO 80758",(970) 332-4895,"Women, Men",1017 W 7th Street, Wray,CO,80758
"Diabetes and Wellness Clinic, LLC","113 W State St Ste 1, Atkinson, NE 68713",402-394-1816,"Men, Women",113 W State St Ste 1, Atkinson,NE,68713
Brio Med Spa & Wellness,"209 N PENN AVE, Independence, KS 67301",(620) 332-6065,"Women, Men",209 N PENN AVE, Independence,KS,67301
Hideaway Wellness & Aesthetics,"217 N Main Street, Peculiar, MO 64078",(816) 307-7962,Women,217 N Main Street, Peculiar,MO,64078
Natural Modalities MD,"119 W Maple Ave, Enid, OK 73701",(580) 402-8350,,119 W Maple Ave, Enid,OK,73701
Radiant Health,"5202 W. Owen K Garriott Road, Enid, OK 73703",(580) 541-2669,,5202 W. Owen K Garriott Road, Enid,OK,73703
Women's HealthWise,"316 W. Owen K. Garriott Rd., Enid, OK 73701",580-237-9473,"Women, Men",316 W. Owen K. Garriott Rd., Enid,OK,73701
Transformations Wellness Spa,"801 NE Woods Chapel Road Suite. A, Lee's Summit, MO 64064",(816) 524-2266,"Women, Men",801 NE Woods Chapel Road Suite. A, Lee's Summit,MO,64064
White Lotus Wellness,"4963 NE Goodview Circle Ste. B, Lee's Summit, MO 64064",8163236179,"Men, Women",4963 NE Goodview Circle Ste. B, Lee's Summit,MO,64064
Advanced Aesthetic Center,"6th SW 2nd, Lee's Summit, MO 64063",(816) 246-1122,"Women, Men",6th SW 2nd, Lee's Summit,MO,64063
Summit Family and Sports Medicine,"3601 NE Ralph Powell Rd. Suite C, Lee's Summit, MO 64064",(816) 285-5053,"Women, Men",3601 NE Ralph Powell Rd. Suite C, Lee's Summit,MO,64064
Golden Health and Wellness,"100 NE Tudor Rd Ste 105, Lee's Summit, MO 64086",(816) 317-5464,"Women, Men",100 NE Tudor Rd Ste 105, Lee's Summit,MO,64086
Karma Beauty and Wellness - Lee’s Summit,"620 SE State Rte 291 Suite 101, Lee’s Summit, MO 64063",(816) 434-5108,"Women, Men",620 SE State Rte 291 Suite 101, Lee’s Summit,MO,64063
Women's Specialty Center of Liberal,"305 W 15th Street Ste 104, Liberal, KS 67901",(620) 624-9637,"Women, Men",305 W 15th Street Ste 104, Liberal,KS,67901
Beauty Health Wellness,"1418 MAIN ST., Woodward, OK 73801",(580) 216-0246,"Women, Men",1418 MAIN ST., Woodward,OK,73801
Chelsey Tapia APRN PC,"1501 Main St, Woodward, OK 73801",(580) 571-3160,"Women, Men",1501 Main St, Woodward,OK,73801
JLU Renew,"106 5th Ave S, Greenwood, MO 64080",(816) 668-8931,"Women, Men",106 5th Ave S, Greenwood,MO,64080
Keefe Memorial Hospital - Prairie View Clinic,"602 N 6th St W, Cheyenne Wells, CO 80810",719-767-5669,"Women, Men",602 N 6th St W, Cheyenne Wells,CO,80810
Fairview Family Clinic,"523 East State Road, Fairview, OK 73737",580-227-2585,"Women, Men",523 East State Road, Fairview,OK,73737
Encompass Wellness - Dunes,"319 Dakota Dunes Blvd Suite. B, Dakota Dunes, SD 57049",605-740-0414,,319 Dakota Dunes Blvd Suite. B, Dakota Dunes,SD,57049
Restorations Medical Spa,"110 SE Frank Phillips Blvd, Bartlesville, OK 74003",(918) 331-2329,"Women, Men",110 SE Frank Phillips Blvd, Bartlesville,OK,74003
NUyou Regenerative Medical Spa,"504 E 4th St, Bartlesville, OK 74003",(918) 883-2315,,504 E 4th St, Bartlesville,OK,74003
Primary Care Associates,"510 SE Delaware Ave, Bartlesville, OK 74003",(918) 331-2300,"Women, Men",510 SE Delaware Ave, Bartlesville,OK,74003
"Thrive Health, Hydration and Wellness Center","819 Gordon Drive, Sioux City, IA 51101",712-870-2574,"Men, Women",819 Gordon Drive, Sioux City,IA,51101
ADIO Chiropractic,"833 Gordon Drive, Sioux City, IA 51101",(712) 587-8346,"Women, Men",833 Gordon Drive, Sioux City,IA,51101
No Filter Aesthetics,"611 Pearl St, Sioux City, IA 51101",(712) 490-9704,"Women, Men",611 Pearl St, Sioux City,IA,51101
Ave Medical Laser Clinic,"1201 4th st.  Ste. 101, Sioux City, IA 51101",712-224-3500,"Women, Men",1201 4th st.  Ste. 101, Sioux City,IA,51101
Siouxland Adult Medicine Clinic,"1605 Douglas Street, Sioux City, IA 51105",7122341005,"Women, Men",1605 Douglas Street, Sioux City,IA,51105
Janey L. Hammons,"204 N Main St. Box 404, Seiling, OK 73663",580-922-4406,"Men, Women",204 N Main St. Box 404, Seiling,OK,73663
Vitality Aesthetics & Wellness,"1720 Commerce Road, Creston, IA 50801",(641) 344-9212,"Women, Men",1720 Commerce Road, Creston,IA,50801
Commitment to Care,"416 S. Main, Shattuck , OK 73858",580-938-5275,"Women, Men",416 S. Main, Shattuck ,OK,73858
Glow Aesthetics Med Spa 3,"1101 Broadway Ave Suite 103A, Yankton, SD 57078",(605) 760-4389,"Women, Men",1101 Broadway Ave Suite 103A, Yankton,SD,57078
Stillwater Family Care,"1921 W. 6th Ste. A, Stillwater, OK 74074",405-533-2433,"Women, Men",1921 W. 6th Ste. A, Stillwater,OK,74074
"Stillwater Advanced Hormone Therapy, PLLC","608 S. Hester St., Stillwater, OK 74074",405-377-8000,"Women, Men",608 S. Hester St., Stillwater,OK,74074
Strive Wellness Lounge Stillwater,"1309 S Western Rd, Stillwater, OK 74074",(877) 578-7483,"Women, Men",1309 S Western Rd, Stillwater,OK,74074
Radiant Med Spa,"123 Main Street, Kingsley, IA 51028",(515) 606-3536,"Women, Men",123 Main Street, Kingsley,IA,51028
Main Street Medical,"215 Main Street, Oshkosh, NE 69154",(308) 772-0164,Men,215 Main Street, Oshkosh,NE,69154
Rejuvv Luxury Spa,"1125 N Simpson Dr Unit N, Warrensburg, MO 64093",660-362-2768,"Women, Men",1125 N Simpson Dr Unit N, Warrensburg,MO,64093
Western Missouri Medical Center - Sports Medicine,"407 E. Russell Ave Building C, Warrensburg, MO 64093",(660) 747-5114,Women,407 E. Russell Ave Building C, Warrensburg,MO,64093
Mercy Clinic Primary Care Watonga,"203 N. Weigle, Watonga, OK 73772",580-623-2233,"Women, Men",203 N. Weigle, Watonga,OK,73772
Western Missouri Medical Center,"415 Burkharth Road Ste A, Warrensburg, MO 64093",(660) 429-2228,"Women, Men",415 Burkharth Road Ste A, Warrensburg,MO,64093
Floyd Valley Healthcare,"714 Lincoln Street NE, Le Mars, IA 51031",712-546-3670,"Women, Men",714 Lincoln Street NE, Le Mars,IA,51031
Strive Wellness Lounge,"105 E Oklahoma Ave, Guthrie, OK 73044",(405) 293-4160,"Women, Men",105 E Oklahoma Ave, Guthrie,OK,73044
Mercy Clinic Primary Care Kingfisher,"1000 Hospital Dr., Kingfisher, OK 73750",405-375-6355,"Women, Men",1000 Hospital Dr., Kingfisher,OK,73750
Complete Family Medicine Chillicothe,"245 S Washington St, Chillicothe, MO 64601",(660) 752-9006,Women,245 S Washington St, Chillicothe,MO,64601
Longevity and Beyond Wellness Center,"861 Fairway Drive, Chillicothe, MO 64601",(660) 999-9987,Women,861 Fairway Drive, Chillicothe,MO,64601
Rejuvv Luxury Spa,"1415 N Water St Suite. B, Clinton, MO 64735",(816) 661-7716,Women,1415 N Water St Suite. B, Clinton,MO,64735
Crossroads Wellness Center,"115 N Harrison Ave., Cushing, OK 74023",918-890-5700,"Women, Men",115 N Harrison Ave., Cushing,OK,74023
Modified Wellness,"145 S. Washington St., Remsen, IA 51050",(712) 541-7112,"Women, Men",145 S. Washington St., Remsen,IA,51050
Willow Medical,"12806 E 86th PL N STE. A, Owasso, OK 74055",(539) 208-5069,"Men, Women",12806 E 86th PL N STE. A, Owasso,OK,74055
Miami Women's Clinic,"310 2nd Ave. SW Ste 204, Miami, OK 74354",918-542-4300,"Women, Men",310 2nd Ave. SW Ste 204, Miami,OK,74354
Akron Clinic,"82 Main St., Akron, CO 80720",970-345-6336,"Women, Men",82 Main St., Akron,CO,80720
Inject Tulsa,"2107 East 15th St, Tulsa, OK 74104",(918) 712-1767,"Men, Women",2107 East 15th St, Tulsa,OK,74104
Vitality Functional Family Medicine,"2514 E 15th St Suite A, Tulsa, OK 74104",(918) 393-8900,Women,2514 E 15th St Suite A, Tulsa,OK,74104
Inspire Medical Spa,"2651 E 21st St Suite 300, Tulsa, OK 74114",(918) 340-6495,,2651 E 21st St Suite 300, Tulsa,OK,74114
Blank Med Spa,"1135 E 33rd Pl, Tulsa, OK 74105",(918) 400-0104,,1135 E 33rd Pl, Tulsa,OK,74105
Sioux Valley Family Health,"115 E Maple St., Cherokee, IA 51012",(712) 225-9003,"Women, Men",115 E Maple St., Cherokee,IA,51012
HOPE FAMILY MEDICINE,"2556 COVELL VILLAGE DR. SUITE 120, Edmond, OK 73003",(405) 938-0700,"Women, Men",2556 COVELL VILLAGE DR. SUITE 120, Edmond,OK,73003
The Piedmont Clinic,"63 Gooder Simpson Blvd., Piedmont, OK 73078",405-373-0380,"Women, Men",63 Gooder Simpson Blvd., Piedmont,OK,73078
Vita Health,"2117 N. Kelly Ave., Edmond, OK 73003",405-726-2701,"Women, Men",2117 N. Kelly Ave., Edmond,OK,73003
Mercy Clinic Primary Care-North Portland,"18503 N. Portland, Edmond, OK 73012",405-531-4271,"Women, Men",18503 N. Portland, Edmond,OK,73012
Derma-Tech,"2935 E. 18th Street, Joplin, MO 64804",(417) 206-4884,"Women, Men",2935 E. 18th Street, Joplin,MO,64804
Livwell,"550 3rd St, Osceola, MO 64776",(417) 839-9327,"Women, Men",550 3rd St, Osceola,MO,64776
Vitality by Lacey,"116 West Main Street, Parkston, SD 57366",(605) 770-7577,"Women, Men",116 West Main Street, Parkston,SD,57366
Beauty Med by Heather,"319 S Main Ave, Platte, SD 57369",(605) 680-3631,"Men, Women",319 S Main Ave, Platte,SD,57369
Shadid Medical Group,"3030 Nw 164th st, Edmond, OK 73013",(405) 252-8761,"Women, Men",3030 Nw 164th st, Edmond,OK,73013
Refine Medical,"2216 NW 164TH ST STE A, Edmond, OK 73013",(405) 863-3270,"Women, Men",2216 NW 164TH ST STE A, Edmond,OK,73013
Heal - Edmond,"16304 Muirfield Pl, Edmond, OK 73013",(405) 364-1475,"Women, Men",16304 Muirfield Pl, Edmond,OK,73013
Integrative Medical Solutions,"65 S. Saints Blvd, Edmond, OK 73034",(405) 348-2323,"Women, Men",65 S. Saints Blvd, Edmond,OK,73034
Integrative Medical Solutions,"65 S. Saints Blvd, Edmond, OK 73034",405-348-2323,"Women, Men",65 S. Saints Blvd, Edmond,OK,73034
Integrative Medical Solutions,"65 S. Saints Boulevard, Edmond, OK 73034",405-348-2323,"Women, Men",65 S. Saints Boulevard, Edmond,OK,73034
Elevate Health and Wellness,"1008 S. Bryant Ave. STE 170, Edmond, OK 73034",(405) 474-2152,Women,1008 S. Bryant Ave. STE 170, Edmond,OK,73034
"Age Erase Medical Aesthetics, LLC.","7010 S Utica Ave, Tulsa, OK 74136",(940) 704-1700,,7010 S Utica Ave, Tulsa,OK,74136
Glow Aesthetics Med Spa 4,"360 N Hwy 281, Corsica, SD 57328",(605) 595-4423,,360 N Hwy 281, Corsica,SD,57328
Divine Health and Wellness,"16 S Water Street, Sapulpa, OK 74066",918-347-9022,"Women, Men",16 S Water Street, Sapulpa,OK,74066
McKinzie Aesthetic Center,"2000. E 15th Street, Edmond, OK 73142",(405) 341-6223,"Women, Men",2000. E 15th Street, Edmond,OK,73142
Mercy Piedmont,"11900 Northwest Expressway, Yukon, OK 73099",(405) 283-9300,Women,11900 Northwest Expressway, Yukon,OK,73099
Neuro Pain Care,"1417 NW 150th St, Edmond, OK 73013",(405) 418-4041,,1417 NW 150th St, Edmond,OK,73013
Michele L. Neil DO,"6048 S Sheridan Rd Ste. E, Tulsa, OK 74145",918-748-3640,"Women, Men",6048 S Sheridan Rd Ste. E, Tulsa,OK,74145
Center For Women's Health,"13921 N Meridian Ave Suite 200, Oklahoma City, OK 73134",405-755-7430,"Women, Men",13921 N Meridian Ave Suite 200, Oklahoma City,OK,73134
Omni Lux,"13921 N Meridian Ave Suite 202, Oklahoma City, OK 73134",405-237-9915,"Women, Men",13921 N Meridian Ave Suite 202, Oklahoma City,OK,73134
OKC HRC PLLC,"13509 N. Meridian Ave Suite 5, Oklahoma City, OK 73120",405-445-4845,"Men, Women",13509 N. Meridian Ave Suite 5, Oklahoma City,OK,73120
Lakin OK PLLC,"7134 S Yale Ave Suite 400, Tulsa, OK 74136",918-600-2240,Women,7134 S Yale Ave Suite 400, Tulsa,OK,74136
Mercy Clinic OB/GYN - Mercy Plaza,"4140 W. Memorial Rd., Oklahoma City, OK 73120",405-242-4030,"Women, Men",4140 W. Memorial Rd., Oklahoma City,OK,73120
Premier Plastic Surgery & Aesthetics,"13128 N MacArthur Blvd, Oklahoma City, OK 73142",(405) 945-0001,Women,13128 N MacArthur Blvd, Oklahoma City,OK,73142
Integrative Medical Solutions,"3410 NW 135th st, Oklahoma City, OK 73120",405-751-6111,"Women, Men",3410 NW 135th st, Oklahoma City,OK,73120
Reclaim Aesthetics and Wellness,"10932 NW Expressway Ste C, Yukon, OK 73099",(405) 570-1010,"Women, Men",10932 NW Expressway Ste C, Yukon,OK,73099
Southeast Colorado Medical Clinic,"373 E 10th Ave., Springfield, CO 81073",(719) 523-4501,"Women, Men",373 E 10th Ave., Springfield,CO,81073
Prime Medical Spa,"7307 S. Yale Ave Suite 100, Tulsa, OK 74136",(918) 710-2060,"Women, Men",7307 S. Yale Ave Suite 100, Tulsa,OK,74136
Eden Restored,"701 Seneca St., Storm Lake, IA 50588",(712) 730-2122,"Women, Men",701 Seneca St., Storm Lake,IA,50588
Bargas Wellness,"3839 S Boulevard St Suite 100, Edmond, OK 73013",405-607-4445,"Women, Men",3839 S Boulevard St Suite 100, Edmond,OK,73013
WRH Hydro Family Clinic,"595 N Broadway Ave, Hydro, OK 73048",(580) 772-0223,"Women, Men",595 N Broadway Ave, Hydro,OK,73048
Revitalize Med Spa - Jenks,"123 S Aquarium Dr, Jenks, OK 74037",(918) 409-2604,"Women, Men",123 S Aquarium Dr, Jenks,OK,74037
Genesis Wellness PLLC,"12344 Market Dr, Oklahoma City, OK 73114",(405) 259-5253,"Women, Men",12344 Market Dr, Oklahoma City,OK,73114
Blank Medical Spa,"4785 East 91st Street Suite B, Tulsa, OK 74137",918 394-2796,"Women, Men",4785 East 91st Street Suite B, Tulsa,OK,74137
Emerge South,"9130 S Sheridan Rd, Tulsa, OK 74133",(918) 392-8606,"Women, Men",9130 S Sheridan Rd, Tulsa,OK,74133
Urogynecology of Oklahoma,"11100 Hefner Pointe Drive Suite B, Oklahoma City, OK 73120",(405) 400-8188,Women,11100 Hefner Pointe Drive Suite B, Oklahoma City,OK,73120
Balance Med Spa,"2530 N Elm Pl., Broken Arrow, OK 74012",(918) 613-4577,"Men, Women",2530 N Elm Pl., Broken Arrow,OK,74012
The Remedy Room,"201 N BICKFORD AVE. Suite 1, EL RENO, OK 73036-2714",(405) 906-3345,Women,201 N BICKFORD AVE. Suite 1, EL RENO,OK,73036-2714
Revitalize Medical Spa,"305 N Main St Suite 6, Broken Arrow, OK 74012",918-221-7121,"Women, Men",305 N Main St Suite 6, Broken Arrow,OK,74012
Radian Medical Spa,"7318 N Western Ave, Oklahoma City, OK 73116",(405) 242-6040,Men,7318 N Western Ave, Oklahoma City,OK,73116
Advanced Medical Weight Loss Clinic of Windsor View,"3801 nw 63rd st, Oklahoma city, OK 73116",4059460611,"Women, Men",3801 nw 63rd st, Oklahoma city,OK,73116
Cosmetic Surgery Affiliates,"2100 NW 63rd St., Oklahoma City, OK 73116",(405) 279-0718,,2100 NW 63rd St., Oklahoma City,OK,73116
The Blakeburn Clinic,"800 Frisco Ave. 800 Frisco Ave., Clinton, OK 73601",580-323-2700,"Women, Men",800 Frisco Ave. 800 Frisco Ave., Clinton,OK,73601
Womens Preventive Healthcare,"3435 NW 56th St, Oklahoma City, OK 73112",(405) 946-4735,Women,3435 NW 56th St, Oklahoma City,OK,73112
Bothwell OB/GYN Associates,"3401 W 10th St, Sedalia, MO 65301",(660) 827-0015,"Women, Men",3401 W 10th St, Sedalia,MO,65301
Heartland Family Practice,"517 S 30th St, Clinton, OK 73601",(580) 331-3775,"Women, Men",517 S 30th St, Clinton,OK,73601
Optimize Wellness & Aesthetics (West Des Moines),"9250 University Ave Ste 110, West Des Moines, IA 50266",(515) 985-2676,"Men, Women",9250 University Ave Ste 110, West Des Moines,IA,50266
OBGYN Care of Oklahoma,"3427 NW 50th St. FL 2, Oklahoma City, OK 73112",(405) 930-3496,"Women, Men",3427 NW 50th St. FL 2, Oklahoma City,OK,73112
"Crescent Medical, PLLC","5100 N Brookline Ave STE 675, Oklahoma City, OK 73112",405-437-0840,"Women, Men",5100 N Brookline Ave STE 675, Oklahoma City,OK,73112
Men's Health & Wellness,"5100 N Brookline Ave Ste 675, Oklahoma City, OK 73112",405-753-9600,"Men, Women",5100 N Brookline Ave Ste 675, Oklahoma City,OK,73112
Buster Rural Health Clinic,"101 FK Buster Ave, Cheyenne, OK 73628",580-497-3333,"Women, Men",101 FK Buster Ave, Cheyenne,OK,73628
Heal Yukon,"508 W Vandament Ave Ste. 100, Yukon, OK 73099",(405) 364-1478,"Women, Men",508 W Vandament Ave Ste. 100, Yukon,OK,73099
Rejuvv Luxury Spa,"700 S Limit Ave, Sedalia, MO 65301",(660) 851-0122,"Women, Men",700 S Limit Ave, Sedalia,MO,65301
Urgent Care of Grand Lake,"900 S Main St, Grove, OK 74344",(918) 552-5546,"Women, Men",900 S Main St, Grove,OK,74344
Urology Center of Iowa,"12129 University Ave, Clive, IA 50325",(515) 400-3550,Men,12129 University Ave, Clive,IA,50325
Steinmann Family Health,"1701 48th Street STE 150, West Des Moines, IA 50266",515-243-2888,"Women, Men",1701 48th Street STE 150, West Des Moines,IA,50266
Moonstone Midwifery,"4090 Westown Pkwy Suite E, West Des Moines, IA 50266",(515) 207-5187,Women,4090 Westown Pkwy Suite E, West Des Moines,IA,50266
Mercy Clinic Primary Care Yukon,"520 S. Mustang Rd., Yukon, OK 73099",405-936-5910,"Women, Men",520 S. Mustang Rd., Yukon,OK,73099
Shadid Medical Group Choctaw,"13190 NE 23rd St, Choctaw, OK 73020",(405) 769-7201,"Women, Men",13190 NE 23rd St, Choctaw,OK,73020
Indianola IV and Wellness,"112 E Detroit Ave, Indianola, IA 50125",(515) 518-9103,"Women, Men",112 E Detroit Ave, Indianola,IA,50125
Optimize Wellness & Aesthetics (Grimes),"1101 E. 1st Street Ste. 107, Grimes, IA 50111",515-985-0660,"Women, Men",1101 E. 1st Street Ste. 107, Grimes,IA,50111
Mohr Altitude,"8191 Birchwood Ct. Unit A, Johnston, IA 50131",(515) 412-5112,Women,8191 Birchwood Ct. Unit A, Johnston,IA,50131
Midwest Health & Wellness LLC,"5005 Douglas Ave STE 104, Des Moines, IA 50310",515-207-0258,"Women, Men",5005 Douglas Ave STE 104, Des Moines,IA,50310
Mease Medical Clinic,"659 S 14th St, Jay, OK 74346",918-253-6418,"Women, Men",659 S 14th St, Jay,OK,74346
Encompass Wellness,"4301 W. 57th Street Suite 160, Sioux Falls, SD 57108",(605) 740-0414,"Men, Women",4301 W. 57th Street Suite 160, Sioux Falls,SD,57108
Fountain Park Family Physicians - THATCHER,"3212 SW 89th St Suite. 100, Oklahoma City, OK 73159",(405) 378-3300,Women,3212 SW 89th St Suite. 100, Oklahoma City,OK,73159
Fountain Park Family Physicians - KING,"3212 SW 89th Street Suite. 100, Oklahoma City, OK 73159",(405) 378-3300,"Men, Women",3212 SW 89th Street Suite. 100, Oklahoma City,OK,73159
Fountain Park Family Physicians - KIRSCH,"3212 SW 89th Street Suite. 100, Oklahoma City, OK 73159",(405) 378-3300,,3212 SW 89th Street Suite. 100, Oklahoma City,OK,73159
Live Hydration Spa - Sioux Falls,"5011 S. Louise Avenue, Sioux Falls, SD 57108",(605) 988-6773,Women,5011 S. Louise Avenue, Sioux Falls,SD,57108
Refined Aesthetics,"4610 S Technopolis Drive Suite 35, Sioux Falls, SD 57110",(605) 549-1312,"Women, Men",4610 S Technopolis Drive Suite 35, Sioux Falls,SD,57110
ERA Health & Hormone,"5617 S Southeastern Ave, Sioux Falls, SD 57108",(605) 743-3724,"Women, Men",5617 S Southeastern Ave, Sioux Falls,SD,57108
Harmony Women's Healthcare,"10400 South Western Ave. Ste.7, Oklahoma City, OK 73139",(405) 632-7256,"Women, Men",10400 South Western Ave. Ste.7, Oklahoma City,OK,73139
Premier Healthcare,"701 SW 119th Street, Oklahoma City, OK 73170",(405) 735-3135,"Men, Women",701 SW 119th Street, Oklahoma City,OK,73170
Vitality by Lacey 3,"1604 S Western Ave, Sioux Falls, SD 57105",605-928-7577,Women,1604 S Western Ave, Sioux Falls,SD,57105
AM Wellness Clinic LLC,"1002 MAIN ST, Bridgeport, NE 69336",308-262-5640,"Women, Men",1002 MAIN ST, Bridgeport,NE,69336
Flourish Wellness and Birth Co.,"2908 E. 26th Street Suite B, Sioux Falls, SD 57103",605.540.4232,"Women, Men",2908 E. 26th Street Suite B, Sioux Falls,SD,57103
Healthcare Express Moore,"551 SE 4th St. , Moore, OK 73160",405-703-9321,"Women, Men",551 SE 4th St. , Moore,OK,73160
Glow Aesthetics Med Spa 2,"1012 Commerce Street Suite 2, Mitchell, SD 57030",(605) 595-4423,"Women, Men",1012 Commerce Street Suite 2, Mitchell,SD,57030
Vitality by Lacey,"1109 North Main Street, Mitchell, SD 57301",(605) 990-4700,"Women, Men",1109 North Main Street, Mitchell,SD,57301
Cordell Family Clinic,"1200 N. Glenn English, Cordell, OK 73632",580-832-3838,"Women, Men",1200 N. Glenn English, Cordell,OK,73632
RenuYou Aesthetics & MedSpa,"1705 N. Ankeny Blvd Ste B., Ankeny, IA 50023",(515) 330-8900,"Women, Men",1705 N. Ankeny Blvd Ste B., Ankeny,IA,50023
Active Integrated Medicine,"220 E. Beaver Ave, Fort Morgan, CO 80701",970-458-5216,"Women, Men",220 E. Beaver Ave, Fort Morgan,CO,80701
Glow Aesthetics Med Spa,"100 W Highway 38 Suite. G, Hartford, SD 57033",(605) 595-4423,"Women, Men",100 W Highway 38 Suite. G, Hartford,SD,57033
Magnolia Clinic,"4409 N Kickapoo Suite 121, Shawnee, OK 74804",405-585-0475,"Women, Men",4409 N Kickapoo Suite 121, Shawnee,OK,74804
Elevate Wellness and Aesthetics,"2911 Adams Road Suite 111, Norman, OK 73069",405-664-4561,"Women, Men",2911 Adams Road Suite 111, Norman,OK,73069
Peak Wellness and Aesthetics,"3321 W Tecumseh Rd., Norman, OK 73072",(405) 393-9295,"Men, Women",3321 W Tecumseh Rd., Norman,OK,73072
Revive Health Spa,"107 N. Main St., Bolivar, MO 65613",417-680-7060,"Women, Men",107 N. Main St., Bolivar,MO,65613
MacIntosh Wellness,"3441 24th Ave NW Suite 105, Norman, OK 73069",(405) 321-2929,"Men, Women",3441 24th Ave NW Suite 105, Norman,OK,73069
Clinic for Healthy Aging,"3440 RC Luttrell Dr Suite 100, Norman, OK 73072",405-701-4910,"Women, Men",3440 RC Luttrell Dr Suite 100, Norman,OK,73072
"R. Bruce Parker, MD","3441 24th Avenue NW Suite 105, Norman, OK 73069",405-321-2929,"Women, Men",3441 24th Avenue NW Suite 105, Norman,OK,73069
Achieve Health Family Medicine,"2328 N Interstate Dr., Norman, OK 73072",(405) 631-0483,"Men, Women",2328 N Interstate Dr., Norman,OK,73072
BioSynergy,"2260 36th Ave NW Suite 110, Norman, OK 73072",(405) 455-8342,"Women, Men",2260 36th Ave NW Suite 110, Norman,OK,73072
"Sayre Family Medicine Clinic, PLLC","1002 NE Highway 66 Suite #3, Sayre, OK 73662",(580) 210-1565,Women,1002 NE Highway 66 Suite #3, Sayre,OK,73662
"Steven E. Cox, D.O.","905 24th Ave. NW Suite C, Norman, OK 73069",405-292-3060,"Women, Men",905 24th Ave. NW Suite C, Norman,OK,73069
"Heal, PLLC","824 NW 24 AVE Suite A, Norman, OK 73069",405-364-1478,"Women, Men",824 NW 24 AVE Suite A, Norman,OK,73069
"PRO Aesthetics, LLC","1801 Norris Place, Spencer, IA 51301",(712) 580-4570,"Women, Men",1801 Norris Place, Spencer,IA,51301
LIVE Hydration Spa Ames,"620 Lincoln Way Suite. 3, Ames, IA 50010",5157240900,"Women, Men",620 Lincoln Way Suite. 3, Ames,IA,50010
RenuYou,"214 Main Street, Ames, IA 50010",(515) 337-1254,"Women, Men",214 Main Street, Ames,IA,50010
McFarland Urology,"1215 Duff Avenue, Ames, IA 50010",(515) 239-4490,"Men, Women",1215 Duff Avenue, Ames,IA,50010
Advanced Urology & Wellness Center,"4200 West Okmulgee, Muskogee, OK 74401",918-683-5025,"Women, Men",4200 West Okmulgee, Muskogee,OK,74401
Family Medical Clinic,"1104 E. Central Blvd., Anadarko, OK 73005",405-247-6685,"Women, Men",1104 E. Central Blvd., Anadarko,OK,73005
"Lukner Medical Clinic, LLC","2545 Perrytown Pkwy Ste 31, Pampa, TX 79065",806-329-3050,"Women, Men",2545 Perrytown Pkwy Ste 31, Pampa,TX,79065
QuickMed Health,"401 W. Main Street, Henryetta, OK 74437",(539) 667-0001,"Women, Men",401 W. Main Street, Henryetta,OK,74437
TC Health & Medspa,"16 Taft St. North, Humboldt, IA 50548",(515) 570-1069,"Women, Men",16 Taft St. North, Humboldt,IA,50548
Bare Beauty Aesthetics,"502 South Baltimore St., Kirksville, MO 63501",(660) 956-9972,"Women, Men",502 South Baltimore St., Kirksville,MO,63501
Complete Family Medicine,"1611 S. Baltimore St., Kirksville, MO 63501",660-665-7575,"Women, Men",1611 S. Baltimore St., Kirksville,MO,63501
Balance Wellness,"101 Benton Ave E, Albia, IA 52531",641-680-3164,"Women, Men",101 Benton Ave E, Albia,IA,52531
"Ammon D. Weber, MD PLLC","100 S. McGee St., Borger, TX 79007",806-274-5131,"Women, Men",100 S. McGee St., Borger,TX,79007
NWA Advanced Medical Aesthetics,"1300 SE 14th St. Suite 2, Bentonville, AR 72712",(479) 367-4589,"Women, Men",1300 SE 14th St. Suite 2, Bentonville,AR,72712
Complete Family Medicine - La Plata,"29934 July Rd., La Plata, MO 63549",660-332-7676,"Men, Women",29934 July Rd., La Plata,MO,63549
Vibrant Med Spa,"102 SE 28th Street Suite 6, Bentonville, AR 72712",(479) 802-4313,"Women, Men",102 SE 28th Street Suite 6, Bentonville,AR,72712
New Way Wellness,"2200 SE J St, Bentonville, AR 72712",(479) 364-0462,"Women, Men",2200 SE J St, Bentonville,AR,72712
"Salt Health, PLLC","700 SE Plaza Ave, Bentonville, AR 72712",479-715-4645,"Women, Men",700 SE Plaza Ave, Bentonville,AR,72712
Pella Skin Apothecary,"1119 East 2nd Street Suite A/B, Pella, IA 50219",(641) 619-5150,"Women, Men",1119 East 2nd Street Suite A/B, Pella,IA,50219
Shamrock Family Care Clinic,"1000 South Main Street, Shamrock, TX 79079",(806) 256-2114,"Women, Men",1000 South Main Street, Shamrock,TX,79079
BioBody Mind and Soul,"222 Market Street, Lake Park, IA 51347",(712) 432-8129,"Women, Men",222 Market Street, Lake Park,IA,51347
Integrated Medical,"593 S. Horsebarn Rd. 101, Rogers, AR 72758",479-271-9191,"Women, Men",593 S. Horsebarn Rd. 101, Rogers,AR,72758
New Directions,"5506 W Walsh Ln Suite # 204, Rogers, AR 72758",479-250-3337,"Women, Men",5506 W Walsh Ln Suite # 204, Rogers,AR,72758
Platinum Health and Wellness,"2526 South Pinnacle Hills Parkway, Rogers, AR 72758",(479) 319-6009,"Women, Men",2526 South Pinnacle Hills Parkway, Rogers,AR,72758
Petty Medical Clinic,"3201 S Market St Suite 105, Rogers, AR 72758",(479) 254-1005,,3201 S Market St Suite 105, Rogers,AR,72758
Melloy Medical Group PLLC,"200 S. 20th St. Suite. C, Rogers, AR 72758",(479) 278-7010,Women,200 S. 20th St. Suite. C, Rogers,AR,72758
PRISM Aesthetics,"5001 W. Pauline Whitaker Pkwy 115, Rogers, AR 72753",(479) 278-7166,"Women, Men",5001 W. Pauline Whitaker Pkwy 115, Rogers,AR,72753
Rebe Skin and Vein Clinic,"3301 Highway 71 Ste 1, Spirit Lake, IA 51360",(712) 332-6001,"Women, Men",3301 Highway 71 Ste 1, Spirit Lake,IA,51360
Inspire Wellness,"110 W Walnut St, Rogers, AR 72756",(479) 866-7321,"Women, Men",110 W Walnut St, Rogers,AR,72756
Bentley Skincare & Wellness,"1016 W Battlefield Road, Springfield, MO 65807",417-881-7546,"Women, Men",1016 W Battlefield Road, Springfield,MO,65807
CORA MED HRT & Regeneration Center,"1301 E Sunshine Street, Springfield, MO 65804",(417) 207-2441,"Women, Men",1301 E Sunshine Street, Springfield,MO,65804
"PartainMD, LLC","1736 E Sunshine Ste 501, Springfield, MO 65804",(417) 319-6036,"Women, Men",1736 E Sunshine Ste 501, Springfield,MO,65804
Meek Integrative Health Center,"500 E. Battlefield Rd, Springfield, MO 65807",(417) 882-9222,"Women, Men",500 E. Battlefield Rd, Springfield,MO,65807
NWA Weight Loss and Wellness,"2603 W Pleasant Grove Rd Suite 106, Rogers, AR 72758",(479) 526-0445,,2603 W Pleasant Grove Rd Suite 106, Rogers,AR,72758
Elite Professional Providers,"1655 South Enterprise Ave A3, Springfield, MO 65804",(417) 220-4480,,1655 South Enterprise Ave A3, Springfield,MO,65804
You Factor Medical Spa,"1026 Palisades Blvd Suite 9, Osage Beach, MO 65065",(573) 552-8050,Women,1026 Palisades Blvd Suite 9, Osage Beach,MO,65065
Double D Med Spa,"420 E 1st St, Dumas, TX 79029",(806) 805-3480,Men,420 E 1st St, Dumas,TX,79029
A New You Women's Clinic,"1426 E Bradford Pkwy. Suite C, Springfield, MO 65804",417-605-2153,"Women, Men",1426 E Bradford Pkwy. Suite C, Springfield,MO,65804
Skin Bar Medical Studio,"1901 S. Ventura Suite B, Springfield, MO 65804",(417) 470-1633,"Women, Men",1901 S. Ventura Suite B, Springfield,MO,65804
Osage Valley Plastic Surgery,"985 Executive Beach, Osage Beach, MO 65065",(573) 348-4863,"Women, Men",985 Executive Beach, Osage Beach,MO,65065
Serenity Medical Spa,"111 Crossings W Drive, Lake Ozark, MO 65049",(573) 365-5002,"Women, Men",111 Crossings W Drive, Lake Ozark,MO,65049
Retuva Med Spa,"725 S. Scott Boulevard Suite 102, Columbia, MO 65203",(573) 890-4283,"Women, Men",725 S. Scott Boulevard Suite 102, Columbia,MO,65203
Karas HealthCare - Lowell,"212 S. Lincoln Street, Lowell, AR 72745",(636) 366-0610,"Women, Men",212 S. Lincoln Street, Lowell,AR,72745
Rejuva Drips Med Spa,"#20 West 17th St, Scottsbluff, NE 69361",(308) 765-1606,"Women, Men",#20 West 17th St, Scottsbluff,NE,69361
Advanced Primary Care,"5320 W Sunset Ave, Springdale, AR 72762",(479) 966-7331,"Women, Men",5320 W Sunset Ave, Springdale,AR,72762
Alps Health Direct Primary Care,"105 S. Ridgecrest Ave, Nixa, MO 65714",(417) 210-7003,"Women, Men",105 S. Ridgecrest Ave, Nixa,MO,65714
Bella Medici Medical Spa,"2209 Petrus Circle, Ozark, MO 65721",(417) 551-4541,"Women, Men",2209 Petrus Circle, Ozark,MO,65721
Big Tree Medical,"200 Corporate Lake Dr, Columbia, MO 65203",(573) 814-1170,"Women, Men",200 Corporate Lake Dr, Columbia,MO,65203
"Aurora Medical Spa - Columbia, MO","505 E Nifong Blvd Suite 107, Columbia, MO 65201",(573) 615-1893,"Women, Men",505 E Nifong Blvd Suite 107, Columbia,MO,65201
Osage Valley Plastic Surgery - Columbia,"1601 Broadway Ste. 250, Columbia, MO 65201",(573) 348-4863,Women,1601 Broadway Ste. 250, Columbia,MO,65201
Aesthetica Beauty and Wellness,"3291 S. THOMPSON ST. STE. G102, springdale, AR 72764",(479) 409-9973,"Women, Men",3291 S. THOMPSON ST. STE. G102, springdale,AR,72764
Prism Aesthetics Fayetteville,"3959 N Steele Blvd Suite 122, Fayetteville, AR 72704",(479) 278-7166,Women,3959 N Steele Blvd Suite 122, Fayetteville,AR,72704
Stubbs Center for Cosmetic Surgery,"3654 N Investment Dr Suite 120, Fayetteville, AR 72703",(479) 485-3600,Women,3654 N Investment Dr Suite 120, Fayetteville,AR,72703
Drip Drop Health & Wellness,"12204 W Hwy 62, Farmington, AR 72730",(479) 485-3388,"Women, Men",12204 W Hwy 62, Farmington,AR,72730
Prestige Hormone Health and Wellness,"509 E Millsap Ste 107, Fayetteville, AR 72703",(479) 480-7150,,509 E Millsap Ste 107, Fayetteville,AR,72703
Radiance by Roller,"1695 East Rainforest Road, Fayetteville, AR 72703",(479) 316-0458,"Women, Men",1695 East Rainforest Road, Fayetteville,AR,72703
Vitality Medical Center,"27 W Township St, Fayetville, AR 72703",(479) 480-6677,"Women, Men",27 W Township St, Fayetville,AR,72703
IV Hydrate and Heal,"767 W. North St., Fayetteville, AR 72701",(479) 387-4920,"Women, Men",767 W. North St., Fayetteville,AR,72701
The Crafted Clinic,"759 W Jackson St, Marshfield, MO 65706",(417) 221-5700,"Women, Men",759 W Jackson St, Marshfield,MO,65706
C.O.R.A.MED HRT & Regeneration Center - Lebanon,"441 W. Elm Suite B, Lebanon, MO 65536",(417) 538-5360,"Women, Men",441 W. Elm Suite B, Lebanon,MO,65536
Family Care Clinic of Panhandle,"102 Highway 60 East, Panhandle , TX 79068",806-532-2273,"Women, Men",102 Highway 60 East, Panhandle ,TX,79068
Serenity Jeff City,"3218 West Edgewood Drive Suite 500, Jefferson City, MO 65109",(314) 276-1618,"Women, Men",3218 West Edgewood Drive Suite 500, Jefferson City,MO,65109
Scotland County Hospital,"450 East Sigler Avenue, Memphis, MO 63555",(660) 465-2828,,450 East Sigler Avenue, Memphis,MO,63555
Redeemed and Restored Wellness,"106 Burr Ave, Pauls Valley, OK 73075",(405) 926-2002,"Men, Women",106 Burr Ave, Pauls Valley,OK,73075
The Genesis Medspa,"2511 W. Edgewood  A, Jefferson City, MO 65109",573-761-2601,"Women, Men",2511 W. Edgewood  A, Jefferson City,MO,65109
Advanced Hormone Solutions,"311 W. Main, Marlow, OK 73055",580-756-4076,"Women, Men",311 W. Main, Marlow,OK,73055
Allen Health 1st,"200 N. Easton, Allen, OK 74825",(580) 857-1300,"Women, Men",200 N. Easton, Allen,OK,74825
Luxe Medspa,"304 Kansas Avenue Southeast, Huron, SD 57350",(605) 350-3330,"Women, Men",304 Kansas Avenue Southeast, Huron,SD,57350
Graceful Primary Care,"7495 McLaughlin Rd, Peyton, CO 80831",(719) 398-8222,,7495 McLaughlin Rd, Peyton,CO,80831
Capital Region Physicians - Obstetrics & Gynecology,"1125 Madison St. , Jefferson City, MO 65101",573-632-5510,"Women, Men",1125 Madison St. , Jefferson City,MO,65101
Union County Health Center,"314 North 3rd Ave., Clayton, NM 88415",(575) 374-2273,"Women, Men",314 North 3rd Ave., Clayton,NM,88415
Lawton Health and Wellness,"904 SW 38TH STREET, Lawton, OK 73505",580 308 9490,"Women, Men",904 SW 38TH STREET, Lawton,OK,73505
Ada Aesthetic Inc,"1414 Arlington, Ada, OK 74820",(580) 279-6002,"Women, Men",1414 Arlington, Ada,OK,74820
The Skin Company,"23 E Choctaw Ave Ada Aesthetic, Mcalester, OK 74501",580-279-6002,"Women, Men",23 E Choctaw Ave Ada Aesthetic, Mcalester,OK,74501
"Healing Arts Center, LLC","225 Violyn Drive, Branson, MO 65616",(417) 334-6660,"Women, Men",225 Violyn Drive, Branson,MO,65616
Celestique MD,"20991 E Smoky Hill Rd Ste 150, Centennial, CO 80015",(720) 975-8044,Women,20991 E Smoky Hill Rd Ste 150, Centennial,CO,80015
Blu Salon and Spa,"1118 6th Street, Brookings, SD 57006",(605) 692-6622,Women,1118 6th Street, Brookings,SD,57006
Seva Family Medicine,"9397 Crown Crest Blvd Unit 431, Parker, CO 80138",(720) 262-7382,"Women, Men",9397 Crown Crest Blvd Unit 431, Parker,CO,80138
The Complexion Co. Laser & Aesthetics,"210 1st Street, Batavia, IA 52533",(641) 575-0315,"Women, Men",210 1st Street, Batavia,IA,52533
P2 Wellness,"10100 Twenty Mile Road Suite 114, Parker, CO 80134",(303) 902-1401,"Women, Men",10100 Twenty Mile Road Suite 114, Parker,CO,80134
Miramont Wellness Centers – Parker,"9251 Twenty Mile Road, Parker, CO 80134",303-805-5528,"Women, Men",9251 Twenty Mile Road, Parker,CO,80134
Optimal Wellness Center,"6011 E Woodmen Road Suite 300, Colorado Springs, CO 80920",719-596-1118,"Women, Men",6011 E Woodmen Road Suite 300, Colorado Springs,CO,80920
Comfort Care Family Practice,"5799 Stetson Hills Blvd, Colorado Springs, CO 80925",(719) 471-2273,,5799 Stetson Hills Blvd, Colorado Springs,CO,80925
Pine Ridge Family Medicine,"9362 Grand Cordera Ste. #210, Colorado Springs, CO 80924",(719) 550-5180,"Women, Men",9362 Grand Cordera Ste. #210, Colorado Springs,CO,80924
Eaton Health Clinic,"271 S Elm Ave, Eaton, CO 80615",(970) 438-4000,"Women, Men",271 S Elm Ave, Eaton,CO,80615
MedNOW,"15101 E. Iliff Ave #140, Aurora, CO 80014",720-878-7055,"Women, Men",15101 E. Iliff Ave #140, Aurora,CO,80014
ARK Medical Aesthetics,"4239 Center Place Dr Unit F, Greeley, CO 80634",(970) 584-6813,"Women, Men",4239 Center Place Dr Unit F, Greeley,CO,80634
Buffalini Primary Care,"606 S. 4th Ave, Brighton, CO 80601",720-263-1384,"Women, Men",606 S. 4th Ave, Brighton,CO,80601
The Group for Women,"1444 S. Potomac Street Suite 235, Aurora, CO 80012",(303) 752-3000,"Women, Men",1444 S. Potomac Street Suite 235, Aurora,CO,80012
Silk & Co Medical Aesthetics & Spa,"117 N Main Street Suite B, Brighton, CO 80601",720-287-2067,"Women, Men",117 N Main Street Suite B, Brighton,CO,80601
Cherry Creek Family Medicine,"6551 S Revere Pkwy. Suite 225, Centennial, CO 80111",720-699-7672,"Women, Men",6551 S Revere Pkwy. Suite 225, Centennial,CO,80111
Optima Women's Healthcare,"12770 LYNNFIELD DR, ENGLEWOOD, CO 80112-4128",303-805-1807,"Women, Men",12770 LYNNFIELD DR, ENGLEWOOD,CO,80112-4128
McAlester Health Clinic,"511 E Choctaw Ave, McAlester, OK 74501",(918) 715-4101,"Women, Men",511 E Choctaw Ave, McAlester,OK,74501
Miles Hormone Healthy,"6200 W. 9TH ST UNIT 4B, Greeley, CO 80634",(205)729-6819,"Women, Men",6200 W. 9TH ST UNIT 4B, Greeley,CO,80634
"Keokuk County Hospitals and Clinics, Sigourney, Iowa","23019 IA-149, Sigourney, IA 52591",(641) 622-1170,Women,23019 IA-149, Sigourney,IA,52591
Colorado Centers for Hormone Balance,"2155 Hollow Brook Drive #60, Colorado Springs, CO 80918",303-469-7300,"Men, Women",2155 Hollow Brook Drive #60, Colorado Springs,CO,80918
"Elite Health Colorado, PLLC","5925 Lehman Drive, Colorado Springs, CO 80918",(719) 300-7700,"Women, Men",5925 Lehman Drive, Colorado Springs,CO,80918
Colorado Integrative Healthcare,"1175 S Perry ST STE 250, Castle Rock, CO 80104",3038628061,"Women, Men",1175 S Perry ST STE 250, Castle Rock,CO,80104
PureLee Redefined,"12245 Voyager Parkway, Colorado Springs, CO 80921",(719) 452-8541,"Women, Men",12245 Voyager Parkway, Colorado Springs,CO,80921
SoCo Primary Care,"1310 Fortino Blvd Ste. D, Pueblo, CO 81008",(719) 582-1898,"Women, Men",1310 Fortino Blvd Ste. D, Pueblo,CO,81008
Cratos Health,"13550 Northgate Estates Dr. #110, Colorado Springs, CO 80921",719-487-7777,"Women, Men",13550 Northgate Estates Dr. #110, Colorado Springs,CO,80921
Aurora Medical Spa (Colorado Springs),"7160 N Academy Blvd, Colorado Springs, CO 80920",(720) 500-9626,,7160 N Academy Blvd, Colorado Springs,CO,80920
Colorado Skin and Vein,"195 Inverness Dr W, Englewood, CO 80112",(303) 683-3235,Women,195 Inverness Dr W, Englewood,CO,80112
Women’s Health Care Associates - Sky Ridge,"10107 Ridge Gate Parkway #320, Lone Tree, CO 80124",303-788-8460,"Men, Women",10107 Ridge Gate Parkway #320, Lone Tree,CO,80124
Lone Tree Family Practice,"10375 Park Meadows Dr. STE 100, Lone Tree, CO 80124",720-798-0530,"Women, Men",10375 Park Meadows Dr. STE 100, Lone Tree,CO,80124
Integrative Womens Care,"10099 Ridgegate PKWY #280, Lone Tree, CO 80124",303-791-2112,"Women, Men",10099 Ridgegate PKWY #280, Lone Tree,CO,80124
"Sheri Gipson, MD","10999 Ridgegate Parkway Unit 280, Lone Tree, CO 80124",303-706-1600,"Women, Men",10999 Ridgegate Parkway Unit 280, Lone Tree,CO,80124
Lone Tree OBGYN,"10465 Park Meadows Dr #104, Lone Tree, CO 80124",303-799-7903,"Women, Men",10465 Park Meadows Dr #104, Lone Tree,CO,80124
MedNOW - Colorado Springs,"2960 N Circle Dr Suite 200, Colorado Springs, CO 80909",(719) 634-8891,"Women, Men",2960 N Circle Dr Suite 200, Colorado Springs,CO,80909
Emmett Plastic Surgery,"9362 Teddy Ln. Suite 104, Lone Tree, CO 80124",303-955-7545,"Women, Men",9362 Teddy Ln. Suite 104, Lone Tree,CO,80124
Rock Haven Health and Wellness,"7200 S. Alton Way Suite A150, Centennial, CO 80112",(720) 704-1205,"Men, Women",7200 S. Alton Way Suite A150, Centennial,CO,80112
Essential Elements Health and Wellness,"2501 Kachina Dr, Pueblo, CO 81008",(719) 569-4770,"Women, Men",2501 Kachina Dr, Pueblo,CO,81008
Aurora Medical Spa (Castle Rock),"6380 Promenade Parkway, Castle Rock, CO 80108",(720) 734-1126,,6380 Promenade Parkway, Castle Rock,CO,80108
Castle Pines Family Practice and Sports Medicine,"7280 Lagae Rd. Unit J, Castle Pines, CO 80108",(303) 814-0505,"Women, Men",7280 Lagae Rd. Unit J, Castle Pines,CO,80108
Belleview Spine and Wellness,"5191 S Yosemite St Ste A, Greenwood Village, CO 80111",303-771-3102,"Women, Men",5191 S Yosemite St Ste A, Greenwood Village,CO,80111
Remedy Bar,"7298 Lagae Rd. Ste. C, Castle Pines, CO 80108",720-815-5424,"Women, Men",7298 Lagae Rd. Ste. C, Castle Pines,CO,80108
Skin Deep Facial Aesthetics,"9695 S Yosemite St Suite 356, Lone Tree, CO 80124",(303) 902-7711,"Women, Men",9695 S Yosemite St Suite 356, Lone Tree,CO,80124
AHMG Urology Lone Tree,"9695 S. Yosemite Street, Lone Tree, CO 80124",(303) 825-8822,Men,9695 S. Yosemite Street, Lone Tree,CO,80124
Broadway Plastic Surgery,"9777 S. Yosemite St. Suite 220, Lone Tree, CO 80124",(303) 680-8989,Women,9777 S. Yosemite St. Suite 220, Lone Tree,CO,80124
MedAesthetics,"5950 S. Willow Dr. Suite 307, Greenwood Village, CO 80111",303-942-0036,"Women, Men",5950 S. Willow Dr. Suite 307, Greenwood Village,CO,80111
Colorado Centers for Hormone Balance,"8301 E. Prentice Ave #145, Greenwood Village, CO 80111",303-469-7300,"Women, Men",8301 E. Prentice Ave #145, Greenwood Village,CO,80111
AHMG Midwifery and OBGYN,"2356 Meadows Blvd Suite 310B, Castle Rock, CO 80109",(720) 201-1811,"Women, Men",2356 Meadows Blvd Suite 310B, Castle Rock,CO,80109
AdventHealth Medical Group Ridgegate Ob/Gyn at Castle Rock and at Lone Tree,"2356 Meadows Blvd Suite #240B, Castle Rock, CO 80109",(303) 795-3310,Women,2356 Meadows Blvd Suite #240B, Castle Rock,CO,80109
DTC Medical Weight Loss,"8100 E Union Ave Suite 104, Denver, CO 80237",303-586-1200,"Women, Men",8100 E Union Ave Suite 104, Denver,CO,80237
Venus MediSpa,"1150 W. Baptist Road Suite 100, Monument, CO 80921",719-394-4463,"Women, Men",1150 W. Baptist Road Suite 100, Monument,CO,80921
South Denver OBGYN,"2352 Meadows Blvd. Suite 255, Castle Rock, CO 80109",303-418-8892,"Women, Men",2352 Meadows Blvd. Suite 255, Castle Rock,CO,80109
Live a Better You Medical Clinic and Spa,"7936 E Arapahoe Ct Ste 1800, Centennial, CO 80112",(720) 647-5768,,7936 E Arapahoe Ct Ste 1800, Centennial,CO,80112
Southern Colorado Clinic,"3676 Parker Blvd., Pueblo, CO 81008",719-553-2200,"Women, Men",3676 Parker Blvd., Pueblo,CO,81008
Mednow - Denver South,"3540 S. Poplar Street Suite 200, Denver, CO 80237",(970) 249-6737,"Women, Men",3540 S. Poplar Street Suite 200, Denver,CO,80237
Weight Loss MD - Colorado Springs,"1625 Medical Center Point Suite 130, Colorado Springs, CO 80907",(719) 300-4046,Women,1625 Medical Center Point Suite 130, Colorado Springs,CO,80907
Franklin General Hospital,"1720 Central Ave E Ste. A, Hampton, IA 50441",(641) 456-5000,"Women, Men",1720 Central Ave E Ste. A, Hampton,IA,50441
Health+Hormones,"440 State Street, Garner, IA 50438",(641) 938-4391,Women,440 State Street, Garner,IA,50438
Rewind MedSpa,"120 W 1st Street, Fairmont, MN 56031",(507) 749-3333,"Women, Men",120 W 1st Street, Fairmont,MN,56031
Center for Ageless Health,"717 South State Street Suite 1000, Fairmont, MN 56031",507-238-4949,"Women, Men",717 South State Street Suite 1000, Fairmont,MN,56031
MedNow - Greenwood Village,"5161 E. Arapahoe Rd. #290, Centennial, CO 80122",(720) 488-0055,"Women, Men",5161 E. Arapahoe Rd. #290, Centennial,CO,80122
Nouveau House of Wellness/Campanile Plastic Surgery,"425 Cherry Street Suite. 510, Denver, CO 80246",(303) 345-7476,"Women, Men",425 Cherry Street Suite. 510, Denver,CO,80246
MedNOW Clinics - Rose,"4500 E. 9th Ave Suite 150, Denver, CO 80220",(720) 769-8439,,4500 E. 9th Ave Suite 150, Denver,CO,80220
Mile High OBGYN & Midwifery,"4545 E. 9th Ave Ste 502, Denver, CO 80220",(303) 388-4631,"Women, Men",4545 E. 9th Ave Ste 502, Denver,CO,80220
Denver Physical Medicine & Rehab,"1780 S. Bellaire Street Suite. 140, Denver, CO 80222",(303) 757-7280,"Men, Women",1780 S. Bellaire Street Suite. 140, Denver,CO,80222
Radiance Functional Medicine,"1805 S. Bellaire Street Suite 310, Denver, CO 80222",(303) 333-1668,"Women, Men",1805 S. Bellaire Street Suite 310, Denver,CO,80222
Rose Injectables 1330,"1330 W Colorado Ave, Colorado Springs, CO 80904",(719) 924-4424,"Women, Men",1330 W Colorado Ave, Colorado Springs,CO,80904
Pueblo West Primary Care,"141 S Purcell Blvd Ste. 140, Pueblo West, CO 81007",(719) 281-9587,"Women, Men",141 S Purcell Blvd Ste. 140, Pueblo West,CO,81007
Cunningham Clinic,"695 S Colorado Blvd. Suite 160, Denver, CO 80246",(720) 650-4660,"Women, Men",695 S Colorado Blvd. Suite 160, Denver,CO,80246
Le Suite Spot,"1325 S Colorado Blvd. Ste. 604, Denver, CO 80222",(303) 908-9298,"Women, Men",1325 S Colorado Blvd. Ste. 604, Denver,CO,80222
Edyn,"90 Madison Street Suite. 107, Denver, CO 80206",(720) 827-8374,"Women, Men",90 Madison Street Suite. 107, Denver,CO,80206
Austin Wellness Solutions,"13762 Colorado Blvd Unit 122, Thornton, CO 80602",303-268-0403,"Women, Men",13762 Colorado Blvd Unit 122, Thornton,CO,80602
SG Essentials,"421 S. Pierre St, Pierre, SD 57501",605-878-2888,"Men, Women",421 S. Pierre St, Pierre,SD,57501
Longevity Care Clinic,"1624 S 21st St A, Colorado Springs, CO 80904",(719) 955-3621,"Women, Men",1624 S 21st St A, Colorado Springs,CO,80904
Life in Balance Integrated Health,"500 N 3rd St, Fairfield, IA 52556",319-217-0693,Women,500 N 3rd St, Fairfield,IA,52556
AdventHealth Medical Group – Urology,"950 East Harvard Avenue Suite 350, Denver, CO 80210",(303) 825-8822,"Men, Women",950 East Harvard Avenue Suite 350, Denver,CO,80210
Faces First,"850 E Harvard Avenue #575, Denver, CO 80210",303-744-2300,"Women, Men",850 E Harvard Avenue #575, Denver,CO,80210
Balanced Aesthetics,"1221 S Clarkson St #300, Denver, CO 80210",(720) 218-3170,Women,1221 S Clarkson St #300, Denver,CO,80210
Mednow Clinics - Englewood,"3701 South Clarkson Street #200, Englewood, CO 80113",(720) 769-8439,"Women, Men",3701 South Clarkson Street #200, Englewood,CO,80113
Murphy Plastic Surgery,"799 E. Hampden Ave Suite 540, Englewood, CO 80113",(303) 788-8400,Women,799 E. Hampden Ave Suite 540, Englewood,CO,80113
Weight Loss MD - Denver,"700 E. Speer Blvd., Denver, CO 80203",7202791164,"Women, Men",700 E. Speer Blvd., Denver,CO,80203
Cherry Hills Midwifery and OB/GYN,"499 E Hampden Ave. Suite 190, Englewood, CO 80113",303-788-0808,"Women, Men",499 E Hampden Ave. Suite 190, Englewood,CO,80113
South Logan Family Practice,"895 S. Logan St Suite A, Denver, CO 80209",303-733-3764,"Men, Women",895 S. Logan St Suite A, Denver,CO,80209
CareXpress Urgent Care,"2329 Ross Osage Dr, Amarillo, TX 79103",(806) 350-5797,Women,2329 Ross Osage Dr, Amarillo,TX,79103
BSA/ CareXpress,"400 SW 14th Ave. Suite 100, Amarillo, TX 79101",806-337-4555,"Women, Men",400 SW 14th Ave. Suite 100, Amarillo,TX,79101
Center for Spine & Orthopedics,"9005 Grant St. Suite 200, Denver, CO 80229",303-287-2800,"Women, Men",9005 Grant St. Suite 200, Denver,CO,80229
Women's Health Care Associates,"7720 S. Broadway #440, Littleton, CO 80122",303-795-0890,"Women, Men",7720 S. Broadway #440, Littleton,CO,80122
Advent Health Medical Group OB/GYN @ Littleton,"7720 South Broadway Suite 250, Littleton, CO 80122",(720) 922-6420,,7720 South Broadway Suite 250, Littleton,CO,80122
Premier Spine & Pain Institute,"9351 Grant Street Suite 490, Thornton, CO 80229",303-844-5000,"Women, Men",9351 Grant Street Suite 490, Thornton,CO,80229
Integrated Medical Arts,"1279 S Cherokee Street, Denver, CO 80223",303-536-1005,"Women, Men",1279 S Cherokee Street, Denver,CO,80223
Letys Botox Creations LLC,"81 W 84th Ave Suite 165, Thornton, CO 80260",(720) 985-3873,"Women, Men",81 W 84th Ave Suite 165, Thornton,CO,80260
307 Aesthetics,"601 Niobrara Ave., Torrington, WY 82240",(307) 575-0580,"Women, Men",601 Niobrara Ave., Torrington,WY,82240
Top Tier Wellness and Weight Loss,"621 Southpark Drive Suite 300, Littleton, CO 80120",(303) 386-6188,"Women, Men",621 Southpark Drive Suite 300, Littleton,CO,80120
Littleton Gynecology and Wellness,"9137 S. Ridgeline Blvd. Suite 200, Highlands Ranch, CO 80129",303-730-6000,"Women, Men",9137 S. Ridgeline Blvd. Suite 200, Highlands Ranch,CO,80129
OnPoint Internal Medicine at Ridgeline,"9135 S. Ridgeline Blvd Suite 190, Highlands Ranch, CO 80129",(720) 828-7755,"Women, Men",9135 S. Ridgeline Blvd Suite 190, Highlands Ranch,CO,80129
TMD Men's Health,"1946 Civic Circle, Amarillo, TX 79109",806-350-4185,"Men, Women",1946 Civic Circle, Amarillo,TX,79109
Aria Integrative Health,"2500 18th Street, Denver, CO 80211",303-953-2899,"Women, Men",2500 18th Street, Denver,CO,80211
CareXpress Gem Lake,"#6 Medical Drive, Amarillo, TX 79106",(806) 718-5130,,#6 Medical Drive, Amarillo,TX,79106
Highlands Health for Life,"4104 Tejon St, Denver, CO 80211",(303) 381-3700,"Women, Men",4104 Tejon St, Denver,CO,80211
Ageless Expressions MedSpa,"2329 W Main Street Suite 201, Littleton, CO 80120",720-532-1856,"Women, Men",2329 W Main Street Suite 201, Littleton,CO,80120
Mountain Glow Aesthetics & Wellness,"6886 S. Sycamore St., Littleton, CO 80120",(214) 403-7878,"Women, Men",6886 S. Sycamore St., Littleton,CO,80120
Good Integrative Healthcare,"5401 S Prince Street Suite 111, Littleton, CO 80120",(720) 936-5595,"Men, Women",5401 S Prince Street Suite 111, Littleton,CO,80120
Skinbar Medspa,"12001 Tejon St. #130, Westminster, CO 80234",(720) 665-5540,"Women, Men",12001 Tejon St. #130, Westminster,CO,80234
CareXpress,"2701 South Georgia St., Amarillo, TX 79109",806-350-3000,"Women, Men",2701 South Georgia St., Amarillo,TX,79109
Panhandle Weight Loss Center,"1301 S. Coulter Suite 413, Amarillo, TX 79106",806-677-7952,"Women, Men",1301 S. Coulter Suite 413, Amarillo,TX,79106
Refined Health and Wellness,"1901 Medi Park Dr Suite 205, Amarillo, TX 79106",(806) 220-6999,"Women, Men",1901 Medi Park Dr Suite 205, Amarillo,TX,79106
Amarillo Family Physicians Clinic,"7561 Outlook Dr, Amarillo, TX 79106",8063594701,"Women, Men",7561 Outlook Dr, Amarillo,TX,79106
Panhandle Wellness,"7620 Wallace Blvd, Amarillo, TX 79124",806-359-5468,"Women, Men",7620 Wallace Blvd, Amarillo,TX,79124
Acute and Chronic Pain and Spine Center,"24 Care Circle, Amarillo, TX 79124",806-353-6100,"Women, Men",24 Care Circle, Amarillo,TX,79124
Daneshfar Aesthetics Center,"24 Care Circle, Amarillo, TX 79124",(806) 350-5326,,24 Care Circle, Amarillo,TX,79124
Original Glam,"4635 W Colfax Ave Ste. 120, Denver, CO 80204",(303) 351-1418,Women,4635 W Colfax Ave Ste. 120, Denver,CO,80204
Embody LLC,"8601 Turnpike Dr, Westminster, CO 80031",(312) 543-8326,Women,8601 Turnpike Dr, Westminster,CO,80031
Colorado Wellness Group,"4704 Harlan St Suite 340, Denver, CO 80212",(303) 416-7193,"Women, Men",4704 Harlan St Suite 340, Denver,CO,80212
Integrative Health & Rehabilitation,"4704 Harlan St. #602, Denver, CO 80212",303-424-7171,"Women, Men",4704 Harlan St. #602, Denver,CO,80212
IV Rejuvenation Station,"4514 Cornell Ste B, Amarillo, TX 79109",(806) 322-0747,"Women, Men",4514 Cornell Ste B, Amarillo,TX,79109
"Blissful Med Spa, LLC","6279 W. 38th Ave Suite 3, Wheat Ridge, CO 80033",7209371049,"Women, Men",6279 W. 38th Ave Suite 3, Wheat Ridge,CO,80033
OnPoint Internal Medicine at Broomfield,"340 E 1st Ave, Broonfield, CO 80020",(720) 798-0170,"Women, Men",340 E 1st Ave, Broonfield,CO,80020
Columbine Family Practice,"7335 S. Pierce Street, Littleton, CO 80128",303-226-9996,"Women, Men",7335 S. Pierce Street, Littleton,CO,80128
Family Care Clinic of Bushland,"1600 FM 2381, Amarillo, TX 79124",806-310-9855,"Women, Men",1600 FM 2381, Amarillo,TX,79124
Lakewood Family Clinic,"1555 S. Wadsworth Blvd., Lakewood, CO 80232",303-985-1597,"Women, Men",1555 S. Wadsworth Blvd., Lakewood,CO,80232
"West Texas Family Care Clinic, PLLC","6500 Canyon Dr Ste 100, Amarillo, TX 79019",(806) 877-7995,"Women, Men",6500 Canyon Dr Ste 100, Amarillo,TX,79019
Longevity Integrative Wellness Center,"8015 W Alameda Ave STE 220, Lakewood, CO 80225",(720) 408-5220,"Women, Men",8015 W Alameda Ave STE 220, Lakewood,CO,80225
Cheyenne Urological PC,"2301 House Ave 500, Cheyenne, WY 82001",307-635-4131,"Women, Men",2301 House Ave 500, Cheyenne,WY,82001
Cheyenne Obgyn,"2301 House Ave # 400, Cheyenne, WY 82001",307-634-5216,"Women, Men",2301 House Ave # 400, Cheyenne,WY,82001
"Summit Medical Care Center, LLC","54 Garden Center, Broomfield, CO 80020",303-466-3232,"Women, Men",54 Garden Center, Broomfield,CO,80020
Southwest Antiaging,"5701 Time Square Blvd. Ste 220, Amarillo, TX 79119",806-350-7311,"Women, Men",5701 Time Square Blvd. Ste 220, Amarillo,TX,79119
ProMD Health,"380 Empire Road, Lafayette, CO 80026",(724) 816-1232,Women,380 Empire Road, Lafayette,CO,80026
purehomeopathy,"600 W Emma St., Lafayette, CO 80026",303-665-2423,"Women, Men",600 W Emma St., Lafayette,CO,80026
Regen Revolution,"9660 Ralston Rd, Arvada, CO 80004",3032929992,"Men, Women",9660 Ralston Rd, Arvada,CO,80004
Thrive Primary Care,"509 S. Scott Ave. Suite 101, Woodland Park , CO 80863",719-373-8064,"Women, Men",509 S. Scott Ave. Suite 101, Woodland Park ,CO,80863
Westside Women's Care,"7950 Kipling St. Ste 201, Arvada, CO 80005",303-424-6466,"Women, Men",7950 Kipling St. Ste 201, Arvada,CO,80005
Altitude Family and Internal Medicine,"7950 Kipling St Suite 200, Arvada, CO 80005",(303) 730-2167,"Women, Men",7950 Kipling St Suite 200, Arvada,CO,80005
OnPoint Famiy Medicine at Arvada,"9950 W 80th Ave Suite 23, Arvada, CO 80005",(303) 827-7844,"Women, Men",9950 W 80th Ave Suite 23, Arvada,CO,80005
Alternative Physical Medicine,"10268 W Centennial Rd Suite 201, Littleton, CO 80127",303-980-5699,"Women, Men",10268 W Centennial Rd Suite 201, Littleton,CO,80127
Tailored Vitality,"4321 Corbett Dr Suite 106-10, Fort Collins, CO 80525",(970) 528-0688,"Women, Men",4321 Corbett Dr Suite 106-10, Fort Collins,CO,80525
Miramont Wellness Centers – Snow Mesa,"4674 Snow Mesa Drive #140, Fort Collins, CO 80528",970-225-5000,"Women, Men",4674 Snow Mesa Drive #140, Fort Collins,CO,80528
Mountain View Family Medicine,"2121 E. Harmony Road Suite. 310, Fort Collins, CO 80528",(970) 221-3855,"Men, Women",2121 E. Harmony Road Suite. 310, Fort Collins,CO,80528
Elite Wellness & Aesthetics,"6108 S 31st, Fort Smith, AR 72908",(479) 242-9355,"Women, Men",6108 S 31st, Fort Smith,AR,72908
Waypoint Medical,"1801 US HIGHWAY 18 E, Clear Lake, IA 50428",(641) 357-1999,"Women, Men",1801 US HIGHWAY 18 E, Clear Lake,IA,50428
Northview Medical,"7356 Stockman St., Cheyenne, WY 82009",307-632-3399,"Women, Men",7356 Stockman St., Cheyenne,WY,82009
AWC Wellness and Aesthetics,"1225 Cimarron Drive Unit 101, Lafayette, CO 80026",(303) 439-8910,"Men, Women",1225 Cimarron Drive Unit 101, Lafayette,CO,80026
Red Rocks OBGYN,"255 Union Blvd. Suite 200, Lakewood, CO 80228",303-763-5111,"Women, Men",255 Union Blvd. Suite 200, Lakewood,CO,80228
Premier Skin Clinic,"1603 Oakridge Drive Suite 200, Fort Collins, CO 80525",9702211285,"Women, Men",1603 Oakridge Drive Suite 200, Fort Collins,CO,80525
Nu-Reflections Medspa LLC,"1052 N. Cleveland Ave, Loveland, CO 80537",720-487-0029,"Women, Men",1052 N. Cleveland Ave, Loveland,CO,80537
Lisa M. Wessell LLC DBA Encompass Women's Health,"3000 Youngfield St Suite 262, Wheat Ridge, CO 80215",(720) 807-6020,"Women, Men",3000 Youngfield St Suite 262, Wheat Ridge,CO,80215
P2 Wellness,"2550 Youngfield Street, Lakewood, CO 80215",(303) 202-9808,"Women, Men",2550 Youngfield Street, Lakewood,CO,80215
Facette Wellness,"1100 Haxton Dr Suite 110 & 111, Fort Collins, CO 80525",970-223-1211,"Women, Men",1100 Haxton Dr Suite 110 & 111, Fort Collins,CO,80525
Associates in Women's Health,"2801 Youngfield Street Suite 200, Golden, CO 80401",303-432-9939,"Women, Men",2801 Youngfield Street Suite 200, Golden,CO,80401
Kaufman Health and Hormone Center,"315 W. South Boulder Road #208, Louisville, CO 80027",720-639-2736,"Women, Men",315 W. South Boulder Road #208, Louisville,CO,80027
Helton Rural Health Clinic,"108 W. Ohio , Coalgate, OK 74538",580-927-2334,"Women, Men",108 W. Ohio , Coalgate,OK,74538
AdventHealth Medical Group OB/GYN and Midwifery at Avista,"90 Health Park Dr. Suite 290, Louisville, CO 80027",(303) 439-8910,"Men, Women",90 Health Park Dr. Suite 290, Louisville,CO,80027
Family Health Center of Southern Oklahoma - Coalgate,"107 E Post Ave, Coalgate, OK 74538",580-927-2828,"Women, Men",107 E Post Ave, Coalgate,OK,74538
Ideal Metabolic Health and Body,"126 W. Harvard St. Suite. 1, Fort Collins, CO 80525",(970) 632-4931,"Women, Men",126 W. Harvard St. Suite. 1, Fort Collins,CO,80525
Miramont Wellness Centers – Drake,"313 W. Drake Road, Fort Collins, CO 80526",970-225-5000,"Women, Men",313 W. Drake Road, Fort Collins,CO,80526
Fort Collins Medical Weight Loss Center,"363 West Drake Rd. Suite 9, Fort Collins, CO 80526",970-237-3205,"Women, Men",363 West Drake Rd. Suite 9, Fort Collins,CO,80526
Teague Family Med and Spa LLC,"519 N Willow Street, Harrison, AR 72601",(866) 573-4747,"Women, Men",519 N Willow Street, Harrison,AR,72601
Boulder Whole Health,"5377 Manhattan Circle Suite 204, Boulder, CO 80303",720-465-9272,"Men, Women",5377 Manhattan Circle Suite 204, Boulder,CO,80303
Boulder Valley Laser and Cosmetic w/ Dr. Andrew Goldman,"4745 Arapahoe Ave. Suite. 115, Boulder, CO 80303",(303) 558-8800,"Men, Women",4745 Arapahoe Ave. Suite. 115, Boulder,CO,80303
Arkansas Orthopedics and Sports Medicine,"100 Town Center Drive Suite A, Harrison, AR 72601",(870) 741-8289,,100 Town Center Drive Suite A, Harrison,AR,72601
Rinnova Skin & Body,"2600 30th Street Suite. 100, Boulder, CO 80301",(303) 444-0664,"Men, Women",2600 30th Street Suite. 100, Boulder,CO,80301
"Family Medicine Center of Canyon, PA","911 23rd St., Canyon, TX 79015",806-655-2104,"Women, Men",911 23rd St., Canyon,TX,79015
Thirty3 Health,"25958 Genesee Trail Road Unit. D, Golden, CO 80401",(303) 981-5050,"Women, Men",25958 Genesee Trail Road Unit. D, Golden,CO,80401
Osage Valley Plastic Surgery - Rolla,"201 S Bishop Ave Suite. B, Rolla, MO 65401",(573) 426-7020,"Women, Men",201 S Bishop Ave Suite. B, Rolla,MO,65401
Lyons Health and Wellness,"435 High St., Lyons, CO 80540",(303) 498-5941,Women,435 High St., Lyons,CO,80540
Riverside Medical - Rolla,"400 E 6th Street Ste. 103, Rolla, MO 65401",(573) 201-3113,"Women, Men",400 E 6th Street Ste. 103, Rolla,MO,65401
"Conifer Medical Center, PC","26659 Pleasant Park Rd, Conifer, CO 80433",(303) 647-5300,"Women, Men",26659 Pleasant Park Rd, Conifer,CO,80433
Bowie Aesthetics and Wellness,"34390 State Hwy 12, Trinidad, CO 81082",(855) 720-0399,"Women, Men",34390 State Hwy 12, Trinidad,CO,81082
Oklahoma Integrated Care,"830 16th Ave NW, Ardmore, OK 73401",(580) 226-5120,"Women, Men",830 16th Ave NW, Ardmore,OK,73401
"Aspire Integrated Medical, PLLC","520 S Grand Ave, Mount Pleasant, IA 52641",(319) 385-1430,"Women, Men",520 S Grand Ave, Mount Pleasant,IA,52641
Evolve Aesthetics and Regenerative Medicine,"330 Tower Park Dr, Waterloo, IA 50701",(319) 236-7752,"Women, Men",330 Tower Park Dr, Waterloo,IA,50701
Family First Clinic,"1590 W Liberty Rd, Atoka, OK 74525",(580) 239-7171,"Women, Men",1590 W Liberty Rd, Atoka,OK,74525
James Healthcare & Associates,"612 Main St., Keokuk, IA 52632",(319) 524-3339,"Women, Men",612 Main St., Keokuk,IA,52632
Pritchett Health and Wellness,"151 S Mississippi Ave, Atoka, OK 74525",(580) 889-0450,"Women, Men",151 S Mississippi Ave, Atoka,OK,74525
Schafer Medical Center,"800 Isabel, Ardmore, OK 73401",580-223-5432,"Women, Men",800 Isabel, Ardmore,OK,73401
The Well,"127 E 4th street, Hermann, MO 65041",(636) 629-8444,"Women, Men",127 E 4th street, Hermann,MO,65041
Tish Health 1st,"108 W Main St, Tishomingo, OK 73460",(580) 774-3548,,108 W Main St, Tishomingo,OK,73460
Rejuvenate Med Spa,"212 E 4th Street, Waterloo, IA 50703",(319) 939-1824,"Women, Men",212 E 4th Street, Waterloo,IA,50703
The Oaks Med Spa,"880 E Main St, Tishomingo, OK 73460",(580) 742-7091,Women,880 E Main St, Tishomingo,OK,73460
No Filter Medical Aesthetics and Wellness,"517 Lafayette St, Waterloo, IA 50703",(319) 224-0286,"Women, Men",517 Lafayette St, Waterloo,IA,50703
Family Health Center of Southern Oklahoma,"610 E. 24th St., Tishomingo, OK 73460",580-371-2343,"Women, Men",610 E. 24th St., Tishomingo,OK,73460
Riverside Medical LLC,"101 West Lincoln Ave, Owensville, MO 65066",(573) 301-2941,"Women, Men",101 West Lincoln Ave, Owensville,MO,65066
Rose Injectables,"1032 Royal Gorge Blvd, Canon City, CO 81212",(719) 924-4424,"Women, Men",1032 Royal Gorge Blvd, Canon City,CO,81212
Family Health Center of Southern Oklahoma,"104 F Street, Milburn, OK 73450",(580) 257-8690,Women,104 F Street, Milburn,OK,73450
SG Essentials,"1028 29th Street SE, Watertown, SD 57201",(605) 878-2888,"Women, Men",1028 29th Street SE, Watertown,SD,57201
Legacy Family Medicine PLLC,"207 E Taliaferro St, Madill, OK 73446",(580) 677-9500,"Women, Men",207 E Taliaferro St, Madill,OK,73446
VitalUTy Wellness,"3555 Stone Creek Circle SW, Cedar Rapids, IA 52404",(319) 693-8800,"Women, Men",3555 Stone Creek Circle SW, Cedar Rapids,IA,52404
Iowa Wellness Center,"1395 Jordan Street Suite C, North Liberty, IA 52317",(319) 289-0666,"Women, Men",1395 Jordan Street Suite C, North Liberty,IA,52317
The ReCenter,"1100 5th St Suite 210, Coralville, IA 52241",(319) 450-7619,"Women, Men",1100 5th St Suite 210, Coralville,IA,52241
Renew + Revive,"1111 E Walnut Street, Paris, AR 72855",(479) 363-3247,"Women, Men",1111 E Walnut Street, Paris,AR,72855
Nourish Med Spa,"2405 Westdale Drive SW, Cedar Rapids, IA 52404",319-455-6458,"Women, Men",2405 Westdale Drive SW, Cedar Rapids,IA,52404
Holistic Health and Hydration,"107 S. Cravens St., Clarksville, AR 72830",(479) 774-6945,"Women, Men",107 S. Cravens St., Clarksville,AR,72830
Vitality IV & Med Spa,"1722 9th Street, Wichita Falls, TX 76301",(940) 867-1982,Women,1722 9th Street, Wichita Falls,TX,76301
Carthage Memorial Clinic,"630 Locust Street, Carthage, IL 62321",(217) 357-6560,"Men, Women",630 Locust Street, Carthage,IL,62321
Looking Good Medi Spa,"3709 Gregory St. Suite 104, Wichita Falls, TX 76308",940-723-0384,"Women, Men",3709 Gregory St. Suite 104, Wichita Falls,TX,76308
Texoma Specialty Care,"3506 McNiel Ave, Wichita Falls, TX 76308",(940) 631-3697,,3506 McNiel Ave, Wichita Falls,TX,76308
"Iowa Men and Women's Health Center, Gynecology, Hormone & Surgical Specialists","4251 Center CT NE, Cedar Rapids, IA 52402-7549",319-200-5900,"Women, Men",4251 Center CT NE, Cedar Rapids,IA,52402-7549
The Wellness Collective,"4056 Glass Rd NE, Cedar Rapids, IA 52402",(319) 775-0727,"Women, Men",4056 Glass Rd NE, Cedar Rapids,IA,52402
Ritual Med Boutique,"3915 RESERVE WAY NE STE 100, Cedar Rapids, IA 52411",(319) 208-6553,"Women, Men",3915 RESERVE WAY NE STE 100, Cedar Rapids,IA,52411
Integrative Health and Hormone Clinic,"1731 Boyson Rd. , Hiawatha, IA 52233",319-363-0033,"Women, Men",1731 Boyson Rd. , Hiawatha,IA,52233
"Pillar Health, PLLC","1350 Boyson Rd Bldg D Ste 1, Hiawatha, IA 52233",(319) 449-4052,Women,1350 Boyson Rd Bldg D Ste 1, Hiawatha,IA,52233
The Hive Healthcare,"1700 1st Ave NE, Cedar Rapids, IA 52402",(319) 821-1318,"Women, Men",1700 1st Ave NE, Cedar Rapids,IA,52402
Family Health Center of Southern Oklahoma,"21 N Main St, Kingston, OK 73439",580-371-2343,"Women, Men",21 N Main St, Kingston,OK,73439
Lakeside Family Medicine,"714 Hwy 70 E, Kingston, OK 73439",(580) 564-0200,"Women, Men",714 Hwy 70 E, Kingston,OK,73439
The Center for Women,"628 Hospital Dr. #2A, Mountain Home, AR 72653",(870) 425-7300,"Women, Men",628 Hospital Dr. #2A, Mountain Home,AR,72653
Family Physicians of Cedar Rapids,"1515 42nd St NE, Cedar Rapids, IA 52402",(319) 365-7581,"Women, Men",1515 42nd St NE, Cedar Rapids,IA,52402
Hereford Health Clinic,"540 W. 15th street, Hereford, TX 79045",8063647512,"Women, Men",540 W. 15th street, Hereford,TX,79045
Captivate Medical Spa,"725 Boyson Road NE Ste. 700, Cedar Rapids, IA 52402",(319) 981-6188,"Women, Men",725 Boyson Road NE Ste. 700, Cedar Rapids,IA,52402
Youthful You Beauty Services,"1005 E Omega St., Henrietta, TX 76365",(806) 438-2470,"Men, Women",1005 E Omega St., Henrietta,TX,76365
"The Aesthetic Loft, LLC","201 N Victory Dr. Suite 211, Mankato, MN 56001",(507) 740-0250,"Women, Men",201 N Victory Dr. Suite 211, Mankato,MN,56001
"Ageless Med Spa, Inc","1195 East Post Rd Ste. 4, Marion, IA 52302",(319) 393-3984,"Women, Men",1195 East Post Rd Ste. 4, Marion,IA,52302
Elevate Aesthetics & Wellness,"360 7TH AVE STE 4, Marion, IA 52302",319.412.5225,"Women, Men",360 7TH AVE STE 4, Marion,IA,52302
Glow Aesthetics & Wellness,"370 Mulberry Street, Wapello, IA 52653",(319) - 527-1456,"Women, Men",370 Mulberry Street, Wapello,IA,52653
Amelioration Health,"95 Main Street STE A, Westcliffe, CO 81252",(719) 287-5217,"Women, Men",95 Main Street STE A, Westcliffe,CO,81252
Cuesta Hormone Replacement Clinic,"720 Bryan Dr Suite A, Durant, OK 74701",580-615-3035,"Women, Men",720 Bryan Dr Suite A, Durant,OK,74701
Emerge Med Spa & IV Infusion Lounge,"1 Community Plaza Unit. 8, Sullivan, MO 63080",(573) 241-3339,"Women, Men",1 Community Plaza Unit. 8, Sullivan,MO,63080
The Well,"6244 Highway 100 Suite 150, Washington, MO 63090",(636) 629-8444,"Men, Women",6244 Highway 100 Suite 150, Washington,MO,63090
Sync Health,"117 1st Ave NW, Austin, MN 55912",(507) 438-0743,"Women, Men",117 1st Ave NW, Austin,MN,55912
Laramie Physicians Women & Wellness Clinic,"1277 N. 15th Street, Laramie, WY 82072",307-745-8991,"Women, Men",1277 N. 15th Street, Laramie,WY,82072
Mountain View Comprehensive Medicine,"1575 N. 4th Street Suite 101, Laramie, WY 82072",(307) 223-2005,,1575 N. 4th Street Suite 101, Laramie,WY,82072
Mission First Medical,"1702 W US Highway 160, West Plains, MO 65775",(417) 204-4450,"Women, Men",1702 W US Highway 160, West Plains,MO,65775
Simply Wurth It,"112 Creekside Office Drive, Wentzville, MO 63385",636-366-0610,"Women, Men",112 Creekside Office Drive, Wentzville,MO,63385
Health Concepts,"5410 Sheridan Lake Rd., Rapid City, SD 57702",(605) 348-4141,"Women, Men",5410 Sheridan Lake Rd., Rapid City,SD,57702
Mosaic Medicine,"2800 Jackson Blvd Suite 2, Rapid City, SD 57702",(605) 545-4109,Women,2800 Jackson Blvd Suite 2, Rapid City,SD,57702
Grand Pain Specialists,"60 N. 2nd St, Granby, CO 80446",970-794-6444,"Women, Men",60 N. 2nd St, Granby,CO,80446
Trident Medical Services,"106 Inglewood, Russellville, AR 72801",(479) 449-0400,"Women, Men",106 Inglewood, Russellville,AR,72801
Muenster Family Medical Clinic,"134 S. Mesquite St., Muenster, TX 76252",940-759-2502,"Women, Men",134 S. Mesquite St., Muenster,TX,76252
Neuage Health + Wellness Lake St. Louis,"6105 Ronald Reagan Dr, Lake St. Louis, MO 63367",(314) 721-9990,"Women, Men",6105 Ronald Reagan Dr, Lake St. Louis,MO,63367
Gilded Glow Aesthetics,"2755 E Parkway Dr Suite B7, Russellville, AR 72802",(479) 857-1598,"Women, Men",2755 E Parkway Dr Suite B7, Russellville,AR,72802
Whitesboro Family Medicine,"304 Charlie Dr, Whitesboro, TX 76273",903-564-3503,"Women, Men",304 Charlie Dr, Whitesboro,TX,76273
"Beck Aesthetics & Wellness, LLC","7447 Highway N, Dardenne Prairie, MO 63368",(636) 280-5991,"Women, Men",7447 Highway N, Dardenne Prairie,MO,63368
Bowie Medical Clinic,"504 N. Mason St., Bowie, TX 76230",940-872-3333,"Women, Men",504 N. Mason St., Bowie,TX,76230
Women's Wellness and Aesthetics,"406 North Grand Avenue Suite 103, Gainesville, TX 76240",940-665-0605,"Women, Men",406 North Grand Avenue Suite 103, Gainesville,TX,76240
Empire Aesthetics Med Spa,"110 Triad Center West, O'Fallon, MO 63366",(636) 849-6464,"Women, Men",110 Triad Center West, O'Fallon,MO,63366
Simon Mittal at Maeven Aesthetics,"605 Hillcrest Ave Suite 200, Owatonna, MN 55060",(507) 413-0281,,605 Hillcrest Ave Suite 200, Owatonna,MN,55060
The Getaway,"101 Johnson Ranch Lane Suite. B, Bowie, TX 76230",(940) 366-5325,"Women, Men",101 Johnson Ranch Lane Suite. B, Bowie,TX,76230
The Well O’Fallon,"3449 Pheasant Meadow Drive Ste. 107, O'Fallon, MO 63368",(573) 271-2927,"Women, Men",3449 Pheasant Meadow Drive Ste. 107, O'Fallon,MO,63368
Family Medical Clinic of Hansford County,"705 W. 7th St., Spearman, TX 79081",806-659-2846,"Women, Men",705 W. 7th St., Spearman,TX,79081
UR FAMILY CLINIC,"15622 US HWY 377, WHITESBORO, TX 76273",(940) 365-9248,"Women, Men",15622 US HWY 377, WHITESBORO,TX,76273
Simply Wurth It - OFallon,"856 Waterbury Falls Dr, OFallon, MO 63368",(636) 366-0610,Women,856 Waterbury Falls Dr, OFallon,MO,63368
Hormone Health - North Texas,"1000 E PECAN GROVE RD, SHERMAN, TX 75090",9038931116,"Women, Men",1000 E PECAN GROVE RD, SHERMAN,TX,75090
Paul Millmann MD,"1700 Gallagher Dr., Sherman, TX 75090",903-893-1399,"Women, Men",1700 Gallagher Dr., Sherman,TX,75090
Sherman Medical,"2500 N Travis St, Sherman, TX 75092",(903) 868-8900,"Men, Women",2500 N Travis St, Sherman,TX,75092
Imperial Care Internal Medicine,"1700 N Travis Street, Sherman, TX 75092",(903) 957-0417,"Women, Men",1700 N Travis Street, Sherman,TX,75092
BestCare Family Medicine,"230 E Evergreen St., Sherman, TX 75090",(903) 328-2490,"Men, Women",230 E Evergreen St., Sherman,TX,75090
Salem Clinic,"661 North Main St, Salem, AR 72576",(870) 895-3281,,661 North Main St, Salem,AR,72576
Women's Health Associates LLC,"112 South 1st St. Suite # 2, Monmouth, IL 61462-9122",3092998687,Women,112 South 1st St. Suite # 2, Monmouth,IL,61462-9122
Simply Wurth It St. Peters,"5301 Veterens Memorial Parkway, St. Peters, MO 63376",(636) 366-0610,"Women, Men",5301 Veterens Memorial Parkway, St. Peters,MO,63376
The Whole You Wellness Center,"1270 Jungermann Road Suite A, St. Peters, MO 63376",636-387-0613,"Women, Men",1270 Jungermann Road Suite A, St. Peters,MO,63376
Valley View Family Medical Clinic,"909 Frontage Rd. , Valley View, TX 76272",940-726-5750,"Women, Men",909 Frontage Rd. , Valley View,TX,76272
Aurora Medical Spa - Chesterfield,"1661 Clarkson Road, Chesterfield, MO 63017",(314) 822-1060,"Women, Men",1661 Clarkson Road, Chesterfield,MO,63017
Cross Arrow Medical,"303 E Washington Ave., Tucumcari, NM 88401",575-461-7901,"Women, Men",303 E Washington Ave., Tucumcari,NM,88401
NITHA AESTHETICS,"121 Clarkson Executive Park, Ellisville, MO 63011",(636) 366-0610,,121 Clarkson Executive Park, Ellisville,MO,63011
Ozark Medical Clinic,"175 Volunteer Parkway, Clinton, AR 72031",(501) 745-7000,,175 Volunteer Parkway, Clinton,AR,72031
HIPOR Health+,"14825 N Outer 40 rd Ste 310, Chesterfield, MO 63017",(314) 499-6888,"Women, Men",14825 N Outer 40 rd Ste 310, Chesterfield,MO,63017
Bluetail Medical Group,"13553 Olive Blvd, Chesterfield, MO 63017",(636) 778-2900,"Women, Men",13553 Olive Blvd, Chesterfield,MO,63017
Something To Crow About Health Clinic,"140 Main Street North, Hutchinson, MN 55314",(320) 552-2687,"Women, Men",140 Main Street North, Hutchinson,MN,55314
Align Health Hormone and Menopause Solutions,"12333 Olive Blvd., Creve Coeur, MO 63141",(314) 477-5051,"Women, Men",12333 Olive Blvd., Creve Coeur,MO,63141
Thrive Aesthetics & Wellness LLC,"12977 N 40 Drive Ste 218, St. Louis, MO 63141",(314) 258-5220,"Women, Men",12977 N 40 Drive Ste 218, St. Louis,MO,63141
Alchemy Med Spa and IV Bar,"513 N Main Street Ste H, Bonham, TX 75418",(580) 967-1042,Men,513 N Main Street Ste H, Bonham,TX,75418
McCurtain Family Medical Clinic,"800 North Park Drive , Broken Bow, OK 74728",580-584-7210,"Women, Men",800 North Park Drive , Broken Bow,OK,74728
Aurora Medical Spa - Des Peres,"13319 Manchester Rd, Des Peres, MO 63131",(314) 822-1060,"Women, Men",13319 Manchester Rd, Des Peres,MO,63131
4Ever Young STL MedSpa,"11716  Studt Ave, St. Louis, MO 63141",314-330-8117,"Women, Men",11716  Studt Ave, St. Louis,MO,63141
"Alea Health and Wellness, LLC","456 N. New Ballas Road Suite 290, Creve Coeur, MO 63141",314-377-2515,"Men, Women",456 N. New Ballas Road Suite 290, Creve Coeur,MO,63141
Ageless Wellness & Aesthetics,"1640 W. Chapman Dr. Suite. 300, Sanger, TX 76266",940-977-1206,"Women, Men",1640 W. Chapman Dr. Suite. 300, Sanger,TX,76266
Elevated Health,"820 S. 10th Street, Douglas, WY 82633",(307) 358-1150,"Women, Men",820 S. 10th Street, Douglas,WY,82633
Neuage Health + Wellness - Des Peres,"11737 Manchester Road, St. Louis, MO 63131",(314) 858-1044,"Women, Men",11737 Manchester Road, St. Louis,MO,63131
Revitalize Medical Spa,"500 State Ave., Alamosa, CO 81101",(719) 301-9115,"Women, Men",500 State Ave., Alamosa,CO,81101
Racquel Aesthetics & Wellness,"11022 Manchester Road, Kirkwood, MO 63122",(636) 742-1122,"Women, Men",11022 Manchester Road, Kirkwood,MO,63122
The Lux MedSpa,"502 Division Street S, Northfield, MN 55057",(507) 246-2328,"Women, Men",502 Division Street S, Northfield,MN,55057
Alive Health + Wellness,"10334 Manchester Road, Kirkwood, MO 63122",(636) 821-1168,"Women, Men",10334 Manchester Road, Kirkwood,MO,63122
Live Hydration Spa - Sunset Hills,"3828 S Lindbergh Blvd Suite 115, St. Louis, MO 63127",314-668-5872,"Women, Men",3828 S Lindbergh Blvd Suite 115, St. Louis,MO,63127
Modern Med,"10010 Watson Road, Saint Louis, MO 63126",(314) 394-0204,"Women, Men",10010 Watson Road, Saint Louis,MO,63126
Hayes Clinic and Spa,"410 N. Collegiate Dr, Paris, TX 75460",(903) 784-1608,"Women, Men",410 N. Collegiate Dr, Paris,TX,75460
NEUAGE Health + Wellness,"8827 Ladue Rd, St. Louis, MO 63124",(314) 260-9057,"Men, Women",8827 Ladue Rd, St. Louis,MO,63124
The Method Aesthetics and Wellness,"20 Allen Ave, Saint Louis, MO 63119",(816) 866-5801,"Women, Men",20 Allen Ave, Saint Louis,MO,63119
MISRA MEDICAL AESTHETICS,"1915 Greenview Dr. Suite A, Rochester, MN 55902",(507) 358 3366,Women,1915 Greenview Dr. Suite A, Rochester,MN,55902
Arch Aesthetics,"1034 South Brentwood Boulevard, Richmond, MO 63117",(314) 606-0853,"Women, Men",1034 South Brentwood Boulevard, Richmond,MO,63117
Simply Wurth it SOCO,"5139 Mattis Road Suite 101, St. Louis, MO 63128",(636) 366-0610,Women,5139 Mattis Road Suite 101, St. Louis,MO,63128
Balanced Integrative Care,"312 N. 2nd St, Eldridge, IA 52748",(563) 396-2233,"Women, Men",312 N. 2nd St, Eldridge,IA,52748
Kahler Aesthetics,"5335 Eastern Avenue Suite D3, Davenport, IA 52807",(330) 397-3255,"Women, Men",5335 Eastern Avenue Suite D3, Davenport,IA,52807
HIPOR - Arnold,"4401 Meramac Bottom Drive Suite G, St. Louis, MO 63129",(314) 293-4153,Women,4401 Meramac Bottom Drive Suite G, St. Louis,MO,63129
The Med Bar,"5706 S Lindbergh Blvd, St. Louis, MO 63123",(314) 270-3084,"Women, Men",5706 S Lindbergh Blvd, St. Louis,MO,63123
Essential Health - Direct Primary Care,"3400 DEXTER CT STE 108, Davenport, IA 528073434",(563) 386-8200,"Women, Men",3400 DEXTER CT STE 108, Davenport,IA,528073434
Vitality Medical,"215 Westside Dr Suite 200, Decatur, TX 76234",(940) 273-5700,"Women, Men",215 Westside Dr Suite 200, Decatur,TX,76234
Skin and Body Works,"808 Woodrow Wilson Ray Cir, Bridgeport, TX 76426",940-683-3111,"Women, Men",808 Woodrow Wilson Ray Cir, Bridgeport,TX,76426
Be Well Primary Care Bridgeport,"808 Woodrow Wilson Ray Circle, Bridgeport, TX 76426",(940) 683-2297,"Women, Men",808 Woodrow Wilson Ray Circle, Bridgeport,TX,76426
TruCare Health Clinic,"2675 41st St. SE 102, Paris, TX 75462",903-785-3000,"Women, Men",2675 41st St. SE 102, Paris,TX,75462
Women's Health LLC,"4626 Progress Dr. Ste B, Davenport, IA 52807",(563) 296-7730,Women,4626 Progress Dr. Ste B, Davenport,IA,52807
Wave of Wellness LLC,"4617 Progress Dr, Davenport, IA 52807",(563) 343-7015,"Women, Men",4617 Progress Dr, Davenport,IA,52807
Ivy Aesthetics - Carver,"4735 Dahlgren Rd Suite 200, Carver, MN 55315",(952) 900-6076,,4735 Dahlgren Rd Suite 200, Carver,MN,55315
Wise OBGYN,"2451 S FM 51, Decatur, TX 76234",(940) 626-8008,,2451 S FM 51, Decatur,TX,76234
Healthcare Express De Queen,"1021 W Collin Raye, De Queen, AR 71832",870-433-0790,"Women, Men",1021 W Collin Raye, De Queen,AR,71832
Mitchell Medical,"155 Highway 71 North, DeQueen, AR 71832",870-642-8818,"Women, Men",155 Highway 71 North, DeQueen,AR,71832
Medwell Institute,"215 Atlantic Ave, Morris, MN 56267",320-585-7546,"Women, Men",215 Atlantic Ave, Morris,MN,56267
Holistik Wellness center,"4255 Laclede Avenue, Saint Louis, MO 63108",(314) 257-0060,"Women, Men",4255 Laclede Avenue, Saint Louis,MO,63108
King Cosmetics & Laser Enhancement,"802 N. Minter Ave. Suite B, Throckmorton, TX 76483",940-849-2471,"Women, Men",802 N. Minter Ave. Suite B, Throckmorton,TX,76483
Associated Physicians Group- Alton,"4414 W Center Street, Alton, IL 62002",(618) 509-4866,"Women, Men",4414 W Center Street, Alton,IL,62002
Mia Vida Aesthetics and Wellness,"3334 South Grand Blvd, St. Louis, MO 63118",(855) 642-8432,"Men, Women",3334 South Grand Blvd, St. Louis,MO,63118
Questcare Medical Clinic at Melissa,"3591 McKinney St., Melissa, TX 75454",972-837-1075,"Women, Men",3591 McKinney St., Melissa,TX,75454
Melissa Med Spa,"2615 Sentinel Way Ste 300, Melissa, TX 75454",(469) 342-4300,"Women, Men",2615 Sentinel Way Ste 300, Melissa,TX,75454
Donna Robey MD,"2500 N 14th Street, St. Louis, MO 63106",636-591-1086,"Women, Men",2500 N 14th Street, St. Louis,MO,63106
Radi.8 PrimaCare & MedSpa,"2760 W 1st Ste 20, Prosper, TX 75078",(469) 803-0849,"Women, Men",2760 W 1st Ste 20, Prosper,TX,75078
Peak Performance Health and Wellness,"212 E Broadway St Ste. 5, Prosper, TX 75078",(469) 715-2588,"Men, Women",212 E Broadway St Ste. 5, Prosper,TX,75078
Fitzy Shades Beauty & Wellness,"250 S Preston Rd Suite 10, Prosper, TX 75078",(833) 348-9977,"Men, Women",250 S Preston Rd Suite 10, Prosper,TX,75078
Beauty Bar IQ,"4580 W. University #136, Prosper, TX 75078",(469) 469-7024,Women,4580 W. University #136, Prosper,TX,75078
Zidon Internal Medicine,"2120 PRAIRIE DRIVE Suite 302, PROSPER, TX 75078",4692622065,Women,2120 PRAIRIE DRIVE Suite 302, PROSPER,TX,75078
Prosper Comprehensive Care,"2120 Prairie Drive Suite 404, Prosper, TX 75072",(214) 533-6344,,2120 Prairie Drive Suite 404, Prosper,TX,75072
Be Well Primary Care of Denton,"3200 Colorado Blvd Suite 202, Denton, TX 76210",(940) 600-5311,"Men, Women",3200 Colorado Blvd Suite 202, Denton,TX,76210
Hand Family Healthcare,"2001 W. 21st , Clovis, NM 88101",575-935-1625,"Women, Men",2001 W. 21st , Clovis,NM,88101
Boost Beauty Boutique,"1550 N Main Street Suite E, Columbia, IL 62236",(618) 612-5335,"Women, Men",1550 N Main Street Suite E, Columbia,IL,62236
Radiant Life Wellness & Aesthetics,"1206 Bent Oaks Ct. Suite 200, Denton, TX 76210",940-320-8614,"Women, Men",1206 Bent Oaks Ct. Suite 200, Denton,TX,76210
POSH Medical,"1211 Maple Street, Farmington, MO 63640",(573) 664-1155,"Women, Men",1211 Maple Street, Farmington,MO,63640
Graham Medical Center,"1339 East Street, Graham, TX 76450",940-521-5500,"Women, Men",1339 East Street, Graham,TX,76450
B. Radiant Wellness,"1804 State Highway 16 S, Graham, TX 76450",(940) 260-2593,"Women, Men",1804 State Highway 16 S, Graham,TX,76450
Ivy Aesthetics Med Spa,"2681 W. 78th St., Chanhassen, MN 55317",(952) 900-6076,"Women, Men",2681 W. 78th St., Chanhassen,MN,55317
Flourish Medical + Wellness,"8688 Eagle Creek Circle, Savage, MN 55378",952-208-7029,"Women, Men",8688 Eagle Creek Circle, Savage,MN,55378
Select Internal Medicine,"13108 Dallas Parkway Suite 430, Frisco, TX 75033",469-200-5301,"Men, Women",13108 Dallas Parkway Suite 430, Frisco,TX,75033
Aesthetic FX,"12021 Dallas Pkwy Suite 600 Room 210, Frisco, TX 75033",(469) 469-8954,"Women, Men",12021 Dallas Pkwy Suite 600 Room 210, Frisco,TX,75033
Scott S Carpenter DO PLLC,"1 Ave N, Haskell, TX 79521",(940) 228-0612,,1 Ave N, Haskell,TX,79521
RevIVe Medical,"611 Dahl Rd. Ste. 9, Spearfish, SD 57783",(701) 351-1595,"Women, Men",611 Dahl Rd. Ste. 9, Spearfish,SD,57783
Falcon Aesthetics,"6689 Boulder Brook Ct, Dubuque, IA 52003",(515) 422-4863,"Women, Men",6689 Boulder Brook Ct, Dubuque,IA,52003
Argyle Advanced Aesthetics,"306 Hwy 377 N Suite A, Argyle, TX 76226",(940) 217-5906,,306 Hwy 377 N Suite A, Argyle,TX,76226
Prime Choice Urgent Care,"12828 Eldorado Pkwy Ste 170, Frisco, TX 75035",214-550-0911,"Women, Men",12828 Eldorado Pkwy Ste 170, Frisco,TX,75035
Healing Journey Health & Wellness,"1100 Bob Courtway Drive Suite 5, Conway, AR 72032",(501) 900-4549,"Women, Men",1100 Bob Courtway Drive Suite 5, Conway,AR,72032
Restoration Wellness,"1014 Harkrider, Conway, AR 72032",(501) 932-1780,"Women, Men",1014 Harkrider, Conway,AR,72032
Finetune Med Spa,"4350 Main St. Suite. 145, Frisco, TX 75034",(945) 348-5090,Women,4350 Main St. Suite. 145, Frisco,TX,75034
Rapid Med Urgent Care,"391 US 377, Argyle, TX 76226",(940) 784-7301,"Women, Men",391 US 377, Argyle,TX,76226
Noydeen Medical Group,"655 Dave Ward Drive #103, Conway, AR 72034",(501) 209-4040,"Women, Men",655 Dave Ward Drive #103, Conway,AR,72034
Arijai Aesthetics and Wellness,"200 E Travelers Trail Suite 210, Burnsville, MN 55337",952-435-0605,"Women, Men",200 E Travelers Trail Suite 210, Burnsville,MN,55337
Firefly Aesthetics,"739 East Blackhawk Avenue, Prairie duChien, WI 53821",(563) 880-6439,"Women, Men",739 East Blackhawk Avenue, Prairie duChien,WI,53821
Empower Weight Loss Associates,"4510 Medical Center Dr. Ste. 314, McKinney, TX 75069",214-237-4132,"Women, Men",4510 Medical Center Dr. Ste. 314, McKinney,TX,75069
Aera Clinic,"8994 Tour Drive, McKinney, TX 75070",(972) 836-8145,Women,8994 Tour Drive, McKinney,TX,75070
Dr. Ken Park,"8994 Tour Dr. Suite 210, McKinney, TX 75070",972-449-5900,"Women, Men",8994 Tour Dr. Suite 210, McKinney,TX,75070
"DFW Sports Medicine, PLLC","4833 Medical Center Dr 6E, McKinney, TX 75069",469-430-9380,"Women, Men",4833 Medical Center Dr 6E, McKinney,TX,75069
Chris Noyes MD PA,"5899 Preston Road Suite. 1003, Frisco, TX 75034",469-888-6575,"Women, Men",5899 Preston Road Suite. 1003, Frisco,TX,75034
GLOW CIRCLE,"5899 PRESTON ROAD STE 1302, Frisco, TX 75034",(325) 340-1649,"Women, Men",5899 PRESTON ROAD STE 1302, Frisco,TX,75034
Setty Plastics and Aesthetics,"6347 S Custer Rd, McKinney, TX 75070",(469) 476-5503,"Women, Men",6347 S Custer Rd, McKinney,TX,75070
Harmoni Health,"7101 S Custer Rd, Frisco, TX 75035",(469) 278-6658,"Men, Women",7101 S Custer Rd, Frisco,TX,75035
Sycamore Family Medicine,"1502 12th St., Shallowater, TX 79363",806-832-4566,"Women, Men",1502 12th St., Shallowater,TX,79363
Craig Ranch OB/GYN,"7900 Henneman Way, McKinney, TX 75070",(214) 544-6600,Women,7900 Henneman Way, McKinney,TX,75070
Craig Ranch OB/GYN,"7900 Henneman Way Suite. 100, McKinney, TX 75070",(214) 544-6600,Women,7900 Henneman Way Suite. 100, McKinney,TX,75070
KDI Health,"9555 Lebanon Rd. Ste. 501, Frisco, TX 75035",(972) 474-0787,,9555 Lebanon Rd. Ste. 501, Frisco,TX,75035
"Alisa K. Ward, MD, PA","3880 Parkwood Blvd Suite 403, Frisco, TX 75034",214-618-2808,"Women, Men",3880 Parkwood Blvd Suite 403, Frisco,TX,75034
Rapid Med Urgent Care,"8501 FM 407, Double Oak, TX 75077",(972) 966-1980,"Women, Men",8501 FM 407, Double Oak,TX,75077
The Bariatric Experts,"5575 Warren Parkway Suite. 304, Frisco, TX 75034",(940) 577-2090,"Women, Men",5575 Warren Parkway Suite. 304, Frisco,TX,75034
Legacy Dermatology,"3140 Legacy Dr. Suite 610, Frisco, TX 75034",(972) 469-2626,"Women, Men",3140 Legacy Dr. Suite 610, Frisco,TX,75034
Legacy OB/gyn,"5757 Warren Parkway #210, Frisco, TX 75034",972-731-6565,"Women, Men",5757 Warren Parkway #210, Frisco,TX,75034
Absolute Wellness,"6100 Chinn chapel Rd STE 241, Flower Mound, TX 75028",(469) 966-7007,"Women, Men",6100 Chinn chapel Rd STE 241, Flower Mound,TX,75028
"Shaheen Jacob, MD, OB/GYN, PLLC","4401 Coit Rd. Suite 205, Frisco, TX 75035",972-731-9299,"Women, Men",4401 Coit Rd. Suite 205, Frisco,TX,75035
Dr. David Fong,"2840 Legacy Dr. Suite 300, Frisco, TX 75034",972-890-9250,"Women, Men",2840 Legacy Dr. Suite 300, Frisco,TX,75034
"Garduno Family Medicine, P.L.L.C.","9925 Gillespie Drive Suite. 1300, Plano, TX 75025",4698710265,"Men, Women",9925 Gillespie Drive Suite. 1300, Plano,TX,75025
Renew MedSpa,"2121 Cliff Drive Suite 115, Eagan, MN 55122",(952) 212-1268,,2121 Cliff Drive Suite 115, Eagan,MN,55122
Beauty Fix Aesthetics & Wellness,"6021 Morris Rd Suite 112, Flower Mound, TX 75028",940-595-9115,"Women, Men",6021 Morris Rd Suite 112, Flower Mound,TX,75028
RescueMD,"945 Stockton Dr Unit 6100, Allen, TX 75013",(972) 390-7667,Women,945 Stockton Dr Unit 6100, Allen,TX,75013
Facial Dreams,"5850 Town and Country Blvd. Suite 1203, Frisco, TX 75034",832-312-3065,"Women, Men",5850 Town and Country Blvd. Suite 1203, Frisco,TX,75034
Infinity Wellness,"138 McArthur St., Hot Springs, AR 71913",(501) 701-9395,"Women, Men",138 McArthur St., Hot Springs,AR,71913
A’Loure Aesthetics & Medspa,"610 Franklin St N, Glenwood, MN 56334",(510) 384-3716,"Women, Men",610 Franklin St N, Glenwood,MN,56334
Adjuva Primary Care,"4901 State Highway 114 Suite 102, Northlake, TX 76262",817-554-2121,"Women, Men",4901 State Highway 114 Suite 102, Northlake,TX,76262
Fair Health Wellness Center,"60 E McDermott Dr Suite A, Allen, TX 75002",(469) 646-6200,Men,60 E McDermott Dr Suite A, Allen,TX,75002
Cybele Johnson,"11300 Minnetonka Mills Rd Ste C, Minnetonka, MN 55305",(612) 986-1817,,11300 Minnetonka Mills Rd Ste C, Minnetonka,MN,55305
Skin Artisans at Edina Plastic Surgery,"6525 France Ave S Ste. 305, Edina, MN 55435",(952) 260-0055,"Women, Men",6525 France Ave S Ste. 305, Edina,MN,55435
Your Family Medical,"4101 Kirkpatrick Lane, Flower Mound, TX 75038",817-786-8238,"Women, Men",4101 Kirkpatrick Lane, Flower Mound,TX,75038
Afzal Clinics,"3400 West 66th Street Suite 265, Edina, MN 55435",(859) 443-0943,"Women, Men",3400 West 66th Street Suite 265, Edina,MN,55435
Lewisville Women's Care,"560 W Main St Suite. 107, Lewisville, TX 75057",(972) 956-8008,,560 W Main St Suite. 107, Lewisville,TX,75057
North Texas OB/GYN Associates,"328 W Main St, Lewisville, TX 75057",972-436-7557,"Women, Men",328 W Main St, Lewisville,TX,75057
North Texas OB/GYN Associates,"3101 Churchill Dr Ste 220, Flower Mound, TX 75022",972-436-7557,"Women, Men",3101 Churchill Dr Ste 220, Flower Mound,TX,75022
The Vein Clinic of Dallas,"3051 Churchill Dr Ste 116, Flower Mound, TX 75022",469-846-8346,"Men, Women",3051 Churchill Dr Ste 116, Flower Mound,TX,75022
Youthful Infusion Med Spa Allen,"941 W. Bethany Dr., Allen, TX 75013",(972) 908-2772,"Women, Men",941 W. Bethany Dr., Allen,TX,75013
Paramount Medical Consulting Inc.,"418 N. Utica Avenue, Lubbock, TX 79416",806-771-5882,"Women, Men",418 N. Utica Avenue, Lubbock,TX,79416
Birken Medical Aesthetics,"2605 Bronc Buster Loop, Steamboat Springs, CO 80487",281-419-3231,"Women, Men",2605 Bronc Buster Loop, Steamboat Springs,CO,80487
Bethesda Family Practice,"873 S Stemmons Fwy Suite 100B, Lewisville, TX 75067",(214) 377-0541,"Women, Men",873 S Stemmons Fwy Suite 100B, Lewisville,TX,75067
Quell Aesthetics & Wellness Center,"2023 Vadalabene Drive Suite 354, Maryville, IL 62062",618-575-0218,"Women, Men",2023 Vadalabene Drive Suite 354, Maryville,IL,62062
"Vitalbio Medical, LLC - Upton","610 Willow St., Upton, WY 82730",(307) 660-6704,"Women, Men",610 Willow St., Upton,WY,82730
Metro East Healthcare,"2133 Vadalabene Drive Ste. 5B, Maryville, IL 62062",(618) 288-7605,Women,2133 Vadalabene Drive Ste. 5B, Maryville,IL,62062
Skin Artisans at Edina Plastic Surgery,"2 Carlson Parkway Suite 365, Minnetonka, MN 55305",(6120 930-1111,"Women, Men",2 Carlson Parkway Suite 365, Minnetonka,MN,55305
The Clinic for Medical Aesthetics,"6 2nd Street NE, Buffalo, MN 55313",(763) 205-4718,Women,6 2nd Street NE, Buffalo,MN,55313
Trophy Club Family Medicine,"945 Trophy Club Dr. , Trophy Club, TX 76262",817-430-9111,"Women, Men",945 Trophy Club Dr. , Trophy Club,TX,76262
Symmetry Health and Wellness,"5810 Excelsior Blvd, St. Louis Park, MN 55416",7632004353,"Men, Women",5810 Excelsior Blvd, St. Louis Park,MN,55416
"Obie L. Stalcup, M.D. Prevention for Life","3413 20th Street, Lubbock, TX 79410",806-789-7617,"Women, Men",3413 20th Street, Lubbock,TX,79410
Lubbock Integrated Medicine,"2630 26th Street, Lubbock, TX 79410",806-762-2334,"Women, Men",2630 26th Street, Lubbock,TX,79410
"Christy Walker, MD","6130 W. Parker Rd. #204, Plano, TX 75093",469-850-2963,"Women, Men",6130 W. Parker Rd. #204, Plano,TX,75093
Radiance Women's Specialty Group,"6300 W Parker Rd. #325, Plano, TX 75093",972-981-3535,"Women, Men",6300 W Parker Rd. #325, Plano,TX,75093
"Noor Gajraj, MD, LLC","3108 Midway Road, Plano, TX 75093",(972) 612-3800,,3108 Midway Road, Plano,TX,75093
Texas Premier OBGYN Center,"5934 W Parker Rd Unit 500, Plano, TX 75093",(972) 473-0943,"Women, Men",5934 W Parker Rd Unit 500, Plano,TX,75093
"Jane Rowley, MD, PA","3519 22nd Pl. , Lubbock, TX 79410",806-789-3218,"Women, Men",3519 22nd Pl. , Lubbock,TX,79410
DRN Health and Wellness,"4725 Excelsior Blvd Suite 200, St. Louis Park, MN 55416",952-426-3028,"Women, Men",4725 Excelsior Blvd Suite 200, St. Louis Park,MN,55416
Internal Medicine Associates of Carrollton,"4325 N. Josey Ln. Suite. 300, Carrollton, TX 75010",(469) 715-1999,,4325 N. Josey Ln. Suite. 300, Carrollton,TX,75010
Med Spa of Flower Mound,"2601 Lakeside Parkway Ste. 180, Flower Mound, TX 75022",(972) 691-7900,"Women, Men",2601 Lakeside Parkway Ste. 180, Flower Mound,TX,75022
The Clinic for Medical Aesthetics,"8085 Wayzata Blvd Suite 110, Golden Valley, MN 55426",763-205-4718,"Women, Men",8085 Wayzata Blvd Suite 110, Golden Valley,MN,55426
Vita Drip,"2681 MacArthur Blvd Suite 205, Lewisville, TX 75067",469-470-9360,"Men, Women",2681 MacArthur Blvd Suite 205, Lewisville,TX,75067
Associated Physicians Group,"916 Talon Drive, O'Fallon, IL 62269",(618) 628-8211,"Women, Men",916 Talon Drive, O'Fallon,IL,62269
Bella Medical,"4010 W Park Blvd, Plano, TX 75093",(972) 482-4291,"Women, Men",4010 W Park Blvd, Plano,TX,75093
Prime Performance,"1222 Central Park Drive Suite 106, O'Fallon, IL 62269",(618) 206-8937,"Women, Men",1222 Central Park Drive Suite 106, O'Fallon,IL,62269
Questcare Medical Clinic,"743 Plaza Boulevard, Coppell, TX 75019",(972) 280-7905,"Women, Men",743 Plaza Boulevard, Coppell,TX,75019
Core Beauty Medical Spa,"1320 11TH ST NW STE G, Clinton, IA 52732",(563) 559-6950,"Men, Women",1320 11TH ST NW STE G, Clinton,IA,52732
"Compassion Health & Wellness Clinic, PLLC","1400 Leslie Street, Nashville, AR 71852",870-845-1933,"Women, Men",1400 Leslie Street, Nashville,AR,71852
Brain Body Well,"950 N Main St, Keller, TX 76248",(682) 708-6366,"Men, Women",950 N Main St, Keller,TX,76248
Reverse by Ferguson,"121 W COLLEGE ST, Nashville, AR 71852-2406",870-200-9333,Women,121 W COLLEGE ST, Nashville,AR,71852-2406
Trusted Health & Wellness,"116 SOUTH MAIN, NASHVILLE, AR 71851",(870) 703-3034,"Women, Men",116 SOUTH MAIN, NASHVILLE,AR,71851
Bio-Optimized Body,"630 North Kimball Avenue Suite 110, Southlake, TX 76092",(817) 313-7474,"Women, Men",630 North Kimball Avenue Suite 110, Southlake,TX,76092
Peak Life Health,"17746 Preston Rd. Suite 200, Dallas, TX 75252",(909) 714-8733,,17746 Preston Rd. Suite 200, Dallas,TX,75252
IVRS Wellness Center-Lubbock,"8201 Quaker Ave Unit 154, Lubbock, TX 79424",(505) 917-5400,,8201 Quaker Ave Unit 154, Lubbock,TX,79424
Pocahontas Medical Clinic,"2901 Medical Center Dr., Pocahontas, AR 72455",870-892-4467,"Women, Men",2901 Medical Center Dr., Pocahontas,AR,72455
Unscripted Functional Aesthetic Medicine,"17311 Dallas Parkway Ste. 120, Dallas, TX 75248",214-891-2800,"Women, Men",17311 Dallas Parkway Ste. 120, Dallas,TX,75248
Holos Health and Wellness,"2040 Neal Street Suite 400, Redwing, MN 55066",507-298-1525,"Women, Men",2040 Neal Street Suite 400, Redwing,MN,55066
Rushing Family Practice,"5005 Live Oak St., Greenville, TX 75402",(903) 455-3500,"Women, Men",5005 Live Oak St., Greenville,TX,75402
Rejuveme - Keller,"1870 Keller Pkwy Suite 100, Keller, TX 76248",817-741-6800,,1870 Keller Pkwy Suite 100, Keller,TX,76248
Destination Health,"900 E. Southlake Blvd. Ste 200, Southlake, TX 76092",817-310-6050,"Women, Men",900 E. Southlake Blvd. Ste 200, Southlake,TX,76092
The Aesthetics Society,"261 E Southlake Blvd Suite. 100, Southlake, TX 76092",(817) 500-0557,"Women, Men",261 E Southlake Blvd Suite. 100, Southlake,TX,76092
Lubbock Cooper Health Center,"12115 Indiana Ave, Lubbock, TX 79423",806-531-3977,"Women, Men",12115 Indiana Ave, Lubbock,TX,79423
Be Well,"601 S. Mian St, Keller, TX 76248",(682) 593-6660,Women,601 S. Mian St, Keller,TX,76248
Pure Indulgence Aesthetics,"1695 E Southlake Blvd Ste 150, Southlake, TX 76092",(817) 591-7316,,1695 E Southlake Blvd Ste 150, Southlake,TX,76092
Melville Medicine,"1545 East Southlake Blvd, Southlake, TX 76092",817-676-2010,"Women, Men",1545 East Southlake Blvd, Southlake,TX,76092
Levre Medical Aesthetics,"1650 W Northwest Highway, Grapevine, TX 76051",(817) 876-2332,Women,1650 W Northwest Highway, Grapevine,TX,76051
Premier Care,"236 Park Place, Azle, TX 76020",817-270-3000,"Women, Men",236 Park Place, Azle,TX,76020
FemCare Ob/Gyn,"525 Shiloh Rd Suite #2200, Plano, TX 75074",(972) 944-8200,,525 Shiloh Rd Suite #2200, Plano,TX,75074
Preston Hollow Psychiatry Group,"16479 Dallas Parkway Suite 320, Addison, TX 75001",(469) 484-4260,"Women, Men",16479 Dallas Parkway Suite 320, Addison,TX,75001
Integrated Body Center,"121 3rd St E, Hastings, MN 55033",(651) 346-1083,"Women, Men",121 3rd St E, Hastings,MN,55033
Youthful Infusions Med Spa Grapevine,"120 S Main St Ste. 40, Grapevine, TX 76051",(682) 477-2000,Women,120 S Main St Ste. 40, Grapevine,TX,76051
Lubbock Urology Clinic,"6102 82nd St. Building 5, Lubbock, TX 79424",806-771-0077,"Women, Men",6102 82nd St. Building 5, Lubbock,TX,79424
Prosperity Health,"109 West Main Street, Azle, TX 76020",817-753-3502,"Women, Men",109 West Main Street, Azle,TX,76020
Lubbock Plastic Surgery Institute,"10105 Quaker Ave, Lubbock, TX 79424",806-797-6398,"Women, Men",10105 Quaker Ave, Lubbock,TX,79424
MEDI Care Clinics-Alliance,"9557 N. Beach Street Suite 121, Fort Worth, TX 76244",817-741-5050,"Women, Men",9557 N. Beach Street Suite 121, Fort Worth,TX,76244
Richardson Internists,"1080 W. Campbell Rd. Suite 100, Richardson, TX 75080",(832) 312-3065,"Women, Men",1080 W. Campbell Rd. Suite 100, Richardson,TX,75080
Vital Luxe,"6833 82nd Street Suite. 101, Lubbock, TX 79424",8065898923,"Women, Men",6833 82nd Street Suite. 101, Lubbock,TX,79424
Aesthetic Alchemy Medical and Wellness Spa,"10905 Quaker Ave, Lubbock, TX 79424",(806) 722-9855,"Women, Men",10905 Quaker Ave, Lubbock,TX,79424
Genesis Med Spa,"5302 114th St, Lubbock, TX 79424",806-401-0460,"Women, Men",5302 114th St, Lubbock,TX,79424
Clinic Ellena Aesthetics,"125 SE Main St Suite. 235, Minneapolis, MN 55414",(952) 500-0577,"Women, Men",125 SE Main St Suite. 235, Minneapolis,MN,55414
Lone Star Med Spa and Health,"1710 Rufe Snow Dr Unit 120, Keller, TX 76248",(817) 600-6925,"Women, Men",1710 Rufe Snow Dr Unit 120, Keller,TX,76248
B3 Performance & Aesthetic Medicine,"2131 W. White Oaks Drive, Springfield, IL 62704",(217) 508-5859,"Women, Men",2131 W. White Oaks Drive, Springfield,IL,62704
Modern Medicine Addison,"5000 Belt Line Rd Ste 900, Dallas, TX 75254",469-620-2054,"Women, Men",5000 Belt Line Rd Ste 900, Dallas,TX,75254
Be Well Primary Care Saginaw,"709 W Bailey Boswell, Saginaw, TX 76179",(682) 549-3202,,709 W Bailey Boswell, Saginaw,TX,76179
"Jeff Owen, MD, PA","5028 122nd St., Lubbock, TX 79424",806-749-7975,"Women, Men",5028 122nd St., Lubbock,TX,79424
John R. Smyer MD,"10711 Milwaukee Suite200, Lubbock, TX 79424",806-368-9631,"Women, Men",10711 Milwaukee Suite200, Lubbock,TX,79424
Calista Skin and Laser Center,"6100 Colleyville Blvd #165, Colleyville, TX 76034",817-488-3838,"Women, Men",6100 Colleyville Blvd #165, Colleyville,TX,76034
Urology Partners of North Texas - Irving,"7701 Las Colinas Ridge Suite 460, Irving, TX 75063",(817) 541-9558,,7701 Las Colinas Ridge Suite 460, Irving,TX,75063
Reform Ortho & Sports Rehab Regenerative Health,"4435 McEwen Rd, Farmers Branch, TX 75244",(214) 945-9666,"Women, Men",4435 McEwen Rd, Farmers Branch,TX,75244
"Access Wellness Resources, IntraCare Health Center","2720 Western Center Blvd Ste. 312, Fort Worth, TX 76131",(855) 893-5637,"Women, Men",2720 Western Center Blvd Ste. 312, Fort Worth,TX,76131
Accountable Care Now,"109 NW 2nd Street, Mineral Wells, TX 76067",940-654-6200,"Women, Men",109 NW 2nd Street, Mineral Wells,TX,76067
Vitology Health,"3855 Glade Rd Ste 140, Colleyville, TX 76034",(817) 704-1566,Men,3855 Glade Rd Ste 140, Colleyville,TX,76034
Kimtox Aesthetics and Wellness,"1506 Macon Rd Suite B4, Little Rock, AR 72211",(501) 800-3722,Women,1506 Macon Rd Suite B4, Little Rock,AR,72211
DeKalb Physicians Clinic,"216 N. Centre St., DeKalb, TX 75559",9036672273,"Women, Men",216 N. Centre St., DeKalb,TX,75559
Questcare Medical Clinic - Dallas,"12200 Park Central Dr #100, Dallas, TX 75251",(972) 280-7821,,12200 Park Central Dr #100, Dallas,TX,75251
Vie Est Belle,"221 Plaza St, Las Vegas, NM 87701",(505) 451-4655,,221 Plaza St, Las Vegas,NM,87701
Nuvia Health,"243 FM 1903 Suite 800, Greenville, TX 75402",(316) 617-1288,,243 FM 1903 Suite 800, Greenville,TX,75402
"Stephen B. Sellers, DO, PA","5232 Forest Lane, Dallas, TX 75244",(469) 928-0970,,5232 Forest Lane, Dallas,TX,75244
Salud Texas Clinic,"1320 W Walnut Hill Ln #102, Irving, TX 75038",(469) 599-6900,"Men, Women",1320 W Walnut Hill Ln #102, Irving,TX,75038
The SKYN Lab,"7777 Forest Lane B-416, Dallas, TX 75230",972-566-3303,"Women, Men",7777 Forest Lane B-416, Dallas,TX,75230
Ascend Aesthetics & Wellness,"11900 Kanis Road Ste. D6, Little Rock, AR 72211",(501) 772-1196,Women,11900 Kanis Road Ste. D6, Little Rock,AR,72211
Charles Safely MD,"1252 Harwood Road, Bedford, TX 76021",817-284-1496,"Women, Men",1252 Harwood Road, Bedford,TX,76021
"Erin Sunday WHNP, LLC","330 Elk Ave. Unit B, Crested Butte, CO 81224",970-458-1410,"Women, Men",330 Elk Ave. Unit B, Crested Butte,CO,81224
Biote Training Clinic - Resurge,"1875 W Walnut Hill Ln 100, Irving, TX 75038",(877) 992-4683,"Women, Men",1875 W Walnut Hill Ln 100, Irving,TX,75038
Su Clinica Familiar,"315 N. Shiloh Rd Ste #103, Garland, TX 75042",(972) 205-0440,"Women, Men",315 N. Shiloh Rd Ste #103, Garland,TX,75042
Swift Care Urgent Care,"1201 N. Main Suite. 600, Euless, TX 76039",(682) 738-3460,"Women, Men",1201 N. Main Suite. 600, Euless,TX,76039
Lake Worth Minor Emergency,"6302 Lake Worth Blvd. #A, Fort Worth, TX 76135",817-237-8273,"Women, Men",6302 Lake Worth Blvd. #A, Fort Worth,TX,76135
IntraCare Health Center - Bedford,"1305 Airport Fwy Ste. 405, Bedford, TX 76021",(972) 417-8937,"Women, Men",1305 Airport Fwy Ste. 405, Bedford,TX,76021
"Evershine Med, PLLC","1701 Forest Ridge Drive, Bedford, TX 76022",817-545-7700,"Women, Men",1701 Forest Ridge Drive, Bedford,TX,76022
CornerstoneMD,"10260 N Central Expressway Suite 210, Dallas, TX 75231",(469) 801-8480,"Women, Men",10260 N Central Expressway Suite 210, Dallas,TX,75231
Back to Health Physical Medicine,"7557 Rambler Rd Ste 720, Dallas, TX 75231",214-361-9355,"Women, Men",7557 Rambler Rd Ste 720, Dallas,TX,75231
Walnut Hill OB Gyn Assoc,"8305 Walnut Hill Suite 100, Dallas, TX 75231",(214) 363-7801,Women,8305 Walnut Hill Suite 100, Dallas,TX,75231
Lone Star Clinic,"422 S Hillcrest Dr, Sulpher Springs, TX 75482",903-885-2820,"Women, Men",422 S Hillcrest Dr, Sulpher Springs,TX,75482
Elpis Healthcare,"425 Westpark Way Ste. 102, Euless, TX 76040",(469) 983-5000,"Women, Men",425 Westpark Way Ste. 102, Euless,TX,76040
O. H. Women's Health,"8160 Walnut Hill Ln Ste. 308, Dallas, TX 75231",(214) 286-5429,Women,8160 Walnut Hill Ln Ste. 308, Dallas,TX,75231
MacArthur Center for Hormone Balance & Wellness,"3501 N. MacArthur Blvd #350, Irving, TX 75062",972-257-5300,"Women, Men",3501 N. MacArthur Blvd #350, Irving,TX,75062
Peak Health and Wellness Benton,"1107 Ferguson Dr, Benton, AR 72015",(501) 286-4061,"Men, Women",1107 Ferguson Dr, Benton,AR,72015
Aesthetic Solutions,"103 Woodlane, Searcy, AR 72143",501-268-5761,"Women, Men",103 Woodlane, Searcy,AR,72143
Kudo Care Medical PLLC,"3425 Grande Bulevar Blvd, Irving, TX 75062",(972) 639-5836,"Women, Men",3425 Grande Bulevar Blvd, Irving,TX,75062
Flawless Med Spa,"2700 N. Prickett Rd. Ste. 1C, Bryant, AR 72022",(501) 523-0813,"Women, Men",2700 N. Prickett Rd. Ste. 1C, Bryant,AR,72022
Healthcare Express,"23150 I-30 North , Bryant, AR 72022",501-888-9047,"Women, Men",23150 I-30 North , Bryant,AR,72022
FeminologyMD,"8215 Westchester Dr. Suite. 111, Dallas, TX 75225",(214) 924-4503,"Women, Men",8215 Westchester Dr. Suite. 111, Dallas,TX,75225
Brick City Health and Wellness,"1604 MLK Blvd., Malvern, AR 72104",(501) 732-5400,"Women, Men",1604 MLK Blvd., Malvern,AR,72104
Allure Contour,"7200 Hudson Blvd N Suite 210, Oakdale, MN 55128",(612) 916-6999,,7200 Hudson Blvd N Suite 210, Oakdale,MN,55128
Edina Plastic Surgery/Skin Artisans - Woodbury,"237 Radio Drive, Woodbury, MN 55125",(952) 252-1999,"Women, Men",237 Radio Drive, Woodbury,MN,55125
Dallas Refined Clinic,"4702 W Lovers Ln, Dallas, TX 75209",(214) 472-3603,"Women, Men",4702 W Lovers Ln, Dallas,TX,75209
K&K Aesthetics,"1604 E. Moore Ave., Searcy, AR 72143",(501) 283-1211,"Women, Men",1604 E. Moore Ave., Searcy,AR,72143
Eterna Beauty & Wellness,"217 Suppiger Ln, Highland, IL 62249",(618) 980-4024,"Women, Men",217 Suppiger Ln, Highland,IL,62249
B3 Performance & Aesthetic Medicine,"4100 W Willow Knolls Drive Suite D-3, Peoria, IL 61615",(309) 590-0020,,4100 W Willow Knolls Drive Suite D-3, Peoria,IL,61615
The Med Spa Woodbury,"10035 City Walk Drive Suite A, Woodbury, MN 55129",(651) 294-6796,Women,10035 City Walk Drive Suite A, Woodbury,MN,55129
Glo & Glam Viridian MedSpa & Skin Care PLLC,"4080 N Collins St STE 100, Arlington, TX 76005",(817) 587-4300,"Women, Men",4080 N Collins St STE 100, Arlington,TX,76005
Bratton Family Sports Medicine,"1711 Martin Drive Ste 100, Weatherford, TX 76086",(817) 341-1300,"Women, Men",1711 Martin Drive Ste 100, Weatherford,TX,76086
Omni Cosmetic,"628 Roosevelt Rd Suite 102, St. Cloud, MN 56301",320-774-2411,"Women, Men",628 Roosevelt Rd Suite 102, St. Cloud,MN,56301
The Resurge Clinic,"2105 Clear Lake Rd. 7983, Weatherford, TX 76087",817-599-9902,"Women, Men",2105 Clear Lake Rd. 7983, Weatherford,TX,76087
Belfiore Salon and Spa,"2995 Horizon Rd., Rockwall, TX 75032",214-244-3158,"Women, Men",2995 Horizon Rd., Rockwall,TX,75032
Graceful Wellness Medspa,"1005 W. Ralph Hall PKWY Suite 130, Rockwall, TX 75032",214-758-7757,"Women, Men",1005 W. Ralph Hall PKWY Suite 130, Rockwall,TX,75032
Metroplex Women's Health Care,"1020 W. Ralph Hall Parkway Suite 101, Rockwall, TX 75032",(972) 475-9505,Women,1020 W. Ralph Hall Parkway Suite 101, Rockwall,TX,75032
Genesis Obstetrics & Gynecology,"3142 Horizon Rd. Suite. 201, Rockwall, TX 75032",(469) 501-5244,Women,3142 Horizon Rd. Suite. 201, Rockwall,TX,75032
Revive Health & Wellness,"1517 S. MAIN ST., Malvern, AR 72104",(501) 337-6246,"Women, Men",1517 S. MAIN ST., Malvern,AR,72104
"Dr. Stephen R. Marks, MD","4505 E McCain Blvd. Suite 2, North Little Rock, AR 72117",501-904-2904,"Women, Men",4505 E McCain Blvd. Suite 2, North Little Rock,AR,72117
Peak Health and Wellness,"906 S Pine Street Suite. 4, Cabot, AR 72023",(501) 286-4061,"Women, Men",906 S Pine Street Suite. 4, Cabot,AR,72023
House of Skin and Health,"6434 E. Mockingbird Lane Suite 207, Dallas, TX 75214",(469) 809-1229,"Women, Men",6434 E. Mockingbird Lane Suite 207, Dallas,TX,75214
Epiphany Women’s Health,"5008 N Glen Park Place Rd Suite. B, Peoria, IL 61614",(309) 306-1322,"Women, Men",5008 N Glen Park Place Rd Suite. B, Peoria,IL,61614
Tri Cities Medical Spa,"123 Ranch House Road, Willow Park, TX 76008",817-984-7120,"Women, Men",123 Ranch House Road, Willow Park,TX,76008
Kevin R Hanz MD Aesthetic Plastic Surgery,"4525 Lemmon Ave Suite 380, Dallas, TX 75219",(214) 908-3633,"Women, Men",4525 Lemmon Ave Suite 380, Dallas,TX,75219
Breakthrough Wellness,"1879 N Westwood Blvd., Poplar Bluff, MO 63901",573-920-4457,"Men, Women",1879 N Westwood Blvd., Poplar Bluff,MO,63901
Vitality Wellness,"1201 Summit Ave Suite. 400, Fort Worth, TX 76102",(682) 233-6131,"Women, Men",1201 Summit Ave Suite. 400, Fort Worth,TX,76102
Way Out West Spine + Mobility,"120 St Louis Ave Suite 100, Fort Worth, TX 76104",682-285-1044,Men,120 St Louis Ave Suite 100, Fort Worth,TX,76104
The Beauty Lounge,"5901 N Prospect Road, Peoria, IL 61614",309-338-1762,"Women, Men",5901 N Prospect Road, Peoria,IL,61614
Rejuveme- Fort Worth,"800 8th Ave Suite 400, Fort Worth, TX 76104",817-809-9077,"Women, Men",800 8th Ave Suite 400, Fort Worth,TX,76104
Physician's Ageless Solutions,"1900 Ballpark Way Suite 102, Arlington, TX 76006",817-200-6880,"Women, Men",1900 Ballpark Way Suite 102, Arlington,TX,76006
SupraCare Family Health,"310 E Hoskins, New Boston, TX 75570",903-628-7877,"Women, Men",310 E Hoskins, New Boston,TX,75570
Steven Camp Plastic Surgery & Aesthetics,"3416 Lovell Ave Suite 200, Fort Worth, TX 76107",(817) 228-4315,Women,3416 Lovell Ave Suite 200, Fort Worth,TX,76107
CRUE Aesthetics & Wellness,"1101 W Rosedale St. Suite B, Fort Worth, TX 76104",(469) 996-6998,,1101 W Rosedale St. Suite B, Fort Worth,TX,76104
Noushin Firouzbakht MD PA,"1125 S Henderson St, Fort Worth, TX 76104",(817) 878-2667,"Women, Men",1125 S Henderson St, Fort Worth,TX,76104
Leslie Hardick DO,"1307 8th Ave. Suite 602, Fort Worth, TX 76104",817-924-2216,"Women, Men",1307 8th Ave. Suite 602, Fort Worth,TX,76104
Clarke Quality of Life - Fort Worth,"1307 8th Ave Suite 603, Fort Worth, TX 76104",(817) 662-7044,,1307 8th Ave Suite 603, Fort Worth,TX,76104
Ruth Wiley,"1307 8th Ave Suite 602, Fort Worth, TX 76104",(817) 926-4118,Women,1307 8th Ave Suite 602, Fort Worth,TX,76104
"Texas Health Care, Dr. Jay Hoelscher","1622 8th Avenue Suite 110, Fort Worth, TX 76104",(817) 926-2571,"Women, Men",1622 8th Avenue Suite 110, Fort Worth,TX,76104
Swiss OB/GYN,"4224 Swiss Avenue, Dallas, TX 75204",214-821-9938,"Women, Men",4224 Swiss Avenue, Dallas,TX,75204
Healing Hands Medical Clinic,"3600 Gus Thomasson Rd 117, Mesquite, TX 75150",(972) 433-0604,"Women, Men",3600 Gus Thomasson Rd 117, Mesquite,TX,75150
Women's Specialty Center,"6300 Samuell Blvd 154, Dallas, TX 75228",(214) 388-8898,,6300 Samuell Blvd 154, Dallas,TX,75228
Clinica Medica Salve,"217 W Main St Suite. 110, Grand Prairie, TX 75050",(214) 235-0607,"Women, Men",217 W Main St Suite. 110, Grand Prairie,TX,75050
"White Integrated Health Clinics, PLLC","5925 Convair Dr., Fort Worth, TX 76109",817-349-7541,"Women, Men",5925 Convair Dr., Fort Worth,TX,76109
Anson Total Wellness,"101 Ave J, Anson, TX 79501",(325) 823-1158,Women,101 Ave J, Anson,TX,79501
The Wellness Center Health and Therapy,"5521 Bellaire Dr. S. Suite 114, Fort Worth, TX 76109",(817)-926-9642,,5521 Bellaire Dr. S. Suite 114, Fort Worth,TX,76109
Women's Speciality Center,"1135 N. Bishop Ave., Dallas, TX 75208",2149423100,"Women, Men",1135 N. Bishop Ave., Dallas,TX,75208
Mercy Family Clinic,"1114 N Bishop Ave, Dallas, TX 75208",(214) 455-4996,"Men, Women",1114 N Bishop Ave, Dallas,TX,75208
Central WY Urological Associates,"1416 E. A Street Suite 101, Casper, WY 82601",307-577-8600,"Men, Women",1416 E. A Street Suite 101, Casper,WY,82601
Evoke Health,"1125 E 2nd Street, Casper, WY 82601",307-369-0077,"Women, Men",1125 E 2nd Street, Casper,WY,82601
Rebalance Hormone Therapy LLC,"210 S JACKSON ST., Casper, WY 82601",307-267-9650,"Women, Men",210 S JACKSON ST., Casper,WY,82601
Rejuvenate You,"940 East 3rd Street Suite 215, Casper, WY 82601",307-333-5056,"Women, Men",940 East 3rd Street Suite 215, Casper,WY,82601
Jen Galloway Primary and Functional Medicine,"234 E 1st St Suite 17, Casper, WY 82601",(307) 333-0034,"Women, Men",234 E 1st St Suite 17, Casper,WY,82601
Holy Cross Obgyn,"1010 North Beltline Road Suite 101, Mesquite, TX 75149",(469) 863-3756,Women,1010 North Beltline Road Suite 101, Mesquite,TX,75149
Stella Mattina,"901 N Galloway Ave. Ste. 107, Mesquite, TX 75149",(972) 288-1084,"Women, Men",901 N Galloway Ave. Ste. 107, Mesquite,TX,75149
Stella Mattina,"2959 S. Buckner Blvd., Dallas, TX 75227",(214) 942-3100,Women,2959 S. Buckner Blvd., Dallas,TX,75227
ReKindle MedSpa and Wellness,"341 Wheatfield Dr. Suite 270, Sunnyvale, TX 75182",(214) 734-1121,Women,341 Wheatfield Dr. Suite 270, Sunnyvale,TX,75182
Questcare Medical Clinic,"3051 S. Center St., Arlington, TX 76014",817-468-1818,"Women, Men",3051 S. Center St., Arlington,TX,76014
"Urology Partners of North Texas - Fort Worth, Incontinence","6801 Oakmont Blvd Ste. 102, Fort Worth, TX 76132",(866) 367-8768,Women,6801 Oakmont Blvd Ste. 102, Fort Worth,TX,76132
Story Medical,"6049 Harris Parkway Suite 100, Fort Worth, TX 76132",(817) 346-4000,"Women, Men",6049 Harris Parkway Suite 100, Fort Worth,TX,76132
Women's Health Medical Group,"6100 Harris Parkway Suite. 140, Fort Worth, TX 76132",(817) 346-5366,Women,6100 Harris Parkway Suite. 140, Fort Worth,TX,76132
Mark Quiring Family Practice - Naturally You,"305 W. 20th Street, Mt. Pleasant, TX 75455",(903) 572-2222,"Men, Women",305 W. 20th Street, Mt. Pleasant,TX,75455
Cross Heart Care,"848 North 4th Street, FORT SUMNER, NM 88119",575-760-2759,"Women, Men",848 North 4th Street, FORT SUMNER,NM,88119
Koa Health,"16015 Central Ave NE Suite A, Ham Lake, MN 55304",(763) 299-6958,"Women, Men",16015 Central Ave NE Suite A, Ham Lake,MN,55304
Pleasant Ridge Internal Medicine,"1806 W Pleasant Ridge , Arlington, TX 76015",817-635-6363,"Women, Men",1806 W Pleasant Ridge , Arlington,TX,76015
Stella Mattina,"811 W Interstate 20 Ste. 212, Arlington, TX 76017",(214) 942-3100,"Women, Men",811 W Interstate 20 Ste. 212, Arlington,TX,76017
ProMED Longevity + Primary Care,"4201 Interway Pl, Arlington, TX 76018",(817) 438-6776,,4201 Interway Pl, Arlington,TX,76018
Prodigy Spa,"405 W. 1st Street, Mount Pleasant, TX 75455",903-380-6190,"Women, Men",405 W. 1st Street, Mount Pleasant,TX,75455
Alegria Family Clinic,"11203 Lake June Rd 100, Balch Springs, TX 75180",(469) 776-5250,Women,11203 Lake June Rd 100, Balch Springs,TX,75180
Urology Partners of North Texas,"5005 S. Cooper St. Suite. 250, Arlington, TX 76017",(817) 541-9558,Women,5005 S. Cooper St. Suite. 250, Arlington,TX,76017
"Urology Partners of North Texas - Arlington, General","5005 S Cooper St Ste. 250, Arlington, TX 76017",(817) 541-9558,Men,5005 S Cooper St Ste. 250, Arlington,TX,76017
"Urology Partners of North Texas - Arlington, Cancer","5005 S Cooper St Ste. 250, Arlington, TX 76017",(817) 541-9558,,5005 S Cooper St Ste. 250, Arlington,TX,76017
GatherWell,"17565 Central Ave NE Suite 200, Ham Lake, MN 55304",(612) 806-1546,"Women, Men",17565 Central Ave NE Suite 200, Ham Lake,MN,55304
Tripple Kare Clinic,"13980 Farm to Market 548 Suite 140, Forney, TX 75126",(469) 963-1600,,13980 Farm to Market 548 Suite 140, Forney,TX,75126
Healthcare Express,"4401 Corporate Blvd., Texarkana, TX 75503",903-223-9911,"Women, Men",4401 Corporate Blvd., Texarkana,TX,75503
Care United Medical Centers of America LLP,"375 N. FM 548 Suite 100, Forney, TX 75126",972-564-0044,"Women, Men",375 N. FM 548 Suite 100, Forney,TX,75126
Eternal Beauty Medical Aesthetics,"5510 Summerhill Road, Texarkana, TX 75503",903-278-9566,"Women, Men",5510 Summerhill Road, Texarkana,TX,75503
Twin City Medical,"5420 MEDICAL PKWY, Texarkana, TX 75503",(903) 233-5931,"Women, Men",5420 MEDICAL PKWY, Texarkana,TX,75503
Exceed Health Clinic,"3725 Mall Dr., Texarkana, TX 75501",903-306-0001,"Women, Men",3725 Mall Dr., Texarkana,TX,75501
Renew Wellness,"3939 Texas Boulevard, Texarkana, TX 75503",903-255-6398,"Women, Men",3939 Texas Boulevard, Texarkana,TX,75503
Deja Vu Medispa,"101 Sage Street, Terrell, TX 75160",(972) 672-3468,"Women, Men",101 Sage Street, Terrell,TX,75160
McKenzie Family Medicine & MedSpa,"12001 South Freeway Suite 302, Burleson, TX 76028",817-854-2210,"Women, Men",12001 South Freeway Suite 302, Burleson,TX,76028
Hourglass Aesthetics Medical Spa & Wellness Center,"1100 S Main Street, Hope, AR 71801",(870) 770-4467,"Women, Men",1100 S Main Street, Hope,AR,71801
Directional Wellness,"209 N Main St, Winnsboro, TX 75494",903-342-7772,"Women, Men",209 N Main St, Winnsboro,TX,75494
AG Patel MD Anti-Aging & Regenerative Medicine,"500 N. Highway 67, Cedar Hill, TX 75104",972-291-4289,"Women, Men",500 N. Highway 67, Cedar Hill,TX,75104
The Timeless NP,"3141 East Broad Street #303 Unit131, Mansfield, TX 76063",(214) 942-3740,"Women, Men",3141 East Broad Street #303 Unit131, Mansfield,TX,76063
Old Town Medical,"309 NW Renfro Street 201, Burleson, TX 76028",817-984-1295,"Women, Men",309 NW Renfro Street 201, Burleson,TX,76028
Core Rejuvenation,"309 Regency Parkway Ste 107, Mansfield, TX 76063",682-772-9007,"Women, Men",309 Regency Parkway Ste 107, Mansfield,TX,76063
Epic Health and Wellness,"2800 East Broad, Mansfield, TX 76063",(817) 477-0200,Women,2800 East Broad, Mansfield,TX,76063
Direct Primary Care of Burleson,"312 E. Renfro St. Ste. 105, Burleson, TX 76028",(817) 968-5756,"Women, Men",312 E. Renfro St. Ste. 105, Burleson,TX,76028
Texas Health Medical Associates,"120 N. Miller Suite 100, Mansfield, TX 76063",(817) 473-7172,"Women, Men",120 N. Miller Suite 100, Mansfield,TX,76063
AST Primary Care - Carlyle,"1297 Franklin St., Carlyle, IL 62231",(618) 227-7229,,1297 Franklin St., Carlyle,IL,62231
Inner Strength Health and Wellness- Baldwin,"1480 10TH AVE, BALDWIN, WI 54002",715-688-6008,"Women, Men",1480 10TH AVE, BALDWIN,WI,54002
Questcare Medical Clinic at Burleson,"1571 SW Wilshire Blvd. Ste 500, Burleson, TX 76028",817-295-1121,"Women, Men",1571 SW Wilshire Blvd. Ste 500, Burleson,TX,76028
ETX Inject Cosmetics & Wellness,"121 South Main Street, Crandall, TX 75114",903-802-5167,"Women, Men",121 South Main Street, Crandall,TX,75114
Brownfield Family Practice,"706 E. Felt St., Brownfield, TX 79316",806-637-0344,"Women, Men",706 E. Felt St., Brownfield,TX,79316
Andrea Epplin Your Body Your Beauty,"1472 W. St. Louis St., Nashville, IL 62263",(618) 521-9268,Women,1472 W. St. Louis St., Nashville,IL,62263
Downtown Medicine and Spa,"249 S. Main St., Jonesboro, AR 72401",870-729-1497,"Women, Men",249 S. Main St., Jonesboro,AR,72401
C. Brooks Smith MD & Associates,"1204 Medical Plaza Ct., Granbury, TX 76048",817-573-5688,"Women, Men",1204 Medical Plaza Ct., Granbury,TX,76048
Helix Health,"2210 W. Kingshighway Suite #7, Paragould, AR 72450",8702362911,"Women, Men",2210 W. Kingshighway Suite #7, Paragould,AR,72450
"Paragould Family Care, PA","5 Market Place, Paragould, AR 72450",(870) 236-4001,"Women, Men",5 Market Place, Paragould,AR,72450
Elite Men's Health,"2203 East Nettleton Ave. Suite A, Jonesboro, AR 72401",870-203-9889,"Women, Men",2203 East Nettleton Ave. Suite A, Jonesboro,AR,72401
Arkansas Weight Loss,"805 Windover Road, Jonesboro, AR 72401",(870) 641-8620,"Women, Men",805 Windover Road, Jonesboro,AR,72401
Tymeless Vault Med Spa,"101 Broadnax, Daingerfield, TX 75638",(903) 343-8975,Women,101 Broadnax, Daingerfield,TX,75638
Escala Aesthetics MedSpa,"411 N. 8th St. Suite. 200, Midlothian, TX 76065",469-209-5290,"Women, Men",411 N. 8th St. Suite. 200, Midlothian,TX,76065
Soaring Healthcare,"330 N. 8th Rd. Suite 203, Midlothian, TX 76065",(469) 846-0780,"Men, Women",330 N. 8th Rd. Suite 203, Midlothian,TX,76065
Elite Wellness & Functional Medicine,"218 W. Ave F, Midlothian, TX 76065",(469) 612-3826,"Women, Men",218 W. Ave F, Midlothian,TX,76065
"William F. Simpson, Jr., D.O.","921 E. Main St., Eastland, TX 76448",254-629-3971,"Women, Men",921 E. Main St., Eastland,TX,76448
MHCC Family Practice Clinic,"300 3rd Street, Rawlins, WY 82301",307-324-8494,"Women, Men",300 3rd Street, Rawlins,WY,82301
Laramie Physicians for Women & Children - Rawlins,"1016 W. Spruce st. Unit A, Rawlins, WY 82301",307-745-8991,"Women, Men",1016 W. Spruce st. Unit A, Rawlins,WY,82301
Beyond Wellness Total Care PLLC,"450 Hawkins Run Rd Suite 4, Midlothian, TX 76065",(972) 694-7899,,450 Hawkins Run Rd Suite 4, Midlothian,TX,76065
Family Care Clinic of Rector,"715 E. 9th St., Rector, AR 72461",(870) 595-3596,Women,715 E. 9th St., Rector,AR,72461
Shekinah Clinical Spa,"110 East Lakeway Road, Gillette, WY 82718",307-363-4727,"Women, Men",110 East Lakeway Road, Gillette,WY,82718
Spa JXN (Vital Rose LLC),"3130-B E Jackson Blvd. Suite 754, Jackson, MO 63755",(314) 973-2955,"Women, Men",3130-B E Jackson Blvd. Suite 754, Jackson,MO,63755
"Vitalbio Medical, LLC","400 S. Miller Ave., Gillette, WY 82716",(307) 660-6704,"Women, Men",400 S. Miller Ave., Gillette,WY,82716
Thrive Healthcare Clinic LLC,"524 W Stephenson St Ste 240, Freeport, IL 61032",(815) 543-6216,"Men, Women",524 W Stephenson St Ste 240, Freeport,IL,61032
Wyoming Med Spa and Wellness,"207 S. Gillette Ave, Gillette, WY 82716",(307) 533-6171,"Women, Men",207 S. Gillette Ave, Gillette,WY,82716
Medical Grade Aesthetics,"22 W Main St, Freeport, IL 61032",(608) 856-6180,"Men, Women",22 W Main St, Freeport,IL,61032
TrueVertex,"2534A Buffalo Gap Rd, Abilene, TX 79605",)325) 704-3470,Men,2534A Buffalo Gap Rd, Abilene,TX,79605
Complete Health Medical Center,"905 Ferris Ave, Waxahachie, TX 75165",(972) 937-0086,"Women, Men",905 Ferris Ave, Waxahachie,TX,75165
"EBO MD, LLC","1417 N Mount Auburn Road Ste A, Cape Girardeau, MO 63701",(573) 803-2941,"Women, Men",1417 N Mount Auburn Road Ste A, Cape Girardeau,MO,63701
Aurora Medical Spa - Cape Girardeau,"3117 Lexington Ave Ste 103, Cape Girardeau, MO 63701",(573) 271-5120,"Women, Men",3117 Lexington Ave Ste 103, Cape Girardeau,MO,63701
Two Sisters Family Medical,"209 N. Illinois St., Harrisburg, AR 72432",(870) 578-5300,"Women, Men",209 N. Illinois St., Harrisburg,AR,72432
Stefanie McCain MD,"19 Hospital Dr., Abilene, TX 79606",325-690-0620,"Women, Men",19 Hospital Dr., Abilene,TX,79606
Donna Jordan DO,"10 Hospital Dr., Abilene, TX 79606",325-698-8500,"Women, Men",10 Hospital Dr., Abilene,TX,79606
"Robbie Cooksey, D.O.","5 Hospital Dr. Suite A, Abilene, TX 79606",325-665-6782,"Women, Men",5 Hospital Dr. Suite A, Abilene,TX,79606
Mitchell County Hospital,"601 E 1st St, Sweetwater, TX 79556",(325) 728-2693,"Women, Men",601 E 1st St, Sweetwater,TX,79556
Mitchell County Hospital-Lukin Moses and Associates,"601 E 1st St, Sweetwater, TX 79556",(325) 728-2693,"Women, Men",601 E 1st St, Sweetwater,TX,79556
Genesis PrimeCare Atlanta,"1011 S. William St, Atlanta, TX 75551",(903) 796-2868,"Women, Men",1011 S. William St, Atlanta,TX,75551
"Healthcare Boutique, PLLC","611 S TRADE DAYS BLVD STE D, CANTON, TX 75103-1825",9035082728,"Men, Women",611 S TRADE DAYS BLVD STE D, CANTON,TX,75103-1825
Advanced Surgical Technology - Centralia,"1307 E McCord St., Centralia, IL 62801",(618) 899-9200,"Men, Women",1307 E McCord St., Centralia,IL,62801
Pure Radiant You Wellness Solutions,"100 Industrial Blvd 200, Canton, TX 75103",(430) 437-4083,"Women, Men",100 Industrial Blvd 200, Canton,TX,75103
MyCare Express Care,"1404 Eastland Drive Ste. 103, Bloomington, IL 61701",(309) 319-2393,"Women, Men",1404 Eastland Drive Ste. 103, Bloomington,IL,61701
Blueze Wellness,"2412 E. Washington Street #4B, Bloomington, IL 61704",(309) 585-2116,"Women, Men",2412 E. Washington Street #4B, Bloomington,IL,61704
Stephenville Health Clinic,"103 E Frey St, Stephenville, TX 76401",254-968-0411,"Women, Men",103 E Frey St, Stephenville,TX,76401
Rejuv Medical,"408 Glenwood St, Glen Rose, TX 76043",(817) 240-2336,"Women, Men",408 Glenwood St, Glen Rose,TX,76043
Liv Wellness Lounge,"525 1st Street, LaSalle, IL 61301",(815) 200-5614,"Men, Women",525 1st Street, LaSalle,IL,61301
"Glen Rose Pellets, PLLC","1190 B N FM 56, Glen Rose, TX 76043",254-396-2929,"Women, Men",1190 B N FM 56, Glen Rose,TX,76043
"Drip Drop Health & Wellness, PLLC","104 Independence Drive, Trumann, AR 72472",(870) 418-1127,"Women, Men",104 Independence Drive, Trumann,AR,72472
Ennis Physical Medicine PLLC,"109 NW Main St., Ennis, TX 75119",972-875-9377,"Women, Men",109 NW Main St., Ennis,TX,75119
OptimalYou Wellness LLC,"2738 Mall Dr, Eau Claire, WI 54701",(763) 258-4420,,2738 Mall Dr, Eau Claire,WI,54701
"Prime Revival Health & Wellness, PLLC","404 W. Blackhawk Dr. Lower level Suite 1, Byron, IL 61010",(815) 708-2808,"Women, Men",404 W. Blackhawk Dr. Lower level Suite 1, Byron,IL,61010
Radiant Wellness by S&S,"1211 Falls Blvd. N, Wynne, AR 72396",(501) 749-0405,"Women, Men",1211 Falls Blvd. N, Wynne,AR,72396
Revitalizing Health & Hormones,"1411 Winchester Way Suite. 7, Altoona, WI 54720",715-666-4313,"Women, Men",1411 Winchester Way Suite. 7, Altoona,WI,54720
Two Sisters Family Medical,"421 Falls Blvd. S, Wynne, AR 72396",(870) 587-0900,"Women, Men",421 Falls Blvd. S, Wynne,AR,72396
"Davis Medical Consultants, LLC","1379 Brad Circle Suite A, Lindale, TX 75771",903-881-5165,"Women, Men",1379 Brad Circle Suite A, Lindale,TX,75771
Rice Medical Clinic,"2001 NE McKinney St., Rice, TX 75155",254-654-1191,"Men, Women",2001 NE McKinney St., Rice,TX,75155
ETX Inject Cosmetic and Wellness,"1829 W Main St, Gun Barrel City, TX 75156",903-840-7010,"Women, Men",1829 W Main St, Gun Barrel City,TX,75156
"Johnathan Lewis, MD PLLC","430 Magnolia Road, Camden, AR 71701",(870) 836-5709,"Women, Men",430 Magnolia Road, Camden,AR,71701
"Wellness Clinic and Healthcare Consulting, PLLC","426 Hospital Drive, Camden, AR 71701",(870) 204-7249,"Women, Men",426 Hospital Drive, Camden,AR,71701
Triple Heart Wellness,"220 Elm St., Colorado City, TX 79512",325-728-2200,"Women, Men",220 Elm St., Colorado City,TX,79512
Cedar Creek Cosmo,"426 S. Gun Barrel Lane, Gun Barrel City, TX 75143",(903) 288-3485,"Women, Men",426 S. Gun Barrel Lane, Gun Barrel City,TX,75143
Alabaster Beauty & Wellness,"112 North Patrick Street, Dublin, TX 76446",(254) 335-0046,,112 North Patrick Street, Dublin,TX,76446
Medallus Medical,"721 1st Ave, Jamestown, ND 58401",(701) 368-4380,"Women, Men",721 1st Ave, Jamestown,ND,58401
Advanced Surgical Technology – Mt Vernon,"3120 Veterans Memorial Dr, Mt Vernon, IL 62864",(618) 899-9533,"Men, Women",3120 Veterans Memorial Dr, Mt Vernon,IL,62864
Forte Health and Wellness,"1665 43rd ST S Suite 101, Fargo, ND 58103",(701) 866-0561,Women,1665 43rd ST S Suite 101, Fargo,ND,58103
Essential Infusion Plus,"604 N. Main St Suite. C, Rochelle, IL 61068",(815) 414-2024,"Men, Women",604 N. Main St Suite. C, Rochelle,IL,61068
The Aesthetics Studio,"116 Lafayette Street Suite 1, Ottawa, IL 61350",(615) 663-7393,,116 Lafayette Street Suite 1, Ottawa,IL,61350
"James W. Chambliss MD, PLLC, PA  Ked L. Davis MD, PLLC, PA","1701 E. North St., Magnolia, AR 71753",870-234-3802,"Women, Men",1701 E. North St., Magnolia,AR,71753
West Slope Family Practice,"2731 Commercial Way Unit A&B, Montrose, CO 81403",(970) 398-4720,,2731 Commercial Way Unit A&B, Montrose,CO,81403
Alpine Women's Centre,"3330 S. Rio Grande Ave. Ste 200, Montrose, CO 81401",970-249-6737,"Women, Men",3330 S. Rio Grande Ave. Ste 200, Montrose,CO,81401
Liv Wellness Lounge,"827 E. Norris Drive, Ottawa, IL 61350",(815) 587-2412,"Women, Men",827 E. Norris Drive, Ottawa,IL,61350
Beautiful You Magnolia Medical Aesthetics,"1920 S Washington St, Magnolia, AR 71753",(870) 901-3019,"Women, Men",1920 S Washington St, Magnolia,AR,71753
Advanced Surgical Technology - Herrin,"400 Rushing Dr, Herrin, IL 62948",(618) 942-9585,,400 Rushing Dr, Herrin,IL,62948
Baxter Medical Center,"7350 Clearwater Road, Baxter, MN 56425",(218) 454-5050,"Women, Men",7350 Clearwater Road, Baxter,MN,56425
Living Well Dakota,"1925 LOVETT AVE STE 4, Bismarck, ND 58504",701-204-7706,"Women, Men",1925 LOVETT AVE STE 4, Bismarck,ND,58504
Moxie Wellness,"5576 Judson Rd, Longview, TX 75605",(903) 738-5226,"Women, Men",5576 Judson Rd, Longview,TX,75605
"Timeless MediSpa, LLC","5071 Airline Rd, Longview, TX 75605",903-746-6573,"Women, Men",5071 Airline Rd, Longview,TX,75605
Michael DuChamp DO,"4775 US 259 N, Longview, TX 75605",(214) 244-3158,"Women, Men",4775 US 259 N, Longview,TX,75605
"Kumar's Medical Clinic, PA","1801 Lindauer Rd., Forrest City, AR 72335",(870) 633-5016,,1801 Lindauer Rd., Forrest City,AR,72335
Doctors Medical Center,"10201 Hwy 16 North, Comanche, TX 76442",254-879-4900,"Women, Men",10201 Hwy 16 North, Comanche,TX,76442
MY MD Select,"2834 Bill Owens Pkwy, Longview, TX 75605",(903) 309-1109,"Women, Men",2834 Bill Owens Pkwy, Longview,TX,75605
Amazing Face Aesthetics,"405 W Loop 281 Suite J, Longview, TX 75605",903-331-0863,"Women, Men",405 W Loop 281 Suite J, Longview,TX,75605
REVOLUTION ANESTHESIA & RESTORATIVE MEDICINE,"135 W Colorado Ave STE 2D, Telluride, CO 81435",(970) 519-1216,"Women, Men",135 W Colorado Ave STE 2D, Telluride,CO,81435
Goddess Medspa,"101 West Main Street, Steele, MO 63877",(573) 359-8993,"Women, Men",101 West Main Street, Steele,MO,63877
ReNu Self Medical,"434 East Loop 281, Longview, TX 75605",(469) 265-8178,"Men, Women",434 East Loop 281, Longview,TX,75605
Skin Envy & IV Bar,"215 E 4th Ave, Corsicana, TX 75110",(903) 654-8708,"Women, Men",215 E 4th Ave, Corsicana,TX,75110
Legacy Hormone and Wellness,"1515 Judson Road, Longview, TX 75601",9037205921,"Women, Men",1515 Judson Road, Longview,TX,75601
Get To The Point,"803 E Fairmont St. Suite. 7, Longview, TX 75601",(903) 653-0214,"Women, Men",803 E Fairmont St. Suite. 7, Longview,TX,75601
"Alpine Women's Centre, Delta","311 Palmer Street, Delta, CO 81416",(970) 249-6737,"Women, Men",311 Palmer Street, Delta,CO,81416
"903 Essentials, LLC","117 E 7th Street, Tyler, TX 75701",903-330-4346,"Women, Men",117 E 7th Street, Tyler,TX,75701
Anywhere Mobile Health Care,"100 S 1st St, Coahoma, TX 79511",(432) 999-0089,Women,100 S 1st St, Coahoma,TX,79511
CornerStone Family Medicine,"408 N Austin St, Comanche, TX 76442",(325) 356-1135,,408 N Austin St, Comanche,TX,76442
LXRY Aesthetics & Wellness,"6144 East Riverside Blvd, Loves Park, IL 61111",(815) 601-0925,"Women, Men",6144 East Riverside Blvd, Loves Park,IL,61111
Integrative Medical,"7177 Crimson Ridge Drive. Ste. 5, Rockford, IL 61107",815-977-7019,"Women, Men",7177 Crimson Ridge Drive. Ste. 5, Rockford,IL,61107
Rockford Weight Loss and Rockford Pain Management,"6451 E Riverside Blvd #103, Rockford, IL 61114",8156399900,"Women, Men",6451 E Riverside Blvd #103, Rockford,IL,61114
K. Bella Rays Medical Day Spa,"1004 Hobbs Hwy #2, Seminole, TX 79360",432-955-8747,"Women, Men",1004 Hobbs Hwy #2, Seminole,TX,79360
Oak Hills Med Spa,"2756 Elkton Trail, Tyler , TX 75703",903-534-0911,"Women, Men",2756 Elkton Trail, Tyler ,TX,75703
Youthful Infusion Med Spa Tyler,"1011 W. Grande Blvd, Tyler, TX 75703",(903) 941-4010,"Women, Men",1011 W. Grande Blvd, Tyler,TX,75703
Life Balance Medical Center,"5069 Edgemere Ct, Roscoe, IL 61073",815-623-1013,"Men, Women",5069 Edgemere Ct, Roscoe,IL,61073
Wellness Refinery,"10768 Main Street, Roscoe, IL 61073",(815) 979-2126,"Women, Men",10768 Main Street, Roscoe,IL,61073
Pure Radiance Laser Retreat,"107 Robert E. Lee Drive , Tyler, TX 75703",903-561-0300,"Women, Men",107 Robert E. Lee Drive , Tyler,TX,75703
MyMD Select Tyler,"2520 Oak Manor Way, Tyler, TX 75703",903-630-7130,"Women, Men",2520 Oak Manor Way, Tyler,TX,75703
Zia Primary Care,"104 Quail Trail Suite B, Edgewood, NM 87015",505-208-0204,"Women, Men",104 Quail Trail Suite B, Edgewood,NM,87015
Evolution Body Transformation,"1574 West Boadway #105, Monona, WI 53713",(608) 274-2225,"Men, Women",1574 West Boadway #105, Monona,WI,53713
The Wellness Company,"150 State Road 344 Suite D, Edgewood, NM 87015",(505) 818-1930,"Women, Men",150 State Road 344 Suite D, Edgewood,NM,87015
Forum Health,"606 River Place, Monona, WI 53716",608-296-9273,"Women, Men",606 River Place, Monona,WI,53716
The Doc Spa,"1950-C Old Rt 66, Edgewood, NM 87015",505-884-8900,"Women, Men",1950-C Old Rt 66, Edgewood,NM,87015
Trinity Health and Wellness,"850 Bryant St, Louisville, IL 62858",(618) 665-7000,"Women, Men",850 Bryant St, Louisville,IL,62858
"Invigorate Aesthetics and Wellness, LLC.","1400 E. Huebbe Parkway, Beloit, WI 53511",608-205-8678,"Men, Women",1400 E. Huebbe Parkway, Beloit,WI,53511
Delta Health and Aesthetics,"219 West Chestnut Street, Marianna, AR 72360",(870) 768-5409,"Women, Men",219 West Chestnut Street, Marianna,AR,72360
Healthcare Express Marshall,"711 East End Blvd South, Marshall, TX 75670",903-938-4363,"Women, Men",711 East End Blvd South, Marshall,TX,75670
Inner Strength Health and Wellness- Rice Lake,"1030 South Main Street, Rice Lake, WI 54868",(715)475-1336,"Women, Men",1030 South Main Street, Rice Lake,WI,54868
Medical Grade Aesthetics,"1623 Newport Ave, Janesville, WI 53544",(608) 856-6180,,1623 Newport Ave, Janesville,WI,53544
Chrome: A Beauty and Wellness,"3613 State Hwy 528 Suite H, Albuquerque, NM 87114",505-917-7894,"Women, Men",3613 State Hwy 528 Suite H, Albuquerque,NM,87114
Mobley Medical Clinic,"708 S Timberlane Dr. STE A, El Dorado, AR 71730",(870) 639-6465,"Women, Men",708 S Timberlane Dr. STE A, El Dorado,AR,71730
Grace Wellness,"650 S Dr M Roper Pkwy, Bullard, TX 75757",(903) 339-0887,"Women, Men",650 S Dr M Roper Pkwy, Bullard,TX,75757
Durango Urgent Care,"2577 Main Avenue, Durango, CO 81301",(970) 247-8382,"Women, Men",2577 Main Avenue, Durango,CO,81301
Women's Health Practice,"2109 S. Neil St., Champaign, IL 61820",217-356-3736,"Women, Men",2109 S. Neil St., Champaign,IL,61820
Butler-Abshire Medical Clinic,"926 Frances Dr., Haynesville, LA 71038",(318) 624-0554,,926 Frances Dr., Haynesville,LA,71038
Women's County Clinic of Lea County,"5419 N Lovington HwyBuilding 5 Suite 35, Hobbs, NM 88240",(575) 241-1211,"Women, Men",5419 N Lovington HwyBuilding 5 Suite 35, Hobbs,NM,88240
Rio Medical,"504 Arroyo Drive, Durango, CO 81301",970-964-3145,"Women, Men",504 Arroyo Drive, Durango,CO,81301
"Sonja M Shanley, MD","1099 Main Ave Suite 317, Durango, CO 81301",(970) 880-2777,"Women, Men",1099 Main Ave Suite 317, Durango,CO,81301
American Medical Group,"2410 N. Fowler, Hobbs, NM 88240",575-392-2040,"Women, Men",2410 N. Fowler, Hobbs,NM,88240
Cedar House Health,"9400 Holly Ave Bldg 4 Suite Q, Albuquerque, NM 87122",(505) 974-6087,"Women, Men",9400 Holly Ave Bldg 4 Suite Q, Albuquerque,NM,87122
Breedlove Family Practice & Aesthetics,"810 N. Hill St Suite 2, Tatum, TX 75691",(903) 947-2020,,810 N. Hill St Suite 2, Tatum,TX,75691
Gonstead Physical Medicine NE Heights,"8001 Wyoming Blvd. NE Suite D-4, Albuqerque, NM 87113",(505) 884-8584,"Women, Men",8001 Wyoming Blvd. NE Suite D-4, Albuqerque,NM,87113
"Ruby Rose Health Connection, LLC","10501 Montgomery Blvd NE STE 320, Albuquerque, NM 87111",(505) 463-7203,Women,10501 Montgomery Blvd NE STE 320, Albuquerque,NM,87111
Apex Wellness PC,"10501 Montgomery Blvd NE Ste 320, Albuquerque, NM 87111",402-314-8407,"Women, Men",10501 Montgomery Blvd NE Ste 320, Albuquerque,NM,87111
NorthView Family Physicians,"8202 Louisiana NE Suite A, Albuquerque, NM 87113",505-554-2409,"Women, Men",8202 Louisiana NE Suite A, Albuquerque,NM,87113
La Vida Aesthetics and Wellness,"8202 Louisiana Blvd. NE Suite. B, Albuquerque, NM 87113",(575) 779-4880,"Women, Men",8202 Louisiana Blvd. NE Suite. B, Albuquerque,NM,87113
Sandia Serenity - Edgewood,"7050 Barstow St NE Suite B, Albuquerque, NM 87111",(505) 437-5085,"Women, Men",7050 Barstow St NE Suite B, Albuquerque,NM,87111
Go Private MD,"8208 Louisiana Blvd. NE Ste B, Albuquerque, NM 87113",505-331-0173,"Men, Women",8208 Louisiana Blvd. NE Ste B, Albuquerque,NM,87113
The Vessel IV Bar,"7050 Barstow St NE Suite B, Albuquerque, NM 87111",505-910-4888,"Women, Men",7050 Barstow St NE Suite B, Albuquerque,NM,87111
Sandia Serenity,"7050 Barstow St NE Ste B  Albuquerque NM 87111, Albuquerque, NM 87111",(505) 463-2691,"Women, Men",7050 Barstow St NE Ste B  Albuquerque NM 87111, Albuquerque,NM,87111
Dynasty Med Spa,"6500 Holly Ave NE A6, Albuquerque, NM 87113",505-895-4090,"Women, Men",6500 Holly Ave NE A6, Albuquerque,NM,87113
Eternal Youth,"4113 Eubank Blvd NE 400, Albuquerque, NM 87111",(505) 344-6334,"Women, Men",4113 Eubank Blvd NE 400, Albuquerque,NM,87111
Robert Hogue MD,"101 South Park Drive #A, Brownwood, TX 76801",325-646-6568,"Women, Men",101 South Park Drive #A, Brownwood,TX,76801
"R. Mark Martin, MD, PA","2506 Crockett Dr., Brownwood, TX 76801",325-643-3656,"Women, Men",2506 Crockett Dr., Brownwood,TX,76801
SkinSpa,"5900 Cubero Dr NE Suite. E, Albuquerque, NM 87109",(505) 322-2424,"Men, Women",5900 Cubero Dr NE Suite. E, Albuquerque,NM,87109
Vibrancy VIP Med Clinic,"4801 Alameda Blvd NE Ste A, Albuquerque, NM 87113",505-900-4468,"Women, Men",4801 Alameda Blvd NE Ste A, Albuquerque,NM,87113
"William W. Anderson, MD, PC","100 Alameda Rd. NW, Albuquerque, NM 87114",(505) 288-7227,"Women, Men",100 Alameda Rd. NW, Albuquerque,NM,87114
Bloom Aesthetics and Wellness,"8210 La Mirada Pl NE Suite 100, Albuquerque, NM 87109",504-601-6875,"Women, Men",8210 La Mirada Pl NE Suite 100, Albuquerque,NM,87109
Clinica la Esperanza,"1400 Barbara Loop SE STE A, Albuquerque, NM 87124",505-508-1739,"Men, Women",1400 Barbara Loop SE STE A, Albuquerque,NM,87124
ABQ Healthcare 2 You,"2509 Virginia St NE, Albuquerque, NM 87110",(505) 658-4242,,2509 Virginia St NE, Albuquerque,NM,87110
Skin Science Aesthetics,"3901 Georgia St NE Suite B-1, Albuquerque, NM 87110",(505) 569-1111,Women,3901 Georgia St NE Suite B-1, Albuquerque,NM,87110
SHAE Wellness,"5931 Jefferson Street Suite. B-4, Albuquerque, NM 87109",(505) 525-2763,"Women, Men",5931 Jefferson Street Suite. B-4, Albuquerque,NM,87109
Women's Pelvic Care and Sana Spa,"6621 Gulton Ct. NE, Albuquerque, NM 87109",505-888-0443,"Women, Men",6621 Gulton Ct. NE, Albuquerque,NM,87109
Faith and Grace DPC,"117 W 3rd St, Roswell, NM 88201",(575) 254-1852,"Women, Men",117 W 3rd St, Roswell,NM,88201
Ellie’s Aesthetics,"1634 Alameda Blvd. NW, Albuquerque, NM 87114",(505) 977-6375,,1634 Alameda Blvd. NW, Albuquerque,NM,87114
"Megan Chandler, FNP-C","600 Interstate 20 East, Stanton, TX 79782",432-607-3200,"Women, Men",600 Interstate 20 East, Stanton,TX,79782
VivaBalance,"600 Interstate 20, Stanton, TX 79782",432-607-3200,"Women, Men",600 Interstate 20, Stanton,TX,79782
NUYU Medical Spa,"10124 Coors Blvd NW, Albuquerque, NM 87114",(915) 235-7896,"Women, Men",10124 Coors Blvd NW, Albuquerque,NM,87114
Modern Edge Family Practice,"2440 Louisiana Blvd NE Ste 200, Albuquerque, NM 87110",505-370-9195,"Men, Women",2440 Louisiana Blvd NE Ste 200, Albuquerque,NM,87110
Oasis at Womens Specialists of New Mexico,"101 Hospital Loop NE Ste. 105, Albuquerque, NM 87109",505-843-6168,"Women, Men",101 Hospital Loop NE Ste. 105, Albuquerque,NM,87109
SEA Family Healthcare LLC,"101 Hospital Loop NE Suite 106, Albuquerque, NM 87109",(505) 433-8659,"Women, Men",101 Hospital Loop NE Suite 106, Albuquerque,NM,87109
Mountain View Family Medicine,"4600 Montgomery Blvd NE Suite D201, Albuquerque, NM 87109",505-884-0079,"Women, Men",4600 Montgomery Blvd NE Suite D201, Albuquerque,NM,87109
The Wellness Company,"4161 Montgomery Blvd. NE, Albuquerque, NM 87109",(505) 818-1930,"Women, Men",4161 Montgomery Blvd. NE, Albuquerque,NM,87109
Buffalo Urgent Care,"496 Fort street, Buffalo, WY 82834",(307)-278-0280,"Men, Women",496 Fort street, Buffalo,WY,82834
Round 2 Wellness,"7500 2nd St. NW, Albuquerque, NM 87107-6753",505-546-2787,"Women, Men",7500 2nd St. NW, Albuquerque,NM,87107-6753
Purple Skies Health and Vitality Clinic,"915 W. Fetterman St. Unit 1, Buffalo, WY 82834",(307) 752-8136,"Women, Men",915 W. Fetterman St. Unit 1, Buffalo,WY,82834
"Roswell Medical Clinic, Inc.","111 W. Hobbs St., Roswell, NM 88203",575-623-3311,"Women, Men",111 W. Hobbs St., Roswell,NM,88203
Merit Family Medicine,"4801 McMahon Blvd Suite 245, Albuquerque, NM 87114",5053153541,"Women, Men",4801 McMahon Blvd Suite 245, Albuquerque,NM,87114
Health Horizons,"4801 McMahon Blvd NW #101, Albuquerque, NM 87114",(505) 893-2840,"Women, Men",4801 McMahon Blvd NW #101, Albuquerque,NM,87114
Body For Life,"8370 US Hwy 51 N Ste. 106, Millington, TN 38053",(901) 464-0443,"Women, Men",8370 US Hwy 51 N Ste. 106, Millington,TN,38053
Gonstead Physical Medicine,"1920 Westside Blvd, Rio Rancho, NM 87124",505-922-9444,"Women, Men",1920 Westside Blvd, Rio Rancho,NM,87124
Hello Gorgeous Medspa,"74 W Washington St., Oswego, IL 60543",(630) 636-6193,,74 W Washington St., Oswego,IL,60543
The Doc Spa Albuquerque,"550 San Mateo Blvd NE Suite 102, Albuquerque, NM 87109",(505) 884-8900,,550 San Mateo Blvd NE Suite 102, Albuquerque,NM,87109
Love and Laser Med Spa,"9101 High Assets Way, Albuquerque, NM 87120",(505) 261-3050,"Women, Men",9101 High Assets Way, Albuquerque,NM,87120
Associated Women's Health,"2424 W Indian Trail Suite A, Aurora, IL 60506",630-882-0264,"Women, Men",2424 W Indian Trail Suite A, Aurora,IL,60506
Bossier Comunity Health Center,"2890 Douglas Drive, Bossier City, LA 71111",(318) 742-6900,,2890 Douglas Drive, Bossier City,LA,71111
AspireMD,"2695 Patterson Road Suite 4, Grand Junction, CO 81506",361-728-1213,"Men, Women",2695 Patterson Road Suite 4, Grand Junction,CO,81506
Mosaic Biohealth,"735 Bookcliff Avenue, Grand Junction, CO 81501",970-812-3776,"Women, Men",735 Bookcliff Avenue, Grand Junction,CO,81501
Shamarie Sais MD PC,"3602 Campus Blvd NE, Albuquerque, NM 87106",505-404-8925,"Women, Men",3602 Campus Blvd NE, Albuquerque,NM,87106
Women Specialists of New Mexico - Riverside,"6320 Riverside Plaza Ln Suite A, Albuqerque, NM 87120",(505) 843-6168,"Women, Men",6320 Riverside Plaza Ln Suite A, Albuqerque,NM,87120
Rio Grande Family Medicine,"711 Encino Place NE Suite. D, Albuquerque, NM 87102",(505) 224-7400,"Women, Men",711 Encino Place NE Suite. D, Albuquerque,NM,87102
Nars Aesthetics,"5600 Coors Blvd NW Suite B2, Albuquerque, NM 87120",(505) 526-3104,Women,5600 Coors Blvd NW Suite B2, Albuquerque,NM,87120
"SureAccess MD, LLC","8525 Line Avenue Suite A, Shreveport, LA 71106",(318) 300-4926,"Women, Men",8525 Line Avenue Suite A, Shreveport,LA,71106
Reform ABQ,"200 Oak St NE Suite. 7, Albuquerque, NM 87106",(505) 420-6979,"Women, Men",200 Oak St NE Suite. 7, Albuquerque,NM,87106
Womens Specialists of New Mexico,"1001 Coal Ave SE , Albuquerque, NM 87106",505-843-6168,"Women, Men",1001 Coal Ave SE , Albuquerque,NM,87106
Claiborne Family Medical Clinic,"912 West Main Street, Homer, LA 71040",(318) 548-3695,"Women, Men",912 West Main Street, Homer,LA,71040
Elite MD,"1215 Tijeras Ave NW, Albuquerque, NM 87102",505-218-7006,"Women, Men",1215 Tijeras Ave NW, Albuquerque,NM,87102
Canyon View Wellness and Spa,"2373 G Road Suite #200, Grand Junction, CO 81505",(970) 243-3456,"Women, Men",2373 G Road Suite #200, Grand Junction,CO,81505
Chicagoland WMAC-Slimlyfe,"12173 Regency Parkway, Huntley, IL 60142",(312) 885 9622,,12173 Regency Parkway, Huntley,IL,60142
"Terrell Clinic, LLC","701 E. Reelfoot Ave. Ste 100, Union City, TN 38261",731-885-9687,"Women, Men",701 E. Reelfoot Ave. Ste 100, Union City,TN,38261
Carlisle Health Plus,"3330 Barksdale Blvd, Bossier City, LA 71112",(318) 217-3330,"Women, Men",3330 Barksdale Blvd, Bossier City,LA,71112
Clinica la Esperanza,"4201 Central Ave NW Suite 3, Albuquerque, NM 87105",505-508-1739,"Men, Women",4201 Central Ave NW Suite 3, Albuquerque,NM,87105
Renew You Medspa,"217 S Central Ave, Marshfield, WI 54449",(715) 515-7500,"Women, Men",217 S Central Ave, Marshfield,WI,54449
Sage Healing Collective,"525 S. Tyler Rd. Suite S, St. Charles, IL 60174",(331) 901-5672,"Women, Men",525 S. Tyler Rd. Suite S, St. Charles,IL,60174
"Timeless Beauty by J, LLC","715 Main Street, Minden, LA 71055",(318) 299-5791,"Women, Men",715 Main Street, Minden,LA,71055
Lagniappe Medical Clinic,"817 Sheppard St., Minden, LA 71055",(318) 371-3838,Women,817 Sheppard St., Minden,LA,71055
The Alternative Touch Medical Day Spa,"2066 N. Valley Mills Dr.   , Waco, TX 76710",254-339-1310,"Men, Women",2066 N. Valley Mills Dr.   , Waco,TX,76710
Body for Life,"8046 N. Brother Blvd Suite 103, Bartlett, TN 38133",901-373-3300,"Women, Men",8046 N. Brother Blvd Suite 103, Bartlett,TN,38133
Sanger Avenue Aesthetics,"6614 Sanger Avenue, Waco, TX 76710",254-753-6231,"Women, Men",6614 Sanger Avenue, Waco,TX,76710
Rare Aesthetics,"999 W Main St Suite 100, West Dundee, IL 60118",(847) 428-4668,"Men, Women",999 W Main St Suite 100, West Dundee,IL,60118
The Urology Group,"6029 Walnut Grove Road Suite 300, Memphis, TN 38120",(901) 767-8158,,6029 Walnut Grove Road Suite 300, Memphis,TN,38120
Paragon Medical Group,"5625 Poplar Ave, Memphis, TN 38119",(901) 899-8888,,5625 Poplar Ave, Memphis,TN,38119
ETX Elite Care and Wellness,"404 N. Magnolia St, Palestine, TX 75801",(903) 221-0116,"Women, Men",404 N. Magnolia St, Palestine,TX,75801
Ranger Clinic,"6009 FM 307 Suite. E, Midland, TX 79706",(432) 247-1441,"Women, Men",6009 FM 307 Suite. E, Midland,TX,79706
Divine SKN Aesthetics,"203 Colonnade Pkwy Ste H, Waco, TX 76712",(254) 339-4127,,203 Colonnade Pkwy Ste H, Waco,TX,76712
Stonehaven Medical Group,"4519 N Garfield St Ste. 1, Midland, TX 79705",432-219-9200,"Women, Men",4519 N Garfield St Ste. 1, Midland,TX,79705
Infinity Health and Wellness LLC,"4519 N Garfield St. Suite 6, Midland, TX 79705",(432) 260-5544,"Women, Men",4519 N Garfield St. Suite 6, Midland,TX,79705
European Integrative Wellness,"387 Shuman Blvd. Suite 206E, Naperville, IL 60563",(773) 326-5809,"Men, Women",387 Shuman Blvd. Suite 206E, Naperville,IL,60563
Basin Care Internal Medicine,"3407 Caldera, Midland, TX 79707",432-688-0031,"Men, Women",3407 Caldera, Midland,TX,79707
CardinaLight Health LLC,"760 Mcardle Dr. Ste  A, Crystal Lake, IL 60014",(815) 459-7127,"Women, Men",760 Mcardle Dr. Ste  A, Crystal Lake,IL,60014
Laser Aesthetics Body & Wellness,"8337 Cordova Rd, Cordova, TN 38016",901-388-8887,"Women, Men",8337 Cordova Rd, Cordova,TN,38016
"Brandy Marlynn Watson, MD","2232 S Sycamore St., Palestine, TX 75801",903-480-8648,"Women, Men",2232 S Sycamore St., Palestine,TX,75801
Family Care Clinic,"4506 Briarwood Ave Suite A, Midland, TX 79707",432-689-6818,"Women, Men",4506 Briarwood Ave Suite A, Midland,TX,79707
The Wright Center for Women's Health,"1763 Freedom Drive Suite 117, Naperville, IL 60563",630-687-9595,"Women, Men",1763 Freedom Drive Suite 117, Naperville,IL,60563
Shylesh Ganta MD PA,"3401 Greenbriar Suite 100, Midland, TX 79707",432-686-0000,"Women, Men",3401 Greenbriar Suite 100, Midland,TX,79707
Midland Medicine,"4501 Santa Rose Dr, Midland, TX 79707",(432) 425-1013,,4501 Santa Rose Dr, Midland,TX,79707
Texas Specialty Clinic,"1304 W Texas Ave, Midland, TX 79701",(432) 599-9580,"Women, Men",1304 W Texas Ave, Midland,TX,79701
"Jennifer C Dunn, MD & Associates OBGYN, LLC","3080 Ogden Ave Suite 305, Lisle, IL 60532",(630) 530-1501,"Women, Men",3080 Ogden Ave Suite 305, Lisle,IL,60532
IvyRaine Women's Clinic,"3964 Goodman Rd E Suite 131, Southaven, MS 38672",662- 856-8440,Women,3964 Goodman Rd E Suite 131, Southaven,MS,38672
The Women's Clinic At The Grove,"5740 Getwell Rd Building 1 Suite B, Southaven, MS 38672",(662) 470-7969,"Women, Men",5740 Getwell Rd Building 1 Suite B, Southaven,MS,38672
Midland Internal Medicine and Weight Management,"2002 N Midland Dr Box 2, Midland, TX 79707",(432) 686-9999,"Women, Men",2002 N Midland Dr Box 2, Midland,TX,79707
Basin Care Internal Medicine,"1816 N Midland Dr. , Midland, TX 79707",432-688-0031,"Women, Men",1816 N Midland Dr. , Midland,TX,79707
Touch of Sass Medical Spa,"4425 W. Wadley Ave. #230, Midland, TX 79707",432-689-0808,"Women, Men",4425 W. Wadley Ave. #230, Midland,TX,79707
West Texas Obstetrics and Gynecology,"4911 Andrews Hwy, Midland, TX 79703",(432) 888-7455,,4911 Andrews Hwy, Midland,TX,79703
West Texas Medical Care,"1701 N Loop 250 W, Midland, TX 79707",(432) 248-1231,"Women, Men",1701 N Loop 250 W, Midland,TX,79707
Health Valley Medical Office,"3550 Hobson Rd #202, Woodridge, IL 60517",(630) 963-0657,"Men, Women",3550 Hobson Rd #202, Woodridge,IL,60517
Healing Hands Medical Clinic,"207 Tradewinds Blvd, Midland, TX 79706",(432) 400-2222,"Women, Men",207 Tradewinds Blvd, Midland,TX,79706
Royal Retreat Med Spa,"243 S Lindell Street, Martin, TN 38237",(205) 485-4229,"Women, Men",243 S Lindell Street, Martin,TN,38237
MidSouth Integrative Medical,"1973 Oak Tree Cove, Hernando, MS 38632",(662) 349-0980,"Women, Men",1973 Oak Tree Cove, Hernando,MS,38632
"McMorries Obstetrics, Gynecology and Infertility","115 S. Barron Street, Rusk, TX 75785",(903) 480-0045,"Women, Men",115 S. Barron Street, Rusk,TX,75785
Advanced OB/GYNE Associates,"1555 N Barrington Road Doctors Building 1 suite 425, Hoffman Estates, IL 60169",(847) 755-1111,Women,1555 N Barrington Road Doctors Building 1 suite 425, Hoffman Estates,IL,60169
Affinity Healthcare and Wellness,"305 N. Vine Street Suite. 205, New Lenox, IL 60451",(815) 846-3737,"Women, Men",305 N. Vine Street Suite. 205, New Lenox,IL,60451
Bolevika Family Medicine,"2500 W Higgins Rd Suite 330, Hoffman Estates, IL 60169",(630) 400-8777,"Men, Women",2500 W Higgins Rd Suite 330, Hoffman Estates,IL,60169
Solana Aesthetics & Wellness,"334 RIVER ST, LEMONT, IL 60439",630-410-2348,"Women, Men",334 RIVER ST, LEMONT,IL,60439
Surge Aesthetics LLC,"1000 Hwy Dr, Hazen, ND 58545",(701) 748-3334,"Women, Men",1000 Hwy Dr, Hazen,ND,58545
Midwest Internist Limited,"8330 S. Lemont Rd., Darien, IL 60561",630-910-6200,"Women, Men",8330 S. Lemont Rd., Darien,IL,60561
The Center for Integrative and Functional Health and Wellness,"One Tiffany Pointe Suite 105, Bloomingdale, IL 60108",630-980-1400,"Women, Men",One Tiffany Pointe Suite 105, Bloomingdale,IL,60108
Mindful Medispa and Mediclinic,"1626 W Algonquin Road, Hoffman Estates, IL 60192",224-634-1500,"Women, Men",1626 W Algonquin Road, Hoffman Estates,IL,60192
Fancy Face Aesthetics,"335 HIGHWAY 314 SW, Los Lunas, NM 87031",505-235-0769,"Women, Men",335 HIGHWAY 314 SW, Los Lunas,NM,87031
Solana Aesthetics and Wellness,"5143 Mochel Dr., Downers Grove, IL 60515",(331) 233-6990,"Men, Women",5143 Mochel Dr., Downers Grove,IL,60515
WomanCare PC,"519 S Roselle Rd STE 301, Schaumburg, IL 60193",(847) 221-4300,Women,519 S Roselle Rd STE 301, Schaumburg,IL,60193
Integrated Express Healthcare Solutions,"990 Grand Canyon Pkwy #218, Hoffman Estates, IL 60169",(630) 283-0314,"Men, Women",990 Grand Canyon Pkwy #218, Hoffman Estates,IL,60169
Sage Wellness Center,"3451 N. Butler Ave., Farmington, NM 87401",505-566-1915,"Women, Men",3451 N. Butler Ave., Farmington,NM,87401
Jem MedSpa,"11241 W 159th St, Orland Park, IL 60467",(708) 942-1112,"Women, Men",11241 W 159th St, Orland Park,IL,60467
"Jessie Cheung, M.D. Dermatology and Laser Center","545 Plainfield Rd Suite B, Willowbrook, IL 60527",630-455-0140,"Women, Men",545 Plainfield Rd Suite B, Willowbrook,IL,60527
Peak Aesthetics and Wellness,"30 W. Beauregard Suite 100, San Angelo, TX 76903",(325) 238-5832,"Women, Men",30 W. Beauregard Suite 100, San Angelo,TX,76903
Midwest Antiaging,"10181 W Lincoln Hwy, Frankfort, IL 60423",815-277-5229,"Women, Men",10181 W Lincoln Hwy, Frankfort,IL,60423
SELF Aesthetics & Wellness,"9875 W Lincoln Hwy, Frankfort, IL 60423",(708) 218-9008,"Women, Men",9875 W Lincoln Hwy, Frankfort,IL,60423
Summit Medical Specialist,"888 Thackeray Trail, Oconomowoc, WI 53066",(262) 649-9871,,888 Thackeray Trail, Oconomowoc,WI,53066
InfuseWell Concierge,"710 N York Road Ste 201, Hinsdale, IL 60521",(630) 915-7374,"Women, Men",710 N York Road Ste 201, Hinsdale,IL,60521
Northwest Women's Consultants,"1630 West Central Rd, Arlington Heights, IL 60005",847-394-3931,"Women, Men",1630 West Central Rd, Arlington Heights,IL,60005
West Texas Medical Care,"3001 N. Faudree Rd., Odessa, TX 79765",432-332-1386,"Men, Women",3001 N. Faudree Rd., Odessa,TX,79765
Central Illinois Family Practice,"1017 W. Williams Street, Danville, IL 61832",(217) 213-5254,"Men, Women",1017 W. Williams Street, Danville,IL,61832
Jem Med Spa,"210 N. York St., Elmhurst, IL 60126",(630) 333-1202,Women,210 N. York St., Elmhurst,IL,60126
Full Circle Health and Wellness,"1702 Gilchrist Ave, Artesia, NM 88210",575-513-7696,"Women, Men",1702 Gilchrist Ave, Artesia,NM,88210
Re-Medispa,"37 S. Evergreen Ave, Arlington Heights, IL 60005",(224) 723-5408,"Women, Men",37 S. Evergreen Ave, Arlington Heights,IL,60005
Bienville CHC,"3265 Military Road, Ringgold, LA 71068",318-894-2341,"Women, Men",3265 Military Road, Ringgold,LA,71068
WomanCare PC,"1051 West Rand Road Suite 101, Arlington Heights, IL 60004",(847) 221-4900,Women,1051 West Rand Road Suite 101, Arlington Heights,IL,60004
Buffalo Wellness Center,"1686 Hwy 79 W, Buffalo, TX 75831",(903) 322-1290,"Women, Men",1686 Hwy 79 W, Buffalo,TX,75831
Alva Family Practice,"5407 Andrews Highway, Odessa, TX 79762",(432) 385-4819,"Women, Men",5407 Andrews Highway, Odessa,TX,79762
Innerbeauty Wellness Center,"1207 McHenry Road Ste. 215, Buffalo Grove, IL 60089",(847) 943-9947,"Women, Men",1207 McHenry Road Ste. 215, Buffalo Grove,IL,60089
Health Solutions,"16650 Harlem Ave, Tinley Park, IL 60477",708-536-5150,"Men, Women",16650 Harlem Ave, Tinley Park,IL,60477
Renova Wellness and Weight Loss Clinic,"2410 N. Grandview, Odessa, TX 79761",432-362-5433,"Women, Men",2410 N. Grandview, Odessa,TX,79761
Crossroads Health LLC,"1156 North Main, Sheridan, WY 82801",307-763-4555,"Women, Men",1156 North Main, Sheridan,WY,82801
West Texas Wellness Clinic,"2453 E. 11th Street, Odessa, TX 79761",432-582-0300,"Women, Men",2453 E. 11th Street, Odessa,TX,79761
Advanced Medical Specialists,"1015 N. Corporate Circle Suite D, Grayslake, IL 60030",(847) 599-9900,"Women, Men",1015 N. Corporate Circle Suite D, Grayslake,IL,60030
"Purple Skies Health and Vitality Clinic, LLC","1301 Avon St Ste A, Sheridan, WY 82801",(307) 752-8136,"Women, Men",1301 Avon St Ste A, Sheridan,WY,82801
BG Medical Center,"975 Weiland Rd Suite 100, Buffalo Grove, IL 60089",847-947-8444,"Women, Men",975 Weiland Rd Suite 100, Buffalo Grove,IL,60089
NÜMedical Wellness,"625 Walnut Ridge Dr. Suite 101, Hartland, WI 53029",(262)401-9007,Women,625 Walnut Ridge Dr. Suite 101, Hartland,WI,53029
Women's Health Partners of the Permian Basin,"421 E. 7th Street, Odessa, TX 79761",(432) 332-0090,"Women, Men",421 E. 7th Street, Odessa,TX,79761
Moody Medicine,"601 East 2nd Street #G, Odessa, TX 79761",432-332-5200,"Women, Men",601 East 2nd Street #G, Odessa,TX,79761
Permian Women's Center PA,"405 N. Tom Green Ave., Odessa, TX 79761",432-580-9876,"Women, Men",405 N. Tom Green Ave., Odessa,TX,79761
Next Level Wellness of Riverside,"1 Riverside Rd Suite 303, Riverside, IL 60546",(708) 708-6398,"Women, Men",1 Riverside Rd Suite 303, Riverside,IL,60546
"Kevin Lynch, DO","408 N. Hancock, Odessa, TX 79761",432-580-7373,"Women, Men",408 N. Hancock, Odessa,TX,79761
Rejuvenate Wellness,"945 Lakeview Pkwy Suite 112, Vernon Hills, IL 60061",(847) 996-9124,"Men, Women",945 Lakeview Pkwy Suite 112, Vernon Hills,IL,60061
Benessere Age Management & Aesthetics,"202 S 6th St E, Riverton, WY 82501",307-463-0107,"Women, Men",202 S 6th St E, Riverton,WY,82501
Reflections Med Spa,"5311 S Harlem Ave, Chicago, IL 60638",(773) 586-0076,Women,5311 S Harlem Ave, Chicago,IL,60638
"FemaCare Obstetrics & Gynecology, S.C.","201 E Strong St. Suite 3, Wheeling, IL 60090",(847) 626-7600,Women,201 E Strong St. Suite 3, Wheeling,IL,60090
Comprehensive Pain Care Clinic,"5669 W 95th Street Suite #3, Oak Lawn, IL 60526",630-590-5809,"Men, Women",5669 W 95th Street Suite #3, Oak Lawn,IL,60526
Women's Care Center,"7107 N. Belmont Ave Suite #2, Chicago, IL 60632",773-237-2229,"Women, Men",7107 N. Belmont Ave Suite #2, Chicago,IL,60632
Uptown Med Spa,"36 Main Street Suite 104, Park Ridge, IL 60068",(847) 696-7282,"Women, Men",36 Main Street Suite 104, Park Ridge,IL,60068
Novi Te Medical Esthetics,"206 East Reynolds Dr Suite J1, Ruston, LA 71270",(318) 253-2022,"Women, Men",206 East Reynolds Dr Suite J1, Ruston,LA,71270
Today's Wellness and Aesthetics,"3913 W 95th Street, Evergreen Park, IL 60805",(708) 229-1444,"Men, Women",3913 W 95th Street, Evergreen Park,IL,60805
Lincoln CHC,"1140 South Vienna Street, Ruston, LA 71270",318-224-7190,"Women, Men",1140 South Vienna Street, Ruston,LA,71270
Green Clinic,"1200 South Farmerville Street, Ruston, LA 71270",(318) 251-6215,"Men, Women",1200 South Farmerville Street, Ruston,LA,71270
Essenza Health,"2628 Patriot Blvd, Glenview, IL 60026",847-386-7590,"Women, Men",2628 Patriot Blvd, Glenview,IL,60026
Elevate Hydration,"336 Cove Terrace Shopping Center Suite 336, Copperas Cove, TX 76522",(254) 987-0774,"Women, Men",336 Cove Terrace Shopping Center Suite 336, Copperas Cove,TX,76522
Functional Pharmacist Clinic,"401 Main Street, Lake Village, AR 71653",870-265-6603,"Women, Men",401 Main Street, Lake Village,AR,71653
Women's Healthcare Group of Illinois,"3 S. Greenleaf Street Suite A, Gurnee, IL 60031",(847) 244-0222,Women,3 S. Greenleaf Street Suite A, Gurnee,IL,60031
Alliance Health Care,"1710 Hwy 121 N Suite D, Murray, KY 42071",270-753-6100,"Women, Men",1710 Hwy 121 N Suite D, Murray,KY,42071
Rejeune MD Wellness and Aesthetics,"1285 Sunnyridge Rd. STE 101, Pewaukee, WI 53072",262-373-0169,"Women, Men",1285 Sunnyridge Rd. STE 101, Pewaukee,WI,53072
Rachel Head Urology,"617 Russell Blvd., Nacogdoches, TX 75965",(936) 305-5109,"Women, Men",617 Russell Blvd., Nacogdoches,TX,75965
Belton Health Spa,"120 Morgans Point Rd. Ste 102, Belton, TX 76513",(254) 718-0488,"Women, Men",120 Morgans Point Rd. Ste 102, Belton,TX,76513
Women's Healthcare Center of Chicago,"4009 W Fullerton Ave, Chicago, IL 60639",773-661-9049,"Women, Men",4009 W Fullerton Ave, Chicago,IL,60639
Bryan Davis Family Medicine,"129 Creek Bend Blvd, Nacogdoches, TX 75965",936-205-5949,"Women, Men",129 Creek Bend Blvd, Nacogdoches,TX,75965
Laccura Med Spa,"7350 North Cicero Ave, Lincolnwood, IL 60712",(847) 748-8948,,7350 North Cicero Ave, Lincolnwood,IL,60712
HalSpa Health SC,"750 Bowling Lane, Waupaca, WI 54981",(920) 659-0072,,750 Bowling Lane, Waupaca,WI,54981
Laccura Med Spa & Wellness Center,"1729 Green Bay Road, Highland Park, IL 60035",847-748-8948,"Women, Men",1729 Green Bay Road, Highland Park,IL,60035
Grand Forks Clinic,"5750 S. Washington, Grand Forks, ND 58201",(701) 775-5800 option 2,"Women, Men",5750 S. Washington, Grand Forks,ND,58201
MY MD Select,"3614 N. University Drive, Nacogdoches, TX 75965",936-205-9922,"Women, Men",3614 N. University Drive, Nacogdoches,TX,75965
Lindemann Family Practice,"3328 N University Dr., Nacogdoches, TX 75965",(936) 568-3141,"Men, Women",3328 N University Dr., Nacogdoches,TX,75965
WellConsulted,"20225 Water Tower Blvd Suite. 210, Brookfield, WI 53045",(262) 269-9899,"Women, Men",20225 Water Tower Blvd Suite. 210, Brookfield,WI,53045
West TN Bone and Joint Institute,"50 Capital Ave, Jackson, TN 38305",(731) 661-9825,"Women, Men",50 Capital Ave, Jackson,TN,38305
Boost & Balance Medspa,"35 Murray Guard Drive Suite B, Jacksonville, TN 38305",(731) 574-9172,"Women, Men",35 Murray Guard Drive Suite B, Jacksonville,TN,38305
Good Samaritan OBGYN,"700 Willow Street, Vincennes, IN 47591",(812) 882-1000,Women,700 Willow Street, Vincennes,IN,47591
Revive MKE,"16600 W National Ave, New Berlin, WI 53151",(414) 742-2568,"Women, Men",16600 W National Ave, New Berlin,WI,53151
New Life Medical Group,"241 Stonebridge Blvd Ste B, Jackson, TN 38305",(731) 660-2056,,241 Stonebridge Blvd Ste B, Jackson,TN,38305
New Life Medical Group,"241-B Stonebridge Blvd, Jackson, TN 38305",731-660-2056,"Women, Men",241-B Stonebridge Blvd, Jackson,TN,38305
Your Health and Wellness Home,"1019 Bayou Street, Vincennes, IN 47591",(812) 790-2877,Men,1019 Bayou Street, Vincennes,IN,47591
Magnolia Rose,"131 S. 4th Street Suite. 110, Terre Haute, IN 47807",(812) 230-4403,"Women, Men",131 S. 4th Street Suite. 110, Terre Haute,IN,47807
Wellstone Health Partners,"3800 South W.S. Young Dr Ste. 402, Killeen, TX 76542",(254) 618-4920,"Women, Men",3800 South W.S. Young Dr Ste. 402, Killeen,TX,76542
Olivo Medical Wellness Center,"2901 N Clybourn Ave, Chicago, IL 60618",(773) 423-6178,"Women, Men",2901 N Clybourn Ave, Chicago,IL,60618
Wagoner Family Clinic,"1023 N Mound St. Ste. E, Nacogdoches, TX 75961",(936) 305-4130,"Women, Men",1023 N Mound St. Ste. E, Nacogdoches,TX,75961
Integrated Pain Management,"3405 S Halsted, Chicago, IL 60609",(773) 818-3579,,3405 S Halsted, Chicago,IL,60609
Sulphur Creek Urgent Care,"306 W 10th St, Lampassas, TX 76550",512-564-1273,"Women, Men",306 W 10th St, Lampassas,TX,76550
Luna Med Spa,"19005 W. Capitol Dr Suite 130, Brookfield, WI 53045",(414) 448-7148,"Women, Men",19005 W. Capitol Dr Suite 130, Brookfield,WI,53045
Wellstone Health Partners - Family Medicine - Harker Heights,"300 W. Central Texas Expressway Suite. 117, Harker Heights, TX 76548",(254) 618-4940,"Women, Men",300 W. Central Texas Expressway Suite. 117, Harker Heights,TX,76548
Wellstone Health Partners,"2851 North Main Suite 1, Belton , TX 76513",254-939-1844,"Women, Men",2851 North Main Suite 1, Belton ,TX,76513
Kindle Wellness,"2401 Washington Street Suite F, Grand Forks, ND 58201",(701) 248-8216,"Women, Men",2401 Washington Street Suite F, Grand Forks,ND,58201
Opulence Chicago,"630 Lake Street, Chicago, IL 60661",(312) 340-5948,"Women, Men",630 Lake Street, Chicago,IL,60661
"Valentin Tureanu, MD","5015 N. Paulina St. Suite 220, Chicago, IL 60640",773-989-1355,"Women, Men",5015 N. Paulina St. Suite 220, Chicago,IL,60640
Women's Healthcare Clinic,"302 Arnold Ave., Greenville, MS 38701",662-335-2095,"Women, Men",302 Arnold Ave., Greenville,MS,38701
ReAlignMed,"916 W Belmont Ave, Chicago, IL 60657",(773) 665-4400,"Women, Men",916 W Belmont Ave, Chicago,IL,60657
Esperay Integrative Medicine,"990 Grove Street, Evanston, IL 60201",224-999-0163,"Women, Men",990 Grove Street, Evanston,IL,60201
IVME Wellness + Aesthetics,"1347 N. Wells St., Chicago, IL 60610",312-350-1822,"Women, Men",1347 N. Wells St., Chicago,IL,60610
Down There Urology,"1030 N Clark Street Suite. 310, Chicago, IL 60610",(312) 620-1803,"Women, Men",1030 N Clark Street Suite. 310, Chicago,IL,60610
Raby Institute for Integrative Medicine at Northwestern,"150 N. Michigan Avenue Suite1400, Chicago, IL 60601",(312) 276-1212,"Men, Women",150 N. Michigan Avenue Suite1400, Chicago,IL,60601
Emerald Health and Wellness,"241 W Graysville Street, Sullivan, IN 47882",(812) 892-8100,,241 W Graysville Street, Sullivan,IN,47882
Erickson Cosmetic Dermatology & Lifestyle Medicine,"737 N Michigan Suite 900, Chicago, IL 60611",312-300-6858,"Women, Men",737 N Michigan Suite 900, Chicago,IL,60611
Renew Delta,"1687  South Main St, Greenville, MS 38701",(662) 702-3593,"Women, Men",1687  South Main St, Greenville,MS,38701
"The Gynecology Institute of Chicago, Ltd.","680 N Lake Shore Drive Suite 1424, Chicago, IL 60611",(312) 929-9191,,680 N Lake Shore Drive Suite 1424, Chicago,IL,60611
Radiance Aesthetics,"3850 Wabash Ave., Terre Haute, IN 47803",(812) 200-6078,"Women, Men",3850 Wabash Ave., Terre Haute,IN,47803
Hometown Health Clinic,"205 Hospital Drive, McKenzie, TN 38201",(731) 352-7907,"Women, Men",205 Hospital Drive, McKenzie,TN,38201
Midwest SpineCare SC,"1100 Joliet St Ste 104, Dyer, IN 46311",(219) 836-4955,"Men, Women",1100 Joliet St Ste 104, Dyer,IN,46311
Wellstone Health Partners - South Temple Family Medicine,"4901 S. 31st St. Suite 120, Temple, TX 76502",(254) 618-1020,,4901 S. 31st St. Suite 120, Temple,TX,76502
Jem MedSpa,"9610 N Centennial Drive Suite F, Munster, IN 46321",(219) 249-0777,"Women, Men",9610 N Centennial Drive Suite F, Munster,IN,46321
Balance Integrative and Infusion,"5297 S. 31st. St. Suite 115, Temple, TX 76502",(254) 228-0588,"Women, Men",5297 S. 31st. St. Suite 115, Temple,TX,76502
Restore Your Health PLLC,"5250 South 31st Street, Temple, TX 76502",(254) 314-8699,"Women, Men",5250 South 31st Street, Temple,TX,76502
Forever Young Anti-aging & Weight Loss Center,"12868 W. Bluemound Road, Elm Grove, WI 53122",(414) 616-3935,"Women, Men",12868 W. Bluemound Road, Elm Grove,WI,53122
Rise Health LLC,"431 Main Street, Lander, WY 82520",307-201-7473,"Women, Men",431 Main Street, Lander,WY,82520
Terre Haute-Body BarMD,"4949 E. Poplar Dr., Terre Haute, IN 47803",317-344-0930,"Women, Men",4949 E. Poplar Dr., Terre Haute,IN,47803
Affordable Beauty,"6530 Sheridan Road, Kenosha, WI 53143",262-657-8360,"Women, Men",6530 Sheridan Road, Kenosha,WI,53143
Glow Aesthetic Medicine and Wellness,"2345 W Franklin St Suite 102, Evansville, IN 47712",(812) 393-1081,"Women, Men",2345 W Franklin St Suite 102, Evansville,IN,47712
Byron Health and Healing Center,"6232 Bankers Road Lower Level, Mount Pleasant, WI 53403",(262) 672-6393,"Women, Men",6232 Bankers Road Lower Level, Mount Pleasant,WI,53403
Effortless Beauty Medical Spa,"127 Rio St Ste A, Ruidoso, NM 88345",(575) 937-5296,"Women, Men",127 Rio St Ste A, Ruidoso,NM,88345
Sweet Tox,"N80W12878 Fond du Lac Ave, Menomonee Falls, WI 53051",(414) 882-0082,"Women, Men",N80W12878 Fond du Lac Ave, Menomonee Falls,WI,53051
Vanessa's Family Clinic,"402 E Wood Ave Suite B, Carlsbad, NM 88220",(575) 941-2500,"Women, Men",402 E Wood Ave Suite B, Carlsbad,NM,88220
Strong Roots Family Clinic,"3113 National Parks Hwy Ste #3, Carlsbad, NM 88220",(575) 988-9511,"Women, Men",3113 National Parks Hwy Ste #3, Carlsbad,NM,88220
Allen Spires Clinic,"301 Davenport Avenue, Mer Rouge, LA 71261",(318) 647-5008,"Men, Women",301 Davenport Avenue, Mer Rouge,LA,71261
Veauxgue Health & Wellness Center,"206 Bell Lane, West Monroe, LA 71291",(318) 310-5840,"Women, Men",206 Bell Lane, West Monroe,LA,71291
The Woman’s Clinic,"417 McMillan Rd, West Monroe, LA 71291",(318) 388-4030,"Women, Men",417 McMillan Rd, West Monroe,LA,71291
Medical Surgical Wellness Center,"8127 Merrillville Rd Ste 3, Merrillville, IN 46410",219-791-9782,"Women, Men",8127 Merrillville Rd Ste 3, Merrillville,IN,46410
IVME Wellness + Aesthetics,"331 N Broadway, Milwaukee, WI 53202",262-230-2190,"Women, Men",331 N Broadway, Milwaukee,WI,53202
Resilience Recovery,"1205 Royal Ave, Monroe, LA 71201",(318) 654-4075,Women,1205 Royal Ave, Monroe,LA,71201
Glow East Aesthetic Medicine and Wellness,"900 Tutor Lane Suite 102, Evansville, IN 47715",(812) 892-0000,"Women, Men",900 Tutor Lane Suite 102, Evansville,IN,47715
Evansville OBGYN,"7145 E. Virginia Street, Evansville, IN 47715",812-858-2229,"Women, Men",7145 E. Virginia Street, Evansville,IN,47715
The Woman’s Clinic,"312 GRAMMONT ST STE 300, Monroe, LA 71201",318-388-4030,"Women, Men",312 GRAMMONT ST STE 300, Monroe,LA,71201
MDRN Wellness,"318 E Silver Spring Dr, Whitefish Bay, WI 53217",(262) 293-5344,"Women, Men",318 E Silver Spring Dr, Whitefish Bay,WI,53217
Cady Wellness Institute,"4727 Rosebud Lane Suite F, Newburgh, IN 47630",(812) 429-0772,"Women, Men",4727 Rosebud Lane Suite F, Newburgh,IN,47630
Bright Soul Wellness Center,"2186 W US Hwy 40, Brazil, IN 47834",(812) 878-8223,,2186 W US Hwy 40, Brazil,IN,47834
Indianola Family Medical Clinic,"122 East Baker St., Indianola, MS 38751",662-887-2212,"Women, Men",122 East Baker St., Indianola,MS,38751
Reclaim Your Health and Wellness,"803 W National Ave, Brazil, IN 47834",(812) 442-5600,"Women, Men",803 W National Ave, Brazil,IN,47834
Elevate Care Clinic,"503 W. National Ave., Brazil, IN 47834",(812) 995-4197,"Men, Women",503 W. National Ave., Brazil,IN,47834
More Medical Aesthetics and Wellness,"11433 N Port Washington Road, Mequon, WI 53092",(847) 867-1065,"Men, Women",11433 N Port Washington Road, Mequon,WI,53092
Forum Health,"10602 N PORT WASHINGTON RD STE 101, MEQUON, WI 53092",(920) 287-8185,,10602 N PORT WASHINGTON RD STE 101, MEQUON,WI,53092
Neff Health LLC,"8788 Ruffian Lane Ste B, Newburgh, IN 47630",(812) 758-8511,"Women, Men",8788 Ruffian Lane Ste B, Newburgh,IN,47630
Essential Health and Wellness Center,"305 Shands Dr, Lufkin, TX 75904",9362253657,"Women, Men",305 Shands Dr, Lufkin,TX,75904
VIP Health Aesthetics and Functional Wellness,"202 S. John Redditt Dr., Lufkin, TX 75904",(936) 639-1005,"Women, Men",202 S. John Redditt Dr., Lufkin,TX,75904
Allure Aesthetics,"121 Gaslight Medical Parkway Ste. 100-B, Lufkin, TX 75904",(936) 238-8707,"Women, Men",121 Gaslight Medical Parkway Ste. 100-B, Lufkin,TX,75904
Woodland Heights Women's Health,"501 S John Redditt Dr Suite 209, Lufkin, TX 75904",(903) 633-1220,,501 S John Redditt Dr Suite 209, Lufkin,TX,75904
Jerry L Johnson MD PA,"503 S John Redditt Drive, Lufkin, TX 75904",(936) 699-5635,"Women, Men",503 S John Redditt Drive, Lufkin,TX,75904
Dedicated Medical Center and Urgent Care Lufkin,"410 Gaslight Blvd, Lufkin, TX 75904",(936) 639-5150,Women,410 Gaslight Blvd, Lufkin,TX,75904
Go MedMobile PLLC,"4100 South Medford Dr Suite 201, Lufkin, TX 75901",(936) 634-6334,"Women, Men",4100 South Medford Dr Suite 201, Lufkin,TX,75901
Heartland OBGYN,"1401 Memorial Ave B, Washington, IN 47501",(812) 254-2400,"Women, Men",1401 Memorial Ave B, Washington,IN,47501
CMC MD,"1415 University Avenue Suite. 1, Oxford, MS 38655",(850) 502-3830,,1415 University Avenue Suite. 1, Oxford,MS,38655
Crane Rural Health Clinic,"1310 S. Alford St. Suite A, Crane, TX 79731",432-558-3758,"Women, Men",1310 S. Alford St. Suite A, Crane,TX,79731
Hometown Health Clinic,"306 Highway 641 N, Camden, TN 38320",(731) 213-2344,"Women, Men",306 Highway 641 N, Camden,TN,38320
HalSpa,"3416 N. Association Drive, Appleton, WI 54915",(920) 659-0072,"Men, Women",3416 N. Association Drive, Appleton,WI,54915
HalSpa Health,"3416 N Association Drive, Appleton, WI 54914",(920) 659-0072,"Women, Men",3416 N Association Drive, Appleton,WI,54914
Two Sparrows Wellness and Beauty Bar,"2406 Main Street, Miles City, MT 59301",(406) 853-3250,"Women, Men",2406 Main Street, Miles City,MT,59301
Worth MD & Co,"230 N Hastings Street, Montgomery, IN 47558",(812) 639-5953,Women,230 N Hastings Street, Montgomery,IN,47558
Pure Regenerative,"500 Sagamore Pkwy W, West Lafayette, IN 47906",(765) 650 7873,"Women, Men",500 Sagamore Pkwy W, West Lafayette,IN,47906
The Well Aesthetics & Wellness,"703 Louisa Street, Rayville, LA 71269",(318) 661-9906,"Women, Men",703 Louisa Street, Rayville,LA,71269
WishLane,"2807 N Ballard Rd, Appleton, WI 54913",(920) 512-8822,"Women, Men",2807 N Ballard Rd, Appleton,WI,54913
Northland Health and Wellness,"522 East Howard Street Suite 107, Hibbing, MN 55746",(218) 750-7511,Women,522 East Howard Street Suite 107, Hibbing,MN,55746
Demko Clinic,"810 Michael Dr. Suite E, Chesterton, IN 46304",219-921-2095,"Women, Men",810 Michael Dr. Suite E, Chesterton,IN,46304
The Results Lounge,"2529 Schuyler Ave Suite 500, Lafayette, IN 47905",765-701-0249,"Women, Men",2529 Schuyler Ave Suite 500, Lafayette,IN,47905
THE WELLNESS SPOT,"3135 Concord Rd Ste 3, Lafayette, IN 47909-4066",(765) 838-2317,"Women, Men",3135 Concord Rd Ste 3, Lafayette,IN,47909-4066
Resurrection Health,"3830 South Street, Lafayette, IN 47905",(765) 427-9100,"Women, Men",3830 South Street, Lafayette,IN,47905
Winnfield CHC,"407 W. COURT ST., Winnfield, LA 71483",318-648-0375,"Women, Men",407 W. COURT ST., Winnfield,LA,71483
Aurora Medical Spa - Georgetown,"1013 West University Ave Suite 193, George Town, TX 78628",(512) 359-8349,"Women, Men",1013 West University Ave Suite 193, George Town,TX,78628
Mason Health Care - Ladoga,"300 E Main St. Suite 2, Ladoga, IN 47954",(765) 946-3331,"Women, Men",300 E Main St. Suite 2, Ladoga,IN,47954
Texas Well Woman,"101 Sunrise Dr, Sunrise Beach, TX 78643",(830) 262-2022,"Women, Men",101 Sunrise Dr, Sunrise Beach,TX,78643
Comprehensive Care Clinic,"2002 S Virginia St, Hopkinsville, KY 42240",(270) 874-2026,"Women, Men",2002 S Virginia St, Hopkinsville,KY,42240
Balance Health and Wellness Clinic,"1502 Blue Ridge Dr. Ste. 305, Georgetown, TX 78626",(512) 963-3993,"Women, Men",1502 Blue Ridge Dr. Ste. 305, Georgetown,TX,78626
Rejuvenation Wellness Spa,"103 S Main St, Monticello, IN 47960",(574) 297-7995,"Women, Men",103 S Main St, Monticello,IN,47960
Skin Rehab,"15 E 7th St., Grafton, ND 58237",701-379-0140,"Women, Men",15 E 7th St., Grafton,ND,58237
River Hills Wellness,"1640 Highland Falls Drive Suite 601, Leander, TX 78641",(512) 345-7436,"Women, Men",1640 Highland Falls Drive Suite 601, Leander,TX,78641
Worth MD & Company,"512 3rd Avenue Suite 101, Jasper, IN 47546",(812) 639-5953,"Women, Men",512 3rd Avenue Suite 101, Jasper,IN,47546
Legacy Health Clinic,"1603 35th Ave SW, Minot, ND 58701",(701) 838-6000,"Men, Women",1603 35th Ave SW, Minot,ND,58701
Advanced Bioidentical Hormone Therapy,"200 E. 24th St., Bryan, TX 77803",979-485-9925,"Women, Men",200 E. 24th St., Bryan,TX,77803
L-Aesthetics & Longevity,"1120 Cottonwood Creek Trail Suite 180B, Cedar Park, TX 78613",512-505-8645,"Women, Men",1120 Cottonwood Creek Trail Suite 180B, Cedar Park,TX,78613
Citizens Rural Clinic,"484 Collins Rd Ste. C, Columbia, LA 71418",(318) 649-5300,"Women, Men",484 Collins Rd Ste. C, Columbia,LA,71418
MegMed Health,"210 Hwy 30 W, New Albany, MS 38652",(662) 539-7014,"Women, Men",210 Hwy 30 W, New Albany,MS,38652
Hodag HydrO2,"22 West Davenport St, Rhinelander, WI 54501",715-369-1617,"Women, Men",22 West Davenport St, Rhinelander,WI,54501
PRIDE Family Medicine,"1201 N. Lakeline Blvd. Suite 400, Cedar Park, TX 78613",512-379-7272,"Women, Men",1201 N. Lakeline Blvd. Suite 400, Cedar Park,TX,78613
Laurelle Family Health & Wellness Center,"2304 De Lee Street Ste. 200, Bryan, TX 77802",(979) 431-5800,"Women, Men",2304 De Lee Street Ste. 200, Bryan,TX,77802
BCS Medical,"2011 East Villa Maria rd ste 100, Bryan, TX 77802",979-731-1676,"Women, Men",2011 East Villa Maria rd ste 100, Bryan,TX,77802
Faith Family Clinic of Kossuth LLC,"820 Hwy 2, Corinth, MS 38834",(662) 286-0909,"Women, Men",820 Hwy 2, Corinth,MS,38834
"Steven K. Foster, MD","190 Buttercup Creek Blvd., Cedar Park, TX 78613",512-336-5824,"Women, Men",190 Buttercup Creek Blvd., Cedar Park,TX,78613
Top Beauty Bar,"1226 N 8th St, Sheboygan, WI 53081",920-678-7709,"Women, Men",1226 N 8th St, Sheboygan,WI,53081
Maui MedSpa,"10526 W. Parmer Lane Suite 425, Austin, TX 78717",(737) 240-2212,"Women, Men",10526 W. Parmer Lane Suite 425, Austin,TX,78717
Face to Face Spa at Avery Ranch,"1400 Avery Ranch Blvd. Ste C-100, Austin, TX 78717",(210) 710-7996,,1400 Avery Ranch Blvd. Ste C-100, Austin,TX,78717
ProMD Health,"201 E. Wilco Hwy Suite 200, Hutto, TX 78634",(512) 798-8706,"Men, Women",201 E. Wilco Hwy Suite 200, Hutto,TX,78634
Evolution Health Services,"3720 Gattis School Rd. Suite 800, Round Rock, TX 78664",7372225553,Women,3720 Gattis School Rd. Suite 800, Round Rock,TX,78664
Urology Specialists of Austin,"970 Hester's Crossing Road #101, Round Rock, TX 78681",512-238-0762,"Men, Women",970 Hester's Crossing Road #101, Round Rock,TX,78681
The Glow Bar A Premier Med Spa,"392 Main Street, Ecru, MS 39705",(662) 573-4800,,392 Main Street, Ecru,MS,39705
Winnsboro Medical Clinic,"3326 Front St. Suite B, Winnsboro, LA 71295",(318) 435-3872,"Women, Men",3326 Front St. Suite B, Winnsboro,LA,71295
Hardtner Medical Clinic,"15712 Hwy 165 Suite 500, Olla, LA 71465",(318) 495-3880,"Women, Men",15712 Hwy 165 Suite 500, Olla,LA,71465
Genesis Ob/Gyn,"1602 Rock Prairie Rd. Suite 460, College Station, TX 77845",979-704-6173,"Women, Men",1602 Rock Prairie Rd. Suite 460, College Station,TX,77845
Onalaska Family Clinic,"14181 US Hwy 190, Onalaska, TX 77360",(936) 646-7541,"Men, Women",14181 US Hwy 190, Onalaska,TX,77360
Huntsville Health and Aesthetics,"103 Medical Park Ln. Suite A, Hunstville, TX 77340",(936) 701-0023,"Women, Men",103 Medical Park Ln. Suite A, Hunstville,TX,77340
Compassionate Care Clinic LLC,"60 Brazelton St Unit #6, Savannah, TN 38372",(731) 607-2388,"Women, Men",60 Brazelton St Unit #6, Savannah,TN,38372
Tennessee River Family Health,"80 Enoch Boulevard, Savannah, TN 38372",(731) 926-9600,"Women, Men",80 Enoch Boulevard, Savannah,TN,38372
Franklin Medical Center,"2106 Loop Road, Winnsboro, LA 71295",318-412-2261,"Women, Men",2106 Loop Road, Winnsboro,LA,71295
Cumberland Weight Loss,"265 Stonecrossing Drive Suite H, Clarksville, TN 37042",(931) 494-2045,,265 Stonecrossing Drive Suite H, Clarksville,TN,37042
Austin Area Obstetrics and Gynecology- Anderson,"12200 Renfert Way Ste100, Austin, TX 78758",(512) 652-7001,Women,12200 Renfert Way Ste100, Austin,TX,78758
Austin Area Obstetrics and Gynecology,"12200 Renfert Way Suite 100, Austin, TX 78758",(512) 451-8211,"Men, Women",12200 Renfert Way Suite 100, Austin,TX,78758
Austin Area Obstetrics and Gynecology,"12200 Renfert Way #100, Austin, TX 78758",512-451-8211,"Women, Men",12200 Renfert Way #100, Austin,TX,78758
Austin Area Obstetrics and Gynecology,"12200 Renfert Way Suite 100, Austin, TX 78758",(512) 504-7655,"Women, Men",12200 Renfert Way Suite 100, Austin,TX,78758
Austin Area Obstetrics and Gynecology,"12200 Renfert Way Ste 100, Austin, TX 78758",512-504-7655,"Women, Men",12200 Renfert Way Ste 100, Austin,TX,78758
Austin Area Obstetrics and Gynecology – Esfandiari,"12200 Renfert Way Suite 100, Austin, TX 78758",(512) 451-8211,"Women, Men",12200 Renfert Way Suite 100, Austin,TX,78758
Dr. Sherry Neyman MD,"12201 Renfert Way Ste 101, Austin, TX 78758",737-530-4877,"Women, Men",12201 Renfert Way Ste 101, Austin,TX,78758
Violet Crown Women's Wellness,"12201 Renfert Way Suite 305, Austin, TX 78758",(512) 580-4766,Women,12201 Renfert Way Suite 305, Austin,TX,78758
Thrive Medical Clinic,"2217 Park Bend Dr Ste 210, Austin, TX 78758",512-697-7090,"Women, Men",2217 Park Bend Dr Ste 210, Austin,TX,78758
Onsite House Call Clinic,"280 Turkpike Road, Pontotoc, MS 38863",(662) 801-2826,"Women, Men",280 Turkpike Road, Pontotoc,MS,38863
Advanced Health Initiatives LLC,"1805 E. Wabash St, Frankfort, IN 46041",(765) 659-1881,,1805 E. Wabash St, Frankfort,IN,46041
L-Aesthetics & Longevity,"1603 Ranch Road 620 N Suite 250, Lakeway, TX 78734",512-505-8645,"Men, Women",1603 Ranch Road 620 N Suite 250, Lakeway,TX,78734
Redemption Health & Wellness,"2801 N Walnut Street Suite 6, Bloomington, IN 47404",(317) 331-3109,,2801 N Walnut Street Suite 6, Bloomington,IN,47404
Vanished Aesthetics and Contouring,"1205 N Walnut St., Bloomington, IN 47404",812-320-2284,"Women, Men",1205 N Walnut St., Bloomington,IN,47404
Best Face Forward,"1913 North Lebanon Street, Lebanon, IN 46052",(317) 727-6956,"Men, Women",1913 North Lebanon Street, Lebanon,IN,46052
North Big Horn Hospital Clinic,"1115 Lane 12, Lovell, WY 82431",307-548-5201,"Women, Men",1115 Lane 12, Lovell,WY,82431
Total Care at The Lake,"2427 Sam Rayburn Pkwy, Brookeland, TX 75931",(409) 489-4220,"Women, Men",2427 Sam Rayburn Pkwy, Brookeland,TX,75931
Discovery Health and Healing Center,"1601 S. Webster Avenue, Green Bay, WI 54301",(920) 343-6443,Women,1601 S. Webster Avenue, Green Bay,WI,54301
Andry Medical Services,"770 E Rhorer Rd, Bloomington, IN 47401",812-331-8282,"Women, Men",770 E Rhorer Rd, Bloomington,IN,47401
Well Infused Tell City,"847 Main Street, Tell City, IN 47586",(812) 719-1036,Women,847 Main Street, Tell City,IN,47586
Resilient Health,"3410 Far West Blvd Suite 100, Austin, TX 78731",512-717-9775,"Women, Men",3410 Far West Blvd Suite 100, Austin,TX,78731
Regenerative Health Solutions,"2005 N Second Street, Booneville, MS 38829",(662) 512-8592,,2005 N Second Street, Booneville,MS,38829
Unveiled Health,"3105 South Sare Rd. Ste 102, Bloomington, IN 47401",812.269.7377,"Men, Women",3105 South Sare Rd. Ste 102, Bloomington,IN,47401
Face to Face Spa,"3801 Hwy 360 Ste F110, Austin, TX 78746",512-215-8535,"Men, Women",3801 Hwy 360 Ste F110, Austin,TX,78746
Steel Family Medicine Clarksville,"787 Weatherly Drive Ste 300, Clarksville, TN 37043",(615) 746-6091,,787 Weatherly Drive Ste 300, Clarksville,TN,37043
L-Aesthetics & Longevity,"11813 Bee Caves Rd. Suite B, Austin, TX 78738",512-505-8645,"Women, Men",11813 Bee Caves Rd. Suite B, Austin,TX,78738
West Park Primary Care,"210 West Park Drive Suite 104, Livingston, TX 77351",(936) 328-5820,Women,210 West Park Drive Suite 104, Livingston,TX,77351
Face to Face Spa Bee Cave,"12815 Shops Pkwy #150, Bee Cave, TX 78738",(512) 502-5589,"Women, Men",12815 Shops Pkwy #150, Bee Cave,TX,78738
Vitae Clinic Obstetrics & Gynecology,"4201 Marathon Blvd 3rd Floor, Austin, TX 78756",(512) 458-6060,"Women, Men",4201 Marathon Blvd 3rd Floor, Austin,TX,78756
Brownsburg Clinic and Med Spa,"640 Patrick Place Suite B, Brownsburg, IN 46112",(317) 456-0411,"Men, Women",640 Patrick Place Suite B, Brownsburg,IN,46112
Total Body Wellness,"475 E. Northfield Dr. Suite B, Brownsburg, IN 46112",(317) 286-3147,"Women, Men",475 E. Northfield Dr. Suite B, Brownsburg,IN,46112
Bakken Walkin,"813 S CENTRAL AVE, SIDNEY, MT 59270",(832) 330-4931,,813 S CENTRAL AVE, SIDNEY,MT,59270
Mid-Texas Health Care,"1305 N. Milam, Fredericksburg, TX 78624",(830) 997-7626,"Women, Men",1305 N. Milam, Fredericksburg,TX,78624
Calvary Medical Clinic,"309 Hwy 59 Loop S, Livingston, TX 77351",936-327-1055,"Women, Men",309 Hwy 59 Loop S, Livingston,TX,77351
DERMA RESCUE LLC,"201 S Central Ave, Sidney, MT 59270",(701) 339-8979,,201 S Central Ave, Sidney,MT,59270
Austin Med Spa,"1611 W 6th Street, Austin, TX 78703",512-479-9997,"Women, Men",1611 W 6th Street, Austin,TX,78703
Pura Medical Aesthetics,"1310 S 1st St, Austin, TX 78704",(281) 657-6074,,1310 S 1st St, Austin,TX,78704
Snatched,"1600 East Riverside Drive Suite 103, Austin, TX 78741",(512) 517-8246,"Women, Men",1600 East Riverside Drive Suite 103, Austin,TX,78741
Premier Aesthetics,"1890 McCullough Blvd Suite 102, Tupelo, MS 38801",6628714677,"Women, Men",1890 McCullough Blvd Suite 102, Tupelo,MS,38801
Victory Medical,"4303 Victory Dr., Austin, TX 78704",(512) 462-3627,"Women, Men",4303 Victory Dr., Austin,TX,78704
Remedy,"2213 West Jackson St., Tupelo, MS 38801",662-584-2943,"Women, Men",2213 West Jackson St., Tupelo,MS,38801
Austin Springs Women's Health,"1221 W Ben White Blvd. Suite A210, Austin, TX 78704",(512) 394-0054,Women,1221 W Ben White Blvd. Suite A210, Austin,TX,78704
Providence Family Care,"21 Alpine Street, Coldspring, TX 77331",936-647-2227,"Women, Men",21 Alpine Street, Coldspring,TX,77331
Integrative Direct Primary Care,"55 Brendon Way, Zionsville, IN 46077",(317) 447-4532,"Men, Women",55 Brendon Way, Zionsville,IN,46077
Dedicated Medical Center and Urgent Care,"703 W Bluff Street, Woodville, TX 75979",(409) 200-2811,"Women, Men",703 W Bluff Street, Woodville,TX,75979
Radiant Skin,"60 North Main Street, Zionsville, IN 46077",317-344-2972,"Women, Men",60 North Main Street, Zionsville,IN,46077
Face to Face Circle C,"5701 W. Slaughter Lane, Austin, TX 78749",(512) 382-6617,Women,5701 W. Slaughter Lane, Austin,TX,78749
Face to Face Spa Dripping Springs,"2690 East Highway 290 Suite 200, Dripping Springs, TX 78620",(512) 829-5470,"Women, Men",2690 East Highway 290 Suite 200, Dripping Springs,TX,78620
Hill Country Ob/Gyn,"9805 Brodie Lane, Austin, TX 78748",512-462-1936,Women,9805 Brodie Lane, Austin,TX,78748
Carmel-Body BarMD,"9650 Commerce Drive Suite 511, Carmel, IN 46032",(317) 344-0930,"Women, Men",9650 Commerce Drive Suite 511, Carmel,IN,46032
"Kristen Alexander, FNP","1614 South 5th Street, Leesville, LA 71446",(337) 239-2776,"Women, Men",1614 South 5th Street, Leesville,LA,71446
Avalon Medical Clinic,"1413 West Quitman, Iuka, MS 38852",(662) 424-9550,"Women, Men",1413 West Quitman, Iuka,MS,38852
Dr. Madonna Fabian MD PC,"3078 Niles Rd, St. Joseph, MI 49085",(269) 287-3949,"Women, Men",3078 Niles Rd, St. Joseph,MI,49085
Elevate Health,"313 Western Blvd, Greenwood, IN 46142",(317) 708-0798,"Women, Men",313 Western Blvd, Greenwood,IN,46142
Optimal Renew at The Pain Institute,"1373 E State Road 62 Suite B, Madison, IN 47250",502-423-7246,"Women, Men",1373 E State Road 62 Suite B, Madison,IN,47250
Stockton Vitality & Health,"703 North Main Street, Ft. Stockton, TX 79735",(432) 360-3029,"Women, Men",703 North Main Street, Ft. Stockton,TX,79735
Rejuve Wellness,"20165 Eva St. Suite J, Montgomery, TX 77356",(281) 651-5170,"Women, Men",20165 Eva St. Suite J, Montgomery,TX,77356
East Grant CHC,"9465 U.S. Hwy 165, Pollock, LA 71467",318-310-2513,"Women, Men",9465 U.S. Hwy 165, Pollock,LA,71467
Plantersville Family Clinic,"2464 Main Street P.O. Box 219, Plantersville, MS 38862",(662) 842-4877,"Women, Men",2464 Main Street P.O. Box 219, Plantersville,MS,38862
Advanced Hormone Therapy of Montgomery,"19782 Hwy W 105 Suite 111, Montgomery, TX 77356",936-582-0220,"Women, Men",19782 Hwy W 105 Suite 111, Montgomery,TX,77356
Integrative Health Specialists,"9333 N. Meridian St. Suite 101, Indianapolis, IN 46260",317-580-9333,"Women, Men",9333 N. Meridian St. Suite 101, Indianapolis,IN,46260
Health is Wealth Family Care,"9333 N Meridian St, Indianapolis, IN 46260",(317) 669-0820,"Women, Men",9333 N Meridian St, Indianapolis,IN,46260
NRI Integrative Health & Aesthetics,"9075 N. Meridian St. Suite 150, Indianapolis, IN 46260",(317) 575-1111,"Women, Men",9075 N. Meridian St. Suite 150, Indianapolis,IN,46260
"Michele A Finley, MD Cosmetic Medicine","12337 Hancock St Suite 22, Carmel, IN 46032",(317) 571-9966,"Women, Men",12337 Hancock St Suite 22, Carmel,IN,46032
Pain and Wellness Solutions,"755 West Carmel Drive Suite 211, Carmel, IN 46032",(317) 819-4949,"Women, Men",755 West Carmel Drive Suite 211, Carmel,IN,46032
Mary's Clinic,"596 E. Austin Street, Giddings, TX 78942",979-540-2122,"Women, Men",596 E. Austin Street, Giddings,TX,78942
Skin Renew Day Spa & Wellness Center,"3019 Meridian Meadows Rd, Greenwood, IN 46142",(317) 360-6336,"Women, Men",3019 Meridian Meadows Rd, Greenwood,IN,46142
Defy of Indiana,"715 W. Carmel Dr. 101, Carmel, IN 46032",(317) 361-4481,"Women, Men",715 W. Carmel Dr. 101, Carmel,IN,46032
Helix Advanced Medicine,"2020 S SR-135, Greenwood, IN 46143",(317-) 9792507,,2020 S SR-135, Greenwood,IN,46143
Renewed Wellness,"107 N. State Road 135 Ste. 202, Greenwood, IN 46142",(317) 348-3444,"Women, Men",107 N. State Road 135 Ste. 202, Greenwood,IN,46142
Yoo Direct Health,"107 N. State Road 135 Suite 106, Greenwood, IN 46142",(317) 523-9160,"Men, Women",107 N. State Road 135 Suite 106, Greenwood,IN,46142
Alpha Omega Wellness,"1777 W. Stones Crossing Rd, Greenwood, IN 46143",(317) 300-4091,"Women, Men",1777 W. Stones Crossing Rd, Greenwood,IN,46143
Premier Clinic in Mooreville,"710 Hwy. 371, Mooreville, MS 38857",662-840-4577,"Women, Men",710 Hwy. 371, Mooreville,MS,38857
Total Body Wellness-Greenwood,"1458 W. Stones Crossing Rd Suite 104, Greenwood, IN 46143",(317) 286-3147,"Women, Men",1458 W. Stones Crossing Rd Suite 104, Greenwood,IN,46143
Renova Total Health,"145 West Elm Street #170, Carmel, IN 46032",(317) 564-8305,"Women, Men",145 West Elm Street #170, Carmel,IN,46032
Regenerative Health Institute,"20 Executive Dr Suite A, Carmel, IN 46239",317-993-3361,"Women, Men",20 Executive Dr Suite A, Carmel,IN,46239
"Cody Regional Health, OBGYN Clinic","424 Yellowstone Ave Suite 330, Cody, WY 82414",(307) 578-2770,Women,424 Yellowstone Ave Suite 330, Cody,WY,82414
Wise Aesthetics,"2325 Pointe Pkwy Suite110, Carel, IN 46032",(317) 569-6448,Women,2325 Pointe Pkwy Suite110, Carel,IN,46032
SomaVie Wellness Center and Med Spa,"8901 River Crossing Blvd. Suite A, Indianapolis, IN 46240",(317) 455-8540,"Women, Men",8901 River Crossing Blvd. Suite A, Indianapolis,IN,46240
Miles Metabolic Medicine,"284 N. Madison Ave, Greenwood, IN 46142",(317) 300-6012,"Women, Men",284 N. Madison Ave, Greenwood,IN,46142
Hamilton Facial Plastic Surgery,"533 E County Line Rd, Greenwood, IN 46143",(317) 614-0639,"Women, Men",533 E County Line Rd, Greenwood,IN,46143
Klarity,"549 E County line Road Suite E, Greenwood, IN 46143",(317) 777-1034,Women,549 E County line Road Suite E, Greenwood,IN,46143
Enliven Health and Wellness,"5699 E. 71st Street St.1A, Indianapolis, IN 46220",(317) 768-0096,"Men, Women",5699 E. 71st Street St.1A, Indianapolis,IN,46220
Steel Family Medicine,"6312 Highway 41A Suite 108, Pleasant View, TN 37146",(615) 271-9445,Women,6312 Highway 41A Suite 108, Pleasant View,TN,37146
Hush Medical Aesthetics,"6312 Hwy 41A Suite 104A, Pleasant View, TN 37146",(615) 398-2662,Women,6312 Hwy 41A Suite 104A, Pleasant View,TN,37146
Skin Renew Day Spa & Laser Center,"5220 E Southport Rd., Indianapolis, IN 46237",(317) 848-7546,"Women, Men",5220 E Southport Rd., Indianapolis,IN,46237
AMORE Health + Beauty LLC,"6294 Hwy 41A, Pleasant View, TN 37146",629-244-1654,"Women, Men",6294 Hwy 41A, Pleasant View,TN,37146
Derma Rescue,"1219 Knoll Street, Williston, ND 58801",(701) 339-8979,"Men, Women",1219 Knoll Street, Williston,ND,58801
Klarity Indianapolis,"8123 Castleton Rd., Indianapols, IN 46250",(317) 777-1034,"Women, Men",8123 Castleton Rd., Indianapols,IN,46250
Core Sports Health,"2251 N Loop 336 W STE B, Conroe, TX 77304",936-441-2673,"Women, Men",2251 N Loop 336 W STE B, Conroe,TX,77304
Gem Science,"6905 E. 96th St. Suite 500, Indianapolis, IN 46250",317-708-9912,"Men, Women",6905 E. 96th St. Suite 500, Indianapolis,IN,46250
Embracing Functional Wellness,"1915 N. Frazier, Conroe, TX 77389",(936) 251-6515,"Women, Men",1915 N. Frazier, Conroe,TX,77389
Young Age Management,"117 Hugo St. Suite C, Kerrville, TX 78028",(830) 855-8442,,117 Hugo St. Suite C, Kerrville,TX,78028
"Spencer Wellness Centre, LLC","7202 E. 71st St., Indianapolis, IN 46256",317-588-1000,"Women, Men",7202 E. 71st St., Indianapolis,IN,46256
Revitalyze Aesthetics and Wellness,"18077 River Rd. Ste. 200, Noblesville, IN 46062",(317) 776-7028,Men,18077 River Rd. Ste. 200, Noblesville,IN,46062
Clinica Familiar Kyle,"21511 IH 35 Ste 105, Kyle, TX 78640",(512) 947-9859,Women,21511 IH 35 Ste 105, Kyle,TX,78640
Revive Aesthetics & Regenerative Medicine,"750 Fishcreek Thoroughfare Suite 150, Montgomery, TX 77316",(936) 588-5890,"Women, Men",750 Fishcreek Thoroughfare Suite 150, Montgomery,TX,77316
Delta Med Spa,"1305 Fourth St Suite B, Jonesville, LA 71343",(318) 403-6080,"Women, Men",1305 Fourth St Suite B, Jonesville,LA,71343
Family First Urgent Care,"14420 Highway 105 E Suite 104, Conroe, TX 77306",(936) 235-2825,"Women, Men",14420 Highway 105 E Suite 104, Conroe,TX,77306
Del Pilar Medical and Urgent Care Center PC,"270 East Day Road 280, Mishawaka, IN 46545",(574) 320-6351,"Men, Women",270 East Day Road 280, Mishawaka,IN,46545
Clark Integrated Medical Clinics,"1135 Expressway Dr Suite100B, Pineville, LA 71360",(318) 487-6525,Women,1135 Expressway Dr Suite100B, Pineville,LA,71360
"The Centre, P.C.","611 E. Douglas Rd. Suite 108, Mishawaka, IN 46545",574-968-3510,"Women, Men",611 E. Douglas Rd. Suite 108, Mishawaka,IN,46545
Village Osteopath,"15510 Herriman Road, Noblesville, IN 46060",(317) 491-5272,"Women, Men",15510 Herriman Road, Noblesville,IN,46060
Regenesis - A Center for Vitality and Wellness,"176 Fairway Drive, Kerrville, TX 78028",830-792-0805,"Women, Men",176 Fairway Drive, Kerrville,TX,78028
Yoo Direct Health,"9535 E 151st. St., Noblesville, IN 46060",(317) 523-9160,"Women, Men",9535 E 151st. St., Noblesville,IN,46060
Family First Urgent Care,"2510 S Loop 336 W STE 115, Conroe, TX 77304",(936) 235-2825,"Women, Men",2510 S Loop 336 W STE 115, Conroe,TX,77304
Michiana Neurologic Medicine,"1710 E Day Road, Mishawaka, IN 46545",(574) 252-7795,,1710 E Day Road, Mishawaka,IN,46545
MS Medical Associates,"8 Front Street, Belmont, MS 38827",662-454-1170,"Women, Men",8 Front Street, Belmont,MS,38827
Alexandria Women's Center,"3304 Masonic Dr. Suite 4001, Alexandria, LA 71301",318-443-7222,"Women, Men",3304 Masonic Dr. Suite 4001, Alexandria,LA,71301
Family Life Medical,"603 South Conroe Medical Dr. Suite 110, Conroe, TX 77304",936-760-9900,"Women, Men",603 South Conroe Medical Dr. Suite 110, Conroe,TX,77304
"Conroe Aesthetics, Weight & Wellness","503 Medical Center Blvd Suite 100, Conroe, TX 77304",(936) 441-1064,"Women, Men",503 Medical Center Blvd Suite 100, Conroe,TX,77304
Park Place Medical Spa,"1516 IN-23 Suite N, Granger, IN 46530",(574) 850-0454,,1516 IN-23 Suite N, Granger,IN,46530
Magnolia Family Medicine Old Magnolia,"18934 FM 1488, Magnolia, TX 77355",(281) 356-1945,,18934 FM 1488, Magnolia,TX,77355
Hometown Healthcare Family Medicine and Urgent Care Inc.,"101 Connie Avenue, Salem, IN 47167",(812) 404-4235,"Women, Men",101 Connie Avenue, Salem,IN,47167
Calvary Medical Clinic,"108 S William Bennet Ave, Cleveland, TX 77327",(281) 592-9775,"Women, Men",108 S William Bennet Ave, Cleveland,TX,77327
Revolution Aesthetics & Wellness,"903 Honea Egypt Rd. Suite A, Magnolia, TX 77354",281-407-1474,"Women, Men",903 Honea Egypt Rd. Suite A, Magnolia,TX,77354
Inertia Sports and Family Medicine,"620 HIGH RD, SAN MARCOS, TX 78666",(512) 3000970,"Women, Men",620 HIGH RD, SAN MARCOS,TX,78666
Elevate Health & Wellness,"506 Honea Rd Suite 305, Magnolia, TX 77354",208-881-2201,"Women, Men",506 Honea Rd Suite 305, Magnolia,TX,77354
Live Hydration Spa,"6402 FM 1488 #1, Magnolia, TX 77354",(281) 720-7743,Women,6402 FM 1488 #1, Magnolia,TX,77354
Well - Infused,"14297 Bergen Blvd Suite 125, Noblesville, IN 46060",3179001633,"Women, Men",14297 Bergen Blvd Suite 125, Noblesville,IN,46060
Magnolia Family Medicine,"10020 RESEARCH FOREST DR STE D, THE WOOLANDS, TX 77354",(281) 356-1945,"Women, Men",10020 RESEARCH FOREST DR STE D, THE WOOLANDS,TX,77354
Doctors Direct LLC,"12574 Promise Creek Lane Suite 122, Fishers, IN 46038",317-863-0830,"Women, Men",12574 Promise Creek Lane Suite 122, Fishers,IN,46038
Luxe Aesthetics & Wellness LLC,"221 Hospital Road, Red Bay, AL 35582",(662) 279-4667,"Women, Men",221 Hospital Road, Red Bay,AL,35582
Envy Clinic & Spa,"5040 W US 52, New Palestine, IN 46163",(317) 779-2250,"Women, Men",5040 W US 52, New Palestine,IN,46163
Beauregard Women's Health Center,"206 W. Fifth Street, DeRidder, LA 70634",337-463-5582,"Women, Men",206 W. Fifth Street, DeRidder,LA,70634
A Little Something Special,"3099 College Park Dr. Suite 218, The Woodlands, TX 77384",713-294-8901,"Women, Men",3099 College Park Dr. Suite 218, The Woodlands,TX,77384
myEvergreen Med Spa,"18354 Interstate 45 Suite 100, Shenandoah, TX 77384",(346) 646-3518,"Women, Men",18354 Interstate 45 Suite 100, Shenandoah,TX,77384
Physicians' Group of The Woodlands,"134 Vision Park #300, Shenandoah, TX 77384",(281) 296-8500,"Women, Men",134 Vision Park #300, Shenandoah,TX,77384
Dr A Family Clinic,"134 Vision Park Suite # 250, Shenandoah, TX 77384",(832) 246-8935,Women,134 Vision Park Suite # 250, Shenandoah,TX,77384
Tharian Urology,"129 Vision Park Blvd., Shenandoah, TX 77384",936-647-2184,"Women, Men",129 Vision Park Blvd., Shenandoah,TX,77384
Comprehensive Medical Specialists of Texas,"8845 Six Pines Drive Suite 100, Shenandoah, TX 77380",281-203-5115,"Men, Women",8845 Six Pines Drive Suite 100, Shenandoah,TX,77380
Medical Aesthetics and Laser,"9180 Pinecroft Dr. Suite 120, The Woodlands, TX 77380",281-419-2220,"Women, Men",9180 Pinecroft Dr. Suite 120, The Woodlands,TX,77380
Body Benefits,"4840 West Panther Creek Suite 100, The Woodlands, TX 77381",281-292-8882,"Women, Men",4840 West Panther Creek Suite 100, The Woodlands,TX,77381
Family First Health Clinic of Splendora,"14054 Old Hwy 59 N, Spendora, TX 77372",(281) 606-3550,,14054 Old Hwy 59 N, Spendora,TX,77372
The Women's Centre for Well Being,"1120 Medical Plaza Dr 200, Shenandoah, TX 77380",(832) 813-0979,Women,1120 Medical Plaza Dr 200, Shenandoah,TX,77380
Southern Indiana Aesthetic & Plastic Surgery,"2450 North Park Suite B, Columbus, IN 47203",(812) 376-8997,"Women, Men",2450 North Park Suite B, Columbus,IN,47203
Rejuve Wellness,"2408 Timberloch Suite D7, The Woodlands, TX 77380",281-771-5988,"Women, Men",2408 Timberloch Suite D7, The Woodlands,TX,77380
Physicians & Surgeons Clinic,"900 Earl Frye Blvd Ste. A, Amory, MS 38821",662-256-9331,"Women, Men",900 Earl Frye Blvd Ste. A, Amory,MS,38821
San Marcos Family Medicine & Wellness,"2406 Hunter Road Suite 106, San Marcos, TX 78666",(512) 396-7686,"Women, Men",2406 Hunter Road Suite 106, San Marcos,TX,78666
"Shannon M. Juno, MD, PA","1720 North Von Minden Rd., La Grange, TX 78945",979-968-2700,"Women, Men",1720 North Von Minden Rd., La Grange,TX,78945
"CareTime Medical Clinic, LLC","1506 Hwy 278 East suite A, Amory, MS 38821",(205) 412-0956,"Women, Men",1506 Hwy 278 East suite A, Amory,MS,38821
Gluckstadt Aesthetics,"129 Fountains Blvd., Madison, MS 39110",(601) 573-2574,"Women, Men",129 Fountains Blvd., Madison,MS,39110
MOI Wellness & Aesthetics,"25311 Interstate 45, Spring, TX 77380",281-766-4772,Women,25311 Interstate 45, Spring,TX,77380
MD Wellness,"425 Holderrieth Blvd. Suite # 114, Tomball, TX 77375",2812057522,"Men, Women",425 Holderrieth Blvd. Suite # 114, Tomball,TX,77375
AGP Family Health Clinic,"888 Graham Drive, Tomball, TX 77375",(832) 684-3909,"Women, Men",888 Graham Drive, Tomball,TX,77375
Magnolia Family Medicine Tomball,"1205 Graham Dr, Tomball, TX 77375",(281) 356-1945,,1205 Graham Dr, Tomball,TX,77375
Endocrinology and Diabetes Center of Northwest Houston,"455 School Street Suite 22, Tomball, TX 77375",(281) 357-1200,"Women, Men",455 School Street Suite 22, Tomball,TX,77375
Kellum Family Medicine,"1 FM 3351 S., Boerne, TX 78006",(210) 876-3646,"Women, Men",1 FM 3351 S., Boerne,TX,78006
Graves Gilbert Clinic,"201 Park St., Bowling Green, KY 42101",(270) 781-5111,"Women, Men",201 Park St., Bowling Green,KY,42101
White House Family Care,"1018 Steerman Drive, White House, TN 37188",(615) 206-2027,"Women, Men",1018 Steerman Drive, White House,TN,37188
Summit Pain Management,"2124 Biomet Dr., Warsaw, IN 46582",(260) 748-3650,"Women, Men",2124 Biomet Dr., Warsaw,IN,46582
"Barry Willens MD, PA","20185 US Hwy 59, New Caney, TX 77357",281-689-8144,"Women, Men",20185 US Hwy 59, New Caney,TX,77357
DBA Elevate Health & Wellness,"34 East Franklin St, Shelbyville, IN 46176",812-560-5710,"Women, Men",34 East Franklin St, Shelbyville,IN,46176
Regenerative Medical and Wellness Center,"794 Hwy 51 Suite D, Madison, MS 39110",(769) 300-9040,"Men, Women",794 Hwy 51 Suite D, Madison,MS,39110
Rapid Relief Urgent Care,"2508 Scottsville Rd, Bowling Green, KY 42104",(270) 746-6330,Women,2508 Scottsville Rd, Bowling Green,KY,42104
MD Cosmedx Laser and Lipo Center,"2424 Airway Dr., Bowling Green, KY 42103",(270) 783-9535,"Women, Men",2424 Airway Dr., Bowling Green,KY,42103
Ear Nose Throat Allergy Sleep Center,"6611 FM 2920, Spring, TX 77379",281-376-1188,"Women, Men",6611 FM 2920, Spring,TX,77379
Health210,"27511 Interstate 10 W Building 5, Boerne, TX 78006",(210) 352-5200,Women,27511 Interstate 10 W Building 5, Boerne,TX,78006
Family First Health Clinic Of New Caney,"22580 Community Dr., New Caney, TX 77357",(281) 689-6901,Women,22580 Community Dr., New Caney,TX,77357
"Medical Associates of the Shoals, PC","1120 S. Jackson Highway Suite 300, Sheffield, AL 35660",(256) 383-4447,,1120 S. Jackson Highway Suite 300, Sheffield,AL,35660
Home Town Family Healthcare,"32685 Hwy 281 STE 120, Bulverde, TX 78163-3274",(830) 433-7210,"Women, Men",32685 Hwy 281 STE 120, Bulverde,TX,78163-3274
My Personal Physician,"124 E Bandera Rd Suite 304, Boerne, TX 78006",(830) 313-5650,"Women, Men",124 E Bandera Rd Suite 304, Boerne,TX,78006
"Boerne Healthcare Group, PLLC","17 Old San Antonio Road Suite 202, Boerne, TX 78006",(830) 331-9880,"Women, Men",17 Old San Antonio Road Suite 202, Boerne,TX,78006
Northeast OB/GYN Associates,"108 Waterview Parkway, Boerne, TX 78006",210-653-5501,"Women, Men",108 Waterview Parkway, Boerne,TX,78006
Starkville Clinic for Women,"100 Medical Park Drive, Starkville, MS 39759",(662) 323-4427,Women,100 Medical Park Drive, Starkville,MS,39759
Tempo Wellness,"441 Benton Ave, Nashville, TN 37204",(615) 987-0188,"Women, Men",441 Benton Ave, Nashville,TN,37204
Rejuvastate Wellness,"446 Hwy 12 W Suite C, Starkville, MS 39759",662-268-8404,"Women, Men",446 Hwy 12 W Suite C, Starkville,MS,39759
Grace Pointe Health Care,"1311 W. Main St., Franklin, TN 37064",(615) 599-6868,"Women, Men",1311 W. Main St., Franklin,TN,37064
Advantage Women's Care,"19740 I-45 North, Spring, TX 77373",281-537-5556,"Women, Men",19740 I-45 North, Spring,TX,77373
Reinvi MD,"17138 N Eldridge Parkway Suite. F, Tomball, TX 77377",(281) 610-4777,"Men, Women",17138 N Eldridge Parkway Suite. F, Tomball,TX,77377
"Tru Luxe MedSpa and Wellness, LLC","5519 Louetta Road Suite G, Spring, TX 77379",281-719-9999,"Women, Men",5519 Louetta Road Suite G, Spring,TX,77379
King Wellness Institute,"6384 Louetta Rd., Spring, TX 77379",936-224-7990,"Women, Men",6384 Louetta Rd., Spring,TX,77379
Elegant Aesthetics Medical Spa,"214 2nd Avenue South, Franklin, TN 37064",(615) 795-1123,"Men, Women",214 2nd Avenue South, Franklin,TN,37064
Park NP Clinic,"5121 Maryland Way Suite 215, Brentwood, TN 37027",(615) 557-7585,"Women, Men",5121 Maryland Way Suite 215, Brentwood,TN,37027
Magnificat Primary Care,"17833 Kuykendahl Road, Spring, TX 77379",(832) 698-2127,Women,17833 Kuykendahl Road, Spring,TX,77379
Men's Wellness of North Alabama,"215 Ana Dr. Ste A, Florence, AL 35630",(256) 366-2470,"Women, Men",215 Ana Dr. Ste A, Florence,AL,35630
Head to Toe Family Health Care,"735 5th Street, Silsbee, TX 77656",409-385-6500,"Women, Men",735 5th Street, Silsbee,TX,77656
Dr Ethan Kellum,"125 Cool Springs Blvd Ste 240, Franklin, TN 37067",(615) 850-4415,,125 Cool Springs Blvd Ste 240, Franklin,TN,37067
"Paradigm Health, PLLC","520 Duke Drive Suite 200, Franklin, TN 37067",(615) 469-0703,,520 Duke Drive Suite 200, Franklin,TN,37067
Anderson Aesthetics,"256 Seaboard Lane E-101, Franklin, TN 37067",615-224-3910,"Women, Men",256 Seaboard Lane E-101, Franklin,TN,37067
"Denise Leonard, MD, PA","14505 Torrey Chase Blvd, Houston, TX 77014",281-587-0772,"Women, Men",14505 Torrey Chase Blvd, Houston,TX,77014
MAC Med,"19A Gruene Park Dr Suite 104, New Braunfels, TX 78130",(210) 901-8102,"Women, Men",19A Gruene Park Dr Suite 104, New Braunfels,TX,78130
Health in Progress LLC,"23802 Highway 59 North, Kingwood, TX 77339",281-312-5463,"Women, Men",23802 Highway 59 North, Kingwood,TX,77339
Star Wellness Clinic,"101 Forest Crossing Blvd 105B, Franklin, TN 37064",(865) 383-0522,,101 Forest Crossing Blvd 105B, Franklin,TN,37064
RG Plastic Surgery,"7105 S. Springs Dr. Suite 111, Franklin, TN 37067",(615) 988-9686,"Men, Women",7105 S. Springs Dr. Suite 111, Franklin,TN,37067
Next Level Health,"1646 Westgate Circle Suite 106, Brentwood, TN 37027",(615) 850-5290,"Women, Men",1646 Westgate Circle Suite 106, Brentwood,TN,37027
Heritage Medical Associates,"1620 Westgate Circle, Brentwood, TN 37027",(629) 255-2090,Women,1620 Westgate Circle, Brentwood,TN,37027
IV-Lytes & Wellness,"320 Kingwood Executive Dr. Ste. D, Kingwood, TX 77339",(281) 666-9211,"Women, Men",320 Kingwood Executive Dr. Ste. D, Kingwood,TX,77339
Kingwood Skin Essentials,"350 Kingwood Medical Drive Suite 310, Kingwood, TX 77339",(832) 777-6846,Women,350 Kingwood Medical Drive Suite 310, Kingwood,TX,77339
Care for Women,"350 Kingwood Medical Drive Ste. 350, Kingwood, TX 77339",(281) 359-7000,"Women, Men",350 Kingwood Medical Drive Ste. 350, Kingwood,TX,77339
Transpersity Medical Providers,"22698 Professional Dr. Ste100, kingwood, TX 77339",281-312-8530,"Women, Men",22698 Professional Dr. Ste100, kingwood,TX,77339
Evin Aesthetiecs Beauty & Wellness,"1690 Rimrock Rd. Suite. G, Billings, MT 59102",(406) 534-3299,"Men, Women",1690 Rimrock Rd. Suite. G, Billings,MT,59102
Prime Physicians PA/Mai Medical,"3648 Cypress Creek Pkwy Ste #240, Houston, TX 77068",(832) 604-9944,,3648 Cypress Creek Pkwy Ste #240, Houston,TX,77068
Life Enhancement Clinics of MT - Billings,"10 Avanta Way Suite. 1, Billings, MT 59102",(406) 500-9277,"Men, Women",10 Avanta Way Suite. 1, Billings,MT,59102
"Naomi Paschall, MD","100 Covey Drive Suite. 204, Franklin, TN 37067",(615) 790-4140,"Women, Men",100 Covey Drive Suite. 204, Franklin,TN,37067
Priority Medwell LLC,"4224 Cypress Creek Pkwy, Houston, TX 77068",(281) 506-4343,"Women, Men",4224 Cypress Creek Pkwy, Houston,TX,77068
Skinworks Wellness and Aesthetics,"300 Indian Lake Blvd Suite T200, Hendersonville, TN 37075",(615) 590-7006,"Women, Men",300 Indian Lake Blvd Suite T200, Hendersonville,TN,37075
DermaTouch,"13725 Falba Rd , Houston, TX 77070",281-895-9090,"Women, Men",13725 Falba Rd , Houston,TX,77070
Kingwood Direct MD,"24 N. Main Street, Kingwood, TX 77339",(281) 570-6758,"Men, Women",24 N. Main Street, Kingwood,TX,77339
New Braunfels Rural Health Clinic,"705 Landa St Ste C, New Braunfels, TX 78130",830-629-3614,"Women, Men",705 Landa St Ste C, New Braunfels,TX,78130
SeraNova Wellness,"468 S. Seguin Ave Ste 402, New Braunfels, TX 78132",(830) 308-7976,,468 S. Seguin Ave Ste 402, New Braunfels,TX,78132
Highland Medical Aesthetics,"152 Daughdrill Station, Flowood, MS 39232",(601) 434-2576,"Women, Men",152 Daughdrill Station, Flowood,MS,39232
Northwest Women's Center,"13215 Dotson Rd. Ste 200, Houston, TX 77070",281-444-3440,"Women, Men",13215 Dotson Rd. Ste 200, Houston,TX,77070
Vital Clinic and Spa,"11590 Barker Cypress Rd, Cypress, TX 77433",(832) 533-8404,"Women, Men",11590 Barker Cypress Rd, Cypress,TX,77433
Crafted Aesthetics - Billings,"1431 Country Manor Blvd., Billings, MT 59102",(406) 831-8999,"Women, Men",1431 Country Manor Blvd., Billings,MT,59102
Right Choice Urgent Care,"9818 Fry Rd Ste 160, Cypress, TX 77433",(281) 944-7900,"Women, Men",9818 Fry Rd Ste 160, Cypress,TX,77433
Darron McCann M.D.,"424 North Washington Street Suite A, Marksville, LA 71351",(318) 253-1788,"Women, Men",424 North Washington Street Suite A, Marksville,LA,71351
Renove' Medical Spa,"1850 West Lake Houston Pkwy Ste 170, Kingwood, TX 77339",(832) 644-8338,"Women, Men",1850 West Lake Houston Pkwy Ste 170, Kingwood,TX,77339
Cypress Comprehensive Medical Services,"10242 Greenhouse Rd. Unit 802, Cypress, TX 77433",(832) 676-4512,"Men, Women",10242 Greenhouse Rd. Unit 802, Cypress,TX,77433
NuVital Infusion & Wellness,"562 N Dixie Blvd Suite A2, Radcliff, KY 40160",(270) 735-6126,"Women, Men",562 N Dixie Blvd Suite A2, Radcliff,KY,40160
Matthew St. Laurent MD,"10425 Huffmeister Suite 230, Houston, TX 77065",281-921-1890,"Women, Men",10425 Huffmeister Suite 230, Houston,TX,77065
Alfredo Ermac Jr MD,"21216 Northwest Freeway Ste 210, Cypress, TX 77429",(281) 957-4848,"Women, Men",21216 Northwest Freeway Ste 210, Cypress,TX,77429
High Quality Medical Services,"10868 FM 1960 Rd, Houston, TX 77070",(281) 970-6966,"Women, Men",10868 FM 1960 Rd, Houston,TX,77070
North Houston Diabetes Institute,"9816 Memorial Blvd. Ste 200, Humble, TX 77338",(832) 644-9595,"Men, Women",9816 Memorial Blvd. Ste 200, Humble,TX,77338
Magnolia Family Medicine Cypress,"15322 Copper Grove Blvd, Cypress, TX 77095",(281) 356-1945,,15322 Copper Grove Blvd, Cypress,TX,77095
Youthful Expressions Med Spa,"11511 FM 1960  102, Huffman, TX 77336",281-324-1550,"Women, Men",11511 FM 1960  102, Huffman,TX,77336
Total Life Wellness & Aesthetics,"124 ERNEST R KOUMA BOULEVARD Ste 1, Radcliff, KY 40160",(270) 982-3322,"Women, Men",124 ERNEST R KOUMA BOULEVARD Ste 1, Radcliff,KY,40160
"Haus of Wellness and Aesthetics, PLLC","22610 US Hwy 281 North Ste. 106, San Antonio, TX 78258",(210) 437-0010,"Women, Men",22610 US Hwy 281 North Ste. 106, San Antonio,TX,78258
Copperfield Family Clinic,"8686 Hwy 6 North, Houston, TX 77095",(281) 861-4212,,8686 Hwy 6 North, Houston,TX,77095
Amazonite Health,"19272 STONE OAK PARKWAY STE 101, San Antonio, TX 78258",210-846-4856,Women,19272 STONE OAK PARKWAY STE 101, San Antonio,TX,78258
Rheumatology Associates of South Texas,"19272 Stone Oak Pkwy Ste 101, San Antonio, TX 78258",(210) 265-8851,,19272 Stone Oak Pkwy Ste 101, San Antonio,TX,78258
Calvary Medical Clinic,"8484 Will Clayton Pkwy, Humble, TX 77338",832-995-5200,"Women, Men",8484 Will Clayton Pkwy, Humble,TX,77338
Sunrise Family Clinic,"6725 Atascocita Rd Suite A, Humble, TX 77346",(281) 812-3990,"Women, Men",6725 Atascocita Rd Suite A, Humble,TX,77346
Diagnostic Group Lumberton,"288 Country Lane, Lumberton, TX 77657",409-227-4413,"Women, Men",288 Country Lane, Lumberton,TX,77657
AMOUR FAMILY CLINIC,"5515 E EVANS RD STE 201, San Antonio, TX 78261",(210) 290-9740,,5515 E EVANS RD STE 201, San Antonio,TX,78261
Azalea Primary Care,"7825 Hwy 6 North Ste. 103, Houston, TX 77095",(281) 815-5140,"Men, Women",7825 Hwy 6 North Ste. 103, Houston,TX,77095
Care for Women,"18321 W Lake Houston Pkwy Ste. 100, Humble, TX 77346",(281) 359-7000,"Women, Men",18321 W Lake Houston Pkwy Ste. 100, Humble,TX,77346
New Mexico Primary Care (Hedsna Rocha FNP),"179 Howard Place, Las Cruces, NM 88011",575-521-8500,"Women, Men",179 Howard Place, Las Cruces,NM,88011
Ten Years Younger,"16316 FM 529 Rd Ste C, Houston, TX 77095",(832) 909-8031,"Women, Men",16316 FM 529 Rd Ste C, Houston,TX,77095
Millennium Health and Wellness,"3850 E Lohman Ste 100, Las Cruces, NM 88011",(575) 521-0793,"Women, Men",3850 E Lohman Ste 100, Las Cruces,NM,88011
True Essentia,"3825 Foothills Rd Ste A, Las Cruces, NM 88011",(575) 636-3040,"Women, Men",3825 Foothills Rd Ste A, Las Cruces,NM,88011
Heart of Bluegrass,"4611 N. Dixie Hwy 202, Elizabethtown, KY 42701",(502) 203-1120,"Women, Men",4611 N. Dixie Hwy 202, Elizabethtown,KY,42701
Suite 16 Aesthetics,"19338 Babcock Rd. Suite 108, San Antonio, TX 78255",210-988-0405,"Women, Men",19338 Babcock Rd. Suite 108, San Antonio,TX,78255
Aneres Healthcare and Wellness - Liberty,"1809 Grand Ave, Liberty, TX 77575",(832) 307-7106,"Women, Men",1809 Grand Ave, Liberty,TX,77575
Vita Sana Clinic,"540 Madsion Oak Dr. Ste 330, San Antonio, TX 78258",2104884154,"Women, Men",540 Madsion Oak Dr. Ste 330, San Antonio,TX,78258
Northeast OB/GYN Associates,"502 Madison Oak #240, San Antonio, TX 78258",210-653-5501,"Women, Men",502 Madison Oak #240, San Antonio,TX,78258
BMI of Texas,"335 E. Sonterra suite 200., San Antonio, TX 78258",210-615-8500,"Women, Men",335 E. Sonterra suite 200., San Antonio,TX,78258
M.D. Vitality P.L.L.C.,"1139 E. Sonterra Suite 205, San Antonio, TX 78258",210-653-5501,"Women, Men",1139 E. Sonterra Suite 205, San Antonio,TX,78258
Health210 Stone Oak,"1202 E. Sonterra Blvd, San Antonio, TX 78258",(210) 352-5200,"Women, Men",1202 E. Sonterra Blvd, San Antonio,TX,78258
Cutella Medical Spa,"5822 Worth Pkwy 115, San Antonio, TX 78257",(210) 972-8286,"Women, Men",5822 Worth Pkwy 115, San Antonio,TX,78257
Health Quest Medical Clinic,"925 S Walnut St, Las Cruces, NM 88001",575-522-4040,"Women, Men",925 S Walnut St, Las Cruces,NM,88001
Infinity Health Clinic,"1501 N Solano Dr., Las Cruces, NM 88001",(915) 444-2668,,1501 N Solano Dr., Las Cruces,NM,88001
Modern Medical Weight Loss,"1230 Woodland Dr, Elizabethtown, KY 42701",(270) 429-1281,"Women, Men",1230 Woodland Dr, Elizabethtown,KY,42701
Acosta Medical Clinic,"3065 E. University Ave Suite B, Las Cruces, NM 88011",575.300.2710,"Men, Women",3065 E. University Ave Suite B, Las Cruces,NM,88011
Clinica de Luz,"608 W Mount Houston Rd. Suite. 100, Houston, TX 77037",(281) 258-4903,"Men, Women",608 W Mount Houston Rd. Suite. 100, Houston,TX,77037
"In-Touch NP, PLLC","689 6th Street, Sour Lake, TX 77659",409-287-4100,"Women, Men",689 6th Street, Sour Lake,TX,77659
Andala Health,"4600 Lockhill Selma, San Antonio, TX 78249",(210) 783-0582,Women,4600 Lockhill Selma, San Antonio,TX,78249
Northeast Ob/Gyn Associates,"5000 Shertz Pkwy #100, Schertz, TX 78154",210-653-5501,"Women, Men",5000 Shertz Pkwy #100, Schertz,TX,78154
Kellum Family Medicine,"3701 FM 3009 101, Schertz, TX 78154",210-945-2121,"Men, Women",3701 FM 3009 101, Schertz,TX,78154
La Femme OB/GYN,"15714 Huebner Rd., San Antonio, TX 78248",210-492-2300,"Women, Men",15714 Huebner Rd., San Antonio,TX,78248
Holistic Care Family Medicine,"409 Branchwood Ln, Brookshire, TX 77423",(832) 882-5632,"Men, Women",409 Branchwood Ln, Brookshire,TX,77423
FRY FAMILY CLINIC,"3107 North Fry Road, KATY, TX 77449",8327420666,"Women, Men",3107 North Fry Road, KATY,TX,77449
Special Deliveries Midwifery Care,"7980 W. 100 South, Topeka, IN 46571",(260) 768-4401,"Women, Men",7980 W. 100 South, Topeka,IN,46571
Sage His + Hers Hormone Clinic,"14802 Jones Maltsberger Rd Ste 1201, San Antonio, TX 78247",(210) 791-6755,Women,14802 Jones Maltsberger Rd Ste 1201, San Antonio,TX,78247
Checkup Testosterone Med Clinic,"14329 San Pedro Ave Ste C, San Antonio, TX 78232",210-494-2745,"Women, Men",14329 San Pedro Ave Ste C, San Antonio,TX,78232
Le Chloe Med Spa,"2023 N Mason Rd #204, Katy, TX 77449",(713) 249-6499,"Women, Men",2023 N Mason Rd #204, Katy,TX,77449
LCS Med Spa,"1199 E. College St., Seguin, TX 78155",830-379-9266,"Women, Men",1199 E. College St., Seguin,TX,78155
Revive Wellness MedSpa,"213 E. Main Street, Greensburg, IN 47240",812-560-4838,"Men, Women",213 E. Main Street, Greensburg,IN,47240
Texan Family Clinic,"5222 De Zavala Rd #304, San Antonio, TX 78249",(210) 562-3125,Women,5222 De Zavala Rd #304, San Antonio,TX,78249
Beauty By KD,"6391 De Zavala Road Suite 201, San Antonio, TX 78249",(210) 897-2544,Women,6391 De Zavala Road Suite 201, San Antonio,TX,78249
Allegro Obstetrics and Gynecology,"3600 Bluecutt Rd., Columbus, MS 39705",(662) 329-2215,"Women, Men",3600 Bluecutt Rd., Columbus,MS,39705
Advanced Women's Center,"13035 Nacogdoches Rd., San Antonio, TX 78217",210-463-5993,"Women, Men",13035 Nacogdoches Rd., San Antonio,TX,78217
Optimal Renew,"3026 Bardstown Rd Suite A, Louisville, KY 40205",502-423-7246,"Women, Men",3026 Bardstown Rd Suite A, Louisville,KY,40205
Athena Testosterone and Weight Loss,"29911 Jordan Crossing Blvd #300, Katy, TX 77494",(281) 369-5100,,29911 Jordan Crossing Blvd #300, Katy,TX,77494
My Health Family Practice,"4236 Thousand Oaks Dr, San Antonio, TX 78217",(210) 269-0654,"Women, Men",4236 Thousand Oaks Dr, San Antonio,TX,78217
Center for Beauty,"224 Chenoweth Ln, Louisville, KY 40207",502-897-7546,"Women, Men",224 Chenoweth Ln, Louisville,KY,40207
Elite Family Care,"12251 West Avenue, San Antonio, TX 78216",(210) 390-1050,,12251 West Avenue, San Antonio,TX,78216
Dermatology Clinic of Muncie,"1808 W Royale Dr, Muncie, IN 47304",(765) 288-8188,"Women, Men",1808 W Royale Dr, Muncie,IN,47304
Suite Sense,"442 Park Grove Drive, Katy, TX 77450",(832) 307-1817,"Women, Men",442 Park Grove Drive, Katy,TX,77450
Physicians and Surgeons Clinic,"2429 5th Street North, Columbus, MS 39705",(662) 328-9331,Women,2429 5th Street North, Columbus,MS,39705
Advanced Women's Wellness,"21402 Provincial Blvd, Katy, TX 77450",281-398-0777,"Women, Men",21402 Provincial Blvd, Katy,TX,77450
"Mark A. Rodriguez MD, PA","11515 Toepperwein Rd Ste. 202, Live Oak, TX 78233",210-646-0404,"Women, Men",11515 Toepperwein Rd Ste. 202, Live Oak,TX,78233
Katy Wellness Center,"21406 Provincial Blvd, Katy, TX 77450",(254) 600-4203,Women,21406 Provincial Blvd, Katy,TX,77450
RCL Behavioral Medical center,"10131 Hammerly Blvd, Houston, TX 77080",(346) 573-5605,,10131 Hammerly Blvd, Houston,TX,77080
Sobarzo Pain Management,"21820 Kingsland Blvd #101A, Katy, TX 77450",(281) 766-0854,"Women, Men",21820 Kingsland Blvd #101A, Katy,TX,77450
Premier Family Practice & The Glow Bar Medspa,"2305 Blue Cutt Rd Ste A, Columbus, MS 39705",(662) 573-1800,"Women, Men",2305 Blue Cutt Rd Ste A, Columbus,MS,39705
Riverwalk Ob-Gyn PLLC,"11103 West Ave Building 2 Ste. 2113, San Antonio, TX 78213",(210) 402-6022,"Women, Men",11103 West Ave Building 2 Ste. 2113, San Antonio,TX,78213
Omnis Health Clinic,"34 Glenwood Drive, Columbus, MS 39705",(662) 570-1166,"Women, Men",34 Glenwood Drive, Columbus,MS,39705
R Family Medical Group,"9811 Huebner Rd Bldg. 2, San Antonio, TX 78240",210-561-8169,"Women, Men",9811 Huebner Rd Bldg. 2, San Antonio,TX,78240
Injury and Health Urgent Care,"1628 Lockhill Selma, San Antonio, TX 78213",(210) 265-5920,"Women, Men",1628 Lockhill Selma, San Antonio,TX,78213
Kellum Family Medicine Braun,"9955 Braun Rd STE 107, San Antonio, TX 78254",(210) 457-0456,"Women, Men",9955 Braun Rd STE 107, San Antonio,TX,78254
Kellum OBGYN,"9955 Braun Rd STE 106, San Antonio, TX 78254",210-675-6724,"Men, Women",9955 Braun Rd STE 106, San Antonio,TX,78254
Evolve Medical Aesthetics + Wellness,"611 E. McGalliard Road, Muncie, IN 47303",(765) 684-2993,"Women, Men",611 E. McGalliard Road, Muncie,IN,47303
Houston Galleria Surgery & Medspa,"10500 Northwest Frwy Suite 140, Houston, TX 77092",832-464-0000,"Men, Women",10500 Northwest Frwy Suite 140, Houston,TX,77092
Alpha Male Cosmetic Center,"11999 Katy Freeway suite 220, Houston, TX 77079",(850) 566-4804,"Men, Women",11999 Katy Freeway suite 220, Houston,TX,77079
"Surgical Associates of Houston, P. A.","1140 Business Center Dr. Suite 403, Houston, TX 77043",713-935-9758,"Women, Men",1140 Business Center Dr. Suite 403, Houston,TX,77043
Heights Plastic Surgery,"2812 W TC Jester Blvd., Houston, TX 77018",(713) 496-2427,"Women, Men",2812 W TC Jester Blvd., Houston,TX,77018
All Women OB/GYN,"4010 Dupont Cirlce Suite L-07, Louisville, KY 40207",502-895-6559,"Women, Men",4010 Dupont Cirlce Suite L-07, Louisville,KY,40207
Texas Premier Physicians,"1415 North Loop West Ste. MezzC, Houston, TX 77008",(713) 714-2448,"Women, Men",1415 North Loop West Ste. MezzC, Houston,TX,77008
UT Physicians Women’s Center-Greater Heights,"1631 N Loop W, Houston, TX 77008",(713) 486-7900,Women,1631 N Loop W, Houston,TX,77008
Four Seasons OB/GYN,"8435 WURZBACH RD SUITE 101, SAN ANTONIO, TX 78229",2105930700,"Women, Men",8435 WURZBACH RD SUITE 101, SAN ANTONIO,TX,78229
Town and Country Family Physicians,"10497 Town and Country Way Suite 360, Houston, TX 77024",(713) 341-2100,"Men, Women",10497 Town and Country Way Suite 360, Houston,TX,77024
Baptist Physicians Network,"6450 Folsom Drive, Beaumont, TX 77706",409-835-0524,"Women, Men",6450 Folsom Drive, Beaumont,TX,77706
Lumina Wellness Center LLC,"8257 Fredericksburg Rd., San Antonio, TX 78229",210-878-5881,"Women, Men",8257 Fredericksburg Rd., San Antonio,TX,78229
UT Physicians Women’s Center-Memorial City,"929 Gessner, Houston, TX 77024",(713) 486-6600,Women,929 Gessner, Houston,TX,77024
Rose Milk Aesthetics,"6815 N Main St Suite A, Houston, TX 77009",(832) 557-8151,Women,6815 N Main St Suite A, Houston,TX,77009
UT Health San Antonio OBGYN,"8300 Floyd Curl Dr. 5th Floor, San Antonio, TX 78229",(210) 567-5009,"Men, Women",8300 Floyd Curl Dr. 5th Floor, San Antonio,TX,78229
Center For Internal Medicine,"4201 Medical Suite 330, San Antonio, TX 78229",(210) 200-8798,"Women, Men",4201 Medical Suite 330, San Antonio,TX,78229
Daily Green Family Health and Convenient Care,"11980 HWY 12, Orange, TX 77632",409-745-4130,"Women, Men",11980 HWY 12, Orange,TX,77632
Houston Metro Urology,"9230 Katy Freeway Suite 510, Houston, TX 77055",713-634-4439,"Men, Women",9230 Katy Freeway Suite 510, Houston,TX,77055
Stellar Women's Care,"915 Gessnerd Rd Suite 975, Houston, TX 77024",713-932-1000,"Women, Men",915 Gessnerd Rd Suite 975, Houston,TX,77024
Washington Wellness,"7922 Ewing Halsell Dr. #170, San Antonio, TX 78229",210-614-5665,"Women, Men",7922 Ewing Halsell Dr. #170, San Antonio,TX,78229
"Lone Star Women’s Wellness, LLC","7950 Floyd Curl Dr. Suite 300, San Antonio, TX 78229",210-615-0337,"Women, Men",7950 Floyd Curl Dr. Suite 300, San Antonio,TX,78229
"Lone Star Women’s Wellness, LLC","7950 Floyd Curl Dr. Suite 400, San Antonio, TX 78229",210-615-6505,"Women, Men",7950 Floyd Curl Dr. Suite 400, San Antonio,TX,78229
Blue Skies Aesthetics,"1919 Oakwell Farms Parkway Suite 120, San Antonio, TX 78218",(210) 279-6770,"Women, Men",1919 Oakwell Farms Parkway Suite 120, San Antonio,TX,78218
"Marissa Largoza MA, PA","4499 Medical Dr. Unit 191, San Antonio, TX 78229",210-692-0831,"Men, Women",4499 Medical Dr. Unit 191, San Antonio,TX,78229
Allure Gynecology and Aesthetics,"12727 Kimberly Ln Suite 304, Houston, TX 77024",(281) 857-0991,,12727 Kimberly Ln Suite 304, Houston,TX,77024
Sabella Womens Health,"4458 Medical Dr. Ste. 470, San Antonio, TX 78229",(210) 614-1000,"Women, Men",4458 Medical Dr. Ste. 470, San Antonio,TX,78229
Dr. Robert Yerrington,"366 W. Sunset Bldg #2, San Antonio, TX 78209",(210) 545-4060,Women,366 W. Sunset Bldg #2, San Antonio,TX,78209
Texas Dermatology and Laser Specialists,"3320 Oakwell Ct Suite. 100, San Antonio, TX 78218",(210) 829-5180,Men,3320 Oakwell Ct Suite. 100, San Antonio,TX,78218
Lifeline Urgent Care,"13410 Briarforest Dr, Houston, TX 77077",(281) 771-1144,Women,13410 Briarforest Dr, Houston,TX,77077
Premiere Surgical Arts PLLC,"1624 Airline Drive, Houston, TX 77009",(832) 523-8181,,1624 Airline Drive, Houston,TX,77009
Face to Face Spa at Cinco Ranch,"27131 Cinco Ranch Blvd., Katy, TX 77494",(832) 437-9706,Women,27131 Cinco Ranch Blvd., Katy,TX,77494
Medical Center Weight Loss Clinic and Spa,"2034 Babcock Rd, San Antonio, TX 78229",210-615-1300,"Women, Men",2034 Babcock Rd, San Antonio,TX,78229
Revive Hydration & Wellness,"4205 Springhurst Blvd Suite. 101, Louisville, KY 40241",(502) 290-7246,"Men, Women",4205 Springhurst Blvd Suite. 101, Louisville,KY,40241
Northeast Ob/Gyn Associates,"250 E. Basse Rd. Ste 205, San Antonio, TX 78209",210-653-5501,"Women, Men",250 E. Basse Rd. Ste 205, San Antonio,TX,78209
Champion Healthcare Group,"2850 Eastex Fwy Ste. 100, Beaumont, TX 77703",(409) 347-8989,"Women, Men",2850 Eastex Fwy Ste. 100, Beaumont,TX,77703
"A1 Health Clinic, PLLC","2855 Eastex Fwy Ste. l, Beaumont, TX 77706",(409) 333-1257,"Women, Men",2855 Eastex Fwy Ste. l, Beaumont,TX,77706
"Bao-Quoc Huy La, MD, PA","915 Gessner Rd. #150, Houston, TX 77024",281-589-0156,"Women, Men",915 Gessner Rd. #150, Houston,TX,77024
Inspirations Med Spa,"536 Romence Rd. STE 105A, Portage, MI 49024",(269) 459-6010,"Women, Men",536 Romence Rd. STE 105A, Portage,MI,49024
My Personal Physician - Alamo Heights,"903 Austin Hwy, San Antonio, TX 78209",(210) 826-3700,"Women, Men",903 Austin Hwy, San Antonio,TX,78209
The Ageless Center of Louisville,"10003 Forest Green Blvd, Louisville, KY 40223",502-896-0060,"Women, Men",10003 Forest Green Blvd, Louisville,KY,40223
Katy Wellness Revolution Texas,"9727 Spring Green Blvd Suite 150, Katy, TX 77494",(832) 545-9758,,9727 Spring Green Blvd Suite 150, Katy,TX,77494
Reflections Medical,"212 W Milham Ave, Portage, MI 49024",855.307.2200,"Women, Men",212 W Milham Ave, Portage,MI,49024
Sun City Sports Medicine and Family Clinic,"12810 Edgemere Blvd, El Paso, TX 79938",(915) 504-6955,"Women, Men",12810 Edgemere Blvd, El Paso,TX,79938
Mederna Aesthetic & Wellness Medical Center,"5225 Katy Fwy #370, Houston, TX 77007",(832) 272-0401,"Women, Men",5225 Katy Fwy #370, Houston,TX,77007
Preferred Gynecology,"5151 KATY FWY STE 202, Houston, TX 77007-2261",(713) 485-4302,"Women, Men",5151 KATY FWY STE 202, Houston,TX,77007-2261
Integrative Primary Care of El Paso,"11450 Gateway North Blvd Suite 2200, El Paso, TX 79934",(718) 751-6437,"Women, Men",11450 Gateway North Blvd Suite 2200, El Paso,TX,79934
Heart of Texas Family Medicine,"395 North Main Vidor, Vidor, TX 77662",(409) 783-2277,"Women, Men",395 North Main Vidor, Vidor,TX,77662
Health210 WO,"5250 Rogers Road Bldg 2, San Antonio, TX 78251",(210) 352-5200,Women,5250 Rogers Road Bldg 2, San Antonio,TX,78251
ARA Med Spa,"7103 KATY GASTON RD STE 100, RICHMOND, TX 77406-2935",(281) 935-6555,"Women, Men",7103 KATY GASTON RD STE 100, RICHMOND,TX,77406-2935
Designer Plastic Surgery,"24200 Via Mazzini Way Suite 140, Richmond, TX 77406",(303) 641-2840,Women,24200 Via Mazzini Way Suite 140, Richmond,TX,77406
Beaumont Wellness for Women,"6755 Phelan Ste. 24-A, Beaumont, TX 77706",(409) 299-9570,Women,6755 Phelan Ste. 24-A, Beaumont,TX,77706
University Health,"3903 Wisman Blvd Unit 300, San Antonio, TX 78251",(210) 951-9495,"Women, Men",3903 Wisman Blvd Unit 300, San Antonio,TX,78251
Live Hydration Spa,"1501 W. Main St, Lebanon, TN 37087",(615) 588-8700,"Women, Men",1501 W. Main St, Lebanon,TN,37087
Houston Metro Urology-Dr. Do,"12121 Richmond Ave Suite. 112, Houston, TX 77082",(281) 493-9966,Women,12121 Richmond Ave Suite. 112, Houston,TX,77082
Ayim Aesthetic,"12606 West Houston Center Blvd Suite 120, Houston, TX 77082",(713) 640-5922,"Women, Men",12606 West Houston Center Blvd Suite 120, Houston,TX,77082
OneLife Health,"4118 McCullough Ave Ste. 9, San Antonio, TX 78212",(210) 239-5070,"Men, Women",4118 McCullough Ave Ste. 9, San Antonio,TX,78212
Pain and Wellness Institute of Kentucky,"10302 Brookridge Village Blvd Suite 103-104, Louisville, KY 40291",(502) 576-5300,"Men, Women",10302 Brookridge Village Blvd Suite 103-104, Louisville,KY,40291
Tidal Women's Health,"2121 Sage Road, Houston, TX 77056",(713) 485-5607,,2121 Sage Road, Houston,TX,77056
Northwest Internal Medicine,"3303 Rogers Rd. Ste. 120, San Antonio, TX 78251",210-520-5040,"Women, Men",3303 Rogers Rd. Ste. 120, San Antonio,TX,78251
River Oaks Galleria Medspa,"2111 West Loop South Suite 370, Houston, TX 77027",(346) 741-6772,"Women, Men",2111 West Loop South Suite 370, Houston,TX,77027
Timeless Skin Studio,"123 W Water St, Hodgenville, KY 42748",(270) 358-8725,"Women, Men",123 W Water St, Hodgenville,KY,42748
Riceland Health Care - Vidor,"20925 IH 10, Vidor, TX 77662",(409) 769-2295,"Women, Men",20925 IH 10, Vidor,TX,77662
Redi-Care Inc PC,"2120 N Detroit St, LaGrange, IN 46761",(260) 463-2468,"Women, Men",2120 N Detroit St, LaGrange,IN,46761
River Oaks Gynecology & Aesthetics,"4340 S. Westheimer Rd. #250, Houston, TX 77027",713-955-6560,"Women, Men",4340 S. Westheimer Rd. #250, Houston,TX,77027
Women's Center of Beaumont - WADDELL,"740 Hospital Drive Ste 150, Beaumont, TX 77701",(409) 212-1000,"Women, Men",740 Hospital Drive Ste 150, Beaumont,TX,77701
Wasatch Family and Women’s Wellness,"150 N Main Street Suite 105, Heber City, UT 84032",(435) 291-7420,"Men, Women",150 N Main Street Suite 105, Heber City,UT,84032
KALE Functional Medicine,"2800 KIRBY DR STE B-210, Houston, TX 77098",(713) 660-6620,"Men, Women",2800 KIRBY DR STE B-210, Houston,TX,77098
LIVE Hydration Spa - Kirby,"2800 Kirby Dr. Ste. A-110, Houston, TX 77098",(832) 821-8717,"Men, Women",2800 Kirby Dr. Ste. A-110, Houston,TX,77098
El Paso Family & Pediatric,"12410 Montwood Dr., El Paso, TX 79928",915-231-6224,"Women, Men",12410 Montwood Dr., El Paso,TX,79928
Blue Halo Med Spa,"12400 Shelbyville Rd, Louisville, KY 40243",(502) 641-8653,"Women, Men",12400 Shelbyville Rd, Louisville,KY,40243
Vida Aesthetics and Wellness,"3407 Montrose Blvd Ste. A5, Houston, TX 77006",281-975-0251,"Women, Men",3407 Montrose Blvd Ste. A5, Houston,TX,77006
Her Down There,"1622 W Alabama St, Houston, TX 77007",(888) 234-3482,Women,1622 W Alabama St, Houston,TX,77007
Advanced Health and Wellness,"1815 Henson Ave, Kalamazoo, MI 49048",269-492-6506,"Women, Men",1815 Henson Ave, Kalamazoo,MI,49048
Beauty Bar & Wellness,"12406 La Grange Rd. Suite 201, Louisville, KY 40245",(502) 414-4651,"Women, Men",12406 La Grange Rd. Suite 201, Louisville,KY,40245
R+ Med Spa,"210 Shane Drive, Glasgow, KY 42141",(270) 651-4772,"Women, Men",210 Shane Drive, Glasgow,KY,42141
Dr. Carlos Cardenas MD. PA.,"1303 McCullough Ave. Suite 533, San Antonio, TX 78212",(210) 465-5545,"Women, Men",1303 McCullough Ave. Suite 533, San Antonio,TX,78212
DermaTouch RN,"222 W. Cypress St. STE. 100, San Antonio, TX 78212",(210) 951-3520,"Women, Men",222 W. Cypress St. STE. 100, San Antonio,TX,78212
Southtown Clinic,"1200 Brooklyn Ave Ste 150, San Antonio, TX 78207",210-228-9340,"Men, Women",1200 Brooklyn Ave Ste 150, San Antonio,TX,78207
Premier Medical Wellness,"1222 Mccullough Ave Suite 101, San Antonio, TX 78212",8303440551,"Women, Men",1222 Mccullough Ave Suite 101, San Antonio,TX,78212
Mont Belvieu Urgent and Family Care,"11303 Eagle Drive, Mont Belvieu, TX 77523",281-385-8111,"Women, Men",11303 Eagle Drive, Mont Belvieu,TX,77523
LouWellSpa,"500 N English Station Rd Suite 101, Louisville, KY 40223",5025727572,"Women, Men",500 N English Station Rd Suite 101, Louisville,KY,40223
Houston Spine and Joint Pain Associates,"4101 Greenbriar Suite 208, Houston, TX 77098",(832) 777-7246,,4101 Greenbriar Suite 208, Houston,TX,77098
Mai Medical,"12660 Beechnut St. Suite 110, Houston, TX 77072",(713) 999-2860,,12660 Beechnut St. Suite 110, Houston,TX,77072
Wellness Institute of Neurodevelopment,"2 Chelsea Blvd., Houston, TX 77006",(866) 794-4208,"Men, Women",2 Chelsea Blvd., Houston,TX,77006
Pura Medical Aesthetics,"2222 Bissonnet St., Houston, TX 77005",(281) 657-6074,"Women, Men",2222 Bissonnet St., Houston,TX,77005
Texas Laparoscopic Consultants,"5115 Fannin St. Suite 950, Houston, TX 77004",713-493-7700,"Women, Men",5115 Fannin St. Suite 950, Houston,TX,77004
Family & Geriatrics Mobile Physicians PLLC,"7601 W Sam Houston Parkway Suite 800, Houston, TX 77072",(713) 742-2779,Women,7601 W Sam Houston Parkway Suite 800, Houston,TX,77072
Endocrine and Metabolic Health Associates,"6300 W Loop South Suite 390, Bellaire, TX 77401",(713) 714-4781,"Women, Men",6300 W Loop South Suite 390, Bellaire,TX,77401
Luxe Primary Practice,"6300 West Loop S Ste 335, Bellaire, TX 77401",(713) 571-4214,,6300 West Loop S Ste 335, Bellaire,TX,77401
Eastside Family Care Center,"1671 N Zaragosa Ave Suite B, El Paso, TX 79936",915-996-5210,"Women, Men",1671 N Zaragosa Ave Suite B, El Paso,TX,79936
Vibrant Med Aesthetic Boutique,"6402 Westwind Way Suite. 8, Crestwood, KY 40014",(502) 618-0995,"Women, Men",6402 Westwind Way Suite. 8, Crestwood,KY,40014
Alamo Primary Care,"12047 Potranco Road Suite 105, San Antonio, TX 78253",(210) 571-1338,"Women, Men",12047 Potranco Road Suite 105, San Antonio,TX,78253
UT Physicians Women’s Center - Bellaire Station,"6500 W Loop S, Bellaire, TX 77401",(713) 486-9300,Women,6500 W Loop S, Bellaire,TX,77401
Essentially You Urogynecology,"6750 West Loop South Suite 1060, Bellaire, TX 77401",832-831-0362,"Women, Men",6750 West Loop South Suite 1060, Bellaire,TX,77401
UT Physicians Women’s Center-Southwest,"7789 Southwest Fwy, Houston, TX 77074",(713) 486-0275,,7789 Southwest Fwy, Houston,TX,77074
Aneres Wellness pllc,"9675 Eagle Drive Street #105, Baytown, TX 77523",(832) 307-7106,"Women, Men",9675 Eagle Drive Street #105, Baytown,TX,77523
Simply Adored Medspa,"119 S English Station Rd, Louisville, KY 40245",(502) 709-5164,,119 S English Station Rd, Louisville,KY,40245
UT Physicians Women’s Center- TMC,"6410 Fannin, Houston, TX 77030",(832) 325-7131,Women,6410 Fannin, Houston,TX,77030
Contemporary Medicine Associates,"6565 West Loop S Fwy Svc Rd #525, Bellaire, TX 77401",(713) 661-7888,,6565 West Loop S Fwy Svc Rd #525, Bellaire,TX,77401
Kellum Medical Group,"7323 Marbach Road #104, San Antonio, TX 78227",210-674-0257,"Women, Men",7323 Marbach Road #104, San Antonio,TX,78227
Lilivy Aesthetics & Wellness,"9941 Illinois Road, Fort Wayne, IN 46804",(260) 264-0384,,9941 Illinois Road, Fort Wayne,IN,46804
"Good Neighbor Clinic, PLLC","7253 Bissonnet St, Houston, TX 77074",(832) 767-4516,Women,7253 Bissonnet St, Houston,TX,77074
Cabrera Health Center,"2515 Castroville Road Ste. 1, San Antonio, TX 78237",(210) 237-2889,,2515 Castroville Road Ste. 1, San Antonio,TX,78237
Transmountain Primary Care,"500 Peyton Hills Dr STE A, El Paso, TX 79928",(915) 248-2345,"Women, Men",500 Peyton Hills Dr STE A, El Paso,TX,79928
Ageless by Lia,"10470 Vista Del Sol Dr Ste 102, El Paso, TX 79925",914-475-2183,"Women, Men",10470 Vista Del Sol Dr Ste 102, El Paso,TX,79925
Her Health OBGYNFC,"9398 Viscount Blvd. 2B, El Paso, TX 79925",915-629-0442,"Women, Men",9398 Viscount Blvd. 2B, El Paso,TX,79925
"Pelvic Health, Wellness, & Aesthetic Center","7900 Fannin St. Suite 3300, Houston, TX 77054",713-512-7810,"Women, Men",7900 Fannin St. Suite 3300, Houston,TX,77054
Women's OBGyn,"7900 Fannin St. Suite 2800, Houston, TX 77054",(713) 658-0358,"Men, Women",7900 Fannin St. Suite 2800, Houston,TX,77054
Speakeasy Aesthetics,"804 N. Thompson Ln., Murfreesboro, TN 37129",(615) 473-1931,"Women, Men",804 N. Thompson Ln., Murfreesboro,TN,37129
Dupre Medical Clinic,"1008 West Main Street, Ville Platte, LA 70586",(337) 363-5531,"Women, Men",1008 West Main Street, Ville Platte,LA,70586
Urgencia ABC,"1123 Broadyway St. B, Houston, TX 77012",(832) 418-3915,"Women, Men",1123 Broadyway St. B, Houston,TX,77012
Griffith Family Healthcare,"3838 W. Park Ave., Orange, TX 77630",409-886-8700,"Women, Men",3838 W. Park Ave., Orange,TX,77630
Primary Care of El Paso,"6000 Northern Pass Dr Ste A100, El Paso, TX 79911",9152641830,"Women, Men",6000 Northern Pass Dr Ste A100, El Paso,TX,79911
Her Health OBGYNFC,"6000 Northern Pass Dr., El Paso, TX 79911",915-629-0442,"Men, Women",6000 Northern Pass Dr., El Paso,TX,79911
Family Clinic of Ville Platte,"407 E. Lincoln Rd, Ville Platte, LA 70586",(337) 363-3180,"Women, Men",407 E. Lincoln Rd, Ville Platte,LA,70586
Reflect Wellness,"1508 Carl Adams drive, Murfreesboro, TN 37128",(615) 648-9335,"Women, Men",1508 Carl Adams drive, Murfreesboro,TN,37128
Whole Life Wellness Center,"1003 Loop Road, Alpine, TX 79830",432-837-4207,"Women, Men",1003 Loop Road, Alpine,TX,79830
Privia Medical Group Gulf Coast PLLC,"7900 Fannin St., Houston, TX 77054",(281) 743-2624,"Women, Men",7900 Fannin St., Houston,TX,77054
New Horizon Healthcare,"4002 Garth Rd. Suite 100, Baytown, TX 77521",281-428-4411,"Women, Men",4002 Garth Rd. Suite 100, Baytown,TX,77521
Shannon Advanced Hormone Institute,"3326 E. Southcross Blvd., San Antonio, TX 78223",210-532-3216,"Women, Men",3326 E. Southcross Blvd., San Antonio,TX,78223
Family Medical Psychiatrics and Wellness,"8825 N. Loop Suite 103-104, El Paso, TX 79907",(915) 261-0259,"Women, Men",8825 N. Loop Suite 103-104, El Paso,TX,79907
Tennessee Women's Health,"641 Highway 52 BYP W, Lafayette, TN 37083",(615) 455-0629,Women,641 Highway 52 BYP W, Lafayette,TN,37083
Summit Pain Management,"1721 Magnavox Way, Fort Wayne, IN 46804",260-748-3650,"Women, Men",1721 Magnavox Way, Fort Wayne,IN,46804
Advanced Gynecology of West Houston,"9722 Highway 90A Ste 207, Sugar Land, TX 77478-4626",(281) 713-5870,"Women, Men",9722 Highway 90A Ste 207, Sugar Land,TX,77478-4626
Modern MD,"5915 Silver Springs Building 3 Suite A, El Paso, TX 79912",(915) 228-3080,"Men, Women",5915 Silver Springs Building 3 Suite A, El Paso,TX,79912
Fort Wayne-Body BarMD,"5907 Covington Rd Suite E, Fort Wayne, IN 46804",(317) 344-0920,"Women, Men",5907 Covington Rd Suite E, Fort Wayne,IN,46804
Bold Beauty,"3427 Pershing Dr, El Paso, TX 79903",(915) 201-1190,"Women, Men",3427 Pershing Dr, El Paso,TX,79903
"Care 4U Clinic, PLLC","6410 Highway 90A Suite D, Sugar Land, TX 77479",(713) 468-0880,"Women, Men",6410 Highway 90A Suite D, Sugar Land,TX,77479
Oakbend Medical Group,"4911 Sandhill Dr., Sugar Land, TX 77479",(281) 633-4920,Women,4911 Sandhill Dr., Sugar Land,TX,77479
Wellness Family Care LLC,"715 Cedar Bayou Rd, Baytown, TX 77520",281-837-3175,"Women, Men",715 Cedar Bayou Rd, Baytown,TX,77520
Infinity Health Clinic El Paso,"6633 N. Mesa Ste 506, El Paso, TX 79912",(915) 444-2668,,6633 N. Mesa Ste 506, El Paso,TX,79912
"Yvette F. Westford, MD, PA","15200 Southwest Freeway Suite #385, Sugar Land, TX 77478",281-201-2606,"Women, Men",15200 Southwest Freeway Suite #385, Sugar Land,TX,77478
Houston Metro Urology,"15200 SW Freeway Suite 380, Sugarland, TX 77478",(281) 565-3569,"Men, Women",15200 SW Freeway Suite 380, Sugarland,TX,77478
North San Antonio Healthcare Associates,"11907 US Hwy 87, LA VERNIA, TX 78121",(830) 253-1216,"Women, Men",11907 US Hwy 87, LA VERNIA,TX,78121
"Kimberly Evans, MD","1441 Hwy 6 South Suite 200, Sugarland, TX 77478",(713) 903-7525,"Women, Men",1441 Hwy 6 South Suite 200, Sugarland,TX,77478
Iglesias Family Medicine,"9895 Alameda Ave Unit 118, El Paso, TX 79927",915-440-0099,"Women, Men",9895 Alameda Ave Unit 118, El Paso,TX,79927
Family Physicians Urgent Care,"301 South Cities Service Hwy, Sulphur, LA 70663",(337) 990-8000,"Women, Men",301 South Cities Service Hwy, Sulphur,LA,70663
MDVIP,"550 South Mesa Hills Suite 4A, El Paso, TX 79912",(915) 260-8676,"Women, Men",550 South Mesa Hills Suite 4A, El Paso,TX,79912
Elevate Health and Hormone Clinic Inc.,"12461 Alabama Hwy 157, Moulton, AL 35650",(256) 444-6210,"Women, Men",12461 Alabama Hwy 157, Moulton,AL,35650
"Texas Integrative Medicine and Cardiology, PLLC","100 Executive Center Blvd Suite A, El Paso, TX 79902",915-532-8233,"Women, Men",100 Executive Center Blvd Suite A, El Paso,TX,79902
EP Preventive Care,"1250 E Cliff Dr STE 3E, El Paso, TX 79902",915-219-4600,"Women, Men",1250 E Cliff Dr STE 3E, El Paso,TX,79902
Guiding Star Southwest,"1411 Montana Ave, El Paso, TX 79902",(915) 544-9600,Women,1411 Montana Ave, El Paso,TX,79902
Sweetwater OB/GYN,"16545 Southwest Frwy Suite 150, Sugar Land, TX 77479",281-242-1400,"Women, Men",16545 Southwest Frwy Suite 150, Sugar Land,TX,77479
"Rachna Bhala, MD, PA","16605 Southwest Fwy Ste. 365, Sugarland, TX 77479",713-271-2708,"Women, Men",16605 Southwest Fwy Ste. 365, Sugarland,TX,77479
Sugarland Houston dermatology and plastic surgery,"16926 Southwest Freeway, Sugarland, TX 77479",(281) 313-0554,"Women, Men",16926 Southwest Freeway, Sugarland,TX,77479
Oasis Aesthetics & Wellness,"13440 University Blvd. #130, Sugar Land, TX 77479",(832) 979-4424,"Women, Men",13440 University Blvd. #130, Sugar Land,TX,77479
Sweetwater Medical Associates,"16651 Southwest Freeway Suite 100, Sugarland, TX 77479",281-494-4900,"Women, Men",16651 Southwest Freeway Suite 100, Sugarland,TX,77479
Viz Bo Med Spa / Acumedicalazer,"Centro Comercial Plaza Renacimiento Suite #18, Ciudad Juarez, CH 32300",(915) 731-1163,,Centro Comercial Plaza Renacimiento Suite #18, Ciudad Juarez,CH,32300
Your Medical Home,"1650 Texas Ave., Bridge City, TX 77611",(833) 698-6825,Women,1650 Texas Ave., Bridge City,TX,77611
Elite Doc Health and Beauty,"4665 Sweetwater Blvd 200, Sugarland, TX 77479",(832) 446-3206,"Women, Men",4665 Sweetwater Blvd 200, Sugarland,TX,77479
Breton Village Pediatrics and Family Medicine,"2460 Burton St. SE Suite 300, Grand Rapids, MI 49546",616-805-3846,"Women, Men",2460 Burton St. SE Suite 300, Grand Rapids,MI,49546
UT Physicians Women’s Center - Sugar Land,"17510 W Grand Parkway S, Sugar Land, TX 77479",(713) 486-1250,Women,17510 W Grand Parkway S, Sugar Land,TX,77479
Texas Regional Health and Wellness,"2837 Dulles Ave., Missouri City, TX 77459",281-208-7335,"Women, Men",2837 Dulles Ave., Missouri City,TX,77459
Provenance Aesthetics & Wellness,"4220 Cartwright Rd Ste. 203, Missouri City, TX 77459",(832) 478-8740,"Women, Men",4220 Cartwright Rd Ste. 203, Missouri City,TX,77459
Women's Health Specialists,"3333 Burke Road, Pasadena, TX 77504",(713) 378-6494,Women,3333 Burke Road, Pasadena,TX,77504
Emergency Medical Doctors Services,"1201 S Allen-Genoa Rd, South Houston, TX 77587",(713) 910-0000,"Women, Men",1201 S Allen-Genoa Rd, South Houston,TX,77587
Port Neches Family Medicine,"2246 Nall Street, Port Neches, TX 77651",(936) 327-1015,"Women, Men",2246 Nall Street, Port Neches,TX,77651
REJUVEN8 MEDICAL,"19875 Southwest FWY Suite 280, Sugar Land, TX 77479",(281) 394-4899,"Women, Men",19875 Southwest FWY Suite 280, Sugar Land,TX,77479
BeeYou Aesthetics,"709 Airport North Office Park, Fort Wayne, IN 46825",(260) 445-3977,Women,709 Airport North Office Park, Fort Wayne,IN,46825
Lush Aesthetics & Treatment Services,"26889 Main St., Ardomore, TN 38449",(256) 742-2555,"Women, Men",26889 Main St., Ardomore,TN,38449
Luminous Wellness & Aesthetics,"2024 N. Park Rd., Connersville, IN 47331-2901",765-403-0700,"Women, Men",2024 N. Park Rd., Connersville,IN,47331-2901
XO Wellness & Aesthetics,"5201 Highway 6 STE 595, Missouri City, TX 77459",(281) 766-5480,Women,5201 Highway 6 STE 595, Missouri City,TX,77459
DMEDICAL,"Avenida Plutarco Elias Calles #1921 Col Jardines de San Jose, Chihuahua, CH 32390",+52 1 656 1994 557,"Men, Women",Avenida Plutarco Elias Calles #1921 Col Jardines de San Jose, Chihuahua,CH,32390
gerstenberg.clinic,"2927 Nall, Port Neches, TX 77651",409-210-3336,"Women, Men",2927 Nall, Port Neches,TX,77651
Diagnostic Group LifeCare,"2200 Hwy 365, Nederland, TX 77627",409-772-4321,"Women, Men",2200 Hwy 365, Nederland,TX,77627
Rejuvenation Laser Med Spa and Weight Loss,"5119 Fairmont Parkway Ste A, Pasadena, TX 77505",281-991-7603,"Women, Men",5119 Fairmont Parkway Ste A, Pasadena,TX,77505
Riverstone Family Care Physicians,"4502 Riverstone Blvd Suite 1003, Missouri City, TX 77459",(281) 778-9420,"Men, Women",4502 Riverstone Blvd Suite 1003, Missouri City,TX,77459
Luminance Health & Beauty Clinic,"4502 Riverstone Blvd. Suite 605, Missouri City, TX 77459",281-969-8588,"Men, Women",4502 Riverstone Blvd. Suite 605, Missouri City,TX,77459
"AppleMD Medical Services, PLLC","4502 Riverstone Blvd. Unit 801, Missouri City, TX 77459",(346) 202-6001,"Women, Men",4502 Riverstone Blvd. Unit 801, Missouri City,TX,77459
"Standard Medical Clinic, PA","2400 Highway 365 STE 108, Nederland, TX 77627",409-727-2808,"Women, Men",2400 Highway 365 STE 108, Nederland,TX,77627
Belleza La Pelle,"1009 N. Third St., Bardstown, KY 40004",502-849-4848,"Women, Men",1009 N. Third St., Bardstown,KY,40004
Crossroads Medical Wellness,"1005 West Market St  Suite 8, Athens, AL 35611",(256) 434-9301,"Men, Women",1005 West Market St  Suite 8, Athens,AL,35611
Better Weighs to Better Health,"725 W. Market St. Suite B, Athens, AL 35611",(256) 998-5006,"Women, Men",725 W. Market St. Suite B, Athens,AL,35611
"New Leaf Medical Clinic, LLC","710 W Hobbs Street, Athens, AL 35611",(256) 800-2105,"Women, Men",710 W Hobbs Street, Athens,AL,35611
Elite Women's Healthcare,"8455 9th Ave Suite A, Port Arthur, TX 77642",409-983-1066,"Women, Men",8455 9th Ave Suite A, Port Arthur,TX,77642
Selim Surgery Center,"215 W Prien Lake Rd, Lake Charles, LA 70601",(337) 502-8706,"Women, Men",215 W Prien Lake Rd, Lake Charles,LA,70601
Kurate Aesthetics,"12730 Coldwater Road Suite 103, Fort Wayne, IN 46845",(260) 437-2803,,12730 Coldwater Road Suite 103, Fort Wayne,IN,46845
The Coulter Clinic,"1405 SW Jefferson St, Athens, AL 35611",(256) 780-0216,"Women, Men",1405 SW Jefferson St, Athens,AL,35611
Imperial Health,"4150 Nelson Rd. Suite 2, Lake Charles, LA 70605",(337) 312-6165,"Men, Women",4150 Nelson Rd. Suite 2, Lake Charles,LA,70605
Deirdre McMullen MD,"3281 Rocky Creek Drive #500, Missouri City, TX 77459",281-206-0068,"Women, Men",3281 Rocky Creek Drive #500, Missouri City,TX,77459
Rocky Creek Integrated Medical and Wellness Center,"3281 Rocky Creek Drive Suite. 200, Missouri City, TX 77459",(281) 916-5656,Women,3281 Rocky Creek Drive Suite. 200, Missouri City,TX,77459
Advanced Women's Healthcare,"2501 Jimmy Johnson Blvd Ste. 400, Port Arthur, TX 77640",409-729-9222,"Women, Men",2501 Jimmy Johnson Blvd Ste. 400, Port Arthur,TX,77640
Joppa Cosmetics,"1942 E Dupont Rd, Fort Wayne, IN 46825",(260) 665-9060,"Women, Men",1942 E Dupont Rd, Fort Wayne,IN,46825
Infinity Laser,"128 Keystone Avenue, Bardstown, KY 40004",502-350-4556,"Women, Men",128 Keystone Avenue, Bardstown,KY,40004
Lee J. Monlezun Jr.,"3505 5th Avenue Suite A1, Lake Charles, LA 70607",337-439-3205,"Women, Men",3505 5th Avenue Suite A1, Lake Charles,LA,70607
LaComb Health and Wellness,"6000 39th St., Groves, TX 77619",409-962-8509,"Women, Men",6000 39th St., Groves,TX,77619
Lake Charles Urgent Care and Lake Charles Primary Care,"1905 Country Club Drive Ste. B, Lake Charles, LA 70605",(337) 990-8000,"Women, Men",1905 Country Club Drive Ste. B, Lake Charles,LA,70605
Avara Medical,"3707 N Canyon Rd. Suite 8F, Provo, UT 84604",801-999-8356,"Women, Men",3707 N Canyon Rd. Suite 8F, Provo,UT,84604
Surgical Artistry,"836 University St., Lake Charles, LA 70605",(337) 990-8595,,836 University St., Lake Charles,LA,70605
Optimal Health Family Practice,"240 E Center St, Provo, UT 84606",801-877-5801,"Women, Men",240 E Center St, Provo,UT,84606
Anodyne of Utah Valley,"1375 E 800 N Suite 202, Orem, UT 84097",(801) 228-0617,"Men, Women",1375 E 800 N Suite 202, Orem,UT,84097
Unwavering Lakes Neuroscience Wellness Clinic,"2230 N University Pkwy Suite 2B, Provo, UT 84604",(619) 483-6054,,2230 N University Pkwy Suite 2B, Provo,UT,84604
Lakeside Health & Wellness,"2794 W. 500 S, Portland, IN 47371",(260) 729-3523,"Women, Men",2794 W. 500 S, Portland,IN,47371
Piper Rose Med Spa,"1987 North 1120 West, Provo, UT 84604",(385) 450-0279,"Women, Men",1987 North 1120 West, Provo,UT,84604
Chandler Wellness & Aesthetics,"11003 Resource Pkwy Suite 106, Houston, TX 77089",(832) 369-6869,Men,11003 Resource Pkwy Suite 106, Houston,TX,77089
The Rose Clinic,"920 E 800 N Ste 101, Orem, UT 84097",(805) 901-7486,,920 E 800 N Ste 101, Orem,UT,84097
North Star Medical,"11920 Astoria Blvd, Houston, TX 77089",(832) 934-4400,"Women, Men",11920 Astoria Blvd, Houston,TX,77089
UT Physicians Women's Center - Southeast,"11914 Astoria Blvd, Houston, TX 77089",(713) 486-7680,Women,11914 Astoria Blvd, Houston,TX,77089
DW Medical PC,"6400 Rothman Road, Fort Wayne, IN 46835",(260) 399-5874,,6400 Rothman Road, Fort Wayne,IN,46835
Summit Pain Management,"6404 Rothman Rd. Suite. G, Fort Wayne, IN 46835",(260) 748-3650,"Women, Men",6404 Rothman Rd. Suite. G, Fort Wayne,IN,46835
The Clinic for Plastic Surgery,"14018 Aesthetic Circle, Houston, TX 77062",(281) 990-8487,"Women, Men",14018 Aesthetic Circle, Houston,TX,77062
GraceFull Aesthetics,"2110 Pearland Pkwy, Pearland, TX 77581",(832) 895-1103,"Women, Men",2110 Pearland Pkwy, Pearland,TX,77581
Women's OBGyn,"10223 Broadway St. Ste. E, Pearland, TX 77584",(713) 658-0358,"Men, Women",10223 Broadway St. Ste. E, Pearland,TX,77584
Evolve Medical Aesthetics & Wellness - Winchester,"115 N. Main St, Winchester, IN 47394",(765) 546-8895,"Women, Men",115 N. Main St, Winchester,IN,47394
The Luxe Med Spa,"920 St Rd 930 E, New Haven, IN 46774",(260) 316-2006,Women,920 St Rd 930 E, New Haven,IN,46774
Azea Health,"245 South 1060 West, Lindon, UT 84042",(801) 376-8784,,245 South 1060 West, Lindon,UT,84042
Summit Pain Management - Auburn,"1314 East 7th Street, Auburn, IN 46706",(260)748-3650,"Women, Men",1314 East 7th Street, Auburn,IN,46706
Vita Wellness,"865 S. 500 W, Payson, UT 84651",(801) 465-4999,"Men, Women",865 S. 500 W, Payson,UT,84651
ROD J TURNER MD - MEN & WOMEN HEALTH SOLUTIONS,"15 Professional Park Dr., Webster, TX 77598",(281) 554-3107,"Women, Men",15 Professional Park Dr., Webster,TX,77598
Infinity Med-I-Spa,"801 Church Street NE Suite 14, Decatur, AL 35601",256-341-0867,"Women, Men",801 Church Street NE Suite 14, Decatur,AL,35601
CareToYou (Inside Utah Valley Chiropractic),"559 W State Street, Pleasant Grove, UT 84062",(808) 389-8297,"Women, Men",559 W State Street, Pleasant Grove,UT,84062
Premier Wellness and Aesthetics of Clear Lake,"15 Professional Park Drive, Webster, TX 77598",832-632-1908,"Men, Women",15 Professional Park Drive, Webster,TX,77598
Seaglass Wellness & Aesthetics,"27453 Capshaw Rd Suite B, Athens, AL 35613",(256) 410-6283,"Women, Men",27453 Capshaw Rd Suite B, Athens,AL,35613
BeautiFill Me Aesthetics & Wellness LLC,"1507 W. Bay Area Blvd Suite. 116, Webster, TX 77598",346-617-8993,Men,1507 W. Bay Area Blvd Suite. 116, Webster,TX,77598
Gulf Coast Healthcare,"2825 E Nasa Pkwy, Seabrook, TX 77586",(281) 532-3160,"Women, Men",2825 E Nasa Pkwy, Seabrook,TX,77586
Revive Med Spa and Wellness,"4211 Friendswood Link Rd, Friendswood, TX 77546",409-299-4785,"Women, Men",4211 Friendswood Link Rd, Friendswood,TX,77546
Dr Amir Salim MD PA,"450 N Texas Ave Suite C, Webster, TX 77598",281-557-0707,"Women, Men",450 N Texas Ave Suite C, Webster,TX,77598
HTX Urology,"600 N Kobayashi Rd Suite 210, Webster, TX 77598",281-946-6462,"Men, Women",600 N Kobayashi Rd Suite 210, Webster,TX,77598
Aesthetica Medical Spa & Plastic Surgery,"1865 W Pleasant Grove Blvd. Suite A, Pleasant Grove, UT 84062",(801) 785-8884,"Women, Men",1865 W Pleasant Grove Blvd. Suite A, Pleasant Grove,UT,84062
Light Facial Plastic Surgery & Aesthetic Center,"1218 13th Ave SE , Decatur, AL 35601",866-239-3223,"Women, Men",1218 13th Ave SE , Decatur,AL,35601
Alabama Urology & Robotic Center,"1210 14th Ave. SE, Decatur, AL 35601",256-353-0605,"Women, Men",1210 14th Ave. SE, Decatur,AL,35601
Para Bellum Health & Wellness,"321 N 1100 E STE C, American Fork, UT 84003",385-476-1003,"Women, Men",321 N 1100 E STE C, American Fork,UT,84003
UT Physicians Women's Center - Friendswood,"1505 Winding Way, Friendswood, TX 77546",(713) 486-7680,Women,1505 Winding Way, Friendswood,TX,77546
Center for Healthy Weight,"359 E. Parkwood Ave., Friendswood, TX 77546",832-619-1373,"Women, Men",359 E. Parkwood Ave., Friendswood,TX,77546
Thomas Family Clinic,"357 E Parkwood Ave, Friendswood, TX 77546",(713) 777-1900,Women,357 E Parkwood Ave, Friendswood,TX,77546
Amici Aesthetics,"355 E Parkwood Ave, Friendswood, TX 77546",(832) 206-4418,"Women, Men",355 E Parkwood Ave, Friendswood,TX,77546
Beauty Vibes Studios,"2250 Thornton Taylor Pkwy Suite C, Fayetteville, TN 37334",931-580-5616,Women,2250 Thornton Taylor Pkwy Suite C, Fayetteville,TN,37334
Nova Wellness Center,"119 W Parkwood Ave., friendswood, TX 77546",281-542-7800,"Women, Men",119 W Parkwood Ave., friendswood,TX,77546
Pretty Little Lines,"30 S 300 E, Santaquin, UT 84655",(801)-609-1231,"Women, Men",30 S 300 E, Santaquin,UT,84655
Infinity Family Clinic,"7507 Master Rd Ste B, Manvel, TX 77578",(281) 845-3301,"Women, Men",7507 Master Rd Ste B, Manvel,TX,77578
K Sparacino PC,"2828 Hwy 31, Decatur, AL 35603",256-340-5150,Women,2828 Hwy 31, Decatur,AL,35603
UT Physicians Women’s Center- Wharton,"2112 Regional Medical Dr., Wharton, TX 77488",(713) 486-7630,Women,2112 Regional Medical Dr., Wharton,TX,77488
Gutierrez MD,"612 N Bedell Ste A, Del Rio, TX 78840",830-775-1166,"Women, Men",612 N Bedell Ste A, Del Rio,TX,78840
South Texas Women's Health,"1038A Garner Field Rd., Uvalde, TX 78801",830-278-4700,"Women, Men",1038A Garner Field Rd., Uvalde,TX,78801
Joppa Cosmetics,"100 N Public Sq., Angola, IN 46703",(260) 203-9961,"Women, Men",100 N Public Sq., Angola,IN,46703
"Greene Family Medicine, APMC","2967 S Union St, Opelousas, LA 70570",(337) 594-8958,"Women, Men",2967 S Union St, Opelousas,LA,70570
League City Family Clinic,"1507 League City PKWY Suite 200, League City, TX 77573",281-525-6290,"Women, Men",1507 League City PKWY Suite 200, League City,TX,77573
Alvin-Manvel Family Clinic,"23869 W Hwy 6 Ste. D, Alvin, TX 77511",(832) 532-4426,"Women, Men",23869 W Hwy 6 Ste. D, Alvin,TX,77511
Solset Wellness,"3920 S. 110 E. Ste. 150, Millcreek, UT 84124",(801) 230-0586,"Women, Men",3920 S. 110 E. Ste. 150, Millcreek,UT,84124
Edwards Family Medicine,"1322 Elton Road Suite P, Jennings, LA 70546",337-824-2282,"Women, Men",1322 Elton Road Suite P, Jennings,LA,70546
Trahan ENT and Aesthetics,"4256 I-49 North Service Rd., Opelousas, LA 70570",(337) 594-6002,"Women, Men",4256 I-49 North Service Rd., Opelousas,LA,70570
Allure Aesthetics and Wellness,"155 West Main St, Lehi, UT 84043",(801) 879-3250,,155 West Main St, Lehi,UT,84043
Eleganza Med Spa,"10275 S 1300 E, Sandy, UT 84094",(385) 275-7565,,10275 S 1300 E, Sandy,UT,84094
Beautiful U,"495 W Main Street, Lehi, UT 84043",(801) 407-9002,"Women, Men",495 W Main Street, Lehi,UT,84043
Apex Performance and Aesthetics,"11449 South 1000 East Suite 101, Sandy, UT 84094",(385) 378-8200,"Women, Men",11449 South 1000 East Suite 101, Sandy,UT,84094
Maven Medical Arts,"12448 Fort St. Suite C100, Draper, UT 84020",(801) 806-0606,"Women, Men",12448 Fort St. Suite C100, Draper,UT,84020
Rejuvium,"9547 S 700 E Unit 102, Sandy, UT 84070",801-572-5833,"Women, Men",9547 S 700 E Unit 102, Sandy,UT,84070
Ana Estrada,"Guerrero 790 Colonia Centro, Ciudad Acuña, CO 26200",(877) 1290103,Women,Guerrero 790 Colonia Centro, Ciudad Acuña,CO,26200
RUMA Aesthetics,"1850 W Ashton Blvd Ste 100, Lehi, UT 84043",(801) 529-8628,"Women, Men",1850 W Ashton Blvd Ste 100, Lehi,UT,84043
Summit Aesthetics & Wellness,"2701 N Thanksgiving Way Suite # 100, Lehi, UT 84043",(385) 202-0245,"Women, Men",2701 N Thanksgiving Way Suite # 100, Lehi,UT,84043
Key Wellness and Aesthetics,"112 E Main St, Campbellsville, KY 42718",(270) 940-3368,"Women, Men",112 E Main St, Campbellsville,KY,42718
Bay Colony Physicians,"676 FM 517 RD W, Dickinson, TX 77539",713-482-4535,"Women, Men",676 FM 517 RD W, Dickinson,TX,77539
Amplify Life,"308 E 4500 S Ste 280, Murray, UT 84107",(385) 275-7565,,308 E 4500 S Ste 280, Murray,UT,84107
Aurora-Body BarMD,"502 2nd St. STE B, Aurora, IN 47001",(812) 607-1449,"Women, Men",502 2nd St. STE B, Aurora,IN,47001
Madison Medical Associates,"3809 Sullivan St Suite 4, Madison, AL 35758",256-325-1160,"Women, Men",3809 Sullivan St Suite 4, Madison,AL,35758
Focus MD,"489 W South Jordan Pkwy Suite 300, South Jordan, UT 84095",(801) 854-3854,,489 W South Jordan Pkwy Suite 300, South Jordan,UT,84095
Cuero Regional Hospital,"2550 N. Esplanade, Cuero, TX 77954",(361) 275-6191,"Women, Men",2550 N. Esplanade, Cuero,TX,77954
Revive Integrative Medicine,"12808 230th Ave, Big Rapids, MI 49307",(307) 251-0502,,12808 230th Ave, Big Rapids,MI,49307
One Wellness,"1568 S 500 W Suite 101, Woods Cross, UT 84087",(801) 874-2388,"Women, Men",1568 S 500 W Suite 101, Woods Cross,UT,84087
JZAAR,"11292 S Rick Circle, South Jordan, UT 84095",(801) 309-0245,,11292 S Rick Circle, South Jordan,UT,84095
EDIT Aesthetics & Wellness,"1226 S Jordan Pkwy Unit C, South Jordan, UT 84095",(801) 694-3064,"Women, Men",1226 S Jordan Pkwy Unit C, South Jordan,UT,84095
Mind and Body Performance,"810 Shepard Lane, Farmington, UT 84025",(801) 515-4822,,810 Shepard Lane, Farmington,UT,84025
Gallery of Aesthetics Medical Spa,"10709 S Redwood Rd Suite 103, South Jordan, UT 84095",(801) 515-0260,"Men, Women",10709 S Redwood Rd Suite 103, South Jordan,UT,84095
Mana Wellness and Aesthetics,"8846 S Redwood Rd. Suite. C-113, West Jordan, UT 84088",(214) 960-0700,"Women, Men",8846 S Redwood Rd. Suite. C-113, West Jordan,UT,84088
Root Cause Functional Integrative Medicine,"111 N. State Street, West Harrison, OH 47060",812-932-3224,"Women, Men",111 N. State Street, West Harrison,OH,47060
Bountiful Internal Medicine/ Oaks Medical Group,"691 N Redwood Road Ste 100, North Salt Lake, UT 84054",(801) 292-1423,"Women, Men",691 N Redwood Road Ste 100, North Salt Lake,UT,84054
Empowering Health,"19904 August Dr. Suite. 1, Lawrenceburg, IN 47025",(812) 290-2128,"Women, Men",19904 August Dr. Suite. 1, Lawrenceburg,IN,47025
Reborn Aesthetics and Wellness,"283 N 300 W Suite 501, Kaysville, UT 84037",385-209-1594,"Women, Men",283 N 300 W Suite 501, Kaysville,UT,84037
GOAT Athletic Spa,"3561 W 11400 S Ste. B, South Jordan, UT 84095",(801)357-7404,"Men, Women",3561 W 11400 S Ste. B, South Jordan,UT,84095
Illuminate Aesthethics & Wellness,"3674 W South Jordan Pkwy Suite. 209, South Jordan, UT 84095",(385) 202-0245,"Men, Women",3674 W South Jordan Pkwy Suite. 209, South Jordan,UT,84095
Mindful Medical,"1525 E 6000 S Ste B, Ogden, UT 84405",801-337-5854,"Women, Men",1525 E 6000 S Ste B, Ogden,UT,84405
Shade of Beauty Aesthetics,"74 N Fort Lane, Layton, UT 84041",(801) 710-9040,"Women, Men",74 N Fort Lane, Layton,UT,84041
"Partners in Pain and Spine, PLC","6896 S. Greenville Rd., Greenville, MI 48838",616-754-5036,"Women, Men",6896 S. Greenville Rd., Greenville,MI,48838
Valencia Center for Women's Health,"23823 Valencia Blvd. Suite 140, Valencia, CA 91355",661-290-3337,"Women, Men",23823 Valencia Blvd. Suite 140, Valencia,CA,91355
Chronicare of Utah,"2297 N. Hill Field Rd. Ste 101, Layton, UT 84041",801-776-3200,"Women, Men",2297 N. Hill Field Rd. Ste 101, Layton,UT,84041
Ogden Clinic,"1916 N. 700 W Suite 250, Layton, UT 84041",(801) 397-6160,Men,1916 N. 700 W Suite 250, Layton,UT,84041
Rubicon Health and Wellness,"1536 Woodland Park Dr. Suite 210, Layton, UT 84041",385-393-7486,"Men, Women",1536 Woodland Park Dr. Suite 210, Layton,UT,84041
Cypress Medical Clinic,"2615 North Dr, Abbeville, LA 70510",(337) 306-8006,"Men, Women",2615 North Dr, Abbeville,LA,70510
Kakani OBGYN,"699 Gallatin Street SW Building B, Huntsville, AL 35801",(256) 251-5121,"Women, Men",699 Gallatin Street SW Building B, Huntsville,AL,35801
Diabetes Relief,"2086 N 1700 W Suite D, Layton, UT 84041",385-515-4100,"Women, Men",2086 N 1700 W Suite D, Layton,UT,84041
Fielder Family Clinic,"503 N. Church St., Carencro, LA 70520",337-886-1200,"Women, Men",503 N. Church St., Carencro,LA,70520
MDVIP,"2319 Whitesburg Dr SE, Huntsville, AL 35801",(256) 536-7704,"Women, Men",2319 Whitesburg Dr SE, Huntsville,AL,35801
Archeva Health,"1104 Gleneagles Dr SW #B, Huntsville, AL 35801",(256) 947-4271,,1104 Gleneagles Dr SW #B, Huntsville,AL,35801
Regenesis Anti-Aging and Aesthetics Center,"4025 Pepperwood Circle SW #C, Huntsville, AL 35801",256-715-8193,"Women, Men",4025 Pepperwood Circle SW #C, Huntsville,AL,35801
Living Healthy MD,"3626 Memorial Parkway SW, Huntsville, AL 35801",2567157483,"Women, Men",3626 Memorial Parkway SW, Huntsville,AL,35801
"LifeTime Wellness, PLLC","323 Klein Ave., Glasgow, MT 59230",(406) 228-8013,"Women, Men",323 Klein Ave., Glasgow,MT,59230
Renew Hunstville,"507 Drake Ave. Suite E, Huntsville, AL 35801",256-489-4808,"Women, Men",507 Drake Ave. Suite E, Huntsville,AL,35801
REPLENISH Wellness Center,"185 Chateau Drive SW #302, Huntsville, AL 35801",(256) 885-2499,"Women, Men",185 Chateau Drive SW #302, Huntsville,AL,35801
Evolve Medical Aesthetics & Wellness Greenville,"302 S Broadway St, Greenville, OH 45331",(937) 626-1151,,302 S Broadway St, Greenville,OH,45331
Medfirst Primary Care,"1808 Hwy 97 E Ste C, Jourdanton, TX 78026",(830) 287-3132,,1808 Hwy 97 E Ste C, Jourdanton,TX,78026
Infinity Med-I-Spa,"7914 Memorial Parkway SW Suite A3, Huntsville, AL 35802",256-880-3672,"Women, Men",7914 Memorial Parkway SW Suite A3, Huntsville,AL,35802
Gianna Med-Aesthetics and Wellness LLC,"1010 Saint Mary St., Scott, LA 70583",(337) 345-1995,"Men, Women",1010 Saint Mary St., Scott,LA,70583
Clark Integrated Medical Clinics,"417 Westgate Rd, Lafayette, LA 70506",(337) 288-2220,,417 Westgate Rd, Lafayette,LA,70506
Amici Aesthetics Galveston,"2219 Sealy St, Galveston, TX 77550",(832) 206-4418,"Women, Men",2219 Sealy St, Galveston,TX,77550
Serenity Dermatology & Laser,"1917 Broadway St, Galveston, TX 77550",(409) 996-9159,Women,1917 Broadway St, Galveston,TX,77550
New Body Aesthetics,"4004 Harrison Ave, Cincinnati, OH 45211",513 635-7622,"Women, Men",4004 Harrison Ave, Cincinnati,OH,45211
Aesthetics on 1st,"103 First Ave NE Suite 130, Cullman, AL 35055",(256) 739-9993,"Women, Men",103 First Ave NE Suite 130, Cullman,AL,35055
Vibrant Woman Health Center,"105 Independence Blvd. Suite 2, Lafayette, LA 70506",337-234-6838,"Women, Men",105 Independence Blvd. Suite 2, Lafayette,LA,70506
William A Dupon MD APMC,"233 Doucet Rd Suite A6, Lafayette, LA 70503",337-281-0996,"Women, Men",233 Doucet Rd Suite A6, Lafayette,LA,70503
U.P. Holistic Medicine,"6044 US 41 S, Marquette, MI 49855",906-249-3600,"Women, Men",6044 US 41 S, Marquette,MI,49855
L.LAZARO IV MD,"913 S COLLEGE RD STE 110, LAFAYETTE, LA 70503",(337) 279-7625,,913 S COLLEGE RD STE 110, LAFAYETTE,LA,70503
Face Lab Aesthetics,"1088 Walburg Ave, Villa Hills, KY 41017",(859) 443-8070,"Men, Women",1088 Walburg Ave, Villa Hills,KY,41017
Dermatology Center of Acadiana,"1245 S College Rd Building 5, Lafayette, LA 70503",(337) 235-6886,"Women, Men",1245 S College Rd Building 5, Lafayette,LA,70503
Grace Gynecology & Wellness APMC,"101 Rue Fontaine Bldg 3B, Lafayette, LA 70508",(337) 522-7282,"Women, Men",101 Rue Fontaine Bldg 3B, Lafayette,LA,70508
Flawless Aesthetics & Anti-aging,"1042 CAMELLIA BLVD STE 16, Lafayette, LA 70508",337-501-6870,"Women, Men",1042 CAMELLIA BLVD STE 16, Lafayette,LA,70508
ZG Wellness and Dermatology,"2853 Town Center Blvd., Crestview Hills, KY 41017",(859) 344-3250,"Women, Men",2853 Town Center Blvd., Crestview Hills,KY,41017
Elite Health and Wellness,"411 Old Mill Rd, Winchester, TN 37398",(931) 313-8724,,411 Old Mill Rd, Winchester,TN,37398
"Center One Medical of Lafayette, LLC","1700 Kaliste Saloom Rd Suite 600, Lafayette, LA 70508",(337) 252-3099,"Women, Men",1700 Kaliste Saloom Rd Suite 600, Lafayette,LA,70508
"Acadiana Health & Aesthetics-Lauren F. Luke, MD","202 Rue Promenade , Lafayette, LA 70508",337-806-9161,"Women, Men",202 Rue Promenade , Lafayette,LA,70508
Jeffrey Thibodeaux APMC,"120 Rue Louis XIV BLDG 2, Lafayette, LA 70508",(337) 233-6665,"Men, Women",120 Rue Louis XIV BLDG 2, Lafayette,LA,70508
"William B. Roth MD, LLC","120 Rue Louis XIV Building 2, Lafayette, LA 70508",337-233-6665,"Men, Women",120 Rue Louis XIV Building 2, Lafayette,LA,70508
"Barry Liberoni, MD","720 AVE F NORTH, Bay City, TX 77414",(979) 308-6904,"Women, Men",720 AVE F NORTH, Bay City,TX,77414
Clark Integrated Medical Clinics,"401 E Verot School Rd, Lafayette, LA 70508",337-232-3353,"Women, Men",401 E Verot School Rd, Lafayette,LA,70508
Just Peachie Wellness,"104 Broadmoor St Suite. 300, Victoria, TX 77904",(361) 894-2244,"Women, Men",104 Broadmoor St Suite. 300, Victoria,TX,77904
Sweeny Hospital District,"303 N. McKinney Suite E, Sweeny, TX 77480",(979) 548-1515,"Women, Men",303 N. McKinney Suite E, Sweeny,TX,77480
"Goehring Family Practice, PLLC","5001 JOHN STOCKBAUER UNIT C, Victoria, TX 77904",(361) 321-0783,"Women, Men",5001 JOHN STOCKBAUER UNIT C, Victoria,TX,77904
Miller Medical,"57 N 775 E, Tremonton, UT 84337",(435) 915-6262,"Women, Men",57 N 775 E, Tremonton,UT,84337
Victoria Women's Clinic,"110 Medical Drive 100, Victoria, TX 77904",361-578-5233,"Women, Men",110 Medical Drive 100, Victoria,TX,77904
Red River,"115 Medical Dr. Suite 101, Victoria, TX 77904",(361) 272-3523,"Women, Men",115 Medical Dr. Suite 101, Victoria,TX,77904
Reveal Medical Aesthetics & Weight Loss,"1004 E. Deuce of Clubs Suite. B, Show Low, AZ 85901",(928) 940-3973,"Men, Women",1004 E. Deuce of Clubs Suite. B, Show Low,AZ,85901
Women First,"200 Albertsons Pkwy, Broussard, LA 70518",(337) 445-1251,"Women, Men",200 Albertsons Pkwy, Broussard,LA,70518
Hien Atkins Beauty Lounge,"2609 Maxie Thomas Way, Tuscaloosa, AL 35401-2803",205-887-1854,"Women, Men",2609 Maxie Thomas Way, Tuscaloosa,AL,35401-2803
MKD Bio Health,"2376 N 400 E Suite 203, Tooele, UT 84074",435-882-0599,"Women, Men",2376 N 400 E Suite 203, Tooele,UT,84074
Summit Direct Health,"2321 N 400 E Suite 200, Tooele, UT 84074",(435) 500-2688,"Women, Men",2321 N 400 E Suite 200, Tooele,UT,84074
Functional Healing,"207 That Way Suite C, Lake Jackson, TX 77566",(979) 614-0115,"Women, Men",207 That Way Suite C, Lake Jackson,TX,77566
Atkins Health Primary Care,"207 That Way St. Ste A3, Lake Jackson, TX 77566",(979) 614-0002,"Women, Men",207 That Way St. Ste A3, Lake Jackson,TX,77566
Premier Mountain Healthcare,"5300 S. Sutter Bldg. A, Show Low, AZ 85901",(928) 251-4244,"Women, Men",5300 S. Sutter Bldg. A, Show Low,AZ,85901
Thrive Total Health Center,"1516 Chemin Metairie Rd, Youngsville, LA 70592",(337) 279-1363,"Women, Men",1516 Chemin Metairie Rd, Youngsville,LA,70592
Opal E LeBlanc MD APM LLC,"1516 Chemin Metairie Rd Ste. 1A, Youngsville, LA 70592",(337) 769-3444,"Women, Men",1516 Chemin Metairie Rd Ste. 1A, Youngsville,LA,70592
Help Home Primary Care,"127 Circle Way Suite C, Lake Jackson, TX 77515",(979) 480-0197,"Women, Men",127 Circle Way Suite C, Lake Jackson,TX,77515
"Serenity Medical Services, LLC dba Serenity MedAesthetics","1809 Chemin Metairie Parkway, Youngsville, LA 70592",(337) 572-6772,"Women, Men",1809 Chemin Metairie Parkway, Youngsville,LA,70592
Optimal Health Center of Acadiana,"1901 Chemin Metairie Blvd Suite 2, Youngsville, LA 70592",337-235-0575,"Men, Women",1901 Chemin Metairie Blvd Suite 2, Youngsville,LA,70592
Priority Care N.O.W. LLC,"7601 Reading Rd Suite B, Cincinnati, OH 45237",(513) 653-0281,,7601 Reading Rd Suite B, Cincinnati,OH,45237
UniqueU Medical Wellness Center,"4050 Executive Park Drive #110, Cincinnati, OH 45241",(513) 984-2700,,4050 Executive Park Drive #110, Cincinnati,OH,45241
West Chester Wellness Center,"7249 Liberty Way, West Chester, OH 45069",(513) 770-3263,"Women, Men",7249 Liberty Way, West Chester,OH,45069
Renue Wellness - Functional & Integrative Medicine,"607 Randolph #101, Traverse City, MI 49684",(231) 252-1000,"Women, Men",607 Randolph #101, Traverse City,MI,49684
"Toni Tipton Integrative Wellness, LLC","7100 Foundry Row Suite 288-89, Liberty Township, OH 45069",(513) 278-7668,"Men, Women",7100 Foundry Row Suite 288-89, Liberty Township,OH,45069
Dahlia Center - Traverse City,"1420 Barlow St, Traverse City, MI 49686",(231) 620-5408,"Men, Women",1420 Barlow St, Traverse City,MI,49686
MD360 Conceirge Primary Care,"4605 East Galbraith Rd #110, Cincinnati, OH 45236",(513) 891-0131,"Men, Women",4605 East Galbraith Rd #110, Cincinnati,OH,45236
Uplift Wellness and Aesthetics PLLc,"15 S Central Ave, Monteagle, TN 37356",(931) 924-7449,,15 S Central Ave, Monteagle,TN,37356
Access Primary Care,"110 N Hospital Dr., Abbeville, LA 70510",337-740-7440,"Women, Men",110 N Hospital Dr., Abbeville,LA,70510
Magnolia Family Health,"210 Ardly Drive, Abbeville, LA 70510",(337) 772-7898,,210 Ardly Drive, Abbeville,LA,70510
Jiva Med Spa,"6404 Thornberry Ct Suite 430, Mason, OH 45040",(513) 834-1770,"Women, Men",6404 Thornberry Ct Suite 430, Mason,OH,45040
Lakeside North,"38 Rowe Drive, Guntersville, AL 35976",(256) 571-8460,"Men, Women",38 Rowe Drive, Guntersville,AL,35976
Medical Centers OB/GYN,"7938 AL Highway 69 Suite 360, Guntersville, AL 35976",256-571-8470,"Women, Men",7938 AL Highway 69 Suite 360, Guntersville,AL,35976
Choosi Skin Face & Laser Spa,"11135 Montgomery Rd Suite 2A, Cincinnati, OH 45249",(513) 334-2376,"Women, Men",11135 Montgomery Rd Suite 2A, Cincinnati,OH,45249
Fillmore Family Medicine,"770 S Highway 99, Fillmore, UT 84631",(435) 253-8000,"Women, Men",770 S Highway 99, Fillmore,UT,84631
BB Aesthetic - Maineville,"3116 W US Route 22 & 3, Maineville, OH 45039",(513) 599-7345,,3116 W US Route 22 & 3, Maineville,OH,45039
Bluegrass Preventive medicine,"161 Lexington Green Circle Ste. 10, Lexington, KY 40503",(859) 303-6380,"Women, Men",161 Lexington Green Circle Ste. 10, Lexington,KY,40503
The Ageless Center,"149 Moore Drive, Lexington, KY 40503",(859) 335-1330,"Women, Men",149 Moore Drive, Lexington,KY,40503
CIMA - MT Hope,"1003 E. MT Hope Ave, Lansing, MI 48910",(517) 853-3704,"Women, Men",1003 E. MT Hope Ave, Lansing,MI,48910
"Stephanie F. Cave, MD","10562 South Glenstone Place, Baton Rouge, LA 70810",225-767-7433,"Women, Men",10562 South Glenstone Place, Baton Rouge,LA,70810
Hourglass Aesthetics,"124 Clay Avenue, Lexington, KY 40502",(859) 904-5274,"Women, Men",124 Clay Avenue, Lexington,KY,40502
JKL HEALTHCARE SERVICES,"520 N. Lewis Street Ste. 100, New Iberia, LA 70563",(337) 367-8220,"Women, Men",520 N. Lewis Street Ste. 100, New Iberia,LA,70563
Lakeside Clinic LLC,"2337 Homer Clayton Dr., Guntersville , AL 35976",256-582-5131,"Women, Men",2337 Homer Clayton Dr., Guntersville ,AL,35976
Traditions Health & Wellness,"1208A Gunter Ave, Guntersville , AL 35976",256-582-5131,"Women, Men",1208A Gunter Ave, Guntersville ,AL,35976
"Cactus Rose Aesthetics, LLC","236 Chase Creek Street, Clifton, AZ 85533",(928) 322-5386,"Women, Men",236 Chase Creek Street, Clifton,AZ,85533
Clark Integrated Medical Clinics,"1833 East Main St., New Iberia, LA 70560",(337) 367-7463,"Men, Women",1833 East Main St., New Iberia,LA,70560
Fierce Aesthetics Medspa,"2335 Baton Rouge Avenue, Lima, OH 45805",(419) 905-6485,"Women, Men",2335 Baton Rouge Avenue, Lima,OH,45805
Bradford Family Healthcare PC,"510 E. Laurel Street Suite 202, Scottsboro, AL 35768",(256) 259-6054,"Women, Men",510 E. Laurel Street Suite 202, Scottsboro,AL,35768
Wellward Regenerative Medicine,"101 N Eagle Creek Drive, Lexington, KY 40509",(859) 275-4878,"Women, Men",101 N Eagle Creek Drive, Lexington,KY,40509
Santana Family Care,"1995 Williams St. Unit. C, Eagle Pass, TX 78852",(830) 776-5348,"Women, Men",1995 Williams St. Unit. C, Eagle Pass,TX,78852
Avenue Health,"2422 Jolly Rd. Suite 100, Okemos, MI 48864",(517) 618-9507,"Women, Men",2422 Jolly Rd. Suite 100, Okemos,MI,48864
Reflections,"2808 Palumbo Dr. Suite 200, Lexington, KY 40509",(859) 422-2060,"Women, Men",2808 Palumbo Dr. Suite 200, Lexington,KY,40509
Idaho Skin Center,"3760 Washington Pkwy, Idaho Falls, ID 83404",208-881-5779,"Women, Men",3760 Washington Pkwy, Idaho Falls,ID,83404
Bella Vita Aesthetics,"17900 Airline Highway Suite F, Prairieville, LA 70769",225-744-1900,"Women, Men",17900 Airline Highway Suite F, Prairieville,LA,70769
Delta Family Medicine,"140 White Sage Ave, Delta, UT 84624",(435) 979-7975,"Women, Men",140 White Sage Ave, Delta,UT,84624
Jiva Med Spa,"4235 Indian Ripple Rd., Beavercreek, OH 45440",937-705-9430,"Women, Men",4235 Indian Ripple Rd., Beavercreek,OH,45440
MedHelp,"1 West Lakeshore Drive 101, Birmingham, AL 35209",(205) 208-7646,Women,1 West Lakeshore Drive 101, Birmingham,AL,35209
Albertville Family Medicine,"201 W Main St, Albertville, AL 35950",(256) 251-2012,"Women, Men",201 W Main St, Albertville,AL,35950
Two Sparrows Wellness & Beauty Bar,"120 Wunderlin Street Suite. 4, Lewistown, MT 59457",(406) 564-0359,"Women, Men",120 Wunderlin Street Suite. 4, Lewistown,MT,59457
UAB St. Vincent’s Gynecology,"806 St. Vincent's Dr. Suite 430, Birmingham, AL 35205",(205) 939-7800,"Women, Men",806 St. Vincent's Dr. Suite 430, Birmingham,AL,35205
Alabama Women's Specialist,"2006 Brookwood Medical Center Dr, Birmingham, AL 35209",(205) 877-2121,"Women, Men",2006 Brookwood Medical Center Dr, Birmingham,AL,35209
Vulcan Wellness & Aesthethics,"2015 Kentucky Avenue, Vestavia, AL 35216",(205) 438-6009,"Women, Men",2015 Kentucky Avenue, Vestavia,AL,35216
Brookwood Women's Health,"1020 Montgomery Hwy, Vestavia Hills, AL 35216",(205) 397-8856,Women,1020 Montgomery Hwy, Vestavia Hills,AL,35216
Cline Medical Group,"138 Keeneland Ave, Richmond, KY 40475",(606) 637-2334,,138 Keeneland Ave, Richmond,KY,40475
Bariatric Health and Wellness,"1020 Montgomery Hwy, Vestavia Hills, AL 35216",205-397-8856,"Women, Men",1020 Montgomery Hwy, Vestavia Hills,AL,35216
Innovations in Women's Health,"2013 North St. Mary's Street, Beeville, TX 78102",(361) 343-5050,"Women, Men",2013 North St. Mary's Street, Beeville,TX,78102
"Catherine LaRuffa, M.D., Inc.","700 S. Broadway , Blanchester, OH 45107",937-783-2600,"Women, Men",700 S. Broadway , Blanchester,OH,45107
"Jason Adams, MD","1943 S. Burnside Avenue, Gonzales, LA 70737",225-647-2294,"Women, Men",1943 S. Burnside Avenue, Gonzales,LA,70737
Infinity Med-I-Spa,"2801 John Hawkins Parkway Suite 179U, Hoover, AL 35244",205-682-9974,"Women, Men",2801 John Hawkins Parkway Suite 179U, Hoover,AL,35244
"MI Aesthetics, LLC","290 Thurman Avenue, Crossville, TN 38555",(931) 287-4785,,290 Thurman Avenue, Crossville,TN,38555
BHMG Urology,"793 Eastern Bypass Suite 101, Richmond, KY 40475",(859) 626-8645,,793 Eastern Bypass Suite 101, Richmond,KY,40475
Nobility Better Health,"415 N. 3rd Avenue Suite. B, Pocatello, ID 83201",(208) 646-4165,"Women, Men",415 N. 3rd Avenue Suite. B, Pocatello,ID,83201
"Laser Legacy Medispa, LLC","745 W. Bridge Street Suite H, Blackfoot, ID 83221",208-684-2112,"Women, Men",745 W. Bridge Street Suite H, Blackfoot,ID,83221
Family Medical Clinic of Chubbuck,"476 E. Chubbuck Road, Pocatello, ID 83202",208-233-9898,"Women, Men",476 E. Chubbuck Road, Pocatello,ID,83202
MD Wellness & Aesthetics,"650 Inverness Corners, Birmingham, AL 35242",205-582-9216,"Women, Men",650 Inverness Corners, Birmingham,AL,35242
Abba Wellness PLLC,"1303 S Main Street Suite A, Chelsea, MI 48118",(734) 719-8967,,1303 S Main Street Suite A, Chelsea,MI,48118
UAB St. Vincent’s Gynecology,"7191 Cahaba Valley Rd #200A, Hoover, AL 35242",(205) 733-7110,"Men, Women",7191 Cahaba Valley Rd #200A, Hoover,AL,35242
MiBella Wellness Center,"2807 Greystone Commercial Blvd Unit 38, Birmingham, AL 35242",205-995-1009,"Women, Men",2807 Greystone Commercial Blvd Unit 38, Birmingham,AL,35242
Elevate Health,"801 W. Main Street Suite 1C, Bozeman, MT 59715",406-219-3631,"Women, Men",801 W. Main Street Suite 1C, Bozeman,MT,59715
Infinity Med-I-Spa,"5510 Hwy 280 Suite 117, Birmingham, AL 35242",205-991-3200,"Women, Men",5510 Hwy 280 Suite 117, Birmingham,AL,35242
SAS Med Spa,"3152 El Camino Drive, Springfield, OH 45503",(937) 521-1111,"Women, Men",3152 El Camino Drive, Springfield,OH,45503
Hospital Service District #1 of the Parish of St. Mary,"1105 Northwest Blvd, Franklin, LA 70538",(337) 471-1215,"Women, Men",1105 Northwest Blvd, Franklin,LA,70538
Life Enhancement Clinics of MT - Bozeman,"804 N 19th Ave., Bozeman, MT 59718",(406) 500-9277,"Women, Men",804 N 19th Ave., Bozeman,MT,59718
Crafted Aesthetics,"962 Stoneridge Dr 1, Bozeman, MT 59718",(406) 577-8636,"Men, Women",962 Stoneridge Dr 1, Bozeman,MT,59718
Azia Medical Spa,"153 Narrows Parkway Suite 201, Birmingham, AL 35242",205-980-7772,"Women, Men",153 Narrows Parkway Suite 201, Birmingham,AL,35242
"M-Esthetics Wellness, Weight Loss, & IV Hydration","3673 Middle Urbana Rd., Springfield, OH 45502",(937) 450-8348,"Women, Men",3673 Middle Urbana Rd., Springfield,OH,45502
HAAN Aesthetic Medicine,"630 Boardwalk Ave. Suite 4, Bozeman, MT 59718",(406) 589-8117,Women,630 Boardwalk Ave. Suite 4, Bozeman,MT,59718
Inceptivia Health & Wellness,"404 4th Street NW, Attalla, AL 35954",(256) 344-5049,"Women, Men",404 4th Street NW, Attalla,AL,35954
Dekalb OBGYN,"550 Medical Center Dr SW, Fort Payne, AL 35967",(256) 845-8885,Women,550 Medical Center Dr SW, Fort Payne,AL,35967
Fussell Health,"19349 North 12th Street, Covington, LA 70433",(985) 635-5537,"Women, Men",19349 North 12th Street, Covington,LA,70433
Corner Studio Spa and Wellness,"214 w grand river ave, Howell, MI 48843",(517) 376-6199,"Women, Men",214 w grand river ave, Howell,MI,48843
Clinical Urology Associates,"713 Goodyear Ave, Gadsden, AL 35903",(256) 492-4040,"Women, Men",713 Goodyear Ave, Gadsden,AL,35903
Rejuvenate Health,"1935 Lutcher Ave Suite. B, Lutcher, LA 70071",(225) 806-1168,"Women, Men",1935 Lutcher Ave Suite. B, Lutcher,LA,70071
Choice Health and Wellness,"1100 Croy Dr Ste. D, Findlay, OH 45840",419-889-5657,"Women, Men",1100 Croy Dr Ste. D, Findlay,OH,45840
Michele Cooper MD,"1090 W Causeway Approach, Mandeville, LA 70471",9856266163,"Women, Men",1090 W Causeway Approach, Mandeville,LA,70471
"Once Upon A Wrinkle, LLC","350 Meadow Wood Road, Gadsden, AL 35901",(256) 613-2969,Women,350 Meadow Wood Road, Gadsden,AL,35901
Elixir Health Direct Primary Care,"84 Cropwell Drive, Pell City, AL 35128",205-606-4273,"Women, Men",84 Cropwell Drive, Pell City,AL,35128
Hometown Family Healthcare,"957 North High Street, Hillsboro, OH 45133",(937) 402-4240,"Women, Men",957 North High Street, Hillsboro,OH,45133
Flagstaff Clinic of Naturopathic Medicine,"705 North Leroux Street, Flagstaff, AZ 86001",928-498-8777,"Women, Men",705 North Leroux Street, Flagstaff,AZ,86001
REVOLUTION REGENERATIVE MEDICINE & AESTHETICS REV MED,"718 N HUMPHREYS ST STE 203, Flagstaff, AZ 86001",(928) 890-8577,,718 N HUMPHREYS ST STE 203, Flagstaff,AZ,86001
Glow Medical Aesthetics,"200 Golf Course Drive, Carriere, MS 39426",(769) 242-0691,"Women, Men",200 Golf Course Drive, Carriere,MS,39426
Urgent Care of Morgan City,"1216 N Victor II Blvd Ste. 500, Morgan City, LA 70380",(985) 300-4479,"Men, Women",1216 N Victor II Blvd Ste. 500, Morgan City,LA,70380
Complete Women's Healthcare - Atchafalaya Gynecology & Obstetrics,"1216 Victor II Blvd Ste. 100, Morgan City, LA 70380",(985) 412-2020,"Women, Men",1216 Victor II Blvd Ste. 100, Morgan City,LA,70380
Aesthetics by Prejeant/Morgan City Surgical,"1118 8th Street, Morgan City, LA 70380",(985) 384-3433,Women,1118 8th Street, Morgan City,LA,70380
Luxus Health and Wellness,"114 Goodyear Boulevard, Picayune, MS 39466",(601) 735-8987,Women,114 Goodyear Boulevard, Picayune,MS,39466
Bella Pelle Wellness Spa,"219 Telly Rd Suite. A, Picayune, MS 39466",(769) 926-2005,"Women, Men",219 Telly Rd Suite. A, Picayune,MS,39466
The Ageless Center of London,"302 Madison Sq, London, KY 40741",606-330-0002,"Women, Men",302 Madison Sq, London,KY,40741
Flushing Wellness and Aesthetics,"1375 Flushing Rd., Flushing, MI 48433",810-659-2233,"Women, Men",1375 Flushing Rd., Flushing,MI,48433
Ladies First Health Care,"1010 N. Linden Rd., Flint, MI 48532",(810) 733-7791,"Women, Men",1010 N. Linden Rd., Flint,MI,48532
Premier OBGYN Specialists,"2100 Audobon Ave, Thibodaux, LA 70301",985-446-8994,"Men, Women",2100 Audobon Ave, Thibodaux,LA,70301
CLL WELLNESS,"102 Hwy 35 North, Rockport, TX 78382",(361) 205-2205,"Women, Men",102 Hwy 35 North, Rockport,TX,78382
"Studio 102, LLC","102 Hwy 35 North, Rockport, TX 78382",361-450-1690,"Women, Men",102 Hwy 35 North, Rockport,TX,78382
Ocoee Health & Wellness,"2414 N Ocoee St., Cleveland, TN 37311",(423) 250-3833,Women,2414 N Ocoee St., Cleveland,TN,37311
Luxe Radiance Aesthetic and Wellness,"203 Seventh Street Unit B, Clanton, AL 35045",(205) 415-7600,"Women, Men",203 Seventh Street Unit B, Clanton,AL,35045
Novi Skin & Body Center,"26850 Providence Pkwy. Suite 140, Novi, MI 48374",(248) 980-6235,"Women, Men",26850 Providence Pkwy. Suite 140, Novi,MI,48374
Camellia City Obstetrics and Gynecology - Smith,"1150 Robert Boulevard. Suite 360, Slidell, LA 70458",985-781-4848,"Men, Women",1150 Robert Boulevard. Suite 360, Slidell,LA,70458
Camellia City Obstetrics and Gynecology - Roskos,"1150 Robert Boulevard Ste 360, Slidell, LA 70458",985-781-4848,"Men, Women",1150 Robert Boulevard Ste 360, Slidell,LA,70458
Camellia City Obstetrics and Gynecology - Clavin,"1150 Robert Blvd. Ste 360, Slidell, LA 70458",985-781-4848,"Men, Women",1150 Robert Blvd. Ste 360, Slidell,LA,70458
Camellia City Obstetrics and Gynecology,"1150 Robert Blvd STE. 220, Slidell, LA 70458",(985) 781-4848,"Women, Men",1150 Robert Blvd STE. 220, Slidell,LA,70458
Ajeless Health and Medical Spa,"118 Maincentre, Northville, MI 48167",248-465-8000,"Women, Men",118 Maincentre, Northville,MI,48167
Northshore Rejuvenation LLC,"2306 Front St Ste 17, Slidell, LA 70458",985-265-4544,"Women, Men",2306 Front St Ste 17, Slidell,LA,70458
Firefly Medspa,"114 W Main St Suite 210, Plain City, OH 43064",(614) 558-1156,,114 W Main St Suite 210, Plain City,OH,43064
"Regenerize Me, PLC","41620 6 Mile Rd Ste 102, Northville, MI 48168",(248) 946-0025,"Women, Men",41620 6 Mile Rd Ste 102, Northville,MI,48168
Fenton Gynecology LLC,"903 N Beeline Hwy, Payson, AZ 85541",(928) 478-6891,"Women, Men",903 N Beeline Hwy, Payson,AZ,85541
Community Health of East Tennessee,"130 Independence Lane, Lafollette, TN 37766",(423) 562-1705,"Women, Men",130 Independence Lane, Lafollette,TN,37766
N of 1 Life Pllc,"40820 Seven Mile Rd Suite C, Northville, MI 48167",(248) 938-4253,"Men, Women",40820 Seven Mile Rd Suite C, Northville,MI,48167
Doctor Black Plastic Surgery,"3798 Veterans Memorial Blvd Suite 100, Metairie, LA 70002",504-883-8900,"Women, Men",3798 Veterans Memorial Blvd Suite 100, Metairie,LA,70002
Bopp Dermatology and Facial Plastic Surgery,"3421 N Causeway Blvd Suite 102, Metairie, LA 70002",504-455-9933,"Women, Men",3421 N Causeway Blvd Suite 102, Metairie,LA,70002
Revitalines Hydration & Wellness,"1508 N Thornton Ave Suite. 112, Dalton, GA 30720",(423) 488-8180,"Women, Men",1508 N Thornton Ave Suite. 112, Dalton,GA,30720
Rose Wellness,"2325 Severn Avenue Unit A, Metairie, LA 70001",504-885-8363,"Women, Men",2325 Severn Avenue Unit A, Metairie,LA,70001
Novastar Medical Clinic,"1240 North Thornton Avenue, Dalton, GA 30720",(706) 229-9313,"Women, Men",1240 North Thornton Avenue, Dalton,GA,30720
Oak House Med Spa,"1640 Hickory Avenue Suite A, Harahan, LA 70123",5042222995,"Women, Men",1640 Hickory Avenue Suite A, Harahan,LA,70123
"NuWell NOLA, LLC","701 Metairie Rd Ste 310, Metairie, LA 70005",(504) 389-1850,"Women, Men",701 Metairie Rd Ste 310, Metairie,LA,70005
Calallen Medical Clinic,"4030 River Hill Dr., Corpus Christi, TX 78410",(361) 767-0303,"Women, Men",4030 River Hill Dr., Corpus Christi,TX,78410
Pure DPC,"9040 Davison Rd, Davison, MI 48423",810-412-5700,"Women, Men",9040 Davison Rd, Davison,MI,48423
Forum Health,"7300 Dixie Hwy Suite 500, Clarkston, MI 48346",(248) 625-5143,"Women, Men",7300 Dixie Hwy Suite 500, Clarkston,MI,48346
Bare Med Spa,"324 N Main St, Davison, MI 48423",(313) 289-1229,"Women, Men",324 N Main St, Davison,MI,48423
Fade Aesthetics and Wellness - Hilliard,"3943 Britton Pkwy, Hilliard, OH 43026",(614) 820-8050,Women,3943 Britton Pkwy, Hilliard,OH,43026
360 Wellness,"459 Corporate Dr., Houma, LA 70360",985-855-3604,"Women, Men",459 Corporate Dr., Houma,LA,70360
Vitalize Aesthetics,"4925 Bradenton Avenue Suite. B, Dublin, OH 43017",6149652285,"Women, Men",4925 Bradenton Avenue Suite. B, Dublin,OH,43017
Michigan First Urgent Care PLC,"2014 N Beech Daly Rd, Dearborn Heights, MI 48127",(313) 591-0001,Men,2014 N Beech Daly Rd, Dearborn Heights,MI,48127
Michigan First Medical Group PLC,"2012 N Beech Daly Rd, Dearborn Heights, MI 48127",(313) 591-0001,,2012 N Beech Daly Rd, Dearborn Heights,MI,48127
Rejuvené MedSpa and Wellness Center,"701 Poydras Street Suite 106, New Orleans, LA 70139",(504) 688-7546,"Women, Men",701 Poydras Street Suite 106, New Orleans,LA,70139
"Haydel Dermatology, Inc","578 Valhi Boulevard, Houma, LA 70360",985-223-3871,"Women, Men",578 Valhi Boulevard, Houma,LA,70360
"Liberty Wellness, LLC","291 Liberty Street, Houma, LA 70360",985-868-7882,"Women, Men",291 Liberty Street, Houma,LA,70360
The Center for Restorative Breast Surgery,"1717 St. Charles Ave., New Orleans, LA 70130",(504) 899-2800,"Women, Men",1717 St. Charles Ave., New Orleans,LA,70130
A Younger You Aesthetics,"10263 Sawmill Parkway, Powell, OH 43065",(614) 553-7216,"Women, Men",10263 Sawmill Parkway, Powell,OH,43065
Fade Aesthetics and Wellness,"3621 Southwest Boulevard Suite 106, Grove City, OH 43123",(614) 820-8050,"Women, Men",3621 Southwest Boulevard Suite 106, Grove City,OH,43123
Spine Specialists of Michigan,"32270 Telegraph Rd Suite 110, Bingham Farms, MI 48025",(248) 792-9496,,32270 Telegraph Rd Suite 110, Bingham Farms,MI,48025
"Internal Medicine and Pediatrics of Bloomfield, PC","1109 W. Long Lake Rd., Bloomfield Hills, MI 48302",(248) 723-2400,"Women, Men",1109 W. Long Lake Rd., Bloomfield Hills,MI,48302
Jiva Med Spa,"1127 Dublin Rd, Columbus, OH 43215",614-961-6147,"Women, Men",1127 Dublin Rd, Columbus,OH,43215
Prestige Medical Group- Rome,"415 East 2nd Avenue, Rome, GA 30161",(706) 692-9768,"Women, Men",415 East 2nd Avenue, Rome,GA,30161
Urology Group,"601 Texan Trail Ste. 100, Corpus Christi, TX 78411",(361) 884-4638,"Women, Men",601 Texan Trail Ste. 100, Corpus Christi,TX,78411
Health Fit M.D.,"15429 Oneal Rd., Gulfport, MS 39503",228-206-0542,"Women, Men",15429 Oneal Rd., Gulfport,MS,39503
Southern Skin City Medical Spa and Wellness,"1901 Manhattan Blvd Building C Suite 206, Harvey, LA 70058",504-912-5360,"Women, Men",1901 Manhattan Blvd Building C Suite 206, Harvey,LA,70058
Lazul Med Spa,"135 N Haskell Ave, Willcox, AZ 85643",(520) 766-3223,"Women, Men",135 N Haskell Ave, Willcox,AZ,85643
Pure Health Medical,"8611 Columbus Pike, Lewis Center, OH 43035",(614) 839-1044,"Men, Women",8611 Columbus Pike, Lewis Center,OH,43035
Precision Health and Wellness,"1000 High Street Suite B, Worthington, OH 43085",(614) 858-8922,"Men, Women",1000 High Street Suite B, Worthington,OH,43085
Institute For Female Pelvic Medicine,"10133 Sherrill Blvd Suite 100, Knoxville, TN 37932",865-769-4488,"Women, Men",10133 Sherrill Blvd Suite 100, Knoxville,TN,37932
"Great Lakes Health, Wellness & Aesthetics","3247 Biddle Avenue, Wyandotte, MI 48192",(734) 292-2588,"Women, Men",3247 Biddle Avenue, Wyandotte,MI,48192
Retro Health And Aesthetics,"720 Worthington Woods Boulevard, Worthington, OH 43085",(614) 551-8846,"Women, Men",720 Worthington Woods Boulevard, Worthington,OH,43085
D Balder MD PLLC,"11070 David St., Gulfport, MS 39503",(228) 265-5945,"Women, Men",11070 David St., Gulfport,MS,39503
Glam Jail,"200 East Brown St., Birmingham, MI 48009",(248) 390-9579,"Women, Men",200 East Brown St., Birmingham,MI,48009
Valencia MedSpa,"10321 Kingston Pike, Knoxville, TN 37922",865-333-6554,"Women, Men",10321 Kingston Pike, Knoxville,TN,37922
Amae Plastic Surgery & Reconstructive Surgery,"353 S Old Woodward, Birmingham, MI 48009",248-335-7200,"Women, Men",353 S Old Woodward, Birmingham,MI,48009
Skinergy,"373 S Old Woodward Ave, Birmingham, MI 48009",(248) 781-3345,Women,373 S Old Woodward Ave, Birmingham,MI,48009
Beauty Fusion Aesthetics,"555 S. Old Woodward Street Suite 20U, Birmingham, MI 48009",(248) 731-7102,,555 S. Old Woodward Street Suite 20U, Birmingham,MI,48009
Tree Haven Healthcare,"5250 Weber Rd. Suite A3, Corpus Christi, TX 78411",(361) 314-8319,Women,5250 Weber Rd. Suite A3, Corpus Christi,TX,78411
QC Health and Aesthetics,"9220 Dutchtown rd. Suite 104, Knoxville, TN 37923",(865) 539-2873,"Women, Men",9220 Dutchtown rd. Suite 104, Knoxville,TN,37923
Redeem Sexual Wellness and Aesthetics Center,"2151 East 14 Mile Rd Suite. 200, Birmingham, MI 48009",(877) 648-7333,"Women, Men",2151 East 14 Mile Rd Suite. 200, Birmingham,MI,48009
Alpha Wellness Lab,"105 Laurel Creek Rd SE Suite 1, Calhoun, GA 30701",(706) 749-4810,"Women, Men",105 Laurel Creek Rd SE Suite 1, Calhoun,GA,30701
Coastal Bend Family Practice,"5366 McArdle Rd STE 102, Corpus Christi, TX 78411",(361) 425-7025,"Women, Men",5366 McArdle Rd STE 102, Corpus Christi,TX,78411
"Coastal Spa MD, PLLC","5830 McArdle #2, Corpus Christi, TX 78412",361-336-6464,"Women, Men",5830 McArdle #2, Corpus Christi,TX,78412
Medicina Scarlett,"8631 W Vernor Hwy, Detroit, MI 48209",(313) 889-2000,"Women, Men",8631 W Vernor Hwy, Detroit,MI,48209
Innovation in Women's Health,"1290 FMN 43 STE F, Corpus Christi, TX 78415",361-929-7088,"Women, Men",1290 FMN 43 STE F, Corpus Christi,TX,78415
Doucet Med Spa,"5926 S Staples St D-9, Corpus Christi, TX 78413",361-561-0240,"Men, Women",5926 S Staples St D-9, Corpus Christi,TX,78413
Corpus Christi Women's Clinic,"7121 S Padre Island Dr Suite 302, Corpus Christi, TX 78412",361-851-5000,"Women, Men",7121 S Padre Island Dr Suite 302, Corpus Christi,TX,78412
Pizarro Aesthetic Medicine,"7121 S Padre Island Dr. Suite 206, Corpus Christi, TX 78412",361-993-6000,"Women, Men",7121 S Padre Island Dr. Suite 206, Corpus Christi,TX,78412
SkinergyMD - Troy,"748 West Big Beaver Rd, Troy, MI 48009",(248) 453-6310,,748 West Big Beaver Rd, Troy,MI,48009
BB Aesthetic,"91 South State Street, Westerville, OH 43081",(614) 723-9591,,91 South State Street, Westerville,OH,43081
Women’s Integrative Medicine OB/GYN,"109 Commerce Park Drive, Westerville, OH 43082",380-201-3390,Women,109 Commerce Park Drive, Westerville,OH,43082
Bijou Wellness Lounge,"580 Office Parkway Suite 130, Westerville, OH 43082",(614) 304-1721,"Women, Men",580 Office Parkway Suite 130, Westerville,OH,43082
Rose MD Aesthetics,"5877 Livernois Rd., Troy, MI 48098",(248) 530-1023,"Women, Men",5877 Livernois Rd., Troy,MI,48098
Adena OBGYN,"4439 SR 159 Suite 120, Chillicothe, OH 45601",740-779-7275,"Women, Men",4439 SR 159 Suite 120, Chillicothe,OH,45601
740 Aesthetics & Wellness LLC,"101 E. Main Street, Circleville, OH 43113",(740) 207-2856,"Women, Men",101 E. Main Street, Circleville,OH,43113
Forum Health - Rochester,"1202 Walton Blvd, Rochester, MI 48307",(248) 844-2670,,1202 Walton Blvd, Rochester,MI,48307
"Aesthetic Elevation Knoxville, LLC","705 Gate Lane Suite 201, Knoxville, TN 37909",(865) 313-3409,"Women, Men",705 Gate Lane Suite 201, Knoxville,TN,37909
Med Care,"14 Legacy Way Suite A, Adairsville, GA 30103",770-773-9902,"Women, Men",14 Legacy Way Suite A, Adairsville,GA,30103
Spectrum Healthcare Group,"8 Cottonwood St. Building C, Cottonwood, AZ 86326",(928) 634-2236,"Women, Men",8 Cottonwood St. Building C, Cottonwood,AZ,86326
Althea Medical,"14517 S Padre Island Drive, Corpus Christi, TX 78418",(361) 444-3326,"Women, Men",14517 S Padre Island Drive, Corpus Christi,TX,78418
Thrive Wellness and Aesthetics,"3952 East Harbor Light landing, Port Clinton, OH 43452",(440) 305-6227,"Women, Men",3952 East Harbor Light landing, Port Clinton,OH,43452
Lakes Martin Vascular Clinic,"815 Lee Street Ste. 102, Alexander City, AL 35010",(256) 212-9300,"Women, Men",815 Lee Street Ste. 102, Alexander City,AL,35010
The Aesthetics Studio,"47792 Van Dyke Ave, Shelby Township, MI 48317",(586) 942-6126,"Women, Men",47792 Van Dyke Ave, Shelby Township,MI,48317
It Is Well Healthcare,"2636 U.S. Highway 78, Tallapoosa, GA 30176",(770) 800-6780,"Women, Men",2636 U.S. Highway 78, Tallapoosa,GA,30176
Ideal Weight Loss and Cosmetic Center,"1755 Lancaster Avenue, Reynoldsburg, OH 43068",(614) 577-1948,"Men, Women",1755 Lancaster Avenue, Reynoldsburg,OH,43068
"Dr. Laura’s Wellness Clinic of Laredo, LLC","7210 McPherson Rd. Suite 120, Laredo, TX 78041",956-718-6966,"Women, Men",7210 McPherson Rd. Suite 120, Laredo,TX,78041
Beyond Health and Wellness LLC,"7109 N Bartlett Ave. Ste. 110A, Laredo, TX 78041",956-508-8989,"Women, Men",7109 N Bartlett Ave. Ste. 110A, Laredo,TX,78041
"Texas Lone Star Physician Services, PLLC","6801 Mcpherson Road Suite 111, Laredo, TX 78041",(956) 516-7968,"Women, Men",6801 Mcpherson Road Suite 111, Laredo,TX,78041
Acevedo OBGYN-Laredo,"1405 Jacaman Ste. 101, Laredo, TX 78041",(956) 763-3344,Women,1405 Jacaman Ste. 101, Laredo,TX,78041
"OBGYN Associates of Laredo, P.A.","7109 Bartlett Ave. Ste. 102, Laredo, TX 78041",956-717-0095,"Women, Men",7109 Bartlett Ave. Ste. 102, Laredo,TX,78041
PILLAR,"6406 McPherson Rd Ste 5, Laredo, TX 78041",(956) 625-2730,"Women, Men",6406 McPherson Rd Ste 5, Laredo,TX,78041
DLT Family Medicine & Aesthetics,"220 W. Hillside Rd Suite 9, Laredo, TX 78041",(956) 724-5656,"Women, Men",220 W. Hillside Rd Suite 9, Laredo,TX,78041
Singing River Weight Loss,"1124 Oakleigh Road, Ocean Springs, MS 39564",(228) 872-7277,"Women, Men",1124 Oakleigh Road, Ocean Springs,MS,39564
"O & G WHCA, PA","1710 E. Saunders St. B-490 MEDICAL TOWER B-490, Laredo, TX 78041",956-712-2229,"Women, Men",1710 E. Saunders St. B-490 MEDICAL TOWER B-490, Laredo,TX,78041
Hurst Medical,"1700 Overland Avenue, Burley, ID 83318",(208) 825-6193,"Men, Women",1700 Overland Avenue, Burley,ID,83318
"Beyond Health Wellness Center, LLC","3527 Jaime Zapata Memorial Highway, Laredo, TX 78043",972-722-5007,"Women, Men",3527 Jaime Zapata Memorial Highway, Laredo,TX,78043
Sandusky Wellness Center,"3703 Columbus Ave., Sandusky, OH 44870",419-239-2565,"Women, Men",3703 Columbus Ave., Sandusky,OH,44870
Apex Infusion & Wellness LLC,"3456 Wetumpka Highway, Montgomery, AL 36110",(334) 290-5338,"Women, Men",3456 Wetumpka Highway, Montgomery,AL,36110
"Cajo Healing Therapies, LLC","33 Lexington Springmill South, Ontario, OH 44906",(567) 333-0848,"Women, Men",33 Lexington Springmill South, Ontario,OH,44906
Plessala Gynecology & Fertility,"6701 Airport Blvd STE B-229, Mobile, AL 36608",(251) 634-8124,Women,6701 Airport Blvd STE B-229, Mobile,AL,36608
GOAT Athletic Spa,"880 W Red Cliffs Dr, Washington, UT 84780",(435) 703-9167,"Men, Women",880 W Red Cliffs Dr, Washington,UT,84780
Coastal OB/GYN,"3290 Dauphin Street Suite. 200, Mobile, AL 36606",(251) 361-2595,Women,3290 Dauphin Street Suite. 200, Mobile,AL,36606
Holzapfel Family Clinic,"345 East Main Street Suite. G, Jackson, OH 45640",(740) 577-3043,"Women, Men",345 East Main Street Suite. G, Jackson,OH,45640
Desert Sands Aesthetics,"965 E 700 S Ste 201, St. George, UT 84790",(435) 522-5190,"Women, Men",965 E 700 S Ste 201, St. George,UT,84790
AESTHETICA MONTGOMERY MEDSPA,"1335 Old Oak Pl, Montgomery, AL 36117",(334) 781-6060,Women,1335 Old Oak Pl, Montgomery,AL,36117
It Is Well Healthcare,"105 Village Walk Suite 277, Dallas, GA 30132",770-800-6780,"Women, Men",105 Village Walk Suite 277, Dallas,GA,30132
"AIM Wellness, LLC","903 Bellefonte Road, Flatwoods, KY 41139",6063936193,"Women, Men",903 Bellefonte Road, Flatwoods,KY,41139
Prestige Medical Group - Jasper,"51 Gordon Road, Jasper, GA 30143",706-692-9768,"Women, Men",51 Gordon Road, Jasper,GA,30143
Gold Canyon Integrated Healthcare,"6589 S. Kings Ranch Rd #D102, Gold Canyon, AZ 85118",(480) 220 9446,Women,6589 S. Kings Ranch Rd #D102, Gold Canyon,AZ,85118
"Bubolo Medical, LLC","3889 Cobb Parkway NW, Acworth, GA 30101-4084",770-975-1299,"Women, Men",3889 Cobb Parkway NW, Acworth,GA,30101-4084
Dixie Dermatology,"169 W 2710 S Cir #101, St. George, UT 84790",435 674-3552,"Men, Women",169 W 2710 S Cir #101, St. George,UT,84790
Thrive Hormone Balance and Wellness,"4312 Southside Dr., Acworth, GA 30101",470-490-7470,"Women, Men",4312 Southside Dr., Acworth,GA,30101
Life Enhancement Clinics of MT,"2722 Billings Avenue, Helena, MT 59601",(406) 500-9277,"Men, Women",2722 Billings Avenue, Helena,MT,59601
Flawless Salon and Medical Spa,"4655 Harrison Ave., Butte, MT 59701",(406) 782-5598,"Women, Men",4655 Harrison Ave., Butte,MT,59701
Holzapfel Family Clinic - Wellston,"22 N. Ohio Avenue, Wellston, OH 45692",(740) 577-3043,"Women, Men",22 N. Ohio Avenue, Wellston,OH,45692
Associated Dermatology and Skin Cancer Clinic,"50 South Last Chance Gulch Ste. 3, Helena, MT 59601",(406) 324-7447,"Women, Men",50 South Last Chance Gulch Ste. 3, Helena,MT,59601
Core Wellness,"630 N. Last Chance Gulch Suite 2400, Helena, MT 59601",(406) 442-8508,"Women, Men",630 N. Last Chance Gulch Suite 2400, Helena,MT,59601
Wells Wellness & Aesthetics,"27 Neill Ave Suite 207, Helena, MT 59601",(406) 422-1114,Women,27 Neill Ave Suite 207, Helena,MT,59601
Governors MedSpa & Concierge Medicine,"3105 Loring Road NW Suite 100, Kennesaw, GA 30152",678-888-5181,"Women, Men",3105 Loring Road NW Suite 100, Kennesaw,GA,30152
Luminous Health & Beauty,"825 Great Northern Blvd Suite 315, Helena, MT 59601",(406) 868-5689,"Women, Men",825 Great Northern Blvd Suite 315, Helena,MT,59601
L.E.O. Laser Errors Off Medispa,"1510 Winchester Ave, Ashland, KY 41101",606-393-1211,"Women, Men",1510 Winchester Ave, Ashland,KY,41101
"Cove Health @ Wellness, PLLC","17 Discovery Drive, Butte, MT 59701",(406) 490-9229,"Women, Men",17 Discovery Drive, Butte,MT,59701
Prestige Medical Group - Canton,"3755 Sixed Rd Suite 300, Canton, GA 30114",706-692-9768,"Women, Men",3755 Sixed Rd Suite 300, Canton,GA,30114
Crafted Aesthetics and Wellness,"1211 Echelon Pl Suite A, Helena, MT 59602",(406) 461-0974,"Women, Men",1211 Echelon Pl Suite A, Helena,MT,59602
HHG Paintsville,"704 Broadway St Suite 1, Paintsville, KY 41240",(606) 887-9280,,704 Broadway St Suite 1, Paintsville,KY,41240
Timeless Reflections,"933 29th Street, Ashland, KY 41101",606-694-4680,"Women, Men",933 29th Street, Ashland,KY,41101
McKenzie Health and Wellness Center,"170 W. Argyle St, Sandusky, MI 48471",(810) 648-3229,,170 W. Argyle St, Sandusky,MI,48471
Crafted Aesthetics and Wellness,"449 E. Park Street, Butte, MT 59701",406-299-1008,"Women, Men",449 E. Park Street, Butte,MT,59701
Spectrum Healthcare Group,"3633 Crossings Dr., Prescott, AZ 55810",877-634-7333,"Women, Men",3633 Crossings Dr., Prescott,AZ,55810
SouthWest Family Medical,"10207 E Hampton Ave Suite 105, Mesa, AZ 85209",480-354-2008,"Women, Men",10207 E Hampton Ave Suite 105, Mesa,AZ,85209
Prescott Medical Aesthetics,"172 E Merritt St Suite D, Prescott, AZ 86301",(928) 277-7414,"Women, Men",172 E Merritt St Suite D, Prescott,AZ,86301
"Premier Wellness of Prescott, LLC","1005 Division Street, Prescott, AZ 86301",928-776-8428,"Women, Men",1005 Division Street, Prescott,AZ,86301
Viva Wellness Atlanta,"1619 collins rd, kennasaw, GA 30152",770-626-0035,"Women, Men",1619 collins rd, kennasaw,GA,30152
Gotox Scottsdale,"23150 N Pima Rd Suite 2, Scottsdale, AZ 85255",(480) 808-9561,"Women, Men",23150 N Pima Rd Suite 2, Scottsdale,AZ,85255
Clear Choice Physicians,"6328 E Brown Rd 106, Mesa, AZ 85205",(480) 654-3303,"Women, Men",6328 E Brown Rd 106, Mesa,AZ,85205
Signature Med Spa,"400 Park Dr S Ste 2, Great Falls, MT 59405",(406) 272-1049,"Women, Men",400 Park Dr S Ste 2, Great Falls,MT,59405
Prestige Medical Group-Woodstock,"102 Springfield Center Dr, Woodstock, GA 30188",(706) 692-9768,"Women, Men",102 Springfield Center Dr, Woodstock,GA,30188
GP Family Care Mesa,"6553 E Baywood Ave Ste 106, Mesa, AZ 85206",(480) 641-4922,"Women, Men",6553 E Baywood Ave Ste 106, Mesa,AZ,85206
Valbuena Wellness Center,"9831 E Bell Rd, Scottsdale, AZ 85260",480-474-4122,"Women, Men",9831 E Bell Rd, Scottsdale,AZ,85260
The Skin Clinic,"7605 E. Pinnacle Peak Rd. #4, Scottsdale, AZ 85255",480-513-2888,"Women, Men",7605 E. Pinnacle Peak Rd. #4, Scottsdale,AZ,85255
Aveon Health,"7699 E. Pinnacle Peak Rd. Suite. 115, Scottsdale, AZ 85255",(480) 300-4663,"Women, Men",7699 E. Pinnacle Peak Rd. Suite. 115, Scottsdale,AZ,85255
Bella Rose Wellness Center,"104 N. 2nd Ave, Alpena, MI 49707",(989) 464-1883,"Women, Men",104 N. 2nd Ave, Alpena,MI,49707
Nevy Health,"6402 E Superstition Springs Blvd Ste 123, Mesa, AZ 85206",480-833-0302,"Women, Men",6402 E Superstition Springs Blvd Ste 123, Mesa,AZ,85206
LifeQuest Physical Medicine and Rehab,"37584 N Gantzel Rd Suite 105, Queen Creek, AZ 85140",480-257-3177,"Women, Men",37584 N Gantzel Rd Suite 105, Queen Creek,AZ,85140
Elite Plastic Surgery,"8322 E Hartford Dr Ste. 102, Scottsdale, AZ 85255",(480) 291-6895,"Women, Men",8322 E Hartford Dr Ste. 102, Scottsdale,AZ,85255
Chambers Clinic,"20801 N Scottsdale Road Suite 205, Scottsdale, AZ 85255",480-389-3265,"Women, Men",20801 N Scottsdale Road Suite 205, Scottsdale,AZ,85255
Advanced Health Solutions Georgia Spine & Disc,"13190 Hwy 92 Ste 70-90, Woodstock, GA 30188",(770) 926-9495,"Women, Men",13190 Hwy 92 Ste 70-90, Woodstock,GA,30188
BackFit Health + Spine (Mesa),"5233 E Southern Ave 103, Mesa, AZ 85206",877-222-5348,Women,5233 E Southern Ave 103, Mesa,AZ,85206
Unified Premier Women's Care,"574 Church Street, Marietta, GA 30060",(770) 427-0285,Women,574 Church Street, Marietta,GA,30060
Unified Premier Women’s Care- 2,"574 Church St, Marietta, GA 30060",(770) 427-0285,Women,574 Church St, Marietta,GA,30060
Unified Premier Women's Care- 3,"574 Church St NE, Marietta, GA 30060",(770) 427-0285,"Women, Men",574 Church St NE, Marietta,GA,30060
Best Life Vitality,"2108 Fairburn Rd. Ste. G, Douglasville, GA 30135",404-287-7624,"Men, Women",2108 Fairburn Rd. Ste. G, Douglasville,GA,30135
Sense Wellness Clinic,"2830 East Brown Road Suite 9, Meza, AZ 85213",480-819-5700,"Women, Men",2830 East Brown Road Suite 9, Meza,AZ,85213
DrSkin Med Spa,"1458 N Higley Rd 102, Gilbert, AZ 85234",(480) 904-3311,"Women, Men",1458 N Higley Rd 102, Gilbert,AZ,85234
Northpointe Progressive Gynocology,"1163 S Carney Drive, St. Clair, MI 48079",810-984-3100,"Women, Men",1163 S Carney Drive, St. Clair,MI,48079
Biogevity,"9700 N. 91st. Street Suite. A115, Scottsdale, AZ 85258",(480) 210-9194,"Women, Men",9700 N. 91st. Street Suite. A115, Scottsdale,AZ,85258
BackFit Health + Spine (Queen Creek),"21323 S Ellsworth LP Rd, Queen Creek, AZ 85142",877-222-5348,Women,21323 S Ellsworth LP Rd, Queen Creek,AZ,85142
LIVE Hydration Spa,"9393 N 90th Street Suite. 120, Scottsdale, AZ 85258",(480) 442-8839,"Women, Men",9393 N 90th Street Suite. 120, Scottsdale,AZ,85258
Aesthetic Revival,"9393 N. 90th St., Scottsdale, AZ 85258",(602) 975-8418,"Women, Men",9393 N. 90th St., Scottsdale,AZ,85258
BackFit Health + Spine (Phoenix-Desert Ridge),"21001 N Tatum Blvd Ste 78-1640, Phoenix, AZ 85016",877-222-5348,Women,21001 N Tatum Blvd Ste 78-1640, Phoenix,AZ,85016
Valley Bone & Joint Specialists,"3941 E Baseline Rd. #102, Gilbert, AZ 85234",480-969-3531,"Women, Men",3941 E Baseline Rd. #102, Gilbert,AZ,85234
LifeQuest Physical Medicine and Rehab,"4049 E Williams Field Rd #101, Gilbert, AZ 85296",(480) 597-9497,"Women, Men",4049 E Williams Field Rd #101, Gilbert,AZ,85296
Fix Body Group,"11333 N Scottsdale Rd 140, Scottsdale, AZ 85254",(480) 795-5329,"Women, Men",11333 N Scottsdale Rd 140, Scottsdale,AZ,85254
Feria Natural Health & Aesthetics,"11000 N Scottsdale Road Suite 195, Scottsdale, AZ 85254",480-645-9018,"Women, Men",11000 N Scottsdale Road Suite 195, Scottsdale,AZ,85254
Pele Aesthetics,"1675 lower Roswell Road #200, Marietta, GA 30068",(678) 576-7353,"Women, Men",1675 lower Roswell Road #200, Marietta,GA,30068
Queen Creek Health Center,"20713 E Ocotillo Rd Suite 100, Queen Creek, AZ 85142",(480) 882-9993,"Women, Men",20713 E Ocotillo Rd Suite 100, Queen Creek,AZ,85142
Huntington Elite Aesthetic Treatments,"342 5th Ave, Huntington, WV 25701",304 249-4328,"Women, Men",342 5th Ave, Huntington,WV,25701
AZ Nurse Practitioner,"42101 N. 41st Dr. Suite 152-C, Anthem, AZ 85086",208-731-1446,"Women, Men",42101 N. 41st Dr. Suite 152-C, Anthem,AZ,85086
Moore Lifestyle Medicine,"412 8th Street, Huntington, WV 25701",(304) 521-1212,"Women, Men",412 8th Street, Huntington,WV,25701
Epiphany Womens Health,"8050 Spring Run Dr., Fairhope, AL 36532",251-202-9055,"Women, Men",8050 Spring Run Dr., Fairhope,AL,36532
BackFit Health + Spine (Gilbert),"754 S Val Vista Dr. 105, Gilbert, AZ 85296",877-222-5348,"Women, Men",754 S Val Vista Dr. 105, Gilbert,AZ,85296
Mariposa Hormone Center,"577 Concord Rd SE, Smyrna, GA 30082",678-305-1700,"Women, Men",577 Concord Rd SE, Smyrna,GA,30082
Cosmos Primary Care and Wellness,"33 N Lindsay Road Suite. 111, Gilbert, AZ 85234",(480) 892-1902,"Women, Men",33 N Lindsay Road Suite. 111, Gilbert,AZ,85234
Huntington Hospitalist Group Health,"815 20th Street, Huntington, WV 25703",(304) 520-0465,,815 20th Street, Huntington,WV,25703
Natural Radiance,"5230 E. Shea Blvd. Fl. 1, Scottsdale, AZ 85254",(480) 210-3316,"Women, Men",5230 E. Shea Blvd. Fl. 1, Scottsdale,AZ,85254
Prestige Medical Group - Roswell,"12020 Etris Rd Ste. B110, Roswell, GA 30075",(706) 692-9768,"Women, Men",12020 Etris Rd Ste. B110, Roswell,GA,30075
Huntington Hospitalist Group Inc,"2828 1st Ave Suite 204, Huntington, WV 25702",(304) 209-6542,Women,2828 1st Ave Suite 204, Huntington,WV,25702
Gilbert Physical Medicine,"725 W. Elliot Rd. #115, Gilbert, AZ 85233",480-545-0000,"Women, Men",725 W. Elliot Rd. #115, Gilbert,AZ,85233
Olympus MD,"12635 Crabapple Rd STE 140, Milton, GA 30004",(470) 359-4815,"Women, Men",12635 Crabapple Rd STE 140, Milton,GA,30004
MMS Life LLC,"401 Evergreen Ave, Brewton, AL 36426",(251) 286-8234,Women,401 Evergreen Ave, Brewton,AL,36426
Thrive Medical Spa,"850 Mayfield Rd Suite 202, Milton, GA 30009",(470) 462-2915,Men,850 Mayfield Rd Suite 202, Milton,GA,30009
Valley Bone & Joint Specialists,"3501 N Scottsdale Rd Suite 221, Scottsdale, AZ 85251",480-969-3531,"Women, Men",3501 N Scottsdale Rd Suite 221, Scottsdale,AZ,85251
Human Blu,"3133 N. Scottsdale Road, Scottsdale, AZ 85266",(480) 553-9171,"Men, Women",3133 N. Scottsdale Road, Scottsdale,AZ,85266
Northpointe Ob/Gyn,"1206 Washington Ave., Port Huron, MI 48060",810-984-3100,"Women, Men",1206 Washington Ave., Port Huron,MI,48060
Invictus Wellness,"4771 E Camp Lowell Drive, Tucson, AZ 85718",(520) 412-8476,"Women, Men",4771 E Camp Lowell Drive, Tucson,AZ,85718
Harmony Wellness for Women,"11110 Serenbe Lane Unit. 100, Chattahoochee Hills, GA 30268",678-890-0984,Women,11110 Serenbe Lane Unit. 100, Chattahoochee Hills,GA,30268
Garden Gynecology,"4300 Paces Ferry RD SE Suite #500, Georgia, GA 30339",470-750-7573,Women,4300 Paces Ferry RD SE Suite #500, Georgia,GA,30339
LifeQuest Physical Medicine and Rehab,"1050 E Ray Rd #4A, Chandler, AZ 85225",(480) 659-2000,"Women, Men",1050 E Ray Rd #4A, Chandler,AZ,85225
Quality of Life Medical & Research Center,"6390 E. Broadway Dr., Tucson, AZ 85710",520-733-2250,"Men, Women",6390 E. Broadway Dr., Tucson,AZ,85710
The Retreat Aesthetics & Vitality Center,"5340 US-60 Suite. 112, Huntington, WV 25705",(304) 993-6370,Men,5340 US-60 Suite. 112, Huntington,WV,25705
Revitalize Alabama,"2298 E UNIVERSITY DR STE A202, Auburn, AL 36830",(334) 737-6126,"Women, Men",2298 E UNIVERSITY DR STE A202, Auburn,AL,36830
"Prestige Healthcare Atlanta, LLC","5835 Campbellton RD SW Suite# 301-302, Atlanta, GA 30331",404-346-7100,"Women, Men",5835 Campbellton RD SW Suite# 301-302, Atlanta,GA,30331
Vitalcare Express,"976 Mansell Road, Roswell, GA 30076",(770) 828-7605,"Women, Men",976 Mansell Road, Roswell,GA,30076
Huntington Hospitalist Group,"4540 US Route 60, Huntington, WV 25705",(304) 525-7111,Women,4540 US Route 60, Huntington,WV,25705
Beauty & Health by Liz,"6600 North Oracle Road Suite. 100, Tucson, AZ 85704",(520) 620-1226,"Men, Women",6600 North Oracle Road Suite. 100, Tucson,AZ,85704
PHTC,"1070 Powers Place, Alpharetta, GA 30004",(540) 520-9998,"Men, Women",1070 Powers Place, Alpharetta,GA,30004
Lusso Medspa & Wellness,"3910 N. Campbell, Tucson, AZ 85719",(520) 333-2022,"Women, Men",3910 N. Campbell, Tucson,AZ,85719
"BackFit Health + Spine (Chandler, Ocotillo Rd)","2815 E Ocotillo Rd 4, Chandler, AZ 85224",877-222-5348,"Women, Men",2815 E Ocotillo Rd 4, Chandler,AZ,85224
A New Creation Clinic and Medi-Spa,"1801 W Ina Rd, Tucson, AZ 85704",520-293-1117,"Women, Men",1801 W Ina Rd, Tucson,AZ,85704
Swaroop N Nyshadham,"1990 Lukken Industrial Drive Suite C, LaGrange, GA 30240",706-883-8787,"Women, Men",1990 Lukken Industrial Drive Suite C, LaGrange,GA,30240
Wolfson Weight Loss,"6667 Vernon Woods Dr. NE B-40, Sandy Springs, GA 30328",(404) 968-9642,"Women, Men",6667 Vernon Woods Dr. NE B-40, Sandy Springs,GA,30328
CellMed Clinics,"1420 E Northern Ave, Phoenix, AZ 85020",(602) 938-8200,"Women, Men",1420 E Northern Ave, Phoenix,AZ,85020
"BackFit Health + Spine (Chandler, Ray Rd)","1949 W Ray Rd suite 23, Chandler, AZ 85224",877-222-5348,"Women, Men",1949 W Ray Rd suite 23, Chandler,AZ,85224
"Heavens Medical, PLC","4450 S Rural Rd Suite A210, Tempe, AZ 85282",(623) 444-2734,"Men, Women",4450 S Rural Rd Suite A210, Tempe,AZ,85282
TECM Health,"201 E. Southern Ave Suite 109, Tempe, AZ 85282",480-718-1238,"Women, Men",201 E. Southern Ave Suite 109, Tempe,AZ,85282
Ciao Bella Cosmetic Surgery Center,"2310 West Ray Road, Chandler, AZ 85224",(480) 686-8121,Women,2310 West Ray Road, Chandler,AZ,85224
The Graivier Center,"3333 Old Milton Pkwy, Alpharetta, GA 30005",(770) 772-0695,"Women, Men",3333 Old Milton Pkwy, Alpharetta,GA,30005
Karera Health,"3235 North Point Parkway Suite 202, Alpharetta, GA 30005",(770) 370-8100,"Women, Men",3235 North Point Parkway Suite 202, Alpharetta,GA,30005
BackFit Health + Spine (Phoenix-Arcadia),"2836 E Indian School Rd Suite A8, Phoenix, AZ 85016",877-222-5348,"Women, Men",2836 E Indian School Rd Suite A8, Phoenix,AZ,85016
TruBalance Wellness,"2449 Moores Mill Road, Auburn, AL 36830",(334) 246-4000,"Women, Men",2449 Moores Mill Road, Auburn,AL,36830
Total Body Therapy of Georgia,"750 Hammond Drive Building 8 Suite 100, Atlanta, GA 30328",(404) 777-1911,"Women, Men",750 Hammond Drive Building 8 Suite 100, Atlanta,GA,30328
New Horizons Med Spa,"1950 W. Frye Rd. , Chandler, AZ 85224",480-496-2242,"Women, Men",1950 W. Frye Rd. , Chandler,AZ,85224
"Advanced Medical Spas, LLC","5610 Bethelview Road Suite A-B, Cumming, GA 30040",678-821-5376,"Women, Men",5610 Bethelview Road Suite A-B, Cumming,GA,30040
Buckhead Plastic Surgery,"4684 Roswell Rd NE Suite B, Atlanta, GA 30342",(404) 465-1234,"Women, Men",4684 Roswell Rd NE Suite B, Atlanta,GA,30342
MED2YOU,"411 South Greenwood Street, LaGrange, GA 30240",706-890-0687,"Women, Men",411 South Greenwood Street, LaGrange,GA,30240
Phoenix Wellness and Rejuvenation,"1928 E Highland Ave Suite F-104, Phoenix, AZ 85016",(602) 898-6977,"Women, Men",1928 E Highland Ave Suite F-104, Phoenix,AZ,85016
Thrive Wellness,"1611 Mount Vernon Road, Dunwoody, GA 30338",(470) 662-9804,"Women, Men",1611 Mount Vernon Road, Dunwoody,GA,30338
Honaest,"100 Dawson Commons Cir, Dawsonville, GA 30534",(470) 272-8730,"Women, Men",100 Dawson Commons Cir, Dawsonville,GA,30534
North Atlanta OB GYN,"5780 Peachtree Dunwoody Rd. Suite 295, Atlanta, GA 30342",404-255-0621,"Women, Men",5780 Peachtree Dunwoody Rd. Suite 295, Atlanta,GA,30342
Big Sky Anti Aging,"3905 Brookside Pkwy, Alpharetta, GA 30022",770-706-4182,"Men, Women",3905 Brookside Pkwy, Alpharetta,GA,30022
Marisa Lawrence MD PC,"980 Johnson Ferry Road, Atlanta, GA 30342",(404) 303-7004,"Women, Men",980 Johnson Ferry Road, Atlanta,GA,30342
Evergreen Primary Care and Wellness,"2450 Atlanta Hwy Suite. 803, Cumming, GA 30040",(470) 253-7944,"Men, Women",2450 Atlanta Hwy Suite. 803, Cumming,GA,30040
Anti-Aging Specialties,"2450 Atlanta Highway, Cumming, GA 30040",(678) 801-2171,Women,2450 Atlanta Highway, Cumming,GA,30040
Jorge Amador MD LLC,"1201 Lower Fayetteville Road Suite F, Newnan, GA 30265",(770) 400-8444,"Women, Men",1201 Lower Fayetteville Road Suite F, Newnan,GA,30265
Absolute Health Care,"1605 Highway 34 East, Newnan, GA 30265",(770) 710-6734,"Women, Men",1605 Highway 34 East, Newnan,GA,30265
Timeless Aesthetics Med Spa of Atlanta,"600 Peachtree Parkway #104, Cumming, GA 30041",404-400-6222,"Women, Men",600 Peachtree Parkway #104, Cumming,GA,30041
A Bless Beauty Med Spa LLc,"2955 Pharr Ct, Atlanta, GA 30305",(404) 939-7975,,2955 Pharr Ct, Atlanta,GA,30305
Legacy Creek Women's Wellness,"1329 Park View Dr, Twin Falls, ID 83301",(208) 358-0122,"Women, Men",1329 Park View Dr, Twin Falls,ID,83301
Free Spirit Aesthetics,"8465 Holcomb Bridge Rd Suite 410, Alpharetta, GA 30022",(770) 641-8014,"Women, Men",8465 Holcomb Bridge Rd Suite 410, Alpharetta,GA,30022
Lifeline Weight Loss,"24980 N 83rd Ave, Peoria, AZ 85383",(623) 694-8991,"Women, Men",24980 N 83rd Ave, Peoria,AZ,85383
Ecobel Med Spa,"3033 Maple Drive NE, Atlanta, GA 30305",(404) 960-0812,"Women, Men",3033 Maple Drive NE, Atlanta,GA,30305
UR-GyN,"5 Dunwoody Park Suite 102, Atlanta, GA 30338",(404) 669-6726,Women,5 Dunwoody Park Suite 102, Atlanta,GA,30338
VitalX Wellness,"10955 Jones Bridge Road Suite. 126, Johns Creek, GA 30022",(404) 912-9005,Women,10955 Jones Bridge Road Suite. 126, Johns Creek,GA,30022
Beauty Camp Aesthetics,"810 Sanders Rd, Cummings, GA 30041",(770) 881-7699,"Women, Men",810 Sanders Rd, Cummings,GA,30041
Inspire Wellness & Aesthetics,"270 17th St NW Unit. 100, Atlanta, GA 30363",(404) 282-4126,"Men, Women",270 17th St NW Unit. 100, Atlanta,GA,30363
Cline Medical Group,"387 Town Mountain Road Ste 100, Pikeville, KY 41501",(606) 637-2334,"Women, Men",387 Town Mountain Road Ste 100, Pikeville,KY,41501
Optima Medical Care,"5505 W Chandler Blvd Ste 11, Chandler, AZ 85226",480-899-8930,"Women, Men",5505 W Chandler Blvd Ste 11, Chandler,AZ,85226
Tartaglia Family Medicine,"21509 N. 78th Ave, Peoria, AZ 85382",(623) 263-8733,"Women, Men",21509 N. 78th Ave, Peoria,AZ,85382
Kingdom Wellness & Family Health,"5422 W THUNDERBIRD RD Suite 10, Glendale, AZ 85306",(623) 295-9737,"Women, Men",5422 W THUNDERBIRD RD Suite 10, Glendale,AZ,85306
Comprehensive Family Care/ Luminescence,"40 S. Kyrene Rd. Ste 1, Chandler, AZ 85226",480-785-1746,"Women, Men",40 S. Kyrene Rd. Ste 1, Chandler,AZ,85226
Millennium Laser and Aesthetics Center,"5757 W Thunderbird Rd Ste W308, Glendale, AZ 85306",623-412-2229,"Women, Men",5757 W Thunderbird Rd Ste W308, Glendale,AZ,85306
Dekalb Gwinnett OBGYN PC,"4045 Wetherburn Way, Norcross, GA 30092",(770) 449-8171,,4045 Wetherburn Way, Norcross,GA,30092
Family Healthcare Functional Medicine,"921 Linden Ave, Zanesville, OH 43701",(740) 868-8428,"Women, Men",921 Linden Ave, Zanesville,OH,43701
Fountain of Beauty,"5348A Peachtree Road, Atlanta, GA 30341",(678) 691-5661,"Women, Men",5348A Peachtree Road, Atlanta,GA,30341
"KEM Health LLC, DBA Promise Land Women's Center OBGYN","550 Peachtree St. NE Ste 1220, Atlanta, GA 30308",404-230-5622,"Women, Men",550 Peachtree St. NE Ste 1220, Atlanta,GA,30308
"Inspire Ob/Gyn, LLC","3360 Paddocks Pkwy, Suwanee, GA 30024",(770) 282-4802,"Women, Men",3360 Paddocks Pkwy, Suwanee,GA,30024
Cumming Live Well,"3830 Windermere parkway, Cumming, GA 30041",(470) 239-7525,"Women, Men",3830 Windermere parkway, Cumming,GA,30041
Caring for Families,"13838 S 46th PL 125, Phoenix, AZ 85044",(480) 783-7000,"Men, Women",13838 S 46th PL 125, Phoenix,AZ,85044
Game Day Mens Health - Johns Creek,"3890 Johns Creek Parkway Suite 320, Suwanee, GA 30024",(470) 375-6840,"Men, Women",3890 Johns Creek Parkway Suite 320, Suwanee,GA,30024
Women's Health Specialists of North Atlanta,"6290 Abbotts bridge rd suite 201, Duluth, GA 30097",4703954871,"Women, Men",6290 Abbotts bridge rd suite 201, Duluth,GA,30097
Invictus Men's Clinic,"8154 SR-59N Ste 203, Foley, AL 36535",(251) 202-3056,Men,8154 SR-59N Ste 203, Foley,AL,36535
Getuwell,"3020 Holcomb Bridge Road, Norcross, GA 30071",(404) 800-5181,,3020 Holcomb Bridge Road, Norcross,GA,30071
Paragon Physical Medicine,"242 East Milltown Road, Wooster, OH 44691",(330) 345-4440,"Women, Men",242 East Milltown Road, Wooster,OH,44691
Southwest Contemporary Women’s Care,"16611 South 40th Street Ste 180, Phoenix, AZ 85048",(480) 785-2100,Women,16611 South 40th Street Ste 180, Phoenix,AZ,85048
Advanced Beauty and Wellness,"19420 N. 59th Ave Suite. H815, Glendale, AZ 85308",(623) 777-9240,"Men, Women",19420 N. 59th Ave Suite. H815, Glendale,AZ,85308
Family Tree Healthcare,"7002 S. Central Ave., Phoenix, AZ 85042",(602) 499-4221,"Men, Women",7002 S. Central Ave., Phoenix,AZ,85042
BR Wellness and Family Medicine,"111 S Washington Street Suite A/B, Millership, OH 44654",(330) 432-2740,"Women, Men",111 S Washington Street Suite A/B, Millership,OH,44654
Wellness Solution 360,"2810 Peachtree Industrial Blvd., Duluth, GA 30097",(470) 791-2714,,2810 Peachtree Industrial Blvd., Duluth,GA,30097
Evolve Aesthetics and Wellness,"545 Helen Hwy Suite E, Cleveland, GA 30528",(706)348-7600,"Men, Women",545 Helen Hwy Suite E, Cleveland,GA,30528
Origin Aesthetic,"400 West Park Ct. Suite 220, Peachtree City, GA 30269",(770) 341-5701,"Women, Men",400 West Park Ct. Suite 220, Peachtree City,GA,30269
DeKalb Womens Specialists,"1458 Church Street Unit B, Decatur, GA 30030",404-508-2000,"Women, Men",1458 Church Street Unit B, Decatur,GA,30030
Babb's Family Practice,"7368 CO RD 623 Unit B, Millersburg, OH 44654",330-473-6314,"Women, Men",7368 CO RD 623 Unit B, Millersburg,OH,44654
Advanced Skin Renewal LLC,"26202 Detroit Road Suite. 100D, Westlake, OH 44145",(216) 509-6345,"Women, Men",26202 Detroit Road Suite. 100D, Westlake,OH,44145
Optimus Transformative Medicine,"221 Center Street, Seville, OH 44273",(888) 506-2551,"Women, Men",221 Center Street, Seville,OH,44273
"Skin Care Solutions Elite Medspa, LLC","410 S Court St, Medina, OH 44256",(330) 933-6493,"Women, Men",410 S Court St, Medina,OH,44256
Idaho Skin Center,"100 S Leadville Avenue, Ketchum, ID 83340",208-881-5779,"Women, Men",100 S Leadville Avenue, Ketchum,ID,83340
B Radiant Wellness,"218 Cambridge Rd., Coshocton, OH 43812",(740) 552-9753,"Women, Men",218 Cambridge Rd., Coshocton,OH,43812
Opulence Injections LLC,"1400 Buford Hwy, Sugar Hill, GA 30518",(678) 975-0643,"Women, Men",1400 Buford Hwy, Sugar Hill,GA,30518
Desert Bloom Family Medicine,"14741 W Mountain View Blvd Ste 115, Surprise, AZ 85374",(623) 385-7900,"Men, Women",14741 W Mountain View Blvd Ste 115, Surprise,AZ,85374
"Advanced Aesthetics Artistry, LLC","605 Beaver Ruin Road Ste. A, Lilburn, GA 30047",(478) 444-8651,Women,605 Beaver Ruin Road Ste. A, Lilburn,GA,30047
Health Authority,"3660 Flat Shoals Rd Suite 180, Decatur, GA 30034",404-369-6300,"Women, Men",3660 Flat Shoals Rd Suite 180, Decatur,GA,30034
Docere Medical Spa and Laser,"10633 Pearl Rd, Strongsville, OH 44136",(440) 238-3331,Women,10633 Pearl Rd, Strongsville,OH,44136
Unfiltered Beauty Medspa,"654 Dawsonville Hwy Suite B, Gainesville, GA 30501",(470) 577-7771,"Men, Women",654 Dawsonville Hwy Suite B, Gainesville,GA,30501
In-Vision Wellness,"7285 Highway 16 Ste B, Senoia, GA 30276",(770) 599-9444,"Women, Men",7285 Highway 16 Ste B, Senoia,GA,30276
Serenity Gynecology,"300 Glynn St S, Fayetteville, GA 30214",(770) 629-2702,"Women, Men",300 Glynn St S, Fayetteville,GA,30214
Advanced Regenerative Therapy,"4889 Golden Parkway Suite 110, Buford, GA 30518",706-204-5661,"Women, Men",4889 Golden Parkway Suite 110, Buford,GA,30518
Dr. Kraus Health and Wellness LLC,"7255 Old Oak Boulevard Suite C112, Middleburg Heights, OH 44130",(440) 816-5517,"Women, Men",7255 Old Oak Boulevard Suite C112, Middleburg Heights,OH,44130
Wingard Med Spa,"1280 Hwy 74 south Ste 100, Peachtree City, GA 30269",770-692-7575,"Women, Men",1280 Hwy 74 south Ste 100, Peachtree City,GA,30269
Undeniable Healthcare,"1280 Highway 74 S Ste 100, Peachtree City, GA 30269",(337) 424-2244,,1280 Highway 74 S Ste 100, Peachtree City,GA,30269
Alpha Internal Medicine & Omega Med Spa,"745 S Glynn Street, Fayetteville, GA 30214",(770)317-8644,"Women, Men",745 S Glynn Street, Fayetteville,GA,30214
"Signature Women's Health Care, LLC","1550 Janmar Rd Ste B, Snellville, GA 30078",678-380-1200,"Women, Men",1550 Janmar Rd Ste B, Snellville,GA,30078
BRB Me Time,"20525 Detroit Ave Suite 1, Rocky River, OH 44116",(216) 859-1748,,20525 Detroit Ave Suite 1, Rocky River,OH,44116
Blue Ridge Family Medical Practice,"1140 TUSCULUM BLVD, Greenville, TN 37745",(423) 525-5462,"Women, Men",1140 TUSCULUM BLVD, Greenville,TN,37745
MiraMe Health,"10320 W McDowell Rd E-5013, Avondale, AZ 85392",623-980-2150,"Women, Men",10320 W McDowell Rd E-5013, Avondale,AZ,85392
NOUVEAUX U WELLNESS PROFESSIONAL CORPORATION,"2675 Mall Of Georgia Blvd Suite 103, Buford, GA 30519",(678) 979-3905,"Women, Men",2675 Mall Of Georgia Blvd Suite 103, Buford,GA,30519
Wilson's Wellness Clinical Care,"1310 Rockbridge Road Suite F, Stone Mountain, GA 30087",770-864-5538,"Women, Men",1310 Rockbridge Road Suite F, Stone Mountain,GA,30087
Recrea Health and Wellness,"2425 Medina Rd Suite 101, Medina, OH 44256",(330) 952-0391,"Women, Men",2425 Medina Rd Suite 101, Medina,OH,44256
Gwinnett's Progressive Healthcare,"601 A professional Drive Suite 260, Lawrenceville, GA 30043",(770) 339-4000,Women,601 A professional Drive Suite 260, Lawrenceville,GA,30043
BackFit Health + Spine (Goodyear),"3301 N Litchfield Rd, Goodyear, AZ 85395",877-222-5348,"Women, Men",3301 N Litchfield Rd, Goodyear,AZ,85395
Nature Cure Clinic,"101 W Duval Road, Green Valley, AZ 85614",5203999212,"Men, Women",101 W Duval Road, Green Valley,AZ,85614
Little By Little Wellness Clinic,"805 Hi Hope Rd, Lawrenceville, GA 30043",(404) 860-2425,,805 Hi Hope Rd, Lawrenceville,GA,30043
Strawbridge Health,"5386 Snapfinger Woods Drive, Decatur, GA 30035",(404) 286-7874,"Women, Men",5386 Snapfinger Woods Drive, Decatur,GA,30035
Clayton Family Medicine,"773 N. Main St, Clayton, GA 30525",(706) 960-9550,"Women, Men",773 N. Main St, Clayton,GA,30525
Hamilton Mill Family Complete Care,"3515 Braselton Highway BLDG E-2, Dacula, GA 30019",(770) 614-6630,"Women, Men",3515 Braselton Highway BLDG E-2, Dacula,GA,30019
Two Sparrows Wellness & Beauty Bar - Chester,"111 2nd Street East, Chester, MT 59522",(406) 202-0030,Women,111 2nd Street East, Chester,MT,59522
Life Point Medical,"189 Bo James Street, Clayton, GA 30525",706-782-0016,"Women, Men",189 Bo James Street, Clayton,GA,30525
Premier Health & Wellness,"5900 Hillandale Drive Ste 325, Lithonia, GA 30058",678-418-6990,"Women, Men",5900 Hillandale Drive Ste 325, Lithonia,GA,30058
ARME Wellness,"902 Broad Street, Kingsport, TN 37660",(423) 408-2000,"Women, Men",902 Broad Street, Kingsport,TN,37660
Pensacola Physical Medicine,"9007 University Parkway, Pensacola, FL 32514",(850) 476-5420,Women,9007 University Parkway, Pensacola,FL,32514
The Good Look Med Spa,"110 E Western Ave, Goodyear, AZ 85338",(623) 512-8964,"Women, Men",110 E Western Ave, Goodyear,AZ,85338
Habersham Family Medicine,"865 Austin Drive, Demorest, GA 30535",(706) 754-8811,,865 Austin Drive, Demorest,GA,30535
Habersham Aesthetics And Med Spa LLC,"870 Austin Drive Suite. E, Demorest, GA 30535",(706) 286-8832,"Women, Men",870 Austin Drive Suite. E, Demorest,GA,30535
B. Radiant Wellness,"4118 Township Road 422, Sugarcreek, OH 44681",(330) 852-5610,"Women, Men",4118 Township Road 422, Sugarcreek,OH,44681
The Facial Center,"200 Prestige Park Dr., Hurricane, WV 25526",(304) 760-4000,"Women, Men",200 Prestige Park Dr., Hurricane,WV,25526
Optimal Health & Wellness Center,"700 N. Estrella Pkwy Suite 145, Goodyear, AZ 85338",(602) 678-4625,"Women, Men",700 N. Estrella Pkwy Suite 145, Goodyear,AZ,85338
KÜR Modern Medical Aesthetics,"1415 West 9th Street, Cleveland, OH 44113",216-634-908,,1415 West 9th Street, Cleveland,OH,44113
Every Woman's OBGYN,"110 Eagles Walk, Stockbridge, GA 30230",(678) 881-0020,"Women, Men",110 Eagles Walk, Stockbridge,GA,30230
St. Francis OBGYN Associates,"6801 River Rd STE 301, Columbus, GA 31904",706-324-4891,"Women, Men",6801 River Rd STE 301, Columbus,GA,31904
Beau Luxe Medical Wellness,"6801 River Rd Bldg. Z, Columbus, GA 31904",706-405-4151,"Women, Men",6801 River Rd Bldg. Z, Columbus,GA,31904
The Indy Medical Aesthetics & Wellness,"3611 Prospect Ave East, Cleveland, OH 44115",(216) 387-8803,"Women, Men",3611 Prospect Ave East, Cleveland,OH,44115
Sculptures Body Spa,"885 Highway 138 W, Stockbridge, GA 30281",470-377-2552,"Women, Men",885 Highway 138 W, Stockbridge,GA,30281
Cleveland Health Group,"6571 Brecksville Road Suite 1, Independence, OH 44131",216-927-9900,"Men, Women",6571 Brecksville Road Suite 1, Independence,OH,44131
Summit MedAesthetics,"3009 Smith Rd Ste 400, Fairlawn, OH 44333",(330) 953-3414,"Women, Men",3009 Smith Rd Ste 400, Fairlawn,OH,44333
"Carrington Medical, PLLC","3298 Summit Boulevard Ste 51, Pensacola, FL 32503",(850) 903-9313,"Men, Women",3298 Summit Boulevard Ste 51, Pensacola,FL,32503
Elite GYN,"1000 Brookstone Cntr Parkway, Columbus, GA 31904",(706) 507-4243,"Women, Men",1000 Brookstone Cntr Parkway, Columbus,GA,31904
Elite Family Medicine,"1000 Brookstone Cntr Parkway, Columbus, GA 31904",(706) 507-5320,Women,1000 Brookstone Cntr Parkway, Columbus,GA,31904
Concierge Medicine of Columbus,"850 Brookstone Centre Parkway Suite 200, Columbus, GA 31904",706-507-4242,"Women, Men",850 Brookstone Centre Parkway Suite 200, Columbus,GA,31904
Timeless Aesthetics Of Atlanta,"6323 Grand Hickory Dr. Suite 300 B, Braselton, GA 30517",404-400-6222,"Men, Women",6323 Grand Hickory Dr. Suite 300 B, Braselton,GA,30517
Victory Medical Health & Wellness,"20940 W Sentinel Dr. Suite 105, Buckeye, AZ 85396",(602) 641-6166,"Women, Men",20940 W Sentinel Dr. Suite 105, Buckeye,AZ,85396
Wellness & Beyond MediSpa,"1648 Whittlesey Road, Columbus, GA 31904",(706) 221-1353,,1648 Whittlesey Road, Columbus,GA,31904
De Diego OBGYN,"Ave Severiano Cuevas 104, Aguadilla, PR 00603",(813) 992-6596,"Women, Men",Ave Severiano Cuevas 104, Aguadilla,PR,603
Main Street Medical,"21029 W Main Street, Buckeye, AZ 85396",6232486404,"Women, Men",21029 W Main Street, Buckeye,AZ,85396
Monarch Ideal Care LLC,"2855 W Market St. Suite 204, Fairlawn, OH 44333",234-281-4384,"Women, Men",2855 W Market St. Suite 204, Fairlawn,OH,44333
Acute Care Emergence,"7901 Veterans Pkwy, Columbus, GA 31909",(706) 221-6800,"Women, Men",7901 Veterans Pkwy, Columbus,GA,31909
Ageless Medical Aesthetics,"8132 Veterans Pkwy Suite 415, Columbus, GA 31907",706-221-9878,"Women, Men",8132 Veterans Pkwy Suite 415, Columbus,GA,31907
Harmony Mind & Body,"1435 54TH Street STE 300 B, Columbus, GA 30904",(706) 610-0711,,1435 54TH Street STE 300 B, Columbus,GA,30904
East Hill Medical Center,"114 East Gregory Street, Pensacola, FL 32502",850-437-0035,"Women, Men",114 East Gregory Street, Pensacola,FL,32502
Reflections Wellness Spa,"3388 Highway 53 Suite E, Hoschton, GA 30548",(706) 684-3884,"Women, Men",3388 Highway 53 Suite E, Hoschton,GA,30548
Alchemy Med Spa,"1004 Scenic Hwy, Pensacola, FL 32503",(850) 466-5309,"Women, Men",1004 Scenic Hwy, Pensacola,FL,32503
Alchemy Med Spa,"1004 Scenic Hwy, Pensacola, FL 32503",(850) 466-5309,"Women, Men",1004 Scenic Hwy, Pensacola,FL,32503
"OB GYN Partners, St. Francis","2300 Manchester Expressway STE B001, Columbus, GA 31904",706-576-4648,"Women, Men",2300 Manchester Expressway STE B001, Columbus,GA,31904
"OB GYN Partners, St. Francis","2300 Manchester Expressway Suite B001, Columbus, GA 31904",(706) 576-4648,Women,2300 Manchester Expressway Suite B001, Columbus,GA,31904
Eldridge MBS Wellness Center For Women,"1100 18th Street, Columbus, GA 31901",(706) 323-9047,"Men, Women",1100 18th Street, Columbus,GA,31901
Columbus Plastic Surgery,"2522 Warm Springs Rd, Columbus, GA 31904",(706) 3229313,"Women, Men",2522 Warm Springs Rd, Columbus,GA,31904
Healthy Habits Wellness Center,"258 Hanging Rock Hwy Suite. 3, Logan, WV 25601",(304) 752-4594,"Women, Men",258 Hanging Rock Hwy Suite. 3, Logan,WV,25601
OBGYN Specialists of Columbus,"1604 12th Street, Columbus, GA 31906",(706) 324-0471,"Women, Men",1604 12th Street, Columbus,GA,31906
Family Health Clinic,"1631 Hwy 20 W, McDonough, GA 30253",(770) 288-2822,"Women, Men",1631 Hwy 20 W, McDonough,GA,30253
"William E. Roundtree, MD, PC","1716 Buena Vista Road, Columbus, GA 31906",706-324-3650,"Women, Men",1716 Buena Vista Road, Columbus,GA,31906
Absolute Health Care,"1520 Lucky Street, Griffin, GA 30223",7707103225,"Women, Men",1520 Lucky Street, Griffin,GA,30223
Personalized Vitality Clinic,"1653 Merriman Rd Suite 201, Akron, OH 44313",(330) 752-6883,"Women, Men",1653 Merriman Rd Suite 201, Akron,OH,44313
Revitalize Medical Clinic - Columbus,"6901 Ray Wright Way Suite I, Columbus, GA 31909",(762) 261-3880,"Women, Men",6901 Ray Wright Way Suite I, Columbus,GA,31909
The Lark Aesthetics and IV Boutique,"409 Gulf Breeze Parkway, Gulf Breeze, FL 32561",850-677-5275,"Women, Men",409 Gulf Breeze Parkway, Gulf Breeze,FL,32561
Changes Medical Spa and Laser Center,"106 Pinnacle Drive Suite 107, Johnson City, TN 37615",423-328-0488,"Women, Men",106 Pinnacle Drive Suite 107, Johnson City,TN,37615
Greystone OB/GYN,"3240 Avalon Blvd, Conyers, GA 30013",770-860-1133,"Women, Men",3240 Avalon Blvd, Conyers,GA,30013
McIntosh Trail Family Practice,"747 South Hill Street, Griffin, GA 30224",(770) 228-5407,"Women, Men",747 South Hill Street, Griffin,GA,30224
Family Health Clinic of Zebulon,"230 Plaza Dr, Zebulon, GA 30295",(770) 288-2822,"Women, Men",230 Plaza Dr, Zebulon,GA,30295
Skin Care Solutions Elite Medspa,"1840 Town Park Blvd Ste Q2S, Uniontown, OH 44685",(330) 933-6493,"Women, Men",1840 Town Park Blvd Ste Q2S, Uniontown,OH,44685
Icon Aesthetics,"325 9th Street, Parkersburg, WV 26101",(304) 488-8446,Women,325 9th Street, Parkersburg,WV,26101
The Facial Center,"417 Grand Park Dr. Suite 103, Parkersburg, WV 26105",304-699-5010,"Women, Men",417 Grand Park Dr. Suite 103, Parkersburg,WV,26105
Family Health Clinic of Locust Grove,"1075 Bandy Pkwy Suite 120, Locust Grove, GA 30248",(770) 288-2822,Women,1075 Bandy Pkwy Suite 120, Locust Grove,GA,30248
Serene Med Spa of Hudson LLC,"50 W Streetsboro Street Ste 2, Hudson, OH 44236",(330) 460-5915,,50 W Streetsboro Street Ste 2, Hudson,OH,44236
Belfiore Wellness Center,"502 E Hickory Ave, Crestview, FL 32536",850-683-1100,"Women, Men",502 E Hickory Ave, Crestview,FL,32536
"Northeast Ohio Skin Center, Inc dba NEOSKIN","111 1ST ST Suite. 201, Hudson, OH 44236",(234) 205-2029,Women,111 1ST ST Suite. 201, Hudson,OH,44236
Halo Medical & Aesthetics LLC,"2642 Route 52, Gilbert, WV 25621",(304) 784-3649,"Women, Men",2642 Route 52, Gilbert,WV,25621
Commerce Urgent Care and Family Practice,"415 Pottery Factory Drive, Commerce, GA 30529",706-336-0074,"Women, Men",415 Pottery Factory Drive, Commerce,GA,30529
Remedy Body Bar LLC,"2719 Fulton Rd. NW Suite A, Canton, OH 44718",(330) 605-0186,"Women, Men",2719 Fulton Rd. NW Suite A, Canton,OH,44718
Blossom Bio Clinic and Med Spa,"15 Pleasant Aly, Chagrin Falls, OH 44022",(440) 247-0359,Women,15 Pleasant Aly, Chagrin Falls,OH,44022
Dr. Blanchard's Plastic Surgery Center,"34900 Chardon Rd Ste 201, Willoughby Hills, OH 44094",(216) 772-2496,,34900 Chardon Rd Ste 201, Willoughby Hills,OH,44094
Rooted Wellness MOV,"125 Putnam Street, Marietta, OH 45750",(740) 629-8577,"Women, Men",125 Putnam Street, Marietta,OH,45750
Greystone OB/Gyn Covington,"4134 Hwy 278 NE, Covington, GA 30014",(678) 856-4705,Women,4134 Hwy 278 NE, Covington,GA,30014
Our Family Health Center,"1016 E Spring St, Monroe, GA 30655",(770) 464-0280,"Women, Men",1016 E Spring St, Monroe,GA,30655
"Karen E. Kennedy, MD, FACOG, RPh","7552 Navarre Parkway Suite 18, Navarre, FL 32566",850-939-9070,"Women, Men",7552 Navarre Parkway Suite 18, Navarre,FL,32566
NAVARRE PRIMARY CARE,"7552 Navarre Pkwy Unit 41, Navarre, FL 32566",(850) 939-9721,"Women, Men",7552 Navarre Pkwy Unit 41, Navarre,FL,32566
Renew You by Nurse Stephanie,"7298 Mentor Avenue, Mentor, OH 44060",(440) 477-5533,,7298 Mentor Avenue, Mentor,OH,44060
The Facial Center,"4307 MacCorkle Avenue Third Floor, Charleston, WV 25304",304-205-6123,"Women, Men",4307 MacCorkle Avenue Third Floor, Charleston,WV,25304
The IVy Beauty and Wellness,"503 W Gordon St, Thomaston, GA 30286",706-749-6342,"Women, Men",503 W Gordon St, Thomaston,GA,30286
Evoke Vitality,"125 S. Lexington Ave. Suite #102, Asheville, NC 28801",828-222-0281,"Women, Men",125 S. Lexington Ave. Suite #102, Asheville,NC,28801
Harpe Laser and Wellness,"5 Yorkshire St. Suite B, Asheville, NC 28803",(828) 595-3113,"Women, Men",5 Yorkshire St. Suite B, Asheville,NC,28803
New Image Primary Care Kingman,"2403 Sockton Hill Road Suite. 1, Kingman, AZ 86401",928-542-4825,"Men, Women",2403 Sockton Hill Road Suite. 1, Kingman,AZ,86401
Innovative Health and Wellness Center,"2017 Stockton Hill Rd, Kingman, AZ 86401",928-854-7666,"Women, Men",2017 Stockton Hill Rd, Kingman,AZ,86401
Diana Health,"1046 Mar Walt Drive 2nd Floor, Ft. Walton Beach, FL 32547",850-243-2229,"Women, Men",1046 Mar Walt Drive 2nd Floor, Ft. Walton Beach,FL,32547
Clinica Emmanuel Ninos Y Adultos LLC,"10211 W Mile 7 Rd. STE A, Mission, TX 78573",(956) 580-9071,"Women, Men",10211 W Mile 7 Rd. STE A, Mission,TX,78573
Total Wellness Center,"523 W. Amber Suite 6 and 7, Elsa, TX 78543",956-262-9601,"Men, Women",523 W. Amber Suite 6 and 7, Elsa,TX,78543
Clinica Sagrada Corazon,"4213 W Mile 5 Rd Ste A, Mission, TX 78574",(956) 580-2145,"Women, Men",4213 W Mile 5 Rd Ste A, Mission,TX,78574
"Maria E. Rodriguez, MD, PA","3220 S Jackson Rd PO BOX 2429, Edinburg, TX 78539",956-380-1833,"Women, Men",3220 S Jackson Rd PO BOX 2429, Edinburg,TX,78539
"MARIA RUBY GUAJARDO, MDPA","5111 S MCCOLL RD, Edinburg, TX 78539",(956) 668-1200,"Women, Men",5111 S MCCOLL RD, Edinburg,TX,78539
Kronotherapeutics,"3108 Center Point Dr. , Edinburg, TX 78539",956-631-5200,"Women, Men",3108 Center Point Dr. , Edinburg,TX,78539
"Renaissance Women's Healthcare, P.A.","5115 S. McColl Rd., Edinburg, TX 78539",(956) 683-7900,"Women, Men",5115 S. McColl Rd., Edinburg,TX,78539
East Asheville Family Health Care,"997 Old US 70W Suite. A, Black Mountain, NC 28711",828-298-7981,"Women, Men",997 Old US 70W Suite. A, Black Mountain,NC,28711
"Bespoke MD, PLLC","1700 W. Dove Ave. Suite 80, McAllen, TX 78504",(956) 579-7081,"Women, Men",1700 W. Dove Ave. Suite 80, McAllen,TX,78504
DHR Women's Health Institute,"2821 Michael Angelo Dr. Suite. 202, Edingburg, TX 78539",(956) 362-5880,Women,2821 Michael Angelo Dr. Suite. 202, Edingburg,TX,78539
Body Up Medical Spa,"5533 N McColl Rd., McAllen, TX 78504",(956) 309-9612,Women,5533 N McColl Rd., McAllen,TX,78504
VMAC Natural Wellness LLC,"1020 Zinna Ave., McAllen, TX 78501",956-800-9701,"Women, Men",1020 Zinna Ave., McAllen,TX,78501
Alliance in Health,"800 E. Dove Ave. Suite I, McAllen, TX 78504",(956) 630-4200,"Men, Women",800 E. Dove Ave. Suite I, McAllen,TX,78504
"Florencia Perez, MD","5505 North McColl Rd, McAllen, TX 78504",956-651-7462,"Women, Men",5505 North McColl Rd, McAllen,TX,78504
Born Again OB/GYN,"3220 Buddy Owens Blvd. Suite. 300, McAllen, TX 78504",(956) 627-5245,Women,3220 Buddy Owens Blvd. Suite. 300, McAllen,TX,78504
Emmanuel Clinic,"3601 Buudy Owens Blvd, Mcallen, TX 78504",(956) 686-6346,"Women, Men",3601 Buudy Owens Blvd, Mcallen,TX,78504
Jennifer Almonte MD,"5300 N G St Ste 190, McAllen, TX 78504",956-540-2000,"Women, Men",5300 N G St Ste 190, McAllen,TX,78504
Women's Center of Excellence,"4324 N. McColl Rd., McAllen, TX 78504",956-682-6246,"Women, Men",4324 N. McColl Rd., McAllen,TX,78504
Specialized Family Clinic,"801 E. Nolana Ste. 3, McAllen, TX 78504",(956) 391-2654,"Women, Men",801 E. Nolana Ste. 3, McAllen,TX,78504
The Lookshop,"103 Martin Luther King Jr Drive, Forsyth, GA 31029",(478) 993-1953,"Women, Men",103 Martin Luther King Jr Drive, Forsyth,GA,31029
"Access Medical Group, Inc.","4400 East Highway 20 Suite 203, Niceville, FL 32578",(850) 897-1824,"Women, Men",4400 East Highway 20 Suite 203, Niceville,FL,32578
The One Med Spa,"2717 N 10th St, McAllen, TX 78501",956-627-3399,"Women, Men",2717 N 10th St, McAllen,TX,78501
Claren Wellness & Aesthetics,"44 E Johnston Street, Forsyth, GA 31029",(770) 710-3225,"Women, Men",44 E Johnston Street, Forsyth,GA,31029
Dr. Mario Anzaldua,"1512 E. Griffen Pkwy. Suite. 2, Mission, TX 78572",(956) 519-7088,"Women, Men",1512 E. Griffen Pkwy. Suite. 2, Mission,TX,78572
Harpe Laser and Wellness,"410 S King Street , Hendersonville, NC 28792",(828) 595-3113,"Women, Men",410 S King Street , Hendersonville,NC,28792
Vitality Family Medical Group PLLC,"100 West Pecan Blvd., McAllen, TX 78501",(956) 322-3120,"Women, Men",100 West Pecan Blvd., McAllen,TX,78501
Calhoun Health and Spine,"400 Pendleton Road, Clemson, SC 29631",(864) 653-3928,"Women, Men",400 Pendleton Road, Clemson,SC,29631
Rosas Medical Clinic 2,"1809 E Expy, Mission, TX 78572",(956) 205-2859,,1809 E Expy, Mission,TX,78572
The Facebar Aesthetics,"4501 WEST EXPRESSWAY 83 Suite 30, McAllen, TX 78503",(956) 353-9907,"Women, Men",4501 WEST EXPRESSWAY 83 Suite 30, McAllen,TX,78503
D'vine Beauty Clinic,"1309 S. 10th, McAllen, TX 78501",(956) 867-3525,"Men, Women",1309 S. 10th, McAllen,TX,78501
Luna OBGYN,"501 Savannah ave, McAllen, TX 78503",956-630-2400,Women,501 Savannah ave, McAllen,TX,78503
GULF COAST MEDSPA,"1309 E Ridge Road Suite 1, McAllen, TX 78503",(956) 631-8875,Men,1309 E Ridge Road Suite 1, McAllen,TX,78503
Womankind OB/GYN,"1200 E. Ridge Rd. Ste 3, McAllen, TX 78503",956-688-5922,"Women, Men",1200 E. Ridge Rd. Ste 3, McAllen,TX,78503
Beyond Aesthetics,"208 West Jackson Avenue, Harlingen, TX 78550",(956) 357-1726,"Women, Men",208 West Jackson Avenue, Harlingen,TX,78550
CMB Wellness DBA The BODi Shop,"119 W Van Buren Ave Ste 1, Harlingen, TX 78550",(956) 303-6548,"Women, Men",119 W Van Buren Ave Ste 1, Harlingen,TX,78550
Epical Health Med,"2112 South Shary, Mission, TX 78572",(956) 600-7258,"Women, Men",2112 South Shary, Mission,TX,78572
TEXAS PREMIER HEALTH,"922 E. HARRISON AVENUE STE B, Harlingen, TX 78550",(956) 201-9277,Women,922 E. HARRISON AVENUE STE B, Harlingen,TX,78550
Bridges Health & Wellness,"1995 Errecart Blvd Suite 207, Elko, NV 89801",(775) 234-5883,"Women, Men",1995 Errecart Blvd Suite 207, Elko,NV,89801
Optimal Wellness and Beauty Spa,"3701 Buss. U.S. 83, Harlingen, TX 78552",(956) 615-8197,"Women, Men",3701 Buss. U.S. 83, Harlingen,TX,78552
Corey T. Birch Medicine Professional Corporation,"460 Wellington St Unit 301, St. Thomas, ON N5R6H9",(519) 631-5670,,460 Wellington St Unit 301, St. Thomas,ON,N5R6H9
Gulf Coast Med Spa-Harlingen,"1205 N Ed Carey Dr, Harlingen, TX 78550",(956) 631-8875,,1205 N Ed Carey Dr, Harlingen,TX,78550
GMA Health and Wellness,"597 W. Sesame Dr. Ste. E, Harlingen, TX 78550",(956) 425-6090,"Women, Men",597 W. Sesame Dr. Ste. E, Harlingen,TX,78550
Luis Reynoso M.D.,"629 Kamali Dr., Harlingen, TX 78550",(956) 425-7800,"Women, Men",629 Kamali Dr., Harlingen,TX,78550
"Hector G. Amaya MD, PA","1502 East 8th Street, Weslaco, TX 78596",956-351-5949,"Women, Men",1502 East 8th Street, Weslaco,TX,78596
Beaute Wellness & Aesthetics,"401 W. Main Street Suite B, Hamilton, MT 59840",(406) 274-5402,"Women, Men",401 W. Main Street Suite B, Hamilton,MT,59840
Women's Health & Surgical Services,"105 Professional Lane, Dothan, AL 36303",334-699-1419,"Women, Men",105 Professional Lane, Dothan,AL,36303
Southeastern Institute of Restorative Medicine,"1909 Honeysuckle Rd Suite 2, Dothan, AL 36305",(334) 699-5076,"Women, Men",1909 Honeysuckle Rd Suite 2, Dothan,AL,36305
Roha Aesthetics LLC,"115 E Main Street, St. Clairsville, OH 43950",(740) 391-5572,"Women, Men",115 E Main Street, St. Clairsville,OH,43950
NuWell Medicine,"200 Grand Boulevard Suite 201, Miramar Beach, FL 32550",(850) 714-4994,"Men, Women",200 Grand Boulevard Suite 201, Miramar Beach,FL,32550
Women's Health of the High Country,"141 Shawneehaw Ave South, Banner Elk, NC 28604",828-357-7314,"Women, Men",141 Shawneehaw Ave South, Banner Elk,NC,28604
Glow Medspa and Wellness,"6757 US-98, Santa Rosa Beach, FL 32459",(850) 764-2340,Women,6757 US-98, Santa Rosa Beach,FL,32459
Tropical Health Care,"413 East Railroad, Port Isabel, TX 78578",(956) 202-0111,"Women, Men",413 East Railroad, Port Isabel,TX,78578
Moosally Medical LLC,"2537 East Market Street, Warren, OH 44483",(330) 460-5514,"Women, Men",2537 East Market Street, Warren,OH,44483
North Macon Family Healthcare,"420 Lamar Rd, Macon, GA 31210",(478) 471-0089,"Women, Men",420 Lamar Rd, Macon,GA,31210
Generations Health and Wellness,"240 Central Ave, Oak Hill, WV 25901",(681) 823-4257,"Women, Men",240 Central Ave, Oak Hill,WV,25901
Revitalize Orthobiologics and Wellness,"5231 S Canfield Niles Rd Unit 3, Canfield, OH 44406",(330) 286-9200,"Women, Men",5231 S Canfield Niles Rd Unit 3, Canfield,OH,44406
Beckley Rejuvenation Center,"1256 N. Eisenhower Dr, Beckley, WV 25801",(304) 575-3446,"Women, Men",1256 N. Eisenhower Dr, Beckley,WV,25801
Your Health Greenville,"529 Mills Ave., Greenville, SC 29605",(864) 626-5746,Women,529 Mills Ave., Greenville,SC,29605
Vita Bella Wellness,"101 Via Vin Santo, Henderson, NV 89011",703-337-3321,"Women, Men",101 Via Vin Santo, Henderson,NV,89011
Healing Springs Medical Spa,"78 Brookshire Lane, Beckley, WV 25801",(304) 255-0330,"Women, Men",78 Brookshire Lane, Beckley,WV,25801
The Grand Health & Medspa,"1 American Way Warren, Warren, OH 44484",(330) 609-8814,"Women, Men",1 American Way Warren, Warren,OH,44484
The Lookshop Aesthetics,"4420 Forsyth Rd, Macon, GA 31210",(478) 993-1953,"Women, Men",4420 Forsyth Rd, Macon,GA,31210
ThrIVe Wheeling,"1052 Main Street, Wheeling, WV 26003",(304) 381-6844,"Women, Men",1052 Main Street, Wheeling,WV,26003
Moosally Medical LLC,"101 E Park Avenue, Columbiana, OH 44408",(330) 460-5514,"Women, Men",101 E Park Avenue, Columbiana,OH,44408
The Wellness Spot,"2065 Dr Hugh Emerson Rd., Brownsville, TX 78526",(956) 410-5899,"Men, Women",2065 Dr Hugh Emerson Rd., Brownsville,TX,78526
The Source Aesthetics and Wellness,"1313 East Alton Floor blvd Suite A, Brownswille, TX 78526",(956) 266-6894,"Women, Men",1313 East Alton Floor blvd Suite A, Brownswille,TX,78526
V.I.P. Clinic,"3475 W. Alton Gloor Blvd, Brownsville, TX 78520",(956) 350-9705,"Women, Men",3475 W. Alton Gloor Blvd, Brownsville,TX,78520
Regenesis Health,"4970 N Expressway/ Frontage Rd Suite B, Brownsville, TX 78526-4269",(956) 525-3099,"Women, Men",4970 N Expressway/ Frontage Rd Suite B, Brownsville,TX,78526-4269
Balanced Wellness and Aesthetics LLC,"100 Welday Avenue Suite H, Wintersville, OH 43953",(740) 359-6643,"Women, Men",100 Welday Avenue Suite H, Wintersville,OH,43953
Crafted Aesthetics and Wellness,"132 N. Higgins Avenue, Missoula, MT 59802",(406) 312-1098,"Women, Men",132 N. Higgins Avenue, Missoula,MT,59802
The Danita Clinic,"16 Lindsay Ave, Greenville, SC 29607",(864) 419-7896,"Women, Men",16 Lindsay Ave, Greenville,SC,29607
"Polaris Wellness & Aesthetics, LLC","1950 S. Brooks St, Missoula, MT 59801",406-239-6734,"Women, Men",1950 S. Brooks St, Missoula,MT,59801
Aralia Health,"206 S 3rd St W, Missoula, MT 59801",(406) 493-0075,Women,206 S 3rd St W, Missoula,MT,59801
Complete Healing and Wellness Center,"24 East Main St, Williamston, SC 29697",(864) 847-6020,"Women, Men",24 East Main St, Williamston,SC,29697
"Lake Oconee Orthopedics, LLC","1000 Cowles Clinic Way, Greensboro, GA 30642",(706) 341-4886,"Men, Women",1000 Cowles Clinic Way, Greensboro,GA,30642
Bloom Physical Medicine,"530 Haywood Rd, Greenville, SC 29607",864-501-2191,"Women, Men",530 Haywood Rd, Greenville,SC,29607
Luxe Loft by Mathews Aesthetics,"112 W Western Reserve Rd, Poland, OH 44514",(330) 423-2114,"Women, Men",112 W Western Reserve Rd, Poland,OH,44514
JK Medical Clinic,"2686 W. Alton Gloor Blvd. Suite 1, Brownsville, TX 78520",(956) 443-0111,"Women, Men",2686 W. Alton Gloor Blvd. Suite 1, Brownsville,TX,78520
Prompt Care Inc,"1468 Ritter Drive, Daniels, WV 25918",(304) 253-3860,Women,1468 Ritter Drive, Daniels,WV,25918
Coastal Direct MD,"27 Quincy Circle, Santa Rosa Beach, FL 32459",(281) 570-6758,"Women, Men",27 Quincy Circle, Santa Rosa Beach,FL,32459
Elite Medical and Day Spa LLC,"110 Huffard Drive, Bluefield, VA 24605",(276) 322-7886,"Women, Men",110 Huffard Drive, Bluefield,VA,24605
Life Enhancement Clinics of MT - Missoula,"2801 Great Northern Loop, Missoula, MT 59808",(406) 500-9277,"Men, Women",2801 Great Northern Loop, Missoula,MT,59808
Summit MedAesthetics,"822 E Western Reserve Rd., Poland, OH 44514",(330) 953-3414,"Men, Women",822 E Western Reserve Rd., Poland,OH,44514
Ayala Family Clinic,"2250 North Minnesota Avenue Suite C, Brownsville, TX 78521",(956) 299-0714,"Men, Women",2250 North Minnesota Avenue Suite C, Brownsville,TX,78521
Healthspan Fitness and Nutrition,"2825 Stockyard Road Suite C5, Missoula, MT 59808",(406) 218-4420,"Women, Men",2825 Stockyard Road Suite C5, Missoula,MT,59808
WVG PROFESSIONALS LLC/ GAME DAY MEN’S HEALTH,"831 Ridgewood, Brownsville, TX 78520",(956) 714-7100,Men,831 Ridgewood, Brownsville,TX,78520
Rosas Medical Clinic - Brownsville,"704 Paredes Paredes Line Rd. Ste A, Brownsville, TX 78521",(956) 831-7111,Women,704 Paredes Paredes Line Rd. Ste A, Brownsville,TX,78521
Uptown Clinic PLLC,"150 Uptown Ave., Brownsville, TX 78520",(956) 620-3140,"Women, Men",150 Uptown Ave., Brownsville,TX,78520
Fernando Ramirez MD PA,"1740 Boca Chica Blvd Suite 200, Brownsville, TX 78520",956-982-7822,"Women, Men",1740 Boca Chica Blvd Suite 200, Brownsville,TX,78520
Brownsville Women's Health Center,"844 Central Blvd Ste. 470, Brownsville, TX 78520",512-222-6085,"Women, Men",844 Central Blvd Ste. 470, Brownsville,TX,78520
RGV Womens Health,"800 W. Jefferson St. Suite 100, Brownsville, TX 78520",(956) 572-0807,"Women, Men",800 W. Jefferson St. Suite 100, Brownsville,TX,78520
Brownsville Ob Gyn Assoc. PLLC,"800 W Jefferson Ste. 210, Brownsville, TX 78520",(956) 550-8733,Women,800 W Jefferson Ste. 210, Brownsville,TX,78520
"Alli's Health And Wellness, LLC","735 Main Street, Chipley, FL 32428",(850) 676-4747,"Women, Men",735 Main Street, Chipley,FL,32428
Alonso Medical Center - 3,"4550 East Charleston Blvd, Las Vegas, NV 89104",(702) 475-4352,,4550 East Charleston Blvd, Las Vegas,NV,89104
Greenville Sleep Clinic,"103 Regency Commons Dr Ste B, Greer, SC 29650",(864) 334-7090,,103 Regency Commons Dr Ste B, Greer,SC,29650
The Hormone Restoration Center - Chipley,"1138 Main Street, Chipley, FL 32428",850-845-0004,"Women, Men",1138 Main Street, Chipley,FL,32428
BOTOXD BEAUTY COMPANY,"1400 Main St., Follansbee, WV 26037",(724) 396-7385,"Women, Men",1400 Main St., Follansbee,WV,26037
Alonso Medical Center - 2,"1440 North Eastern Avenue, Las Vegas, NV 89101",(702) 475-4352,"Men, Women",1440 North Eastern Avenue, Las Vegas,NV,89101
Rutherford Premier Women's Care,"175 Tryon Rd Ste A, Rutherfordton, NC 28139",(828) 286-5583,Women,175 Tryon Rd Ste A, Rutherfordton,NC,28139
New Image Primary Care,"2580 AZ-95 Suite 201, Bullhead City, AZ 86442",(928) 299-2588,"Women, Men",2580 AZ-95 Suite 201, Bullhead City,AZ,86442
"Silver Creek Family Practice, PLLC","302 Pitts St, Morganton, NC 28655",828-608-2016,"Women, Men",302 Pitts St, Morganton,NC,28655
Laughlin Community Health Center Inc,"3650 South Pointe Circle Suite 101, Laughlin, NV 89029",(702) 299-4252,"Women, Men",3650 South Pointe Circle Suite 101, Laughlin,NV,89029
Newman Primary Care Health and Wellness,"3640 Highway 95, Bullhead City, AZ 86442",928-224-5557,"Women, Men",3640 Highway 95, Bullhead City,AZ,86442
Heal and Glow Wellness,"2121 E Flamingo Road Suite 214, Las Vegas, NV 89119",(702) 405-9819,"Men, Women",2121 E Flamingo Road Suite 214, Las Vegas,NV,89119
Beverly Hills Rejuvenation Center,"120 S Green Valley Pkwy #174, Henderson, NV 89012",(702) 743-9033,Women,120 S Green Valley Pkwy #174, Henderson,NV,89012
Carolina Vein Care and Aesthetics,"2817 Woodruff Road, Simpsonville, SC 29681",(864) 610-1947,"Men, Women",2817 Woodruff Road, Simpsonville,SC,29681
Quality Medical Specialists LLC,"2255 Renaissance Drive Ste B, Las Vegas, NV 89119",702-500-1728,"Men, Women",2255 Renaissance Drive Ste B, Las Vegas,NV,89119
SkinGlow MD,"330 Scuffletown Rd. Suite 105, Simpsonville, SC 29681",(864) 252-4569,"Women, Men",330 Scuffletown Rd. Suite 105, Simpsonville,SC,29681
Bauza Center LLC,"1601 E Flaming Rd Unit 18, las Vegas, NV 89119",(702) 478-9971,"Men, Women",1601 E Flaming Rd Unit 18, las Vegas,NV,89119
Faith Family Health,"617 Mercer St., Princeton, WV 24740",(304) 425-2405,,617 Mercer St., Princeton,WV,24740
Dalah Health and Wellness,"2370 W Horizon Ridge Pkwy Suite 100, Henderson, NV 89052",(702) 763-9020,,2370 W Horizon Ridge Pkwy Suite 100, Henderson,NV,89052
WHASN Central,"1950 Pinto Lane, Las Vegas, NV 89106",702-438-2229,"Women, Men",1950 Pinto Lane, Las Vegas,NV,89106
Wellcare Medical Group,"6565 Spencer St Ste 102, Las Vegas, NV 89119",(725) 764-4868,,6565 Spencer St Ste 102, Las Vegas,NV,89119
Elite Aesthetics and Wellness Chandra Aguila FNP-C,"102 Ed Bayer Ct. Suite 120, Georgia, GA 31088",(478) 551-1088,"Women, Men",102 Ed Bayer Ct. Suite 120, Georgia,GA,31088
TruGlow Elite Wellness,"501 S Rancho Dr. STE D25, Las Vegas, NV 89106",(702) 238-9139,Women,501 S Rancho Dr. STE D25, Las Vegas,NV,89106
"Bluehill Health and Wellness, PLLC","125 Colvard Farm Road Unit 8, Jefferson, NC 28640",3368462583,"Women, Men",125 Colvard Farm Road Unit 8, Jefferson,NC,28640
The Covery,"4993 Russell Pkwy Ste. 160-170, Warner Robins, GA 31088",(478) 333-1550,"Men, Women",4993 Russell Pkwy Ste. 160-170, Warner Robins,GA,31088
Quadra Health,"10120 S Eastern Ave Unit 130, Henderson, NV 89052",(702) 867-1630,"Women, Men",10120 S Eastern Ave Unit 130, Henderson,NV,89052
Eterna Medical Group LLC,"2810 West Charleston Blvd Suite H77, Las Vegas, NV 89102",(702) 377-6556,Women,2810 West Charleston Blvd Suite H77, Las Vegas,NV,89102
Welby Wellness & Aesthetics,"10521 Jeffreys Street, Henderson, NV 89052",702-850-0977,"Women, Men",10521 Jeffreys Street, Henderson,NV,89052
Engineered Aesthetics Plastic Surgery Institute,"880 Seven Hills Dr. Unit 170, Henderson, NV 89052",(702) 907-2222,"Women, Men",880 Seven Hills Dr. Unit 170, Henderson,NV,89052
Flamingo Medical Spa,"1025 N Houston Road, Warner Robins, GA 31092",(478) 333-8353,,1025 N Houston Road, Warner Robins,GA,31092
Innovative Health and Wellness Center,"387 LAKE HAVASU AVE S STE 101, Lake Havasu City, AZ 86403",928-854-7666,"Women, Men",387 LAKE HAVASU AVE S STE 101, Lake Havasu City,AZ,86403
Spine Up,"7035 W. Ann Rd. Suite 160, Las Vegas, TX 89130",(702) 396-0277,"Women, Men",7035 W. Ann Rd. Suite 160, Las Vegas,TX,89130
Solimar Wellness Center,"1003 Fernwood Dr, Milledgeville, GA 31061",478-804-1772,"Women, Men",1003 Fernwood Dr, Milledgeville,GA,31061
Centennial ObGyn,"6850 North Durango Drive Suite 420, Las Vegas, NV 89149",7024761100,"Women, Men",6850 North Durango Drive Suite 420, Las Vegas,NV,89149
"Alternatives for Women, Inc","2810 S. Jones Blvd Suite 3, Las Vegas, NV 89146",(702) 365-9929,"Women, Men",2810 S. Jones Blvd Suite 3, Las Vegas,NV,89146
Pain Matters and Wellness,"5235 Durango Dr. Suite #2, Las Vegas, NV 89113",702-685-8585,"Women, Men",5235 Durango Dr. Suite #2, Las Vegas,NV,89113
Revitalize Medical Clinic - Warner Robins,"840 SR 96 Suite 3300, Warner Robins, GA 31088",(478) 366-1244,"Women, Men",840 SR 96 Suite 3300, Warner Robins,GA,31088
Advanced Medical Associates PC,"1282 South Houston Lake Rd., Warner Robins, GA 31088",(478) 922-4010,"Men, Women",1282 South Houston Lake Rd., Warner Robins,GA,31088
Heracles Healthcare Group,"1811 S Rainbow Blvd Suite 108, Las Vegas, NV 89146",(702) 722-1892,"Women, Men",1811 S Rainbow Blvd Suite 108, Las Vegas,NV,89146
Radiant Integrative Health and Wellness,"8430 W Lake Mead Blvd Suite 128, Las Vegas, NV 89128",(702) 858-1142,"Women, Men",8430 W Lake Mead Blvd Suite 128, Las Vegas,NV,89128
The Hummingbird Health,"6767 W. Tropicana Suite 221, Las Vegas, NV 89103",(702) 775-5509,Women,6767 W. Tropicana Suite 221, Las Vegas,NV,89103
Frenchtown Family Medical & Wellness,"16862 Beckwith St Suite Q, Frenchtown, MT 59834",(406) 541-4700,"Men, Women",16862 Beckwith St Suite Q, Frenchtown,MT,59834
Body Balance Medical,"7975 W Sahara Ave #101, Las Vegas, NV 89117",(702) 843-0590,Women,7975 W Sahara Ave #101, Las Vegas,NV,89117
Innovative Women’s Care,"851 S Rampart Bld Ste 160, Las Vegas, NV 89145",702-413-7740,Women,851 S Rampart Bld Ste 160, Las Vegas,NV,89145
Southern Nevada Care Center DBA Beautique Clinic,"8879 W Flamingo Rd Suite 201, Las Vegas, NV 89147",(702) 625-0022,,8879 W Flamingo Rd Suite 201, Las Vegas,NV,89147
More Than Medical Wellness,"4670 South Fort Apache Road Suite 130, Las Vegas, NV 89147",702-465-7471,"Women, Men",4670 South Fort Apache Road Suite 130, Las Vegas,NV,89147
Blissfill Escape,"4245 S Grand Canyon Dr, Las Vegas, NV 89147",(505) 347-8163,"Women, Men",4245 S Grand Canyon Dr, Las Vegas,NV,89147
Modern Wellness Clinic,"5375 Fort Apache Road Suite 102 and 103, Las Vegas, NV 89148",(702) 463-9159,"Women, Men",5375 Fort Apache Road Suite 102 and 103, Las Vegas,NV,89148
WHASN Meadows,"9120 W Post Rd Suite 200, Las Vegas, NV 89148",(702) 870-2229,"Women, Men",9120 W Post Rd Suite 200, Las Vegas,NV,89148
Blessed Beauty Med Spa (New Castle),"312 N. Jefferson St., New Castle, PA 16101",(724) 614-7919,"Men, Women",312 N. Jefferson St., New Castle,PA,16101
Your Health Spartanburg,"1250 John B White Sr. Blvd., Spartanburg, SC 29306",(864) 537-6148,Women,1250 John B White Sr. Blvd., Spartanburg,SC,29306
Carolina Plastic Surgery,"100 E Wood Street Suite 100, Spartanburg, SC 29303",(864) 583-1222,"Women, Men",100 E Wood Street Suite 100, Spartanburg,SC,29303
"Co-Hill Urgent Care & Wellness Center, LLC Beaver Falls","3211 4th Ave, Beaver Falls, PA 15010",(724) 890-5292,,3211 4th Ave, Beaver Falls,PA,15010
The Anti-Aging Clinic of Northwest Florida,"13569 Panama City Beach Pkwy, Panama City Beach, FL 32407",850 238-8563,"Women, Men",13569 Panama City Beach Pkwy, Panama City Beach,FL,32407
ReNu & Revive Wellness MedSpa,"206B S. Main Street, Woodruff, SC 29388",(864) 685-7664,,206B S. Main Street, Woodruff,SC,29388
EDEN HEALTH,"2540 Lakeshore Dr., Marianna, FL 32446",(850) 273-8107,"Women, Men",2540 Lakeshore Dr., Marianna,FL,32446
Serenity Health & Wellness,"2099 S Pine Street Ste F, Spartanburg, SC 29302",(864) 586-1640,Women,2099 S Pine Street Ste F, Spartanburg,SC,29302
Seaside Health and Wellness,"5 Miracle Strip Loop Suite 6, Panama City Beach, FL 32407",(850) 238-8811,"Women, Men",5 Miracle Strip Loop Suite 6, Panama City Beach,FL,32407
BALANCED BEAUTY,"8317 Front Beach Road Unit 34-D, Panama City Beach, FL 32407",(850) 276-5161,"Women, Men",8317 Front Beach Road Unit 34-D, Panama City Beach,FL,32407
Nations Best Family Health Care,"1514 West 23rd Street, Panama City, FL 32405",850-481-1101,"Women, Men",1514 West 23rd Street, Panama City,FL,32405
Dra. Mireya Puente Villalobos,"Constitucion 1881, Monterrey, NL 64060",+52 (811) 022-1190,"Women, Men",Constitucion 1881, Monterrey,NL,64060
Elevation Health and Wellness,"3000 SR77 Suite B, Lynn Haven, FL 32444",(850) 890-1408,"Women, Men",3000 SR77 Suite B, Lynn Haven,FL,32444
Juniper Women's Health & Wellness LLC,"853 By-pass 72 NW, Greenwood, SC 29649",(864) 519-0054,"Women, Men",853 By-pass 72 NW, Greenwood,SC,29649
Luxe Wellness Clinic,"109 W 23rd Street Suite N4, Panama City, FL 32405",(850) 628-3295,"Women, Men",109 W 23rd Street Suite N4, Panama City,FL,32405
Foothills Center for Women,"112 Boon Trail, North Wilkesboro, NC 28659",(336) 667-8241,Women,112 Boon Trail, North Wilkesboro,NC,28659
Access  Point Healthcare,"1931 MARTIN LUTHER KING JR BLVD, Panama City, FL 32405",(850) 250-0021,"Women, Men",1931 MARTIN LUTHER KING JR BLVD, Panama City,FL,32405
Southern Serenity & Company,"1399 Jenks Avenue Bldg. H, Panama City, FL 32401",(850) 814-0786,"Women, Men",1399 Jenks Avenue Bldg. H, Panama City,FL,32401
Advanced Urology Institute,"500 W 11th Street, Panama City, FL 32401",(850) 348-2944,"Women, Men",500 W 11th Street, Panama City,FL,32401
"Co-Hill Urgent Care & Wellness Center, LLC","100 Perry Hwy, Harmony, PA 16037",(724) 890-5292,"Men, Women",100 Perry Hwy, Harmony,PA,16037
Steel City Medical Center - Zelienople,"516 Perry Way, Zelienople, PA 16063",(412) 699-0242,"Women, Men",516 Perry Way, Zelienople,PA,16063
Piece of Cake Weight Management and Wellness,"467 Grace Avenue, Panama City, FL 32401",(850) 640-1063,"Women, Men",467 Grace Avenue, Panama City,FL,32401
"TAYLOR'D WELLNESS, LLC","470 HARRISON AVE STE W2, PANAMA CITY, FL 32401",(352) 246-4490,Women,470 HARRISON AVE STE W2, PANAMA CITY,FL,32401
"Pink Paradise Wellness and Day Spa, LLC","805 W Warren St, Shelby, NC 28105",(980) 375-7465,"Women, Men",805 W Warren St, Shelby,NC,28105
Dr. Alicia Gutierrez,"Puerto Mazatlan 4401 Col Las Brisas, Monterrey, NL 64780",+52 8139558352,"Women, Men",Puerto Mazatlan 4401 Col Las Brisas, Monterrey,NL,64780
Steel City Medical Center - McMurray,"4050 Washington Rd., Canonsburg, PA 15317",(412) 699-0242,"Women, Men",4050 Washington Rd., Canonsburg,PA,15317
Wildwood Pelvic Health,"1000 N. Curtis Road Suite 305, Boise, ID 83706",(208) 957-3978,"Men, Women",1000 N. Curtis Road Suite 305, Boise,ID,83706
Lamb Medical & Aesthetics,"3323 Washington Road, McMurray, PA 15317",(724) 969-5262,"Women, Men",3323 Washington Road, McMurray,PA,15317
Crisp Aesthetics & Weight Loss,"1329 N 5th Street Ext, Cordele, GA 31015",229-273-9050,"Women, Men",1329 N 5th Street Ext, Cordele,GA,31015
All Seasons Family Care Clinic,"6933 W Emerald Street, Boise, ID 83704",(208) 321-0634,"Men, Women",6933 W Emerald Street, Boise,ID,83704
Women's Wellness Clinic,"7761 W. RIVERSIDE DR. Suite 120, Garden City, ID 83714",(208) 207-3590,Women,7761 W. RIVERSIDE DR. Suite 120, Garden City,ID,83714
The Idaho Center for Integrative Medicine,"3224 North Maple Grove Road, Boise, ID 83704",(208) 629-5374,"Men, Women",3224 North Maple Grove Road, Boise,ID,83704
Idaho Collective Wellness,"9466 W Fairview Ave, Boise, ID 83704",208-891-2201,"Men, Women",9466 W Fairview Ave, Boise,ID,83704
Advanced Medical Associates PC - Hawkinsville,"155 Commerce Street, Hawkinsville, GA 31036",(478) 783-4060,"Women, Men",155 Commerce Street, Hawkinsville,GA,31036
Skintegrity 406,"205 4th Ave. East, Polson, MT 59860",(406) 370-2622,"Men, Women",205 4th Ave. East, Polson,MT,59860
One Mountain Aesthetics and Wellness,"314 1st Street E, Polson, MT 59860",406-880-6415,"Women, Men",314 1st Street E, Polson,MT,59860
Medical Associates Plus,"2508 University Dr., Thomson, GA 30824",706-595-1090,"Women, Men",2508 University Dr., Thomson,GA,30824
Patients Choice Primary Care,"260 West Main Street, Dublin, VA 24084",(540) 307-5495,Women,260 West Main Street, Dublin,VA,24084
Family Care Plus,"320 Red Oaks Shopping Center, Ronceverte, WV 24970",(304) 689-4488,"Men, Women",320 Red Oaks Shopping Center, Ronceverte,WV,24970
The Hormone Advantage,"839 E. Winding Creek Drive Suite. 102, Eagle, ID 83616",(208) 957-6337,"Women, Men",839 E. Winding Creek Drive Suite. 102, Eagle,ID,83616
"Faith Medical & Wellness Clinic, LLC","22 Training Center Rd, Woodlawn, VA 24381",(276) 266-3134,"Women, Men",22 Training Center Rd, Woodlawn,VA,24381
Renu MediSpa,"600 E riverside Dr, Eagle, ID 83616",208-939-4456,"Women, Men",600 E riverside Dr, Eagle,ID,83616
Medical Associates Plus,"315 Fluker Street, Thomson, GA 30824",706-595-1090,"Women, Men",315 Fluker Street, Thomson,GA,30824
Vance Medical Services,"1001 N. Meridian Road, Meridian, ID 83642",(208) 258-7558,"Women, Men",1001 N. Meridian Road, Meridian,ID,83642
Skin N' Tox,"1385 W McMillan Rd, Meridian, ID 83646",(208) 418-2048,,1385 W McMillan Rd, Meridian,ID,83646
Aesthetic Skin and Laser Center,"4312 Penn Ave #102, Pittsburgh, PA 15224",(412) 683-3358,Women,4312 Penn Ave #102, Pittsburgh,PA,15224
Dr. Humaira Ali MD,"202-175 Chancellor's Way, Guelph, ON N1G0E9",(519) 766-9559,,202-175 Chancellor's Way, Guelph,ON,N1G0E9
Infuse Aesthetics and Wellness,"721 E. Shotwell St, Bainbridge, GA 39819",(229) 400-9260,"Women, Men",721 E. Shotwell St, Bainbridge,GA,39819
Dr. Matthew J Flood,"801 W Main St., Union, SC 29379",(864) 441-0009,"Women, Men",801 W Main St., Union,SC,29379
Epic Medical/ SKY Sports Medicine,"715 Dorseyville Road Unit. H2, Pittsburgh, PA 15238",(412) 963-7350,,715 Dorseyville Road Unit. H2, Pittsburgh,PA,15238
Steel City Medical Center,"17 Brilliant Ave Suite 202B, Pittsburgh, PA 15215",(412) 699-0242,"Men, Women",17 Brilliant Ave Suite 202B, Pittsburgh,PA,15215
Magnolia Women's Center,"1501 Miluli Ave, Bainbridge, GA 39819",(229) 243-0152,"Women, Men",1501 Miluli Ave, Bainbridge,GA,39819
Idaho Collective Wellness,"3764 E AMITY AVE STE 103, Nampa, ID 83686",208-891-2201,"Women, Men",3764 E AMITY AVE STE 103, Nampa,ID,83686
"Friends & Family Medical Clinic, Inc.","303 2nd Ave S, Nampa, ID 83651",208-899-8379,"Women, Men",303 2nd Ave S, Nampa,ID,83651
Spa in Saxonburg,"101 Alwine Rd., Saxonburg, PA 16056",(724) 352-7630,,101 Alwine Rd., Saxonburg,PA,16056
All Seasons Family Care Clinic,"1007 W Orchard Avenue, Nampa, ID 83651",(208) 461-2838,"Women, Men",1007 W Orchard Avenue, Nampa,ID,83651
Body Lab,"505 Ashebrooke Square, Morgantown, WV 26508",(724) 984-1677,,505 Ashebrooke Square, Morgantown,WV,26508
New You Skin And Body Spa,"612 South Pike Road Suite. 106, Sarver, PA 16055",(724) 294-8450,"Women, Men",612 South Pike Road Suite. 106, Sarver,PA,16055
Dixie Medical,"1085 plaza Ave, Eastman, GA 31023",(478) 559-1386,"Women, Men",1085 plaza Ave, Eastman,GA,31023
Independent Medical Group,"1320 E Calvada Blvd, Pahrump, NV 89048",775-751-6111,"Women, Men",1320 E Calvada Blvd, Pahrump,NV,89048
Pahrump Family Medical,"1280 East Calvada Blvd., Pahrump, NV 89048",(775) 910-9811,"Women, Men",1280 East Calvada Blvd., Pahrump,NV,89048
Steel City Medical Center - Murrysville,"3967 William Penn Hwy Ste. 2, Murrysville, PA 15668",(412) 699-0242,"Men, Women",3967 William Penn Hwy Ste. 2, Murrysville,PA,15668
Primary MD Hillbrook,"580 Blue Ridge Drive, Evans, GA 30809",706-364-8501,"Women, Men",580 Blue Ridge Drive, Evans,GA,30809
"PT Family Medicine, PC","2057 State Route 130 Suite 3, Jeannette, PA 15644",(724) 527-2700,"Women, Men",2057 State Route 130 Suite 3, Jeannette,PA,15644
Refined Beauty & Aesthetics,"1425 Wilson Road, Newberry, SC 29108",(803) 723-5959,"Women, Men",1425 Wilson Road, Newberry,SC,29108
"Wellness Life Center, LLC","1842 Hwy 84 W, Cairo, GA 39827",(229) 397-5433,"Women, Men",1842 Hwy 84 W, Cairo,GA,39827
Aesthetic Essentials of Augusta,"1220 George C. Wilson Dr. Suite. C, Augusta, GA 30909",(706) 434-8304,Women,1220 George C. Wilson Dr. Suite. C, Augusta,GA,30909
LKN Fountain of Youth,"146 Marketplace Ave, Mooresville, NC 28117",704-818-7372,"Women, Men",146 Marketplace Ave, Mooresville,NC,28117
Wave Aesthetics,"101 Good Morning Street Suite 109B, Port St. Joe, FL 32456",(850) 227-9283,"Women, Men",101 Good Morning Street Suite 109B, Port St. Joe,FL,32456
Legacy Men's Health,"43 Woodland Park Drive Suite 9, Kalispell, MT 59901",(406) 253-0607,,43 Woodland Park Drive Suite 9, Kalispell,MT,59901
All About You Wellness and Aesthetics,"907 S Main St., Kalispell, MT 59901",406-607-7759,"Women, Men",907 S Main St., Kalispell,MT,59901
406 Medical Spa,"1315 U.S. Hwy 2 W., Kalispell, MT 59901",(406) 287-6565,"Women, Men",1315 U.S. Hwy 2 W., Kalispell,MT,59901
Kalispell Midwives and Women's Health,"165 Commons Loop Suite A, Kalispell, MT 59901",(406) 858-8009,,165 Commons Loop Suite A, Kalispell,MT,59901
Functional Medicine Associates of Montana,"195 Commons Loop, Kalispell, MT 59901",(406) 501-6570,"Women, Men",195 Commons Loop, Kalispell,MT,59901
"Calvin L. Hobbs MD, PC","2803 Wrightsboro Road Suite 24, Augusta, GA 30909",706-736-2737,"Women, Men",2803 Wrightsboro Road Suite 24, Augusta,GA,30909
"Infinity Medical Aesthetics & Wellness, LLC","2316 US HWY 93 North, Kalispell, MT 59901",406-755-5661,"Women, Men",2316 US HWY 93 North, Kalispell,MT,59901
LKN Weight Loss and Wellness LLC,"580 Davidson Gateway Drive, Davidson, NC 28036",(704) 964-6250,"Women, Men",580 Davidson Gateway Drive, Davidson,NC,28036
Sterling Center Women's Health,"3 Sweet Bay Court, Moultrie, GA 31768",(229) 985-2198,"Women, Men",3 Sweet Bay Court, Moultrie,GA,31768
Vitality Wellness,"309 Williams Ave, Port St. Joe, FL 32320",(850) 331-1851,"Women, Men",309 Williams Ave, Port St. Joe,FL,32320
Carolina Trim Clinic,"230 Rockmont Dr., Fort Mill, SC 29708",(803) 548-8746,,230 Rockmont Dr., Fort Mill,SC,29708
"Brand 18, LLC","5850 US Highway 93 South, Whitefish, MT 59937",(406) 660-1613,Women,5850 US Highway 93 South, Whitefish,MT,59937
Alpine Women's Center,"2002 Hospital Way, Whitefish, MT 59937",406-862-6436,"Women, Men",2002 Hospital Way, Whitefish,MT,59937
Your Health - Rock Hill,"1326 Ebenezer Road, Rock Hill, SC 29732",(803) 740-3630,"Women, Men",1326 Ebenezer Road, Rock Hill,SC,29732
Prestige Med Spa and Wellness Center,"2136 AYRSLEY TOWN BLVD SUITE A, Charlotte, NC 28273",9802374630,"Women, Men",2136 AYRSLEY TOWN BLVD SUITE A, Charlotte,NC,28273
Blue Ridge Pain Management Associates,"1 ARH Lane Suite 201, Low Moor, VA 24426",(540) 444-5670,,1 ARH Lane Suite 201, Low Moor,VA,24426
"The Cosmetic Concierge, PLLC","325  Arlington Ave Unit B, Charlotte, NC 28203",980-938-0459,"Women, Men",325  Arlington Ave Unit B, Charlotte,NC,28203
Ignite Wellness Clinic,"4633 Brambleton Ave, Roanoke, VA 24018",540-404-1111,"Women, Men",4633 Brambleton Ave, Roanoke,VA,24018
Medical Plaza Family Physicians,"8401 Medical Plaza Dr. Suite. 365, Charlotte, NC 28262",(704) 635-5919,"Women, Men",8401 Medical Plaza Dr. Suite. 365, Charlotte,NC,28262
Restoration Health LLC,"1000 S 16th Street Suite C, Payette, ID 83661",(208) 907-2696,"Men, Women",1000 S 16th Street Suite C, Payette,ID,83661
Live Hydration Spa (Fort Mill),"5525 Arden Mill Dr., Fort Mill, SC 29715",(803) 681-0510,Women,5525 Arden Mill Dr., Fort Mill,SC,29715
Golden Isles Healthcare,"144 E Oak Street, McRae, GA 31055",(229) 868-7342,"Women, Men",144 E Oak Street, McRae,GA,31055
Loria Medical Group/Untouched Medi Spa CLT,"10344 Park Rd, Charlotte, NC 28210",(704) 777-3327,"Men, Women",10344 Park Rd, Charlotte,NC,28210
Luxe Aesthetics,"32 Town Center St. Suite 204, Daleville, VA 24083",(540) 521-4358,"Women, Men",32 Town Center St. Suite 204, Daleville,VA,24083
Balance Wellspace Integrative Medicine - Roanoke,"2522 Colonial Ave SW, Roanoke, VA 24015",(540) 929-1617,"Women, Men",2522 Colonial Ave SW, Roanoke,VA,24015
Tryon Women’s Center,"300 Billingsley Road Suite. 100, Charlotte, NC 28211",(704) 405-3953,Women,300 Billingsley Road Suite. 100, Charlotte,NC,28211
Heritage Regenerative Medicine,"8058 Corporate Center Drive Ste 300, Charlotte, NC 28226",(980)210-0079,"Men, Women",8058 Corporate Center Drive Ste 300, Charlotte,NC,28226
"Shaw Center for Women's Health, PC","918 S. Broad Street, Thomasville, GA 31792",229-226-8800,"Women, Men",918 S. Broad Street, Thomasville,GA,31792
Balanced Living and Wellness,"121 North Cherry Street, Ocilla, GA 31774",229-800-1133,"Women, Men",121 North Cherry Street, Ocilla,GA,31774
Your Health - Chapin,"500 Lexington Avenue, Chapin, SC 29036",(833)791-2248,Women,500 Lexington Avenue, Chapin,SC,29036
University Physical Medicine,"1224 Ocala Rd, Tallahassee, FL 32309",(850) 576-2129,"Women, Men",1224 Ocala Rd, Tallahassee,FL,32309
Fitter,"Av. Juarez 751 Oriente, Torreon, CO 27000",+52 (871) 204-2629,"Women, Men",Av. Juarez 751 Oriente, Torreon,CO,27000
Lakeside Medical Practice,"133 E FAIRMOUNT AVE, LAKEWOOD, NY 14750",(716) 526-1183,"Women, Men",133 E FAIRMOUNT AVE, LAKEWOOD,NY,14750
The Medical Healing Center,"225 Office Plaza Drive, Tallahassee, FL 32309",(850) 309-1665,"Women, Men",225 Office Plaza Drive, Tallahassee,FL,32309
Robinhood Integrative Health,"3288 Robinhood Rd, Winston-Salem, NC 27106",336-768-3335,"Women, Men",3288 Robinhood Rd, Winston-Salem,NC,27106
Live Hydration (Indian Land),"8106 Charlotte Highway Ste 101, Indian Land, SC 29707",(803) 991-4421,,8106 Charlotte Highway Ste 101, Indian Land,SC,29707
Lakeside Medical Practice,"324 Central Avenue, Dunkirk, NY 14048",(716) 526-1183,"Women, Men",324 Central Avenue, Dunkirk,NY,14048
North Florida Women's Care,"1219 Hodges Drive, Tallahassee, FL 32308",850-877-7241,"Women, Men",1219 Hodges Drive, Tallahassee,FL,32308
Vitality Wellness,"2623 Centennial Blvd Suite 101, Tallahassee, FL 32308",(850) 528-9131,"Women, Men",2623 Centennial Blvd Suite 101, Tallahassee,FL,32308
Mobile Aesthetic,"4350 Main Street Suite 224, Harrisburg, NC 28075",(704) 579-7108,Women,4350 Main Street Suite 224, Harrisburg,NC,28075
Abundant Life Institute,"2646 Centennial Place Suite A, Tallahassee, FL 32308",(850) 702-0300,"Women, Men",2646 Centennial Place Suite A, Tallahassee,FL,32308
Restoration Med Spa,"250 Executive Park Blvd. Suite 105, Winston-Salem, NC 27103",336-999-8295,"Women, Men",250 Executive Park Blvd. Suite 105, Winston-Salem,NC,27103
Advanced Urology Institute - Tallahassee Division,"2000 Centre Pointe Boulevard, Tallahassee, FL 32308",(850) 309-0400,"Women, Men",2000 Centre Pointe Boulevard, Tallahassee,FL,32308
Wellness Medical Clinic,"1706 Riggins Rd, Tallahassee, FL 32308",850-518-4325,"Women, Men",1706 Riggins Rd, Tallahassee,FL,32308
FSU Health Lifestyle Medicine Clinic,"1630 Riggins Rd, Tallahassee, FL 32308",8508784434,"Women, Men",1630 Riggins Rd, Tallahassee,FL,32308
CDR HEALTH,"313 Norton Drive Suite 101, Tallahassee, FL 32308",(305) 747-0000,"Women, Men",313 Norton Drive Suite 101, Tallahassee,FL,32308
Matthews Internal Medicine and MedSpa,"434 N. Trade Street; Ste. 104, Matthews, NC 28105",(704) 246-3936,"Men, Women",434 N. Trade Street; Ste. 104, Matthews,NC,28105
Sparks Health,"2702 Apalachee Pkwy, Tallahassee, FL 32301",(850) 755-9252,Women,2702 Apalachee Pkwy, Tallahassee,FL,32301
Vitality Wellness,"76 Market Street Unit C&D, Apalachicola, FL 32320-2709",850-407-9355,"Women, Men",76 Market Street Unit C&D, Apalachicola,FL,32320-2709
"Steel City Medical Center - Indiana, PA","978 Philadelphia St., Indiana, PA 15701",(412) 699-0242,,978 Philadelphia St., Indiana,PA,15701
Forward Wellness,"71 Songbird Ave. Suite. D, Crawfordville, FL 32327",(850) 343-5800,"Women, Men",71 Songbird Ave. Suite. D, Crawfordville,FL,32327
Yuma Wellness & Aesthetics,"1455 16th Street Suite A, Yuma, AZ 85364",(928) 510-0899,"Women, Men",1455 16th Street Suite A, Yuma,AZ,85364
"Grand Canyon Medical Clinic, PLLC","1841 W 25th Street Suite B, Yuma, AZ 85364",(928) 350-8507,"Men, Women",1841 W 25th Street Suite B, Yuma,AZ,85364
"Bryan Medical and Wellness, PLLC","200 South Main St., Kernersville, NC 27284",(336) 992-0491,"Women, Men",200 South Main St., Kernersville,NC,27284
Best Healthcare LLC,"2851 S Avenue B Suite 2601, Yuma, AZ 85364",(928) 366-1062,"Men, Women",2851 S Avenue B Suite 2601, Yuma,AZ,85364
"YurHealth, LLC","1121 US Highway 25 N, Millen, GA 30442",(478) 401-0477,Women,1121 US Highway 25 N, Millen,GA,30442
"Abundant Life Concierge, LLC","736 St. Andrews Rd Suite. K, Columbia, SC 29210",(803) 995-7206,"Women, Men",736 St. Andrews Rd Suite. K, Columbia,SC,29210
Humbodlt General Hospital,"118 East Haskell Street, Winnemucca, NV 89445",(775) 623-5222,,118 East Haskell Street, Winnemucca,NV,89445
Mark Spivey Orthopedic Clinic,"3301 E 1st St Ste A, Vidalia, GA 30474",(912) 537-4411,Women,3301 E 1st St Ste A, Vidalia,GA,30474
Norris Medical Center,"212 S Haynes St, Monroe, NC 28262",(704) 635-5919,"Women, Men",212 S Haynes St, Monroe,NC,28262
Rejuvenate Medical & Spa,"4 Tallahassee Street, Hazelhurst, GA 31539",(912) 699-6570,"Women, Men",4 Tallahassee Street, Hazelhurst,GA,31539
Jeff Davis Family Medicine,"9 Hester Street, Hazelhurst, GA 31539",(912) 375-0418,Women,9 Hester Street, Hazelhurst,GA,31539
Get Up and Glo Medspa,"17 Randolph St, Thomasville, NC 27360",(336) 422-7651,"Women, Men",17 Randolph St, Thomasville,NC,27360
Your Health - Columbia,"1730 Main Street, Columbia, SC 29201",(803) 451-6133,"Women, Men",1730 Main Street, Columbia,SC,29201
Renal Care Consultants,"88 Osborne Street, Johnstown, PA 15905",814-539-0798,"Women, Men",88 Osborne Street, Johnstown,PA,15905
Horizon Internal Medicine,"1380 Eastchester Drive Suite 105, High Point, NC 27265",336-355-6559,"Women, Men",1380 Eastchester Drive Suite 105, High Point,NC,27265
Palmetto Internal Medicine,"1701 Devonshire Drive Suite 101, Columbia, SC 29204",(803) 254-2800,"Women, Men",1701 Devonshire Drive Suite 101, Columbia,SC,29204
Southern Regenerative and Neurological Wellness,"710 Rabon Rd., Columbia, SC 29203",(803) 667-9033,Women,710 Rabon Rd., Columbia,SC,29203
TMO Medical,"4515 Military Road, Niagara Falls, NY 14305",(716) 236-8960,"Men, Women",4515 Military Road, Niagara Falls,NY,14305
Elite Aesthetics and Wellness Center,"1102 Scalp Ave, Johnstown, PA 15904",(814) 254-4259,"Women, Men",1102 Scalp Ave, Johnstown,PA,15904
Wellspring Family Medicine,"74 Polo Road, Columbia, SC 29223",(803) 865-9655,"Women, Men",74 Polo Road, Columbia,SC,29223
Anew You Med Spa,"1990 Whitehaven Road, Grand Island, NY 14072",(716) 466-9519,"Women, Men",1990 Whitehaven Road, Grand Island,NY,14072
Sanando Integrative Medical Clinic,"2000 E Cesar Chavez Blvd, San Luis, AZ 85336",9283047882,"Women, Men",2000 E Cesar Chavez Blvd, San Luis,AZ,85336
Niagara Aesthetic Medical Spa,"6941 Elaine Dr Ste 1, Niagara Falls, NY 14304",(716) 359-7299,"Men, Women",6941 Elaine Dr Ste 1, Niagara Falls,NY,14304
"J Frank Martin Jr. MD, LLC","566 Speers Creek Church Road Suite 102, Elgin, SC 29045",(803) 788-6201,"Women, Men",566 Speers Creek Church Road Suite 102, Elgin,SC,29045
Ethereal Beauty Buffalo,"225 Louisiana Street Suite 108C, Buffalo, NY 14204",(716) 322-0305,"Women, Men",225 Louisiana Street Suite 108C, Buffalo,NY,14204
Dogwood Premier Medical & Aesthetics,"116 West Thigpen Suite B, Lakeland, GA 31635",(229) 433-8820,,116 West Thigpen Suite B, Lakeland,GA,31635
Restoration MedSpa,"2005 Yanceyville St. 110, Greensboro, NC 27405",336-999-8295,"Women, Men",2005 Yanceyville St. 110, Greensboro,NC,27405
Visionary Wellness,"1515 Kensington Ave, Buffalo, NY 14215",(716) 463-5400,"Women, Men",1515 Kensington Ave, Buffalo,NY,14215
Inspired Aesthetics Medical Spa,"3671 Southwestern Blvd Suite 213, Orchard Park, NY 14127",(716) 539-0772,Women,3671 Southwestern Blvd Suite 213, Orchard Park,NY,14127
WNY Rehabilitation Medicine and Pain Management,"100 Union Rd., West Seneca, NY 14224",(716) 477-5400,"Men, Women",100 Union Rd., West Seneca,NY,14224
Ocean Breeze,"18 Luckie Street Suite F, Baxley, GA 31513",912-366-1362,"Women, Men",18 Luckie Street Suite F, Baxley,GA,31513
South GA Medical Associates,"105 E Tollison Street Suite B, Baxley, GA 31513",(912) 367-4122,"Women, Men",105 E Tollison Street Suite B, Baxley,GA,31513
"YurHealth, LLC","162 Jekyll Rd, Baxley, GA 31513",(478) 401-0477,"Men, Women",162 Jekyll Rd, Baxley,GA,31513
Pure Wellness and Spa,"204 South Main Street, Statesboro, GA 30458",(912) 489-7873,"Women, Men",204 South Main Street, Statesboro,GA,30458
Buffalo Regenerative Medicine,"100 College Parkway Suite. 100, Amherst, NY 14221",(716) 544-0850,"Women, Men",100 College Parkway Suite. 100, Amherst,NY,14221
"Tiffany Genewick, MD OBGYN","2701 Transit Rd. Suite 131, Elma, NY 14059",(716) 668-1902,"Women, Men",2701 Transit Rd. Suite 131, Elma,NY,14059
"Summit Family Medicine, Summit Laser and Cosmetic Center","515D West Salisbury St., Asheboro, NC 27203",(336) 636-5144,Women,515D West Salisbury St., Asheboro,NC,27203
"Hodges Family Practice, Inc","610 N Fayetteville St Suite 202, Asheboro, NC 27203",(336) 626-6696,"Women, Men",610 N Fayetteville St Suite 202, Asheboro,NC,27203
Luxe Wellness,"111 Sunset Avenue, Asheboro, NC 27203",(984) 212-2325,"Women, Men",111 Sunset Avenue, Asheboro,NC,27203
Altera Aesthetix,"1088 Bermuda Run Rd #A, Statesboro, GA 30458",(912) 710-0274,"Men, Women",1088 Bermuda Run Rd #A, Statesboro,GA,30458
Statesboro Women's Health Specialists,"1523 Fair Road, Statesboro, GA 30458",(912) 243-9157,"Women, Men",1523 Fair Road, Statesboro,GA,30458
Dr. Gary Sullivan,"1523 Fair Rd., Statesboro, GA 30458",912-871-2000,"Women, Men",1523 Fair Rd., Statesboro,GA,30458
Wild Woods Inc,"34169 US Hwy 2 Ste 4, Libby, MT 59923",(406) 334-4079,"Women, Men",34169 US Hwy 2 Ste 4, Libby,MT,59923
Valley Drip Bar and Med Spa,"1921 Medical Ave, Harrisonburg, VA 22801",(540) 466-4228,"Women, Men",1921 Medical Ave, Harrisonburg,VA,22801
My Health 360,"9650 Main St Suite 1, Clarence, NY 14031",(716) 407-3250,,9650 Main St Suite 1, Clarence,NY,14031
Everest Medical Weight Loss,"5822 6th Ave, Altoona, PA 16602",814-283-4655,"Women, Men",5822 6th Ave, Altoona,PA,16602
DMH MEDICAL PLAZA,"555 North Byron Parkway, Perry, FL 32348",(850) 838-2141,,555 North Byron Parkway, Perry,FL,32348
Premier Medical Clinic,"315 E Ash Street, Perry, FL 32348",(850) 584-3278,Women,315 E Ash Street, Perry,FL,32348
Hamid Zadeh MD Inc.,"2435 Marshall Rd., Imperial, CA 92251",(760) 550-6327,Women,2435 Marshall Rd., Imperial,CA,92251
Refresh Med Spa,"435 W ATEN RD STE 5, IMPERIAL, CA 92251",(760) 970-4848,"Men, Women",435 W ATEN RD STE 5, IMPERIAL,CA,92251
Welim Azinge MD,"2026 N. Imperial Ave. Suite D, El Centro, CA 92243",760-693-5372,"Women, Men",2026 N. Imperial Ave. Suite D, El Centro,CA,92243
Integrity Health & Wellness,"808 Beacon St, Waycross, GA 31560",(912) 381-3712,"Women, Men",808 Beacon St, Waycross,GA,31560
Faith Family Practice,"2100 Riverside Avenue, Waycross, GA 31501",912-490-7777,"Women, Men",2100 Riverside Avenue, Waycross,GA,31501
Progressive Weight Loss,"721 Bultman Drive Suite A, Sumter, SC 29150",8038836550,"Women, Men",721 Bultman Drive Suite A, Sumter,SC,29150
"Godebu Urology, Imperial Valley Family Care Medical Group","1600 South Imperial Avenue Suite 4, El Centro, CA 92243",(442) 325-9959,"Men, Women",1600 South Imperial Avenue Suite 4, El Centro,CA,92243
Premiere Health and Wellness,"1710 1/2 Alice Street, Waycross, GA 31501",(912) 809-2341,"Women, Men",1710 1/2 Alice Street, Waycross,GA,31501
Jubilee Family Practice,"1415 Alice Street, Waycross, GA 31501",(912) 387-2186,"Women, Men",1415 Alice Street, Waycross,GA,31501
Ware Express Care,"306 Isabella St., Waycross, GA 31501",(912) 285-9990,"Women, Men",306 Isabella St., Waycross,GA,31501
Carolina Concierge Care,"244 Church St, Sumter, SC 29150",(803) 775-1001,"Women, Men",244 Church St, Sumter,SC,29150
Elite Primary Care,"1720 Old Reynolds Street, Waycross, GA 31501",912-283-1359,"Women, Men",1720 Old Reynolds Street, Waycross,GA,31501
Watson Health,"506 4th St Nw, Jasper, FL 32052",(386) 792-0700,"Women, Men",506 4th St Nw, Jasper,FL,32052
"Renaldas A. Smidtas, MD","413 5th Ave, Jasper, FL 32052",(386) 362-5840,"Women, Men",413 5th Ave, Jasper,FL,32052
Southern Comfort Health and Wellness,"576 West Carolina Avenue, Hartsville, SC 29550",(843) 917-0302,,576 West Carolina Avenue, Hartsville,SC,29550
The Modern- Hartsville,"149 E Carolina Avenue, Hartsville, SC 29550",(843) 858-6700,"Women, Men",149 E Carolina Avenue, Hartsville,SC,29550
Stern Medical/DBA Euphoric Faces,"21 Fairfax Street, Berkeley Springs, WV 25411",(304) 261-0495,"Women, Men",21 Fairfax Street, Berkeley Springs,WV,25411
Spencer Orthopedics 2,"47020 Washington St, La Quinta, CA 92253",(760) 797-7540,,47020 Washington St, La Quinta,CA,92253
Charlotesville Skin & Laser Center,"2214 Ivy Road Suite. 104, Charlottesville, VA 22903",(434) 984-4491,"Women, Men",2214 Ivy Road Suite. 104, Charlottesville,VA,22903
Spencer Orthopedics,"36953 Cook St #101, Palm Desert, CA 92211",(760) 797-7540,"Men, Women",36953 Cook St #101, Palm Desert,CA,92211
"Peachtree Family Medicine, LLC","330 Peachtree Street, Jesup, GA 31545",(912) 415-8552,"Women, Men",330 Peachtree Street, Jesup,GA,31545
ReVAya Well,"195 Riverbend Dr Suite 6, Charlottesville, VA 22911",434-465-2526,"Women, Men",195 Riverbend Dr Suite 6, Charlottesville,VA,22911
Vitara Wellness,"73345 Highway 111 Suite 203B, Palm Desert, CA 92260",(760) 208-4011,"Women, Men",73345 Highway 111 Suite 203B, Palm Desert,CA,92260
"Continuum Health, LLC","1434 Rolkin Court Suite 201, Charlottesville, VA 22911",(434) 358-8002,Women,1434 Rolkin Court Suite 201, Charlottesville,VA,22911
Healing Hands Integrated Wellness & Primary Care,"878 Fox Drive, WInchester, VA 22603",(540) 546-2624,Women,878 Fox Drive, WInchester,VA,22603
H.E.R. Wellness Center,"512 South Main Street Suite B, Hinesville, GA 31313",912-358-2016,"Women, Men",512 South Main Street Suite B, Hinesville,GA,31313
Northwest Integrated Health,"850 W. Ironwood Dr Suite 102, Coeur d'Alene, ID 83814",2089664376,"Women, Men",850 W. Ironwood Dr Suite 102, Coeur d'Alene,ID,83814
Renew Aesthetics & IV Hydration Bar,"1101 W Ironwood Drive, Coeur d'Alene, ID 83814",(208) 930-6832,"Women, Men",1101 W Ironwood Drive, Coeur d'Alene,ID,83814
321 Medspa and Hydration,"287 East Street Ste. 212, Pittsboro, NC 27312",(984) 282-2555,"Women, Men",287 East Street Ste. 212, Pittsboro,NC,27312
D Reddy Medical Group,"1401 N Palm Canyon Dr Ste 100, Palm Springs, CA 92262",760-699-2740,"Women, Men",1401 N Palm Canyon Dr Ste 100, Palm Springs,CA,92262
Your Health Walterboro,"266 Robertson Boulevard, Walterboro, SC 29488",(843) 908-5601,,266 Robertson Boulevard, Walterboro,SC,29488
True You Inc.,"N 900 Hwy 41 Ste 2, Post Falls, ID 83854",208-981-0132,"Men, Women",N 900 Hwy 41 Ste 2, Post Falls,ID,83854
"Modern Aesthetics, LLC","291 Rockcliff Drive, Martinsburg, WV 25401",(304) 306-0944,Women,291 Rockcliff Drive, Martinsburg,WV,25401
Well Centered Wellness,"1013 Carthage St, Sanford, NC 27330",(910) 682-4638,"Women, Men",1013 Carthage St, Sanford,NC,27330
Back to Basics,"821 Woodland Avenue, Sanford, NC 27330",919-895-6339,"Women, Men",821 Woodland Avenue, Sanford,NC,27330
Your Health Regional Florence,"1232 Celebration Blvd, Folorence, SC 29501",(833) 791-2248,"Women, Men",1232 Celebration Blvd, Folorence,SC,29501
The Modern,"1273 Celebration Blvd, Florence, SC 29501",843-669-2220,"Women, Men",1273 Celebration Blvd, Florence,SC,29501
Applegate Healthcare,"1215 Michigan St Suite. C, Sandpoint, ID 83864",(208) 263-1299,Women,1215 Michigan St Suite. C, Sandpoint,ID,83864
Altera Aesthetix,"11258 Ford Ave Ste 9, Richmond Hill, GA 31324",(912) 710-0274,"Women, Men",11258 Ford Ave Ste 9, Richmond Hill,GA,31324
Windham Gynecology,"509 S. Coit St., Florence, SC 29501",(843) 676-1435,"Women, Men",509 S. Coit St., Florence,SC,29501
Your Health - Okatie,"14 Okatie Center Blvd S, Okatie, SC 29909",(833)791-2248,"Women, Men",14 Okatie Center Blvd S, Okatie,SC,29909
Altera Aesthetix,"11550 Abercorn St, Savannah, GA 31419",(912) 710-0274,Women,11550 Abercorn St, Savannah,GA,31419
Chatham Plastic Surgery,"8 Stephenson Avenue, Savannah, GA 31405",(912) 446-1985,Women,8 Stephenson Avenue, Savannah,GA,31405
Triangle Women's Center,"6001 McCrimmon Pkwy Ste. 200, Morrisville, NC 27560",(919) 342-5383,Women,6001 McCrimmon Pkwy Ste. 200, Morrisville,NC,27560
Advanced Regenerative Therapy,"617 Stephenson Ave Suite 103, Savannah, GA 31405",(912) 403-4203,"Women, Men",617 Stephenson Ave Suite 103, Savannah,GA,31405
Lake City OBGYN,"3140 NW Medical Center Lane Suite 140, Lake City, FL 32055",386-438-5095,"Women, Men",3140 NW Medical Center Lane Suite 140, Lake City,FL,32055
Odomi Medical Spa,"412 E Montgomery Crossroads, Savannah, GA 31406",(912) 274-0006,"Women, Men",412 E Montgomery Crossroads, Savannah,GA,31406
Nurse Practitioner Integrative Health,"507 N. Sullivan Rd Suite 20, Spokane Valley, WA 99037",(509)581-4339,"Men, Women",507 N. Sullivan Rd Suite 20, Spokane Valley,WA,99037
Diehl Plastic Surgery,"10208 Cerny Street 204, Raleigh, NC 27617",919-381-5540,"Women, Men",10208 Cerny Street 204, Raleigh,NC,27617
Silique Wellness,"2218 W US Highwasy 90 Suite 102, Lake City, FL 32055",(386) 243-8991,"Women, Men",2218 W US Highwasy 90 Suite 102, Lake City,FL,32055
Seaport Plastic Surgery,"2280 E. Victory Dr Suite C, Savannah, GA 31404",(912) 468-5464,"Women, Men",2280 E. Victory Dr Suite C, Savannah,GA,31404
Virginia Regenerative Medicine & Spa,"8451 West Main St, Marshall, VA 20115",(540) 905-7370,"Women, Men",8451 West Main St, Marshall,VA,20115
Longleaf Wellness PLLC,"1090 E Central Ave, Raeford, NC 28376",(910) 875-4545,"Men, Women",1090 E Central Ave, Raeford,NC,28376
Southern Direct Primary Care,"359 West Duval Street, Lake City, FL 32055",(386) 961-4690,"Women, Men",359 West Duval Street, Lake City,FL,32055
Longevity Clinic,"14 Oak Forest Road Suite. D, Bluffton, SC 29910",(843) 815-6468,"Women, Men",14 Oak Forest Road Suite. D, Bluffton,SC,29910
Revival Hormone Replacement and Wellness Clinic,"835 Highland Springs Road Ste 200.2, Beaumont, CA 92223",(951) 267-5317,"Women, Men",835 Highland Springs Road Ste 200.2, Beaumont,CA,92223
Lloyd Costello MD,"32013 Holiday Lane, Running Springs, CA 92382",9094756444,"Men, Women",32013 Holiday Lane, Running Springs,CA,92382
Urolife & Wellness,"256 SW Professional Glen Suite 102, Lake City, FL 32025",(386) 319-8938,"Women, Men",256 SW Professional Glen Suite 102, Lake City,FL,32025
Kairos Rejuvenation,"12916 Conamar Drive Suite. 105, Hagerstown, MD 21742",(301)798-6025,"Men, Women",12916 Conamar Drive Suite. 105, Hagerstown,MD,21742
Ganesha Healthcare,"1185 Mt. Aetna Road Suite 303, Hagerstown, MD 21740",(240) 772-2536,"Women, Men",1185 Mt. Aetna Road Suite 303, Hagerstown,MD,21740
WholeBody Wellness Aesthetics,"626 N Mullan Rd Suite 2, Spokane Valley, WA 99206",(509) 795-2025,"Women, Men",626 N Mullan Rd Suite 2, Spokane Valley,WA,99206
Sixto R Medina MD,"2211 Lyell Ave Suite 111, Rochester Hills, NY 14606",(585) 429-6550,,2211 Lyell Ave Suite 111, Rochester Hills,NY,14606
Balanced Health Institute,"210 New Edition Court, Cary, NC 27511",(917) 224-9901,"Men, Women",210 New Edition Court, Cary,NC,27511
Forum Health - Cary,"107 Edinburgh S. Drive Suite 215, Cary, NC 27511",919-468-3900,"Women, Men",107 Edinburgh S. Drive Suite 215, Cary,NC,27511
"Sapelo Oaks Aesthetics & Wellness, LLC","6574 Shellman Bluff Rd NE, Townsend, GA 31331",(912) 832-4666,"Women, Men",6574 Shellman Bluff Rd NE, Townsend,GA,31331
Upstream Medical Care and Aesthetics,"212 Johnny Mercer Blvd Suite B, Savannah, GA 31410",(912) 600-1161,"Women, Men",212 Johnny Mercer Blvd Suite B, Savannah,GA,31410
Younique Wellness and Aesthetics,"550 New Waverly Place Ste 110, Cary, NC 27518",(919) 906-8357,"Women, Men",550 New Waverly Place Ste 110, Cary,NC,27518
Enhanced Beauty & Wellness Clinic,"151 W MAIN ST, Purcellville, VA 20132-3024",(540) 751-8140,"Women, Men",151 W MAIN ST, Purcellville,VA,20132-3024
GoWell Urgent Care,"75 West Lee Highway, Warrenton, VA 20186",540-351-0662,"Women, Men",75 West Lee Highway, Warrenton,VA,20186
May Aesthetics Boutique,"10 S Liberty Street, Middleburg, VA 20117",(703) 653-0781,"Women, Men",10 S Liberty Street, Middleburg,VA,20117
Mid-Carolina ObGyn,"4414 Lake Boone Trail Ste. 300, Raleigh, NC 27607",(919) 781-5510,Women,4414 Lake Boone Trail Ste. 300, Raleigh,NC,27607
Madonna OBGYN and Medical Spa,"1815 South Clinton Ave Suite 450, Rochester, NY 14618",585-698-7077,"Women, Men",1815 South Clinton Ave Suite 450, Rochester,NY,14618
Stiller Aesthetics,"805 W 5th Ave suite 619, Spokane, WA 99204",509-747-5773,"Women, Men",805 W 5th Ave suite 619, Spokane,WA,99204
Impressive Aesthetics and Wellness,"1051 E Main St Suite. 5, Waynesboro, PA 17268",(717) 788-2003,"Women, Men",1051 E Main St Suite. 5, Waynesboro,PA,17268
Injectables by Dr. V.,"6817 Falls of Neuse Rd Suite #105, Raleigh, NC 27615",(919) 332-7568,"Men, Women",6817 Falls of Neuse Rd Suite #105, Raleigh,NC,27615
Uniplus Health,"35 Bill Fries Drive Bldg J, Hilton Head Island, SC 29926",(843) 990-4008,"Women, Men",35 Bill Fries Drive Bldg J, Hilton Head Island,SC,29926
Lowcountry Family Care,"23 N Main St. Suite 103, Hilton Head, SC 29926",(843) 638-6100,"Women, Men",23 N Main St. Suite 103, Hilton Head,SC,29926
Luxe Salon and Medspa,"314 W Francis Ave Building B, Spokane, WA 99205",(509) 474-9576,Women,314 W Francis Ave Building B, Spokane,WA,99205
Renaissance MD,"420 Brookside Avenue, Redlands, CA 92373",(909) 793-2020,"Women, Men",420 Brookside Avenue, Redlands,CA,92373
North Hills Internal and Integrative Medicine,"1631 Midtown Place Unit 101, Raleigh, NC 27609",919-977-1675,"Women, Men",1631 Midtown Place Unit 101, Raleigh,NC,27609
Your Health Hilton Head Island,"2 Marshland Rd, Hilton Head Island, SC 29926",(843) 842-6357,"Women, Men",2 Marshland Rd, Hilton Head Island,SC,29926
"Radiance, Personalized Cosmetic & Nursing Health, Inc.","1758A Orange Tree Ln., Redlands, CA 92373",(951) 858-3896,"Men, Women",1758A Orange Tree Ln., Redlands,CA,92373
Your Health - Moncks Corner,"117 E Main Street, Moncks Corner, SC 29461",(843) 872-3894,"Women, Men",117 E Main Street, Moncks Corner,SC,29461
Surgically Precise Aesthetics,"9950 Alabama St #2, Redlands, CA 92373",(909) 312-5755,"Women, Men",9950 Alabama St #2, Redlands,CA,92373
Your Health - Summerville,"201 Oakbrook Lane Ste 235, Summerville, SC 29485",(833)791-2248,"Women, Men",201 Oakbrook Lane Ste 235, Summerville,SC,29485
Unified - Lowcountry Women’s Specialists Carnes Crossroads,"1801 2nd Ave, Summerville, SC 29486",(843) 797-3664,Women,1801 2nd Ave, Summerville,SC,29486
Lowcountry Women's Specialists,"83 Springview Lane, Summerville, SC 29485",(843) 797-3664,Women,83 Springview Lane, Summerville,SC,29485
Brichelle Med Spa LLC,"4344 Costello Way, Haymarket, VA 20169",(571) 534-4010,"Women, Men",4344 Costello Way, Haymarket,VA,20169
Cornerstone Family Practice & Urgent Care,"1536 Owen Park Lane, Fayetteville, NC 28304",9103071576,"Women, Men",1536 Owen Park Lane, Fayetteville,NC,28304
T P Avants MD,"25815 Barton Rd. Suite C103, Loma Linda, CA 92354",9097998620,"Women, Men",25815 Barton Rd. Suite C103, Loma Linda,CA,92354
Loop Wellness Clinic,"108 Church Street SE Suite A, Leesburg, VA 20175",571-526-3505,"Women, Men",108 Church Street SE Suite A, Leesburg,VA,20175
Alpha Medical Center,"1815 FORT BRAGG RD, FAYETTEVILLE, NC 28303",910-221-3301,"Women, Men",1815 FORT BRAGG RD, FAYETTEVILLE,NC,28303
Skin Specialist of Fayetteville,"209 Fairway Drive, Fayetteville, NC 28305",(910) 759-3060,"Women, Men",209 Fairway Drive, Fayetteville,NC,28305
LEAP Integrated Primary Care,"64 Sycolin Road, Leesburg, VA 20175",(703) 544-7145,Women,64 Sycolin Road, Leesburg,VA,20175
"Penfield Obstetrics and Gynecology, LLP","43 Willow Pond Way Suite200, Penfield, NY 14526",(585) 377-5420,Women,43 Willow Pond Way Suite200, Penfield,NY,14526
Verdant Wellness,"12201 Longstreet Dr. Suite 205, Spotsylvania, VA 22551",5403089988,"Men, Women",12201 Longstreet Dr. Suite 205, Spotsylvania,VA,22551
"James T. Martin, Jr. MD","9213-A University Blvd, N. Charleston, SC 29406",(843) 572-7123,"Women, Men",9213-A University Blvd, N. Charleston,SC,29406
Center for Midwifery and Women's Health,"24430 Stone Springs Blvd Suite 475, Dulles, VA 20166",(703) 957-1245,"Women, Men",24430 Stone Springs Blvd Suite 475, Dulles,VA,20166
"Stone Ridge Wellness and Aesthetics, LLC","24560 Southpoint Dr. Ste 200, Aldie, VA 20105",(571) 570-4300,"Women, Men",24560 Southpoint Dr. Ste 200, Aldie,VA,20105
ENVI Aesthetic & Wellness,"24560 Southpoint Dr #270, Aldie, VA 20105",(571) 262-7512,"Women, Men",24560 Southpoint Dr #270, Aldie,VA,20105
Coastal Health Concierge,"1 Retreat Place, Saint Simons Island, GA 31522",(912) 491-9226,"Women, Men",1 Retreat Place, Saint Simons Island,GA,31522
Lighthouse Family Medicine and Wellness PLLC,"19440 Golf Vista Plz STE 120, Lansdowne, VA 20176",571-293-2424,"Women, Men",19440 Golf Vista Plz STE 120, Lansdowne,VA,20176
Virginia Obstetrics & Gynecology,"19490 Sandridge Way Suite 350, Leesburg, VA 20176",(703) 858-5599,"Women, Men",19490 Sandridge Way Suite 350, Leesburg,VA,20176
Virginia Premium Medical Care,"19465 Deerfield Ave Ste 410, Leesburg, VA 20176",(571) 206-8696,Women,19465 Deerfield Ave Ste 410, Leesburg,VA,20176
Loudoun Internal Medicine Associates,"19450 Deerfield Ave Ste 300, Leesburg, VA 20176",(703) 858-3220,"Women, Men",19450 Deerfield Ave Ste 300, Leesburg,VA,20176
"Executive Health, Inc","905 E D Street, Deer Park, WA 99006",(509) 270-8571,,905 E D Street, Deer Park,WA,99006
La Belle Vie - Ashburn,"44185 Ashbrook Marketplace Plz Suite130, Ashburn, VA 20147",(571) 336-2811,"Women, Men",44185 Ashbrook Marketplace Plz Suite130, Ashburn,VA,20147
Amenity Wellness,"44365 Premier Plaza, Ashburn, VA 20147",(703) 726-8100,"Men, Women",44365 Premier Plaza, Ashburn,VA,20147
ProMD Health Ashburn,"20110 Ashbrook Place Suite 270, Ashburn, VA 20147",703-946-2230,"Women, Men",20110 Ashbrook Place Suite 270, Ashburn,VA,20147
Women`s Wellness Center,"7900 Sudley Rd Ste 424, Manassas, VA 20109",(703)819-9696,"Women, Men",7900 Sudley Rd Ste 424, Manassas,VA,20109
Health and Wellness Center of Lumberton,"588 Bailey Road STE F, Lumberton, NC 28358",9105936267,"Women, Men",588 Bailey Road STE F, Lumberton,NC,28358
Ageless Grace Inc,"29826 Haun Rd Suite 209, Menifee, CA 92586",(951) 643-4664,"Men, Women",29826 Haun Rd Suite 209, Menifee,CA,92586
Nature's Way Healthcare,"140 The Lakes Blvd Ste C, Kingsland, GA 31548",(912) 552-1850,"Men, Women",140 The Lakes Blvd Ste C, Kingsland,GA,31548
"Union Direct Primary Care, LLC","15995 W State Road 238, Lake Butler, FL 32054",(386) 496-9006,"Women, Men",15995 W State Road 238, Lake Butler,FL,32054
Inland Empire Women's Center,"16465 Sierra Lakes Parkway Suite 125, Fontana, CA 92336",(909) 350-3003,"Women, Men",16465 Sierra Lakes Parkway Suite 125, Fontana,CA,92336
Herring Health,"2471 N Young Blvd, Chiefland, FL 32626",(352) 356-0436,"Women, Men",2471 N Young Blvd, Chiefland,FL,32626
Valley Health Clinic Inc,"8609 Sudley Road Suite 204, Manassas, VA 20110",(703) 393-8883,"Women, Men",8609 Sudley Road Suite 204, Manassas,VA,20110
Tru Health Now,"22000 Dulles Retail Plaza Ste 132, Dulles, VA 20147",(703) 962-4160,,22000 Dulles Retail Plaza Ste 132, Dulles,VA,20147
Tri Valley - Urology Loma Linda,"28078 Baxter Rd Ste. 430, Murrieta, CA 92563",(951) 696-1901,"Women, Men",28078 Baxter Rd Ste. 430, Murrieta,CA,92563
Skin Theory 2,"19040 Van Buren Blvd Suite 103, Riverside, CA 92508",(951) 776-8300,,19040 Van Buren Blvd Suite 103, Riverside,CA,92508
Coastal Wellness Family Medicine,"102 Lakeshore Dr. Suite B, St. Marys, GA 31558",9125767546,"Women, Men",102 Lakeshore Dr. Suite B, St. Marys,GA,31558
DermaVogue,"29955 TECHNOLOGY DR # C111 Suite #101, Murrieta, CA 92563",(951) 944-1969,"Women, Men",29955 TECHNOLOGY DR # C111 Suite #101, Murrieta,CA,92563
"Laurence M. Fakinos, MD, Inc.","P.O. Box 660. 85 Sierra Park Road, Mammoth Lakes, CA 93546",760-924-4044,"Women, Men",P.O. Box 660. 85 Sierra Park Road, Mammoth Lakes,CA,93546
Clifton-Centerville Medical Associates,"5895 Trinity Parkway Suite 100, Centerville, VA 20120",703-825-1401,"Men, Women",5895 Trinity Parkway Suite 100, Centerville,VA,20120
Peak IV Therapy and Regenerative Medicine,"437 Old Mammoth Rd #162, Mammoth Lakes, CA 93546",(760) 914-1673,,437 Old Mammoth Rd #162, Mammoth Lakes,CA,93546
Charleston ObGyn,"1027 Physicians Drive Building 110, Charleston, SC 29414",(843) 740-6700,Women,1027 Physicians Drive Building 110, Charleston,SC,29414
Neo Med Spa,"31717 Temecula Parkway, Temecula, CA 92592",951-358-9595,"Women, Men",31717 Temecula Parkway, Temecula,CA,92592
Tri Valley Urology - Temecula,"31565 Rancho Pueblo Rd. Suite 205, Temecula, CA 92592",951-698-1901,"Women, Men",31565 Rancho Pueblo Rd. Suite 205, Temecula,CA,92592
West Point Aesthetic Center,"7774 Cherry Avenue, Fontana, CA 92336",(909) 281-9512,"Women, Men",7774 Cherry Avenue, Fontana,CA,92336
"James W. McCauley MD, PA","15260 Northwest 147 Drive Suite 100, Alachua, FL 32615",(386) 418-1222,"Women, Men",15260 Northwest 147 Drive Suite 100, Alachua,FL,32615
Keep Active Health & Wellness,"4117 Plank Rd, Fredericksburg, VA 22407",(540) 785-8018,"Women, Men",4117 Plank Rd, Fredericksburg,VA,22407
Healthe Road,"25186 Hancock Ave #210, Murrieta, CA 92562",(760) 685-8754,"Women, Men",25186 Hancock Ave #210, Murrieta,CA,92562
Bella Vida Medspa,"26550 Ynez Rd., Temecula, CA 92591",(951) 296-9988,"Women, Men",26550 Ynez Rd., Temecula,CA,92591
Tri Valley Urology,"25495 Medical Center Dr. #204, Murrieta, CA 92562",951-698-1901,"Women, Men",25495 Medical Center Dr. #204, Murrieta,CA,92562
The Osmolarity Lab,"27901 Jefferson Ave Suite 101, Temecula, CA 92590",951-394-2653,"Women, Men",27901 Jefferson Ave Suite 101, Temecula,CA,92590
Ageless Aesthetics MD,"3447 Fall Hill Ave, Fredericksburg, VA 22401",(540) 645-2472,"Women, Men",3447 Fall Hill Ave, Fredericksburg,VA,22401
Temecula Hormone & Aesthetics,"41715 Winchester Rd, Temecula, CA 92590",(951) 501-0049,"Women, Men",41715 Winchester Rd, Temecula,CA,92590
Dominion Family Healthcare,"1860 Town Center Drive Suite 310, Reston, VA 20190",(703) 435-0700,Women,1860 Town Center Drive Suite 310, Reston,VA,20190
Executive Medical Spa,"40680 California Oak Rd Ste 2B, Murrieta, CA 92562",951-461-0191,"Women, Men",40680 California Oak Rd Ste 2B, Murrieta,CA,92562
Your Health - Andrews,"1535 S. Morgan Ave, Andrews, SC 29510",(839) 224-4584,"Women, Men",1535 S. Morgan Ave, Andrews,SC,29510
Revive Med Aesthetics,"2553 Cowan Blvd, Fredericksburg, VA 22401",(540) 249-6240,"Women, Men",2553 Cowan Blvd, Fredericksburg,VA,22401
Transcend Care,"36320 Inland Valley Dr Ste. 101A, Wildomar, CA 92595",(951) 614-2378,Women,36320 Inland Valley Dr Ste. 101A, Wildomar,CA,92595
MD Wellness and Health Center,"10518 Spotsylvania Avenue Suite 102, Fredericksburg, VA 22408",(540) 645-6400,"Women, Men",10518 Spotsylvania Avenue Suite 102, Fredericksburg,VA,22408
NuBella Med Spa - Rancho Cucuamonga,"11819 Foothill Blvd Ste F, Rancho Cucamonga, CA 91730",(909) 284-4205,"Men, Women",11819 Foothill Blvd Ste F, Rancho Cucamonga,CA,91730
Elegant Aesthetics,"9448 Magnolia Ave Suite 103, Riverside, CA 92503",(951) 398-1932,"Women, Men",9448 Magnolia Ave Suite 103, Riverside,CA,92503
The Well Unscripted,"600 Lafayette Blvd, Fredericksburg, VA 22401",(540) 370-4380,Women,600 Lafayette Blvd, Fredericksburg,VA,22401
Gemini Aesthetics,"10888 Foothill Blvd #180, Rancho Cucamonga, CA 91730",909-463-0715,"Women, Men",10888 Foothill Blvd #180, Rancho Cucamonga,CA,91730
Regenerative Pain Medical Center,"9090 Milliken Ave. Suite 140, Rancho Cucamonga, CA 91730",909-481-8444,"Men, Women",9090 Milliken Ave. Suite 140, Rancho Cucamonga,CA,91730
Elite Gynecology and Wellness,"418 Chatham Square Office Park, Fredericksburg, VA 22405",(540) 374-7020,Women,418 Chatham Square Office Park, Fredericksburg,VA,22405
Savvy Beauty & Wellness,"10630 Town Center Dr #116, Rancho Cucamonga, CA 91730",(909) 744-2165,"Men, Women",10630 Town Center Dr #116, Rancho Cucamonga,CA,91730
Skin Perfect Medical,"10380 Foothill Blvd, Rancho Cucamonga, CA 91730",(909) 361-3502,Women,10380 Foothill Blvd, Rancho Cucamonga,CA,91730
Impressions Medispa,"10640 Main Street Suite. 103, Fairfax, VA 22030",(703) 273-0001,Women,10640 Main Street Suite. 103, Fairfax,VA,22030
RVA Regenerative Wellness,"13324 Midlothian Turnpike, Midlothian, VA 23313",786-224-6878,"Women, Men",13324 Midlothian Turnpike, Midlothian,VA,23313
Alliance Primary Care,"104 N. Main Street, Union Bridge, MD 21791",(443) 937-6258,"Women, Men",104 N. Main Street, Union Bridge,MD,21791
Li Plastic Surgery,"3110 Inland Empire Blvd Ste. C, Ontario, CA 91764",(909) 581-7777,"Women, Men",3110 Inland Empire Blvd Ste. C, Ontario,CA,91764
Balance Wellness,"10431 Patterson Avenue Suite C24, Henrico, VA 23238",(804) 313-9109,Women,10431 Patterson Avenue Suite C24, Henrico,VA,23238
Health VisionsMD,"1230 Alverser Drive, Midlothian, VA 23113",(804) 893-7800,"Men, Women",1230 Alverser Drive, Midlothian,VA,23113
To Your Health and Wellness Center,"14029 W Newberry Road Suite 30, Newberry, FL 32669",352-363-1034,"Women, Men",14029 W Newberry Road Suite 30, Newberry,FL,32669
Medical Aesthetics & Lasers,"427 Hepburn St, Willliamsport, PA 17701",(570) 505-3257,"Men, Women",427 Hepburn St, Willliamsport,PA,17701
"PRP Regeneration Specialists, LLC","216 NW 135th Way Suite 10, Jonesville, FL 32669",352-260-4061,"Women, Men",216 NW 135th Way Suite 10, Jonesville,FL,32669
BNG Aesthetics Skin & Laser Center,"24 West 4th Street, Williamsport, PA 17701",570-748-6445,"Women, Men",24 West 4th Street, Williamsport,PA,17701
New Soul Wellness,"463688 State Road 200, Yulee, FL 32097",904-849-2132,"Men, Women",463688 State Road 200, Yulee,FL,32097
Palmetto Womens Health,"1300 Hospital Dr, Mt Pleasant, SC 29464",(843) 884-2206,Women,1300 Hospital Dr, Mt Pleasant,SC,29464
Élan Aesthetics,"8609 Westwood Center Dr Ste 801, Vienna, VA 22182",(703) 962-4938,"Women, Men",8609 Westwood Center Dr Ste 801, Vienna,VA,22182
Aura Medical Spa,"8601 Westwood Center Dr #100, Vienna, VA 22182",(703) 712-7183,"Women, Men",8601 Westwood Center Dr #100, Vienna,VA,22182
InterveneMD,"1341 Old Georgetown Rd, Mount Pleasant, SC 29466",(843) 216-4844,Women,1341 Old Georgetown Rd, Mount Pleasant,SC,29466
Triangle Premier Women’s Health,"520 North St, Smithfield, NC 27577",(919) 934-3015,,520 North St, Smithfield,NC,27577
Annandale OBGYN,"2810 Old Lee Hwy STE 305, Fairfax, VA 22031",(703) 642-7522,"Men, Women",2810 Old Lee Hwy STE 305, Fairfax,VA,22031
Le Meilleur Beauty and Wellness,"2741 Hamner Ave. Suite 208, Norco, CA 92860",(951) 427-1395,"Women, Men",2741 Hamner Ave. Suite 208, Norco,CA,92860
GoWell Urgent Care,"14900 Potomac Town Place Suite 110, Woodbridge, VA 22191",(571) 506-0500,"Women, Men",14900 Potomac Town Place Suite 110, Woodbridge,VA,22191
About Women Ob/Gyn,"2296 Opitz Blvd, Woodbridge, VA 22191",(703) 878-0740,Women,2296 Opitz Blvd, Woodbridge,VA,22191
Pacific Pain Management - Upland,"1060 Foothill Blvd, Upland, CA 91786",(949) 872-2632,,1060 Foothill Blvd, Upland,CA,91786
Tammy Jones MD PLLC,"8318 Arlington Blvd, Fairfax, VA 22031",703-426-4900,"Women, Men",8318 Arlington Blvd, Fairfax,VA,22031
Vitality Health and Wellness,"700 N. Mountain Ave., Upland, CA 91786",(909) 329-3255,"Women, Men",700 N. Mountain Ave., Upland,CA,91786
Wellfleet Family Medical,"600 N. Mountain Ave Suite A100, Upland, CA 91786",(909) 351-3150,"Men, Women",600 N. Mountain Ave Suite A100, Upland,CA,91786
Advantage Primary Care,"7605 Forest Ave. Suite 412, Richmond, VA 23229",(804) 381-6252,"Women, Men",7605 Forest Ave. Suite 412, Richmond,VA,23229
Metropolitan Women's Center,"3301 Woodburn Road Suite 307, Annandale, VA 22003",(703) 573-7772,,3301 Woodburn Road Suite 307, Annandale,VA,22003
Ambareen Internal Medicine,"7109 NW 11th Pl Ste. A, Gainesville, FL 32605",(352) 331-2890,"Women, Men",7109 NW 11th Pl Ste. A, Gainesville,FL,32605
Gainesville Gynecology Group,"6730 NW 11th Place, Gainesville, FL 32605",352-331-3234,"Women, Men",6730 NW 11th Place, Gainesville,FL,32605
Amelia Urgent Care Jacksonville,"510 Airport Center Dr. Suite #109, Jacksonville, FL 32218",(904) 696-0055,"Women, Men",510 Airport Center Dr. Suite #109, Jacksonville,FL,32218
Cornerstone Health and Wellness,"7328 W University Ave Suite E, Gainesville, FL 32607",(352) 221-0291,"Women, Men",7328 W University Ave Suite E, Gainesville,FL,32607
Amelia Urgent Care,"96279 Brady Point Rd, Fernandina Beach, FL 32034",904-321-0088,"Women, Men",96279 Brady Point Rd, Fernandina Beach,FL,32034
Innovative Caremedicine,"818 Magnolia Ave. Ste. 201, Corona, CA 92879",951-356-9992,"Women, Men",818 Magnolia Ave. Ste. 201, Corona,CA,92879
M Health & Beauty,"818 Magnolia Ave Suite 202, Corona, CA 92879",(951) 256-5292,"Women, Men",818 Magnolia Ave Suite 202, Corona,CA,92879
Transcendcare,"830 Magnolia Ave 1st Floor, Corona, CA 92879",(951) 614-2378,,830 Magnolia Ave 1st Floor, Corona,CA,92879
ABC Surgery,"557 N Central Ave, Upland, CA 91786",(909) 921-0022,"Men, Women",557 N Central Ave, Upland,CA,91786
"All About Women, Advanced Gynecology","3780 NW 83rd street, Gainesville, FL 32606",(352) 331-3320,Women,3780 NW 83rd street, Gainesville,FL,32606
Celebrate Primary Care,"919 NW 57th St Suite 10, Gainesville, FL 32605",352-474-8686,"Women, Men",919 NW 57th St Suite 10, Gainesville,FL,32605
Union Direct Primary Care - Starke,"284 West Lafayette Street, Starke, FL 32091",(904) 454-1324,Women,284 West Lafayette Street, Starke,FL,32091
"HITx, LLC","110 South Washington Street, Rockville, MD 20850",301-340-7377,"Women, Men",110 South Washington Street, Rockville,MD,20850
Comprehensive Women's Health,"4454 NW 6th Place, Gainesville, FL 32607",352-332-7222,Women,4454 NW 6th Place, Gainesville,FL,32607
A&A Women's Health,"4950 San Bernardino St Suite 103, Montclair, CA 91763",909-318-2847,"Women, Men",4950 San Bernardino St Suite 103, Montclair,CA,91763
Comprehensive Women's Health,"724 NW 43rd St, Gainesville, FL 32607",352-332-7222,Women,724 NW 43rd St, Gainesville,FL,32607
Burick Center for Health and Wellness,"2005 Technology Parkway Ste. 350, Mechanicsburg, PA 17050",(717) 730-9000,"Women, Men",2005 Technology Parkway Ste. 350, Mechanicsburg,PA,17050
Cell Bionics Institute,"502 West Broad Street Ste 1B, Falls Church, VA 22046",703-894-2224,"Men, Women",502 West Broad Street Ste 1B, Falls Church,VA,22046
OroVida Health & Wellness,"1492 W. 6th Street Suite M, Corona, CA 92882",(714) 208-4862,"Women, Men",1492 W. 6th Street Suite M, Corona,CA,92882
Be Youthful Aesthetics,"11939 Rancho Bernardo Rd 110, San Diego, CA 92128",858-618-1156,"Women, Men",11939 Rancho Bernardo Rd 110, San Diego,CA,92128
Cajon Medical Group,"5475 Walnut Ave, Chino, CA 91710",(909) 255-0806,,5475 Walnut Ave, Chino,CA,91710
Tulsi Medical Group,"995 W. Foothill Blvd, Claremont, CA 91711",(909) 399-1900,"Women, Men",995 W. Foothill Blvd, Claremont,CA,91711
Revivify Restorative Medicine,"16880 W. Bernardo Center Dr STE 100, San Diego, CA 92127",858-429-0099,"Women, Men",16880 W. Bernardo Center Dr STE 100, San Diego,CA,92127
NewLife Weightloss & Wellness,"558 N 2nd Street, El Cajon, CA 92021",619-383-6283,"Women, Men",558 N 2nd Street, El Cajon,CA,92021
Lifelong Wellness & Gynecology,"6400 Arlington Blvd Suite 510, Falls Church, VA 22042",(571) 425-4100,,6400 Arlington Blvd Suite 510, Falls Church,VA,22042
MD Care & Associates,"744 Broadway STE 100, El Cajon, CA 92021",(619) 456-9292,"Women, Men",744 Broadway STE 100, El Cajon,CA,92021
The Studio Med Spa,"310 S Twin Oaks Valley Rd. Suite. 109, San Marcos, CA 92078",(858) 222-3262,"Women, Men",310 S Twin Oaks Valley Rd. Suite. 109, San Marcos,CA,92078
Bella Sol Medspa,"2776 N Garey Ave., Pomona, CA 91767",(909) 590-1200,"Women, Men",2776 N Garey Ave., Pomona,CA,91767
Sol Family Health Care,"2776 N. Garey Ave, Pomona, CA 91767",(909) 865-2332,,2776 N. Garey Ave, Pomona,CA,91767
Skin Theory,"2791 Green River Rd Suite 103, Corona, CA 92882",951-735-5570,,2791 Green River Rd Suite 103, Corona,CA,92882
"Bonita Health & Wellness, PC","250 W. Bonita Ave Suite 100, Pomona, CA 91767",(909) 392-2002,"Women, Men",250 W. Bonita Ave Suite 100, Pomona,CA,91767
"Matthew R. Odom, M.D., PA","1050 NW 8th Ave. Suite 10, Gainesville, FL 32601",352-379-7900,"Women, Men",1050 NW 8th Ave. Suite 10, Gainesville,FL,32601
Flourish Health Network,"1330 NW 6th Street Suite. A, Gainesville, FL 32601",(352) 448-6800,"Women, Men",1330 NW 6th Street Suite. A, Gainesville,FL,32601
Beckerman Women's Health,"11140 Rockville Pike Ste. 660, Rockville, MD 20852",(301) 230-1488,"Men, Women",11140 Rockville Pike Ste. 660, Rockville,MD,20852
Reddy Care Medical,"1196 N. Park Ave, Pomona, CA 91768",(909) 623-4050,"Men, Women",1196 N. Park Ave, Pomona,CA,91768
Salt & Light Holistic MedSpa,"4085 Grand Ave. Ste. 3, Chino, CA 91710",(909) 282-2678,,4085 Grand Ave. Ste. 3, Chino,CA,91710
Saint Savant Medical Aesthetics,"13925 City Center Drive Suite 2075, Chino Hills, CA 91709",9095388871,"Men, Women",13925 City Center Drive Suite 2075, Chino Hills,CA,91709
"Freedom Family Health, LLC","910 Washington Rd Suite A, Westminster, MD 21157",(410) 801-7630,"Women, Men",910 Washington Rd Suite A, Westminster,MD,21157
Alliance Primary Care,"910 Washington Rd Ste. D, Westminster, MD 21157",(443) 937-6258,"Women, Men",910 Washington Rd Ste. D, Westminster,MD,21157
Your Health - Conway,"1400 Main Street, Conway, SC 29512",(843) 222-6660,"Men, Women",1400 Main Street, Conway,SC,29512
CMA Medicine,"1478 Riverplace Blvd STE 110, Jacksonville, FL 32207",(904) 772-5828,,1478 Riverplace Blvd STE 110, Jacksonville,FL,32207
Glenwood Medi Spa,"2490 Route 97 STE 3, Glenwood, MD 21738",(443) 419-5103,"Women, Men",2490 Route 97 STE 3, Glenwood,MD,21738
ProMD Health,"412 Malcolm Dr. Suite 306, Westminster, MD 21157",(410) 871-8734,Women,412 Malcolm Dr. Suite 306, Westminster,MD,21157
Serenova Med Spa,"8881 Fletcher Parkway Suite 250, La Mesa, CA 91942",(619) 490-3752,"Men, Women",8881 Fletcher Parkway Suite 250, La Mesa,CA,91942
SD Weight Loss,"9735 Campo Rd. Suite 270, Spring Valley, CA 91977",619-465-4982,"Women, Men",9735 Campo Rd. Suite 270, Spring Valley,CA,91977
Your Health - Loris,"3612 Mitchell Street, Loris, SC 29569",(843) 222-6660,Women,3612 Mitchell Street, Loris,SC,29569
Comprehensive Family Wellness,"2321 Pyramid Way, Sparks, NV 89431",775-900-3913,"Women, Men",2321 Pyramid Way, Sparks,NV,89431
Bloom Family Health & Wellness,"770 Old Liberty Rd Suite 3, Eldersburg, MD 21784",(410) 970-8480,"Women, Men",770 Old Liberty Rd Suite 3, Eldersburg,MD,21784
Ritual by Tracy Holzman NP-C,"2440 M St. NW Ste. 810, Washington, DC 20037",(202) 844-2655,Women,2440 M St. NW Ste. 810, Washington,DC,20037
Pointe Medical Services,"1996 Kingsley Ave Suite A, Orange Park, FL 32073",(904) 276-5700,,1996 Kingsley Ave Suite A, Orange Park,FL,32073
Nowak Aesthetics,"2440 Fenton St. Ste 101, Chula Vista, CA 91914",(619) 420-1840,"Women, Men",2440 Fenton St. Ste 101, Chula Vista,CA,91914
South Bay OBGYN,"967 Lane Ave. Ste 102, Chula Vista, CA 91914",(619) 267-8313,"Women, Men",967 Lane Ave. Ste 102, Chula Vista,CA,91914
"Charles Joel Bier, M.D., PLLC","900 New Hampshire Avenue NW, Washington, DC 20037",202-466-4646,"Women, Men",900 New Hampshire Avenue NW, Washington,DC,20037
VLUXE Modern Aesthetics,"626 W. Route 66 Unit H, Glendora, CA 91740",(626) 878-4227,"Men, Women",626 W. Route 66 Unit H, Glendora,CA,91740
A Nue Attitude,"1536 Kingsely Ave Suite 116, Orange Park, FL 32073",(904) 289-1122,Women,1536 Kingsely Ave Suite 116, Orange Park,FL,32073
Loop Wellness Clinic Alexandria,"113 South West St., Alexandria, VA 22314",(571) 526-3505,,113 South West St., Alexandria,VA,22314
Quantum Functional Medicine,"5814 Van Allen Way Suite 225, Carlsbad, CA 92008",(760) 585-4616,"Women, Men",5814 Van Allen Way Suite 225, Carlsbad,CA,92008
LiveHydration Spa,"1532 Liberty Rd #104, Eldersburg, MD 21784",(443) 291-5701,"Men, Women",1532 Liberty Rd #104, Eldersburg,MD,21784
Be Well Beauty and Wellness,"1424 S. JK Powell Blvd Ste E, Whiteville, NC 28472",910-207-6577,"Men, Women",1424 S. JK Powell Blvd Ste E, Whiteville,NC,28472
Your Health - Singleton Ridge,"241 Singleton Ridge Rd., Conway, SC 29526",(843) 349-0913,"Men, Women",241 Singleton Ridge Rd., Conway,SC,29526
United Medical Doctors,"777 N El Camino Real, Encinitas, CA 92024",(858) 868-7109,"Women, Men",777 N El Camino Real, Encinitas,CA,92024
The How Clinic,"700 Garden View CT Ste 102, Encinitas, CA 92024",877-381-4115,"Women, Men",700 Garden View CT Ste 102, Encinitas,CA,92024
MODERN HEALTH AND BEAUTY,"1822 Marron Rd. 21, Carlsbad, CA 92008",442-222-7002,"Women, Men",1822 Marron Rd. 21, Carlsbad,CA,92008
San Diego Women's Health,"477 N El Camino Real Ste. C208, Encinitas, CA 92024",(858) 677-0777,Women,477 N El Camino Real Ste. C208, Encinitas,CA,92024
West Point Aesthetics Medical Center,"1022 N EL CAMINO REAL STE 142, Encinitas, CA 92024",(760) 230-1556,Women,1022 N EL CAMINO REAL STE 142, Encinitas,CA,92024
Better Off Med Spa,"191 N. El Camino Real STE 206, Encinitas, CA 92024",(760) 978-9965,"Women, Men",191 N. El Camino Real STE 206, Encinitas,CA,92024
Nevada Pain and Spine Specialists,"605 Sierra Rose Dr St. 4, Reno, NV 89511",(775) 689-5410,"Men, Women",605 Sierra Rose Dr St. 4, Reno,NV,89511
Ewing Weight Loss Clinic,"645 Sierra Rose Dr Suite 103, Reno, NV 89511",775-322-3011,"Women, Men",645 Sierra Rose Dr Suite 103, Reno,NV,89511
Zestful Health,"315 N. 3rd Ave. Suite 100, Covina, CA 91723",(626) 915-7674,"Women, Men",315 N. 3rd Ave. Suite 100, Covina,CA,91723
Inspire Wellness,"10330 Friars Rd Ste 119, San Diego, CA 92120",(619) 202-7676,"Women, Men",10330 Friars Rd Ste 119, San Diego,CA,92120
California Cosmetic Medical Institute,"27725 Santa Margarita Pkwy 141, Mission Viejo, CA 92691",(949) 305-1200,"Women, Men",27725 Santa Margarita Pkwy 141, Mission Viejo,CA,92691
Tia Medspa,"21050 Golden Spring Dr. #C115, Diamond Bar, CA 91789",(909) 914-3914,,21050 Golden Spring Dr. #C115, Diamond Bar,CA,91789
OC Sports and Wellness,"26700 Towne Centre Dr. #100, Foothill Ranch , CA 92610",949-460-9111,"Women, Men",26700 Towne Centre Dr. #100, Foothill Ranch ,CA,92610
Concierge Naturopathic Services PC,"171 Calle Magdalena Suite 102, Encinitas, CA 92024",(858) 461-9545,"Women, Men",171 Calle Magdalena Suite 102, Encinitas,CA,92024
Carroll Family Medicine,"814 N. Houcksville Rd., Hampstead, MD 21074",(410) 239-0406,"Men, Women",814 N. Houcksville Rd., Hampstead,MD,21074
Grandview Aesthetics and Wellness,"1410 N. Coast Highway 101 Suite D, Encinitas, CA 92024",(405) 579-6343,,1410 N. Coast Highway 101 Suite D, Encinitas,CA,92024
Raynie's HRT & Med Spa LLC,"3560 Cardinal Point Drive Suite 103, Jacksonville, FL 32257",(904) 543-3474,"Women, Men",3560 Cardinal Point Drive Suite 103, Jacksonville,FL,32257
Select Health and wellness,"1845 East West Parkway Suite 10, Fleming Island, FL 32003",904-710-7509,"Women, Men",1845 East West Parkway Suite 10, Fleming Island,FL,32003
Citrus Valley Gastroenterology,"500 San Bernardino Road Suite B, Covina, CA 91722",(626) 960-2326,Women,500 San Bernardino Road Suite B, Covina,CA,91722
Pura Vida Body & Mind Spa,"1590 Island Lane Suite. 28, Fleming Island, FL 32003",(904) 644-8586,"Women, Men",1590 Island Lane Suite. 28, Fleming Island,FL,32003
"James D. Fontaine, MD, Inc","4765 Carmel Mountain Rd. Suite 207B, San Diego, CA 92130",858-876-1300,"Women, Men",4765 Carmel Mountain Rd. Suite 207B, San Diego,CA,92130
Ageless Rejuvenation Center,"10210 San Jose Blvd, Jacksonville, FL 32257",904-990-8484,"Women, Men",10210 San Jose Blvd, Jacksonville,FL,32257
Ecore Wellness,"669 2nd Street, Encinitas, CA 92024",(858) 400-4100,"Men, Women",669 2nd Street, Encinitas,CA,92024
ALCHEME Health,"12895 Paseo Village Way Suite 1240, San Diego, CA 92130",(858) 299-4990,"Men, Women",12895 Paseo Village Way Suite 1240, San Diego,CA,92130
Joy Wellness Partners,"3333 Camino del Rio South Ste 205, San Diego, CA 92108",858-609-0866,"Men, Women",3333 Camino del Rio South Ste 205, San Diego,CA,92108
Essential Health Medi Spa,"4082 Capital Dr., Rocky Mount, NC 27804",(252) 260-6006,"Women, Men",4082 Capital Dr., Rocky Mount,NC,27804
Coastal Plus Medical Center,"11761-8 Beach Blvd, Jacksonville, FL 32246",904-642-3304,"Women, Men",11761-8 Beach Blvd, Jacksonville,FL,32246
Health for All,"9905 Old Saint Augustine Road Suite 101, Jacksonville, FL 32257",(904) 903-7961,"Women, Men",9905 Old Saint Augustine Road Suite 101, Jacksonville,FL,32257
South Bay OBGYN,"765 Medical Center Ct Ste 203, Chula Vista, CA 91911",(619) 267-8313,"Women, Men",765 Medical Center Ct Ste 203, Chula Vista,CA,91911
"Juan R. Rivera Jr, MD Professional Corporation","765 Medical Center Court Suite 201, Chula Vista, CA 91911",(619) 289-9331,"Men, Women",765 Medical Center Court Suite 201, Chula Vista,CA,91911
Belle Jeunesse,"777 Corporate Dr Suite 150, Ladera Ranch, CA 92694",(949) 269-7102,"Women, Men",777 Corporate Dr Suite 150, Ladera Ranch,CA,92694
Healing Advanced Solutions,"11555 Central PKWY STE 804, Jacksonville, FL 32224",(904) 373-1661,"Men, Women",11555 Central PKWY STE 804, Jacksonville,FL,32224
"Bernadette Alejandrino, MD","767 S Sunset Ave Suite 8, West Covina, CA 91790",(626) 412-6568,"Women, Men",767 S Sunset Ave Suite 8, West Covina,CA,91790
WeCare Family Medicine,"10700 Charter Dr Suite 330, Columbia, MD 21044",(410) 992-4464,"Women, Men",10700 Charter Dr Suite 330, Columbia,MD,21044
Gateway Rehab and Wellness Center,"24002 Via Fabricante Suite. 501, Mission Viejo, CA 92691",(949) 454-8811,,24002 Via Fabricante Suite. 501, Mission Viejo,CA,92691
United Medical Doctors La Jolla,"4150 Regents Park Row, La Jolla, CA 92037",(858) 868-7109,Women,4150 Regents Park Row, La Jolla,CA,92037
San Diego Womens Health,"9850 Genesee Ave. Suite 820, La Jolla, CA 92037",8586770777,Women,9850 Genesee Ave. Suite 820, La Jolla,CA,92037
Hormonal Wellness of La Jolla,"9850 Genesee Ave. #810, La Jolla , CA 92037",858-450-1212,"Women, Men",9850 Genesee Ave. #810, La Jolla ,CA,92037
"A. Thomas Parsa MD., Inc","2864 E Imperial Hwy, Brea, CA 92821",(714) 996-9708,"Men, Women",2864 E Imperial Hwy, Brea,CA,92821
SeaPointe Medical,"1300 Avenida Vista Hermosa #100, San Clemente, CA 92673",949-218-3001,"Women, Men",1300 Avenida Vista Hermosa #100, San Clemente,CA,92673
"Dumrong Tangchitnob MD, Inc","1135 S. Sunset Avenue Ste 102, West Covina, CA 91790",626-338-5377,"Women, Men",1135 S. Sunset Avenue Ste 102, West Covina,CA,91790
Metabolize Health 2,"25301 Cabot Rd # 103, Laguna Hills, CA 92653",(949) 200-6001,"Men, Women",25301 Cabot Rd # 103, Laguna Hills,CA,92653
Regenerative Aesthetics and Dermatology,"25200 La Paz Rd Suite 210, Laguna Hills, CA 92653",(949) 464-5770,"Men, Women",25200 La Paz Rd Suite 210, Laguna Hills,CA,92653
EZ Beach Care,"3938 Hwy 17 Bypass, Murrels Inlet, SC 29576",(843) 651-3031,"Men, Women",3938 Hwy 17 Bypass, Murrels Inlet,SC,29576
Your Health - Myrtle Beach,"3650 Coalition Drive, Myrtle Beach, SC 29588",(833)791-2248,"Women, Men",3650 Coalition Drive, Myrtle Beach,SC,29588
"Physical Healthcare of Jax, Inc.","12620 Beach Blvd Suite 6, Jacksonville, FL 32246",904-645-0777,"Women, Men",12620 Beach Blvd Suite 6, Jacksonville,FL,32246
Coastal HRT,"4447 Hwy 17 Business Ste 105, Murrells Inlet, SC 29576",(843) 357-1995,Women,4447 Hwy 17 Business Ste 105, Murrells Inlet,SC,29576
Your Health - Murrells Inlet,"4111 Murrells Inlet Rd, Murrells Inlet, SC 29576",(843) 651-0044,"Women, Men",4111 Murrells Inlet Rd, Murrells Inlet,SC,29576
Orange Coast Women's Medical Group,"993 Avenida Pico Suite 120, San Clemente, CA 92673-3908",949-829-5500,"Women, Men",993 Avenida Pico Suite 120, San Clemente,CA,92673-3908
Heart of Bodhi,"830 S Myrtle Ave, Monrovia, CA 91016",(626) 765-7852,"Men, Women",830 S Myrtle Ave, Monrovia,CA,91016
Luminary MD,"26800 Crown Valley Pkwy Ste 475, Mission Viejo, CA 92697",(949) 522-5081,Women,26800 Crown Valley Pkwy Ste 475, Mission Viejo,CA,92697
Heal and Glow Wellness,"1253 University Ave. Suite 1004, San Diego, CA 92103",(619) 815-1216,,1253 University Ave. Suite 1004, San Diego,CA,92103
Advanced Wellness Clinic,"6301 Ivy Lane Suite 414, Greenbelt, MD 20770",(240) 930-7466,,6301 Ivy Lane Suite 414, Greenbelt,MD,20770
Essenza Mind & Body Longevity Center,"8950 Villa La Jolla Dr. Ste C212, La Jolla, CA 92037",(619) 869-6828,"Men, Women",8950 Villa La Jolla Dr. Ste C212, La Jolla,CA,92037
Soul & Beauty Medx,"27529 Puerta Real, Mission Viejo, CA 92691",(949) 481-8881,Women,27529 Puerta Real, Mission Viejo,CA,92691
Frozen In Time Medical Spa,"1016 N Hacienda Blvd, La Puente, CA 91744",(626) 383-0424,"Men, Women",1016 N Hacienda Blvd, La Puente,CA,91744
FemiHealth,"2901 E. Katella Ave Suite A, Orange, CA 92867",(949) 209-5775,Women,2901 E. Katella Ave Suite A, Orange,CA,92867
Starwest Medical Group,"24953 Paseo de Valencia Bldg B Ste#10B, Laguna Hills, CA 92653",949-900-2393,"Women, Men",24953 Paseo de Valencia Bldg B Ste#10B, Laguna Hills,CA,92653
Root Cause Wellness Center Inc,"24953 Paseo De Valencia Suite 10C, Laguna Hills, CA 92653",949-903-2288,"Women, Men",24953 Paseo De Valencia Suite 10C, Laguna Hills,CA,92653
DermaVogue,"2347 Highway 17 S, Garden City, SC 29576",843-357-2444,"Women, Men",2347 Highway 17 S, Garden City,SC,29576
Orange Coast Hormone Pellet Therapy,"24411 Health Center Drive #200, Laguna Hills, CA 92653",949-829-5500,"Women, Men",24411 Health Center Drive #200, Laguna Hills,CA,92653
Orange Coast Women's Medical Group,"24012 Calle De La Plata, Laguna Hills, CA 92653",(949) 829-5533,"Women, Men",24012 Calle De La Plata, Laguna Hills,CA,92653
GRAND MEDICAL GROUP,"1850 S Azusa Ave Ste 208, Hacienda Heights, CA 91745",(626) 964-2660,,1850 S Azusa Ave Ste 208, Hacienda Heights,CA,91745
La Plata Primary Care,"115A LaGrange Ave #101, La Plata, MD 20646",(301) 392-1935,"Women, Men",115A LaGrange Ave #101, La Plata,MD,20646
Serenity Naturopathic Medicine,"31411 Camino Capistrano Suite 200, San Juan Capistrano, CA 92675",(619) 333-0460,"Men, Women",31411 Camino Capistrano Suite 200, San Juan Capistrano,CA,92675
Irvine Obgyn,"15775 Laguna Canyon Rd. Ste. 200, Irvine, CA 92618",(949) 329-2942,"Women, Men",15775 Laguna Canyon Rd. Ste. 200, Irvine,CA,92618
Stella Center,"15785 Laguna Canyon Rd Suite 125, Irvine, CA 92618",(866) 542-2865,"Men, Women",15785 Laguna Canyon Rd Suite 125, Irvine,CA,92618
Milan Medical,"715 S First Ave, Arcadia, CA 91006",(949) 520-3333,,715 S First Ave, Arcadia,CA,91006
Pacific Pain Management,"22 Odyssey Suite 165, Irvine, CA 92618",(949) 872-2633,"Men, Women",22 Odyssey Suite 165, Irvine,CA,92618
Prestige Medical Group,"18302 Irvine Blvd #200, Tustin, CA 92780",949-825-7650,"Men, Women",18302 Irvine Blvd #200, Tustin,CA,92780
South Coast Plastic Surgery,"4968 Booth Cir Suite 103, Irvine, CA 92604",(949) 701-4454,,4968 Booth Cir Suite 103, Irvine,CA,92604
Orange Coast Women's Medical Group,"16105 Sand Canyon Ave. Suite 200, Irvine, CA 92618",949-829-5500,"Women, Men",16105 Sand Canyon Ave. Suite 200, Irvine,CA,92618
Capri Medical Group,"16300 Sand Canyon Ave #888, Irvine, CA 92618",949-825-6908,"Women, Men",16300 Sand Canyon Ave #888, Irvine,CA,92618
Orange Coast Women's Medical Group,"16305 Sand Canyon Ave. Suite 275, Irvine, CA 92618",949-829-5500,"Women, Men",16305 Sand Canyon Ave. Suite 275, Irvine,CA,92618
NewLife Weightloss & Wellness - San Diego,"1822 Garnet Ave, San Diego, CA 92109",858-222-1444,"Women, Men",1822 Garnet Ave, San Diego,CA,92109
ZMD Aesthetics,"1403 N Tustin Ave Suite 160, Santa Ana, CA 92705",657-452-9754,"Women, Men",1403 N Tustin Ave Suite 160, Santa Ana,CA,92705
Careinfinity Wellness and Aesthetics Med Spa,"2373 S Hacienda Blvd., Hacienda Heights, CA 91745",(626) 536-1602,"Men, Women",2373 S Hacienda Blvd., Hacienda Heights,CA,91745
Executive Medical Spa,"801 N Tustin Ave Ste. 605, Santa Ana, CA 92705",714-949-6844,"Men, Women",801 N Tustin Ave Ste. 605, Santa Ana,CA,92705
Alcheme Health La Jolla,"909 Prospect St. Suite 100C, La Jolla, CA 92037",(619) 335-2552,"Men, Women",909 Prospect St. Suite 100C, La Jolla,CA,92037
Masters Medspa,"39 Creek Rd #280, Irvine, CA 92604",(949) 334-6003,"Women, Men",39 Creek Rd #280, Irvine,CA,92604
Tru Family MD Medical,"250 N. Golden Circle Dr. Ste 109, Santa Ana, CA 92705",(714) 559-3846,,250 N. Golden Circle Dr. Ste 109, Santa Ana,CA,92705
Tailored Care Solutions,"13241 Bartram Park Blvd UNIT 513, Jacksonville, FL 32258",(904) 789-0643,Women,13241 Bartram Park Blvd UNIT 513, Jacksonville,FL,32258
Advanced Skincare,"2720 N Harbour Blvd Suite 230, Fullerton, CA 92835",(714) 879-9936,Women,2720 N Harbour Blvd Suite 230, Fullerton,CA,92835
McLeod Carolina Forest,"101 McLeod Health Blvd. Building #1 Ste 202, Myrtle Beach, SC 29579",(843) 366-3920,"Men, Women",101 McLeod Health Blvd. Building #1 Ste 202, Myrtle Beach,SC,29579
Prestige Medical 2,"720 N Tustin, Santa Ana, CA 92705",(949) 825-7650,"Women, Men",720 N Tustin, Santa Ana,CA,92705
Precision Health MD,"270 Laguna Road Suite 220, Fullerton, CA 92835",(714) 272-3477,,270 Laguna Road Suite 220, Fullerton,CA,92835
Restore Orthopedics & Spine Center,"1120 West La Veta Ave. Suite 300, Orange, CA 92868",714-598-1745,"Men, Women",1120 West La Veta Ave. Suite 300, Orange,CA,92868
OC Wellness Physicians Medical Center,"2029 W Orangewood Ave, Orange, CA 92865",(714) 735-0313,"Women, Men",2029 W Orangewood Ave, Orange,CA,92865
NS TRIMLIFE,"9470 Annapolis Road Suite 111, Lanham, MD 20706",(443) 704-4865,"Men, Women",9470 Annapolis Road Suite 111, Lanham,MD,20706
La Bella MD,"4600 Oleander Drive Suite 1A, Myrtle Beach, SC 29577",843-273-8174,"Men, Women",4600 Oleander Drive Suite 1A, Myrtle Beach,SC,29577
Abbracci Wellness Center,"74 Roberts Village Ct, St. Johns, FL 32259",(904) 697-1885,"Women, Men",74 Roberts Village Ct, St. Johns,FL,32259
Objet Esthetique,"3500 Barranca Pkwy Ste 305, Irvine, CA 92606",(949) 418-9195,"Men, Women",3500 Barranca Pkwy Ste 305, Irvine,CA,92606
"Trogolo Obstetrics & Gynecology, LLC","14540 Old Saint Augustine Rd Suite 2391, Jacksonville, FL 32258",904-647-6946,"Women, Men",14540 Old Saint Augustine Rd Suite 2391, Jacksonville,FL,32258
CMA Medicine-Beach,"465 3rd ST N, Jacksonville, FL 32250",(904) 222-7546,,465 3rd ST N, Jacksonville,FL,32250
NuBella Med Spa,"62 Corporate Park Suite 100, Irvine, CA 92606",(949) 614-0052,"Men, Women",62 Corporate Park Suite 100, Irvine,CA,92606
OC Urology,"1801 North Broadway, Santa Ana, CA 92706",(714) 984-6640,"Men, Women",1801 North Broadway, Santa Ana,CA,92706
McHugh Health & Wellness,"12525 Philips Hwy Suite 205, Jacksonville, FL 32256",(904) 880-1399,"Women, Men",12525 Philips Hwy Suite 205, Jacksonville,FL,32256
Judy L Bourget MD INC,"34052 La Plaza #104, Dana Point, CA 92629",949-429-8760,"Women, Men",34052 La Plaza #104, Dana Point,CA,92629
AMA Regenerative Medicine,"1570 Brookhollow Dr., Santa Ana, CA 92705",949-428-4500,"Women, Men",1570 Brookhollow Dr., Santa Ana,CA,92705
Epiphany Medspa and Wellness,"206 N Euclid St, Fullerton, CA 92832",(714) 213-8590,Women,206 N Euclid St, Fullerton,CA,92832
Pacific Noble Primary Care,"8479 W Clearwater Ave Suite 120, KENNEWICK, WA 99336",(509) 418-5234,"Women, Men",8479 W Clearwater Ave Suite 120, KENNEWICK,WA,99336
Carolina Rheumatology and Neurology Associates,"8220 Nigels Dr., Myrtle Beach, SC 29572",(843) 692-0968,"Women, Men",8220 Nigels Dr., Myrtle Beach,SC,29572
OC Wellness Physicians Medical Center,"17264 Red Hill Ave, Irvine, CA 92614",(866) 303-9355,"Women, Men",17264 Red Hill Ave, Irvine,CA,92614
Atomic Wellness,"9221 Sandifur Parkway Suite A, Pasco, WA 99301",(509) 233-7546,"Women, Men",9221 Sandifur Parkway Suite A, Pasco,WA,99301
Huntington Lifestyle Partners,"2100 E. Colorado Blvd. STE 4, Pasadena, CA 91107",626-229-9865,"Women, Men",2100 E. Colorado Blvd. STE 4, Pasadena,CA,91107
Paradigm Innovative Health PLLC,"1445 Spaulding Ave.   WA 99352 Suite 102, Richland, WA 99352",509-628-1581,"Women, Men",1445 Spaulding Ave.   WA 99352 Suite 102, Richland,WA,99352
OC Health and Hormone Balance,"18017 Skypark Circle Suite F, Irvine, CA 92614",949-862-7499,"Women, Men",18017 Skypark Circle Suite F, Irvine,CA,92614
Health Advantage Physical Medicine,"1450 N. Lake Ave. Suite 100, Pasadena, CA 91104",626-798-7805,"Women, Men",1450 N. Lake Ave. Suite 100, Pasadena,CA,91104
"Jonathan Tam, MD","105 N Hill Ave Suite 203, Pasadena, CA 91106",(626) 449-2800,Women,105 N Hill Ave Suite 203, Pasadena,CA,91106
Capital City Primary and Immediate Care,"12150 Annapolis Rd 212, Bowie, MD 20720",3013372004,"Women, Men",12150 Annapolis Rd 212, Bowie,MD,20720
Prime Medicine LLC,"12150 Annapolis Rd Suite 308, Glenn Dale, MD 20769",(301) 805-0006,Women,12150 Annapolis Rd Suite 308, Glenn Dale,MD,20769
"Alice Yung, MD, FACOG","960 E. Green Street Suite L-60, Pasadena, CA 91106",(626) 793-3339,"Women, Men",960 E. Green Street Suite L-60, Pasadena,CA,91106
Shine Health and Wellness,"960 E. Green St. Suite 206, Pasadena, CA 91106",(626) 317-0207,"Women, Men",960 E. Green St. Suite 206, Pasadena,CA,91106
"Nayiri Doudikian-Scaff, MD Inc","960 E. Green Street, Pasadena, CA 91106",(626) 432-4600,Women,960 E. Green Street, Pasadena,CA,91106
Pasadena Health and Surgical Institute A Medical Corporation,"960 E Green St Ste 110A, Pasadena, CA 91106",(626) 640-7474,,960 E Green St Ste 110A, Pasadena,CA,91106
Ponte Vedra Vein Institute,"330 A1A North Suite 321, Ponte Vedra Beach, FL 32081",(904) 280-0600,Women,330 A1A North Suite 321, Ponte Vedra Beach,FL,32081
Rocky Hill Wellness and Aesthetics,"216 E Pine St, Exeter, CA 93221",559-257-2501,"Men, Women",216 E Pine St, Exeter,CA,93221
Vigorize Health,"799 E Green Street Suite 12, Pasadena, CA 91101",(909) 662-4023,Women,799 E Green Street Suite 12, Pasadena,CA,91101
Newport Integrative Medicine & Aesthetics NIMA,"19782 MacArthur Blvd Suite 225, Irvine, CA 92612",949-763-9255,"Men, Women",19782 MacArthur Blvd Suite 225, Irvine,CA,92612
Advanced Medicine of Orange County,"3743 S Plaza Dr, Santa Ana, CA 92704",714-754-1560,"Women, Men",3743 S Plaza Dr, Santa Ana,CA,92704
Revive Wellness,"1100 Quail Street, Newport Beach, CA 92660",(949) 423-3522,Women,1100 Quail Street, Newport Beach,CA,92660
Biologi Spa,"1340 Bison Ave, Newport Beach, CA 92660",(949) 942 1659,"Men, Women",1340 Bison Ave, Newport Beach,CA,92660
TMS Health and Wellness,"2900 Bristol St Building B Suite 203-205, Costa Mesa, CA 92626",(855) 867-5551,"Women, Men",2900 Bristol St Building B Suite 203-205, Costa Mesa,CA,92626
Plastic Surgery Boutique,"20311 SW Birch St. Ste. 200, Newport Beach, CA 92660",(949) 756-0400,"Men, Women",20311 SW Birch St. Ste. 200, Newport Beach,CA,92660
"Medhat Mikhael, MD Consulting","1122 Bristol Street Suite 110, Costa Mesa, CA 92626",(714) 252-7490,"Men, Women",1122 Bristol Street Suite 110, Costa Mesa,CA,92626
Women's Healthcare Inc.,"800 Fairmount Ave. #205, Pasadena, CA 91105",626-440-0011,"Women, Men",800 Fairmount Ave. #205, Pasadena,CA,91105
Vista Wellness,"305 Kingsley Lake Drive Suite 703, St. Augustine, FL 32092",(904) 800-4003,"Women, Men",305 Kingsley Lake Drive Suite 703, St. Augustine,FL,32092
HSB-OBGYN,"1441 Avocado Ave Suite 205, Newport Beach, CA 92660",(949) 829-5533,Women,1441 Avocado Ave Suite 205, Newport Beach,CA,92660
Matthew J. Nykiel MD INC,"1401 Avocado Ave Suite 501, Newport Beach, CA 92660",(949) 416-0038,"Women, Men",1401 Avocado Ave Suite 501, Newport Beach,CA,92660
Hunt Valley Laser & Skin Care Center,"11121 York Rd. Suite 1A, Cockeysville, MD 21030",410-628-1625,"Women, Men",11121 York Rd. Suite 1A, Cockeysville,MD,21030
Beyond Functional Medicine,"240 Newport Center Drive, Newport Beach, CA 92660",(949) 229-0626,"Women, Men",240 Newport Center Drive, Newport Beach,CA,92660
Newport Center Women's Health,"180 Newport Center Drive Ste. 265, Newport Beach, CA 92660",(949) 706-0181,Women,180 Newport Center Drive Ste. 265, Newport Beach,CA,92660
McLeod Health Little River,"3600 Sea Mountain Hwy Suite B, Little River, SC 29566",(843) 399-9696,"Women, Men",3600 Sea Mountain Hwy Suite B, Little River,SC,29566
Your Health - Little River,"3600 Sea Mountain Hwy Suite C, Little River, SC 29566",(843) 399-4848,"Men, Women",3600 Sea Mountain Hwy Suite C, Little River,SC,29566
Frontier Health,"10760 Warner Ave, Fountain Valley, CA 92708",714-277-3334,Men,10760 Warner Ave, Fountain Valley,CA,92708
California Center for Pelvic Health & Sexual Wellness,"2121 East Coast Hwy Ste. 200, Corona Del Mar, CA 92625",(949) 793-7993,"Women, Men",2121 East Coast Hwy Ste. 200, Corona Del Mar,CA,92625
Dr. Amalia Armenta,"3600 North Verdugo Road 301, Glendale, CA 91208",818-952-3075,"Women, Men",3600 North Verdugo Road 301, Glendale,CA,91208
Orange County Plastic Surgery,"1101 BAYSIDE DR STE 200, CORONA DEL MAR, CA 92625-1709",(949) 888-9700,"Women, Men",1101 BAYSIDE DR STE 200, CORONA DEL MAR,CA,92625-1709
CosmetiCare,"1101 Bayside Drive Suite 200, Newport Beach, CA 92625",(949) 718-6900,"Men, Women",1101 Bayside Drive Suite 200, Newport Beach,CA,92625
Touch Med Spa,"702 6th Avenue S Ste. 5, North Myrtle Beach, SC 29582",(843) 249-5433,"Women, Men",702 6th Avenue S Ste. 5, North Myrtle Beach,SC,29582
Bhoot Surgical,"2520 Honolulu Ave STE #160, Montrose, CA 91020",(818) 476-5656,,2520 Honolulu Ave STE #160, Montrose,CA,91020
Montrose Medical Group,"2490 Honolulu Ave Suite 128, Montrose, CA 91020",(818) 330-9960,"Women, Men",2490 Honolulu Ave Suite 128, Montrose,CA,91020
The Aesthetic Retreat,"1501 Westcliff Dr Suite 220, Newport Beach, CA 92660",(949) 220-2660,Women,1501 Westcliff Dr Suite 220, Newport Beach,CA,92660
Helton Skin & Laser Institute,"1901 WestcliffDrive Suite 2, Newport Beach, CA 92660",(949) 646-3303,Men,1901 WestcliffDrive Suite 2, Newport Beach,CA,92660
"Minal Mehta, MD","18111 Brookhurst St. Suite  4450, Fountain Valley, CA 92708",714-848-2383,"Women, Men",18111 Brookhurst St. Suite  4450, Fountain Valley,CA,92708
Doctors of OBGYN Medical Group,"18111 Brookhurst St. Suite #4450, Fountain Valley, CA 92708",714-848-2383,"Women, Men",18111 Brookhurst St. Suite #4450, Fountain Valley,CA,92708
Center for Primary Care Medical Group Inc.,"18111 Brookhurst St. #6300, Fountain Valley, CA 92708",714-847-6727,"Men, Women",18111 Brookhurst St. #6300, Fountain Valley,CA,92708
Caroline Conner MD,"9900 Talbert Ave. #103A, FOUNTAIN VALLEY, CA 92708",657 259 0050,"Women, Men",9900 Talbert Ave. #103A, FOUNTAIN VALLEY,CA,92708
Lalla Reddy Medical Corp,"9940 TALBERT AVE STE 101, FOUNTAIN VALLEY, CA 92708",(949) 765-7616,"Women, Men",9940 TALBERT AVE STE 101, FOUNTAIN VALLEY,CA,92708
My Skin Medical Spa,"711 W 17th Street STE C2, Costa Mesa, CA 92627",(949) 209-8953,"Women, Men",711 W 17th Street STE C2, Costa Mesa,CA,92627
Beach Cities Wellness,"471 Old Newport Blvd Suite. 204, Newport Beach, CA 92663",(949) 478-2521,"Women, Men",471 Old Newport Blvd Suite. 204, Newport Beach,CA,92663
The Clark Center for Urogynecology,"520 Superior Ave, Newport Beach, CA 92663",(949) 360-0300,Women,520 Superior Ave, Newport Beach,CA,92663
Orange Coast Pellet Therapy,"510 Superior Ave Ste. 200B, Newport Beach, CA 92663",(949) 829-5500,"Men, Women",510 Superior Ave Ste. 200B, Newport Beach,CA,92663
Selena Anne Lantry MD Inc,"1505 Wilson Terrace  130, Glendale, CA 91206",818-247-2170,"Women, Men",1505 Wilson Terrace  130, Glendale,CA,91206
Superior Wellness,"320 Superior Avenue Suite #230, Newport Beach, CA 92663",(949) 645-7870,"Men, Women",320 Superior Avenue Suite #230, Newport Beach,CA,92663
OB-Gyn Place,"1505 Wilson Terrace Suite. 320, Glendale, CA 91206",(626) 507-4506,"Women, Men",1505 Wilson Terrace Suite. 320, Glendale,CA,91206
Morgan Welebir MD Inc,"1505 Wilson Terrace Suite 130, Glendale, CA 91206",(818) 247-5845,Women,1505 Wilson Terrace Suite 130, Glendale,CA,91206
"Susie N Chung, MD PA","120 Sister Pierre Dr Suite 303, Towson, MD 21204",410-337-9003,"Men, Women",120 Sister Pierre Dr Suite 303, Towson,MD,21204
Sandra L Goines DO,"5242 Katella Ave. 106, Los Alamitos, CA 90720",562-431-5010,"Women, Men",5242 Katella Ave. 106, Los Alamitos,CA,90720
OC Wellness Physicians Medical Group,"5455 Garden Grove Blvd Ste. 100, Westminster, CA 92683",714-735-0313,"Women, Men",5455 Garden Grove Blvd Ste. 100, Westminster,CA,92683
Urology Center of Orange County,"18800 Delaware St Ste 750, Huntington Beach, CA 92648",(714) 546-1121,Men,18800 Delaware St Ste 750, Huntington Beach,CA,92648
Glendale Whole Health,"230 N. Maryland Ave. Ste. 110, Glendale, CA 91206",818-551-0464,"Women, Men",230 N. Maryland Ave. Ste. 110, Glendale,CA,91206
Graceful Elevation Wellness and Hydration,"10242 Rosecrans Blvd, Bellflower, CA 90706",(310) 554-0600,"Women, Men",10242 Rosecrans Blvd, Bellflower,CA,90706
Elevate Health Group,"214 N. Central Ave., Glendale, CA 91203",(818) 404-9497,"Men, Women",214 N. Central Ave., Glendale,CA,91203
Los Alamitos Family Health and Wellness,"3851 Katella Ave #275, Los Alamitos, CA 90720",562-296-5528,"Women, Men",3851 Katella Ave #275, Los Alamitos,CA,90720
"Dr. Issam Daya, MD","8601 LASALLE ROAD SUITE 102, Towson, MD 21286",(410) 825-6778,,8601 LASALLE ROAD SUITE 102, Towson,MD,21286
Paradigm Primary Care and Wellness,"125 Land Grant Street Ste 2, Saint Augustine, FL 32092",(904) 659-9818,,125 Land Grant Street Ste 2, Saint Augustine,FL,32092
Heart and Soul Family Health & Wellness,"8508 Loch Raven Blvd Suite B, Towson, MD 21286",(667) 290-8301,"Women, Men",8508 Loch Raven Blvd Suite B, Towson,MD,21286
Neria Medical and Wellness,"1630 S Court St, Visalia, CA 93277",559-257-2528,"Women, Men",1630 S Court St, Visalia,CA,93277
Wellspan Lebanon OB/GYN,"845 Helen Dr., Lebanon, PA 17042",717-273-8835,"Women, Men",845 Helen Dr., Lebanon,PA,17042
Loraine Diego MD,"1711 W Temple St STE 1070, Los Angeles, CA 90026",(213) 388-2229,"Women, Men",1711 W Temple St STE 1070, Los Angeles,CA,90026
"Eleanor V. Azurin MD, INC","3045 E Florence Avenue, Huntington Park, CA 90255",(323) 587-7771,,3045 E Florence Avenue, Huntington Park,CA,90255
RENEWME MedSpa,"939 S. HILL ST SUITE 102, Los Angeles, CA 90015",(213) 866-3747,"Men, Women",939 S. HILL ST SUITE 102, Los Angeles,CA,90015
Restore Medical,"1150 N. Chinowth Ste B, Visalia, CA 93291",559-549-6781,"Women, Men",1150 N. Chinowth Ste B, Visalia,CA,93291
"Karol Bowens, MD","3621 Martin Luther King JR. Blvd Ste 2, Lynwood, CA 90262",3106314445,"Women, Men",3621 Martin Luther King JR. Blvd Ste 2, Lynwood,CA,90262
Great Life Medical,"1777 N Bellflower Blvd. Suite. 109, Long Beach, CA 90815",(562) 498-4455,"Women, Men",1777 N Bellflower Blvd. Suite. 109, Long Beach,CA,90815
Chaney Chiropractic,"22 Regina Blvd, Beverly Hills, FL 34465",(386) 362-5840,"Men, Women",22 Regina Blvd, Beverly Hills,FL,34465
Advanced Body & Laser,"115 N. Akers Street, Visalia, CA 93291",559-636-0808,"Women, Men",115 N. Akers Street, Visalia,CA,93291
"Suncoast Primary Care Specialists, Lecanto","2671 W. Norvell Bryant Hwy, Lecanto, FL 34461",(352) 513-5906,,2671 W. Norvell Bryant Hwy, Lecanto,FL,34461
Bae Cosmetic Surgery,"2727 W Olympic Blvd Suite. 304, Los Angeles, CA 90006",(213) 384-7555,"Women, Men",2727 W Olympic Blvd Suite. 304, Los Angeles,CA,90006
Arviv Medical Aesthetics & Plastic Surgery,"5481 SW 60th Street Suite #201, Ocala, FL 34474",(813) 855-0111,"Women, Men",5481 SW 60th Street Suite #201, Ocala,FL,34474
A to Z Healthcare,"3120 SW 27th Ave Suite 300, Ocala, FL 34471",(352) 304-5466,"Men, Women",3120 SW 27th Ave Suite 300, Ocala,FL,34471
The Body Place,"7939 Honeygo Blvd Ste 211, Baltimore, MD 21236",410-665-2112,"Women, Men",7939 Honeygo Blvd Ste 211, Baltimore,MD,21236
Portal Health LLC,"7939 Honeygo Boulevard Ste 208, Nottingham, MD 21236",(410) 525-5900,"Women, Men",7939 Honeygo Boulevard Ste 208, Nottingham,MD,21236
Balanced Body Wellness & Aesthetics,"419 SW 15th Street Suite #201, Ocala, FL 34471",(352) 454-2304,"Women, Men",419 SW 15th Street Suite #201, Ocala,FL,34471
The Facebar Aesthetic Medicine,"4231 Postal Ct. Ste. 102, Pasadena, MD 21122",(443) 781-3195,"Women, Men",4231 Postal Ct. Ste. 102, Pasadena,MD,21122
Taymour Wellness,"2888 Long Beach Blvd #325, Long Beach, CA 90806",(562) 474-6704,"Women, Men",2888 Long Beach Blvd #325, Long Beach,CA,90806
Prohealth Physical Medicine,"11239 Ventura Blvd #213, Studio City, CA 91604",818-505-0152,"Women, Men",11239 Ventura Blvd #213, Studio City,CA,91604
"Primary Care Associates of Putnam County, PA","108 N. Palm Ave., Palatka, FL 32177",(386) 325-9008,"Women, Men",108 N. Palm Ave., Palatka,FL,32177
Novus Anti-Aging Center,"11650 Riverside Dr. #11, Studio City, CA 91602",310-954-1450,"Men, Women",11650 Riverside Dr. #11, Studio City,CA,91602
Everar Vitality Serenity and Wellness,"2817 N. Chester Ave, Bakersfield, CA 93309",(661) 858-3322,,2817 N. Chester Ave, Bakersfield,CA,93309
Giffen Aesthetics,"7257 Melrose Ave, Los Angeles, CA 90046",(310) 890-1417,,7257 Melrose Ave, Los Angeles,CA,90046
Prestige Medical Center,"7855 Santa Monica Blvd, West Hollywood, CA 90046",(310) 889-0553,"Women, Men",7855 Santa Monica Blvd, West Hollywood,CA,90046
"M DelCharco Jr., MD LLC","2801 SE 1st Ave Suite 101, Ocala, FL 34471",(352) 690-6300,Women,2801 SE 1st Ave Suite 101, Ocala,FL,34471
Skin Tone Med Spa,"103 West Main Street, Wallace, NC 28466",(910) 665-1771,"Women, Men",103 West Main Street, Wallace,NC,28466
Vytalise OBGYN,"801 Pacific Ave, Long Beach, CA 90813",(562) 546-2496,Women,801 Pacific Ave, Long Beach,CA,90813
Mid-Florida Age Management,"1630 SE 18th Street #202, Ocala, FL 34471",352-629-3311,"Women, Men",1630 SE 18th Street #202, Ocala,FL,34471
The Face Bar Aesthetic Medicine- Arnold,"1460 Ritchie Hwy Suite 210, Arnold, MD 21012",(443) 781-3195,"Women, Men",1460 Ritchie Hwy Suite 210, Arnold,MD,21012
All About Women,"3306 SW 26th Avenue #200, Ocala, FL 34471",352-561-3222,"Women, Men",3306 SW 26th Avenue #200, Ocala,FL,34471
Dulce Aesthetics,"1830 SE 18th Avenue Suite 2, Ocala, FL 34471",(352) 421-5625,"Women, Men",1830 SE 18th Avenue Suite 2, Ocala,FL,34471
Comprehensive Women's Health,"2300 SE 17th Street Suite 500, Ocala, FL 34471",(352) 332-7222,Women,2300 SE 17th Street Suite 500, Ocala,FL,34471
"Dr. Zoya Preys, MD Inc.","5901 W Olympic Blvd Suite. 503, Los Angeles, CA 90036",(323) 934-8877,Women,5901 W Olympic Blvd Suite. 503, Los Angeles,CA,90036
One Body Medicine,"4400 Coldwater Canyon Ave Suite 127, Studio City, CA 91604",213-693-3052,Women,4400 Coldwater Canyon Ave Suite 127, Studio City,CA,91604
Beauty Religion,"8701 Santa Monica Blvd., West Hollywood, CA 90069",(310) 299-6416,Women,8701 Santa Monica Blvd., West Hollywood,CA,90069
Suncoast Primary Care Specialists,"7991 S Suncoast Blvd., Homosassa, FL 34446",352-382-8282,"Women, Men",7991 S Suncoast Blvd., Homosassa,FL,34446
Jerry Izu Medical PC,"23206 Lyons Ave Suite 112, Santa Clarita, CA 91321",(661) 259-1781,"Women, Men",23206 Lyons Ave Suite 112, Santa Clarita,CA,91321
AMA Regenerative Medicine,"6310 San Vicente Blvd Suite 285, Los Angeles, CA 90048",310-460-2444,"Women, Men",6310 San Vicente Blvd Suite 285, Los Angeles,CA,90048
"Dr. Regina Edmond, MD","6330 San Vicente Blvd Suite 305, Los Angeles, CA 90048",(310) 659-4564,Women,6330 San Vicente Blvd Suite 305, Los Angeles,CA,90048
Vendome Clinique and Spa,"8555 Beverly Blvd, Los Angeles, CA 90048",(310) 228-6777,,8555 Beverly Blvd, Los Angeles,CA,90048
GC Skin Med Spa,"13320 Riverside Dr Ste 218, Sherman Oaks, CA 91423",(818) 458-9556,"Women, Men",13320 Riverside Dr Ste 218, Sherman Oaks,CA,91423
Shape U Deserve,"50 N La Cienega Blvd STE #110, Beverly Hills, CA 90211",(424) 944-2004,,50 N La Cienega Blvd STE #110, Beverly Hills,CA,90211
"Dr. Peyman Banooni, MD","150 N Robertson Blvd Suite 200, Beverly Hills, CA 90211",(310) 878-4405,Women,150 N Robertson Blvd Suite 200, Beverly Hills,CA,90211
Annapolis Integrative Medicine,"1819 Bay Ridge Avenue #180, Annapolis, MD 21403",410-266-3613,"Women, Men",1819 Bay Ridge Avenue #180, Annapolis,MD,21403
Healthy Hormones,"431 Dowdentown Rd., Pottsville, PA 17901",570-399-5441,"Women, Men",431 Dowdentown Rd., Pottsville,PA,17901
"Restoring Health Medical Institute, Inc","1134 S. Robertson Blvd. Suite 2, Los Angeles, CA 90035",888-774-3254,"Women, Men",1134 S. Robertson Blvd. Suite 2, Los Angeles,CA,90035
Clarity Medical Group,"4849 Van Nuys Blvd Suite 202, Sherman Oaks, CA 91403",310 954 5315,"Men, Women",4849 Van Nuys Blvd Suite 202, Sherman Oaks,CA,91403
San Miguel Urgent Care,"8781 Van Nuys Blvd, Van Nuys, CA 91403",818-624-8038,"Men, Women",8781 Van Nuys Blvd, Van Nuys,CA,91403
ZEEBA MEDICAL,"8642 Venice Blvd, Los Angeles, CA 90034",(310) 400-0030,,8642 Venice Blvd, Los Angeles,CA,90034
Signature MD,"5415 West Genesee Street, Camillus, NY 13031",315-702-6031,"Women, Men",5415 West Genesee Street, Camillus,NY,13031
KARYN S EILBER MD CORPORATION,"436 N BEDFORD DRIVE STE 202, BEVERLY HILLS, CA 90266",424-677-2770,,436 N BEDFORD DRIVE STE 202, BEVERLY HILLS,CA,90266
"Glenn Vallecillos MD, Inc","9675 Brighton Way Suite 380, Beverly Hills, CA 90210",(310) 273-3007,"Men, Women",9675 Brighton Way Suite 380, Beverly Hills,CA,90210
Hakimi Plastic Surgery,"462 N Linden Drive Suite 333, Beverly Hills, CA 90210",(424) 239-5201,,462 N Linden Drive Suite 333, Beverly Hills,CA,90210
"Krikor Tatoyan, MD","5651 Sepulveda Blvd. Suite 103, Sherman Oaks, CA 91411",(818) 373-0200,"Men, Women",5651 Sepulveda Blvd. Suite 103, Sherman Oaks,CA,91411
Purify Wellness Medical Group,"915 NORTH LA BREA AVE. Suite A, INGLEWOOD, CA 90302",310 295 1015,"Men, Women",915 NORTH LA BREA AVE. Suite A, INGLEWOOD,CA,90302
Tolbert Rehabilitation,"2080 Century Park East Suite# 1409, Los Angeles, CA 90067",424-355-0344,"Men, Women",2080 Century Park East Suite# 1409, Los Angeles,CA,90067
GSI HEALTH AND WELLNESS,"602 S. ATWOOD RD SUITE 207A, Belair, MD 21014",(410) 223-2616,Women,602 S. ATWOOD RD SUITE 207A, Belair,MD,21014
NPMD,"16101 Ventura Blvd Suite 300, Encino, CA 91436",(818) 533-8393,"Women, Men",16101 Ventura Blvd Suite 300, Encino,CA,91436
EnerQi Wellness Center,"5855 Green Valley Cir Ste 106, Culver City, CA 90230",(310) 482-7188,"Men, Women",5855 Green Valley Cir Ste 106, Culver City,CA,90230
Balboa Medical Center,"16311 Ventura Blvd Suite. 955, Encino, CA 91436",(818) 701-0017,"Men, Women",16311 Ventura Blvd Suite. 955, Encino,CA,91436
Glotox Esthetics Fresno,"2196 Shaw Suite 2, Clovis, CA 93611",(787) 940-4892,,2196 Shaw Suite 2, Clovis,CA,93611
Onyx Aesthetics & Wellness,"8327 Brimhall Rd Ste 702, Bakersfield, CA 93312",661-535-4536,"Women, Men",8327 Brimhall Rd Ste 702, Bakersfield,CA,93312
Beautiful You,"8313 Brimhall Road BLDG 2000, Bakersfield, CA 93312",(661) 833-3030,"Women, Men",8313 Brimhall Road BLDG 2000, Bakersfield,CA,93312
Porter Ranch Wellness Lounge,"11239 Tampa Ave Suite. 202, Porter Ranch, CA 91326",(818) 671-8800,"Women, Men",11239 Tampa Ave Suite. 202, Porter Ranch,CA,91326
Beverly Hills Rejuvenation Center,"1860 Sepulveda Blvd, Los Angeles, CA 90069",(310) 494-2507,"Women, Men",1860 Sepulveda Blvd, Los Angeles,CA,90069
ProMD Health,"2023 Emmorton Road, Belair, MD 21015",(410) 803-6885,"Women, Men",2023 Emmorton Road, Belair,MD,21015
OB/GYN Associates of Saint Augustine,"300 Health Park Blvd. #3002, St. Augustine, FL 32086",(904) 819-1500,Women,300 Health Park Blvd. #3002, St. Augustine,FL,32086
The Tolbert Center for Rehabilitation and Wellness,"17609 Ventura Blvd. Suite 114, Encino, CA 91316",818-784-7197,"Women, Men",17609 Ventura Blvd. Suite 114, Encino,CA,91316
Brilyn Medical Health & Anti-Aging,"724 Pollasky Ave, Clovis, CA 93612",(559) 207-3924,"Women, Men",724 Pollasky Ave, Clovis,CA,93612
TORRANCE PREMIER HEALTH,"22910 CRENSHAW BLVD UNIT A, Torrance, CA 90505",(310) 294-9444,"Women, Men",22910 CRENSHAW BLVD UNIT A, Torrance,CA,90505
Perlow Health and Wellness,"18321 Ventura Blvd Suite 580, Tarzana, CA 91356",818-344-8822,"Women, Men",18321 Ventura Blvd Suite 580, Tarzana,CA,91356
Innovative Medical Center,"5150 N 6th Street Suite 100, Fresno, CA 93710",559-222-5362,"Men, Women",5150 N 6th Street Suite 100, Fresno,CA,93710
"Veda Aesthetics & Wellness, Inc","2244 Pacific Coast Highway Suite. 203, Lomita, CA 90717",(310) 483-1241,"Men, Women",2244 Pacific Coast Highway Suite. 203, Lomita,CA,90717
Modern Womens Care,"23600 Telo Ave. Suite # 270, Torrance, CA 90505",(310) 539-5060,"Women, Men",23600 Telo Ave. Suite # 270, Torrance,CA,90505
Ziba Med Spa,"18556 Ventura Blvd, Tarzana, CA 91356",(818) 900-9422,"Women, Men",18556 Ventura Blvd, Tarzana,CA,91356
Mentology Mental Health Group,"13323 W. Washington Blvd Ste. 202, Los Angeles, CA 90066",(213) 762-0690,,13323 W. Washington Blvd Ste. 202, Los Angeles,CA,90066
Moses Lake Aesthetics & Wellness,"2900 W. Broadway Avenue, Moses Lake, WA 98837",(509) 431-1013,Women,2900 W. Broadway Avenue, Moses Lake,WA,98837
"Lisa Fisher, MD","4201 Torrance Blvd Ste 530, Torrance, CA 90503",310-370-7277,"Women, Men",4201 Torrance Blvd Ste 530, Torrance,CA,90503
Tormed Women's Medical Group,"3400 W Lomita Blvd Suite 602, Torrance, CA 90505",310-326-5150,Women,3400 W Lomita Blvd Suite 602, Torrance,CA,90505
Remedy Health,"13160 Mindanao Way Suite 200, Marina Del Rey, CA 90292",310-818-4020,"Men, Women",13160 Mindanao Way Suite 200, Marina Del Rey,CA,90292
The Medical Spa Fresno,"680 W Shaw Ave Suite 101, Fresno, CA 93704",(559) 229-9553,"Women, Men",680 W Shaw Ave Suite 101, Fresno,CA,93704
Bautista Health & Anti-Aging,"7025 N Chestnut Ave. Suite 105, Fresno, CA 93720",559-252-7301,"Women, Men",7025 N Chestnut Ave. Suite 105, Fresno,CA,93720
Bautista Medical Group,"5539 E. Kings Canyon Rd., Fresno, CA 93727",(559) 252-7301,"Men, Women",5539 E. Kings Canyon Rd., Fresno,CA,93727
Emily Sikking MD Inc,"1301 20th Street Suite 230, Santa Monica, CA 90404",(310) 264-1820,"Women, Men",1301 20th Street Suite 230, Santa Monica,CA,90404
Elite Aesthetics Skin & Wellness Center - St. Aug,"4475 US HIGHWAY 1 S STE 303, ST AUGUSTINE, FL 32086",(386) 338-3475,Women,4475 US HIGHWAY 1 S STE 303, ST AUGUSTINE,FL,32086
URGENT PLUS ADVANCED MEDICAL CENTER,"22024 Lassen St, Chatsworth, CA 91311",(707) 240-4040,"Women, Men",22024 Lassen St, Chatsworth,CA,91311
"Skinmedix, Inc.","555 Pier Ave. Suite E, Hermosa Beach, CA 90254",310-374-6600,"Women, Men",555 Pier Ave. Suite E, Hermosa Beach,CA,90254
Tristan Emily Bickman MD,"1304 15th Street Suite 100, Santa Monica, CA 90404",(310) 587-9280,Women,1304 15th Street Suite 100, Santa Monica,CA,90404
Self Care LA,"1426 Montana Ave Suite. 2, Santa Monica, CA 90403",(323) 337-3445,"Women, Men",1426 Montana Ave Suite. 2, Santa Monica,CA,90403
Body del Sol,"1648 E. Herndon Ave Suite. 106, Fresno, CA 93720",(559) 432-7222,Women,1648 E. Herndon Ave Suite. 106, Fresno,CA,93720
Spa 215 I,"215 Ave I Suite 106, Redondo Beach, CA 90277",310-375-3999,"Men, Women",215 Ave I Suite 106, Redondo Beach,CA,90277
Pacific Rejuvenation Medical,"6200 Canoga Ave #450, Woodland Hills, CA 91367",+1 (818) 518-5980,"Women, Men",6200 Canoga Ave #450, Woodland Hills,CA,91367
"Global Premier Fertility-Los Angeles, PC","550 Deep Valley Drive STE 280, Rolling Hills Estates, CA 90274",323-879-7171,"Women, Men",550 Deep Valley Drive STE 280, Rolling Hills Estates,CA,90274
Carolina Clinic for Health and Wellness,"2414 Emerald Place, Greenville, NC 27834",252-757-3939,"Women, Men",2414 Emerald Place, Greenville,NC,27834
The Med Spot LA,"6355 Topanga Canyon Blvd #529, Woodland Hills, CA 91367",818-888-1105,"Women, Men",6355 Topanga Canyon Blvd #529, Woodland Hills,CA,91367
Dermdox Skin Solutions,"6 Brookhill Square S, Sugarloaf, PA 18249",(570) 843-9995,"Women, Men",6 Brookhill Square S, Sugarloaf,PA,18249
GlotoxMD2,"7555 N Del Mar Ave. Ste 208, Fresno, CA 93711",(510) 421-5980,"Women, Men",7555 N Del Mar Ave. Ste 208, Fresno,CA,93711
Cosmo Health Resolution,"2407 E Sussex Way Suite 105, Fresno, CA 93726",(559) 930-7068,"Women, Men",2407 E Sussex Way Suite 105, Fresno,CA,93726
Centro de Medicina Especializada,"Barrio San Gustin PR 140KM 56.3, Florida, PR 00650",(939) 440-0114,Women,Barrio San Gustin PR 140KM 56.3, Florida,PR,650
Alive and Thriving Healthcare,"4345 New Town Ave, Williamsburg, VA 23188",(757) 808-5352,Women,4345 New Town Ave, Williamsburg,VA,23188
Shoreline Urocare,"11373 Cortez Blvd Ste 405, Brooksville, FL 34613",352-610-4430,"Women, Men",11373 Cortez Blvd Ste 405, Brooksville,FL,34613
ReEnvision Aesthetics MedSpa,"2775 Tapo Street #202, Simi Valley, CA 93065",(213) 344-9198,,2775 Tapo Street #202, Simi Valley,CA,93065
Colonial Aesthetics & Wellness,"1309 Jamestown Road Suite 204, Williamsburg, VA 23185",(757) 585-4162,"Men, Women",1309 Jamestown Road Suite 204, Williamsburg,VA,23185
Hooks Optimal Wellness,"1303 Mount Vernon Ave, Williamsburg, VA 23185",(757) 920-5716,"Women, Men",1303 Mount Vernon Ave, Williamsburg,VA,23185
Shoreline Urocare,"12900 Cortez Blvd Suite 101, Brooksville, FL 34613",352-596-1101,"Men, Women",12900 Cortez Blvd Suite 101, Brooksville,FL,34613
Widewaters Gynecology,"5844 Widewaters Parkway, East Syracuse, NY 13057",(315) 471-4911,Women,5844 Widewaters Parkway, East Syracuse,NY,13057
CNY Pulmonary and Sleep Medicine,"6319 Fly Road, East Syracuse, NY 13057",(315) 937-5797,"Women, Men",6319 Fly Road, East Syracuse,NY,13057
The Vein and Vascular Institute of Tampa Bay,"13113 Spring Hill Drive, Spring Hill, FL 34609",352-540-7527,"Women, Men",13113 Spring Hill Drive, Spring Hill,FL,34609
NUWA WORLD,"9580 NORTH US HWY 301, WILDWOOD, FL 34785",352-633-0703,"Women, Men",9580 NORTH US HWY 301, WILDWOOD,FL,34785
Premier Medical Associates,"1580 Santa Barbara Blvd. Suite B, The Villages, FL 32159",352-259-2159,"Women, Men",1580 Santa Barbara Blvd. Suite B, The Villages,FL,32159
Villa Health Center,"1507 Buenos Aires Blvd, The Villages, FL 32159",352-561-6299,"Women, Men",1507 Buenos Aires Blvd, The Villages,FL,32159
Premier Medical Associates,"1511 Buenos Aires Blvd, Lady Lake, FL 32159",352-900-2645,"Women, Men",1511 Buenos Aires Blvd, Lady Lake,FL,32159
"Internal Medicine & Clinical Anti-Aging Center, LLC - Florenda L. Fortner, M.D.","5535 Grand Blvd Ste C, New Port Richey, FL 34652",(727) 841-0700,"Women, Men",5535 Grand Blvd Ste C, New Port Richey,FL,34652
Southern Aesthetics & Wellness,"6919 State Rd 54, New Port Richey, FL 34653",(727) 501-6468,"Women, Men",6919 State Rd 54, New Port Richey,FL,34653
Orange Blossom Women’s Group & Aesthetics,"8763 River Crossing Blvd, New Port Richey, FL 34655",727-316-6210,"Women, Men",8763 River Crossing Blvd, New Port Richey,FL,34655
Reign Medical Aesthetics - The Villages,"13940 US Highway 441 Suite 208, Lady Lake, FL 32159",(352) 241-4221,"Women, Men",13940 US Highway 441 Suite 208, Lady Lake,FL,32159
Aref Bhuiya M.D. INC,"5655 Lindero Canyon Rd Ste 202, Westlake Village, CA 91362",(818) 597-3223,"Men, Women",5655 Lindero Canyon Rd Ste 202, Westlake Village,CA,91362
Green Hills Family Medicine,"1903 Morgantown Rd, Reading, PA 19607",(610) 281-3600,,1903 Morgantown Rd, Reading,PA,19607
Tranquility Wellness,"210 S. Pinellas Ave Suite # 106, Tarpon Springs, FL 34689",(727) 275-0028,"Women, Men",210 S. Pinellas Ave Suite # 106, Tarpon Springs,FL,34689
"Trinity Doctors Group, P.A.","8133 State Road 54, New Port Richey, FL 34655",(727) 372-3750,"Women, Men",8133 State Road 54, New Port Richey,FL,34655
Setiba Medical Spa,"101 N Westlake Blvd STE 220, Westlake Village, CA 91362",(818) 990-8008,"Men, Women",101 N Westlake Blvd STE 220, Westlake Village,CA,91362
Evolve Aesthetics and Wellness,"330 MIlitary Cutoff Rd Ste A2, Willmington, NC 28405",(910) 599-4169,"Women, Men",330 MIlitary Cutoff Rd Ste A2, Willmington,NC,28405
LaserSpa of Tampa Bay,"1219 E. Tarpon Ave, Tarpon Springs, FL 34689",(727) 934-4477,"Women, Men",1219 E. Tarpon Ave, Tarpon Springs,FL,34689
Beach Aesthetics,"7946 Market St. Suite 200, Wilmington, NC 28411",(910) 902-0455,"Women, Men",7946 Market St. Suite 200, Wilmington,NC,28411
Hera Health Care,"910 Hampshire Rd Suite. A, Westlake Village, CA 91361",(805) 379-9110,"Women, Men",910 Hampshire Rd Suite. A, Westlake Village,CA,91361
Zen Medi Spa,"2044 Trinity Oaks Blvd. Suite 210, Trinity, FL 34655",(727) 798-2793,"Women, Men",2044 Trinity Oaks Blvd. Suite 210, Trinity,FL,34655
"Progress Medical, PLLC","1642 Military Cutoff Rd., Wilmington, NC 28403",910-239-9347,"Men, Women",1642 Military Cutoff Rd., Wilmington,NC,28403
Vernillo Health and Wellness,"3060 Alt 19 Suite B4, Palm Harbor, FL 34683",727-935-1937,"Women, Men",3060 Alt 19 Suite B4, Palm Harbor,FL,34683
Dr. Mackay Vein & Circulation Specialists,"2863 Alt. 19 North, Palm Harbor, FL 34683",727-781-5652,"Women, Men",2863 Alt. 19 North, Palm Harbor,FL,34683
Amethyst Wellness,"50 Cypress Point Parkway Unit B1, Palm Coast, FL 32164",386-283-4180,"Women, Men",50 Cypress Point Parkway Unit B1, Palm Coast,FL,32164
OB/GYN Associates of Saint Augustine,"5 Boulder Rock Dr. Suite D, Palm Coast, FL 32137",904-770-2670,"Women, Men",5 Boulder Rock Dr. Suite D, Palm Coast,FL,32137
Eden Aesthetic,"72 N. Main Street, Kilmarnock, VA 22482",(804) 505-0150,"Women, Men",72 N. Main Street, Kilmarnock,VA,22482
Absolute Health and Wellness,"629 Railroad Ave., Centreville, MD 21617",(443) 480-2232,"Women, Men",629 Railroad Ave., Centreville,MD,21617
Trinity Urogynecology,"2202 Duck Slough Blvd Unit 102, New Port Richey, FL 34655",(727) 203-5073,"Women, Men",2202 Duck Slough Blvd Unit 102, New Port Richey,FL,34655
Better Life Clinics,"2835 Alt.19, Palm Harbor, FL 34683",(727) 250-4148,"Women, Men",2835 Alt.19, Palm Harbor,FL,34683
True Access Primary Care,"2405 E. Moody Blvd Suite 301, Bunnell, FL 32110",(352) 227-7027,"Men, Women",2405 E. Moody Blvd Suite 301, Bunnell,FL,32110
MD Esthetics Newport News,"12515 Jefferson Ave Ste 500, Newport News, VA 23602",(757) 921-9001,Women,12515 Jefferson Ave Ste 500, Newport News,VA,23602
AFC Urgent Care-Dunedin,"1440 Main Street, Dunedin, FL 34698",(727) 201-8585,,1440 Main Street, Dunedin,FL,34698
Center for Hormone Health and Wellness,"711 BRICK KILN BLVD STE D, Newport News, VA 23602",(757) 223-0940,"Women, Men",711 BRICK KILN BLVD STE D, Newport News,VA,23602
Ultimate Health DPC,"733 N. 3rd St., Leesburg, FL 34748",(352) 901-6582,"Women, Men",733 N. 3rd St., Leesburg,FL,34748
Success by design 2,"28051 US Hwy 19N. #106, Clearwater, FL 33781",(727) 548-0001,"Women, Men",28051 US Hwy 19N. #106, Clearwater,FL,33781
Orange Blossom Women's Group & Aesthetics-Clearwater,"3280 N. McMullen Booth Rd., Clearwater, FL 33761",(727) 846-7000,Women,3280 N. McMullen Booth Rd., Clearwater,FL,33761
Shimmer and Sand Wellness and Aesthetics,"2530 State Rd. 580 Ste D Loft 15, Clearwater, FL 33761",(561) 557-6803,"Women, Men",2530 State Rd. 580 Ste D Loft 15, Clearwater,FL,33761
CountyMed DPC,"4600 George Washington Memorial Highway, Yorktown, VA 23692",(757) 500-8750,"Women, Men",4600 George Washington Memorial Highway, Yorktown,VA,23692
Numa Spa,"703 Thimble Shoals Blvd Ste B3, Newport News, VA 23606",(757) 223-5800,Women,703 Thimble Shoals Blvd Ste B3, Newport News,VA,23606
Alternative Aging & Medispa,"15137 Carrollton Blvd, Carrollton, VA 23314",(757) 758-2410,"Women, Men",15137 Carrollton Blvd, Carrollton,VA,23314
ALo Medical Aesthetics & Wellness,"33049 Professional Dr, Leesburg, FL 34788",(352) 290-6200,"Women, Men",33049 Professional Dr, Leesburg,FL,34788
Dynamic Health & Wellness,"8245 CR 44 Leg A Suite 1, Leesburg, FL 34788",352-204-8904,"Women, Men",8245 CR 44 Leg A Suite 1, Leesburg,FL,34788
Onyxx Wellness and Aesthetics,"1000 Lakeview Rd Suite. 2, Clearwater, FL 33756",(727) 238-8003,"Men, Women",1000 Lakeview Rd Suite. 2, Clearwater,FL,33756
TPMG - OBGYNNN,"860 Omni Blvd Suite. 110, Newport News, VA 23606",(757) 223-9794,Women,860 Omni Blvd Suite. 110, Newport News,VA,23606
TPMG Urology - Newport News,"860 Omni Blvd Suite 107, Newport News, VA 23606",(757)873-2562,"Men, Women",860 Omni Blvd Suite 107, Newport News,VA,23606
Peak Performance Medical Center,"2401 W Bay Dr Suite 601, Largo, FL 33770",(727) 916-0069,"Women, Men",2401 W Bay Dr Suite 601, Largo,FL,33770
Health and Med Spa,"3919 Tampa Road, Oldsmar, FL 34677",(727) 444-0995,"Women, Men",3919 Tampa Road, Oldsmar,FL,34677
Urbaniak Plastic Surgery - Clearwater,"2111 Drew Street Suite. 200, Clearwater, FL 33765",(727) 261-1754,"Women, Men",2111 Drew Street Suite. 200, Clearwater,FL,33765
Dr. Mackay Vein & Circulation Specialists,"2051 W. Bay Dr., Largo, FL 33770",727-581-8346,"Women, Men",2051 W. Bay Dr., Largo,FL,33770
Clearwater Spine & Rehabilitation,"2150 Cleveland Street, Clearwater, FL 33765",727-447-4255,"Women, Men",2150 Cleveland Street, Clearwater,FL,33765
Premier Internal Medicine,"13015 W Linebaugh Ave. Suite 101, Tampa, FL 33626",813-814-4204,"Women, Men",13015 W Linebaugh Ave. Suite 101, Tampa,FL,33626
Meridian Aesthetics and Wellness,"115 North Bridge Street, Elkton, MD 21921",410-398-3041,"Women, Men",115 North Bridge Street, Elkton,MD,21921
Buchanan Health Center,"9836 US Hwy 441, Leesburg, FL 34788",352-787-8531,"Women, Men",9836 US Hwy 441, Leesburg,FL,34788
Arviv Medical Aesthetics,"11327 Countryway Blvd. , Tampa, FL 33626",813-855-0111,"Women, Men",11327 Countryway Blvd. , Tampa,FL,33626
"Luna Aesthetics and Wellness, LLC","23 Main St, Camden, NY 13316",(315) 820-4323,Women,23 Main St, Camden,NY,13316
Suncoast Women's Care - Westchase,"11031 N Countryway Blvd, Tampa, FL 33626",727-376-0060,"Women, Men",11031 N Countryway Blvd, Tampa,FL,33626
Best Care Family and Wellness Centers Inc.-Leesburg,"10401 US Highway 441, Leesburg, FL 34788",(352) 764-4700,,10401 US Highway 441, Leesburg,FL,34788
Elite Aesthetics Skin & Wellness Center - Flagler,"213 S 2nd St Unit 3, Flagler Beach, FL 32136",(386) 338-3475,"Women, Men",213 S 2nd St Unit 3, Flagler Beach,FL,32136
Wallace Health,"287 S. Central Ave, Umatilla, FL 32784",(352) 747-0747,"Women, Men",287 S. Central Ave, Umatilla,FL,32784
Guiding Star Tampa Bay Birth & Wellness Center,"1900 E Bay Dr., Largo, FL 33771",727-401-3456,"Women, Men",1900 E Bay Dr., Largo,FL,33771
Hemingway Medical Spa Inc,"128 160 Broadway Blvd, Sherwood Park, AB T8H2A3",(587) 521-0667,"Women, Men",128 160 Broadway Blvd, Sherwood Park,AB,T8H2A3
Advanced Women's Health,"677 E Pulaski Hwy Suite C, Elkton, MD 21921",410-620-2000,"Women, Men",677 E Pulaski Hwy Suite C, Elkton,MD,21921
The Vein and Vascular Institute of Tampa Bay,"19185 N Dale Mabry Hwy, Lutz, FL 33548",813-387-3038,"Women, Men",19185 N Dale Mabry Hwy, Lutz,FL,33548
LifeChoices Medical,"18560 N Dale Mabry Hwy, Lutz, FL 33548",(813) 948-7734,"Women, Men",18560 N Dale Mabry Hwy, Lutz,FL,33548
La Mer Holistic Medicine,"601 E Daily Dr. Suite 128, Camarillo, CA 93010",(805) 388-8330,"Women, Men",601 E Daily Dr. Suite 128, Camarillo,CA,93010
Dr. K's Medspa,"10900 Seminole Blvd, Largo, FL 33778",(727) 518-1000,Women,10900 Seminole Blvd, Largo,FL,33778
"Jiva Med Spa -L’Essence Medspa, Wesley Chapel","6013 Wesley Grove Blvd. Suite 105, Wesley Chapel, FL 33544",(813) 428-6555,"Women, Men",6013 Wesley Grove Blvd. Suite 105, Wesley Chapel,FL,33544
A Place for Wellness,"10011 Seminole Blvd., Seminole, FL 33772",727-362-7477,"Women, Men",10011 Seminole Blvd., Seminole,FL,33772
Brookshire Rheumatology & Wellness Center,"16594 N. Dale Mabry Hwy, Tampa, FL 33618",813-933-1944,"Women, Men",16594 N. Dale Mabry Hwy, Tampa,FL,33618
WINMIND INTEGRATIVE HEALTH,"2943 Allegra Way, Lutz, FL 33559",813-394-4053,Women,2943 Allegra Way, Lutz,FL,33559
"Weight Success Centers, LLC - Westchase","8561 W. Linebaugh Ave, Tampa, FL 33625",844-981-8446,"Women, Men",8561 W. Linebaugh Ave, Tampa,FL,33625
Obstetrics and Gynecology Asso. of Hampton,"2117 Hartford Rd., Hampton, VA 23666",(757) 722-7401,Women,2117 Hartford Rd., Hampton,VA,23666
Re-Wellness IV and Bar,"13711 N Dale Mabry Hwy, Tampa, FL 33618",(813) 374-4619,Women,13711 N Dale Mabry Hwy, Tampa,FL,33618
Replenish IV Solutions,"3601 Madaca Lane, Tampa, FL 33618",(813) 992-7487,"Women, Men",3601 Madaca Lane, Tampa,FL,33618
Seth Premier Medical,"3321 W Bearss Ave, Tampa, FL 33618",(813) 928-6777,Women,3321 W Bearss Ave, Tampa,FL,33618
Lighter For Life Rx,"316 East State Street Suite A, Kennett Square, PA 19348",(610) 702-5433,"Women, Men",316 East State Street Suite A, Kennett Square,PA,19348
Gentle Hands OBGYN,"2391 Oak Myrtle Lane, Wesley Chapel, FL 33544",(813) 803-2219,Women,2391 Oak Myrtle Lane, Wesley Chapel,FL,33544
Altavida OBGYN,"25179 Sawyer Francis Lane, Lutz, FL 33559",(813) 733-7300,"Women, Men",25179 Sawyer Francis Lane, Lutz,FL,33559
Fino Medical and Spa,"13907 N. Dale Mabry Hwy #212, Tampa, FL 33618",813-921-1223,"Women, Men",13907 N. Dale Mabry Hwy #212, Tampa,FL,33618
Florida Medical Clinics OBGYN,"7760 Curley Dr. Suite 201, Wesley Chapel, FL 33545",(813) 991-7416,"Men, Women",7760 Curley Dr. Suite 201, Wesley Chapel,FL,33545
"FMC OH - Urology, Curley Rd","7760 Curley Rd Suite 203, Wesley Chapel, FL 33545",(813) 979-7733,Men,7760 Curley Rd Suite 203, Wesley Chapel,FL,33545
Emerald Coast Glambulance,"2318 Cypress Cove, Wesley Chapel, FL 33544",(813) 367-1474,"Women, Men",2318 Cypress Cove, Wesley Chapel,FL,33544
Holy Family Health,"15953 N Florida Ave, Lutz, FL 33549",(813) 513-0808,"Women, Men",15953 N Florida Ave, Lutz,FL,33549
Mind Body Spirit Care,"12952 N. Dale Mabry Highway, Tampa, FL 33618",813-935-2273,"Women, Men",12952 N. Dale Mabry Highway, Tampa,FL,33618
Aspire Medspa & Beauty Bar,"12932 N. Dale Mabry Hwy., Tampa, FL 33618",(813) 510-0770,"Women, Men",12932 N. Dale Mabry Hwy., Tampa,FL,33618
Finlay Medical Clinic SA,"6101 Webb Rd Suite 206, Tampa, FL 33615",(813) 946-8220,,6101 Webb Rd Suite 206, Tampa,FL,33615
Wesley Chapel Urogynecology,"2224 Ashley Oaks Cir. Suite 101, Wesley Chapel, FL 33544",(727) 203-5073,,2224 Ashley Oaks Cir. Suite 101, Wesley Chapel,FL,33544
Florida Medical Clinic Carrollwood,"12500 N. Dale Mabry Hwy. Suite E, Tampa, FL 33618",(813) 780-8440,"Women, Men",12500 N. Dale Mabry Hwy. Suite E, Tampa,FL,33618
"Joanne M. Keller, ARNP Health and Wellness","3643 Lake Center Drive, Mount Dora, FL 32757",352-385-2631,"Women, Men",3643 Lake Center Drive, Mount Dora,FL,32757
Success by Design Wellness Center,"9095 Belcher Road, Pinellas Park, FL 33782",727-548-0001,"Women, Men",9095 Belcher Road, Pinellas Park,FL,33782
Weight and Body Solutions- Tampa,"5414 Town and Country Blvd, Tampa, FL 33615",(813) 886-4395,Women,5414 Town and Country Blvd, Tampa,FL,33615
"Premier Image, LLC","4290 W. Linebaugh Ave., Tampa, FL 33624",813-264-6815,"Women, Men",4290 W. Linebaugh Ave., Tampa,FL,33624
Center for Anti-Aging Medicine and Hormone Wellness,"5925 Tilghman St Suite # 90, Allentown, PA 18104",(484) 294-4199,"Women, Men",5925 Tilghman St Suite # 90, Allentown,PA,18104
Nouveau Cosmetic Center & MediSpa,"774 Christiana Road Suite 101, Newark, DE 19713",(302) 355-1123,"Women, Men",774 Christiana Road Suite 101, Newark,DE,19713
La Nouvelle Medical Spa & Cosmetic Surgery,"1700 N Rose Ave. 230, Oxnard, CA 93030",(805) 351-0843,"Men, Women",1700 N Rose Ave. 230, Oxnard,CA,93030
Advanced Family Care,"5193 Summit Bridge Rd., Middletown, DE 19709",(302) 614-6057,"Women, Men",5193 Summit Bridge Rd., Middletown,DE,19709
Coastal Carolina Health Care,"702 Newman Road, New Bern, NC 28562",(252) 633-5333,"Men, Women",702 Newman Road, New Bern,NC,28562
Creighton Health Care,"9724 N. Armenia Avenue Suite 100 33612, Tampa, FL 33612",(813) 915-8666,"Women, Men",9724 N. Armenia Avenue Suite 100 33612, Tampa,FL,33612
Essential Therapies,"1518 N Donnelly Street, Mount Dora, FL 32757",(352) 989-1031,,1518 N Donnelly Street, Mount Dora,FL,32757
Posch Primary Care,"6701 38th Ave North Ste. C, St. Petersburg, FL 33701",(727) 479-3551,"Women, Men",6701 38th Ave North Ste. C, St. Petersburg,FL,33701
Aegean Medical,"2111 Neuse Blvd. Suite J, New Bern, NC 28560",(252) 617-7234,"Women, Men",2111 Neuse Blvd. Suite J, New Bern,NC,28560
"Lisa Koche, MD","504 N Reo St, Tampa, FL 33609",813-319-0911,"Women, Men",504 N Reo St, Tampa,FL,33609
"BCC Wellness & Weight Loss, LLC","4710 N. Habana Suite 402, Tampa, FL 33614",( 813) 403-1299,"Women, Men",4710 N. Habana Suite 402, Tampa,FL,33614
ColoWell America,"2313 W Violet St, Tampa, FL 33603",(813) 278-6430,"Women, Men",2313 W Violet St, Tampa,FL,33603
Restorative Health Center,"1 N. Bacton Hill Rd Suite 107, Malvern, PA 19355",(610) 644-4088,"Women, Men",1 N. Bacton Hill Rd Suite 107, Malvern,PA,19355
Lehigh Valley Pain and Primary Care,"1146 S. Cedar Crest Blvd. 2nd Floor, Allentown, PA 18103",610-366-9000,"Women, Men",1146 S. Cedar Crest Blvd. 2nd Floor, Allentown,PA,18103
Aegean Med Spa,"204 Craven St., New Bern, NC 28560",(252) 617-7234,"Men, Women",204 Craven St., New Bern,NC,28560
Gulf Coast Rehab,"1921 Martin Luther King JR Blvd, Tampa, FL 33607",813-876-7600,"Women, Men",1921 Martin Luther King JR Blvd, Tampa,FL,33607
Ideal Womens Health Specialists,"2945 Loma Vista Road, Ventura, CA 93003",805-667-8003,"Women, Men",2945 Loma Vista Road, Ventura,CA,93003
Sunergy Wellness Clinic,"4820 5th Ave N, Saint Petersberg, FL 33710",(727) 321-6768,"Women, Men",4820 5th Ave N, Saint Petersberg,FL,33710
Mind Body Spirit Care,"201 South MacDill Avenue, Tampa, FL 33609",813-935-2273,"Women, Men",201 South MacDill Avenue, Tampa,FL,33609
Excellence Health,"290 Clyde Morris Blvd Ste C2, Ormond Beach, FL 32174",386-229-5899,"Women, Men",290 Clyde Morris Blvd Ste C2, Ormond Beach,FL,32174
Royal Radiance Wellness & Spa,"2801 Lancaster Ave Suite E, Wilmington, DE 19805",(302) 235-8438,"Women, Men",2801 Lancaster Ave Suite E, Wilmington,DE,19805
Wellness of Central Florida,"1400 Hand Ave. STE I, Ormond Beach, FL 32174",386-843-3132,"Women, Men",1400 Hand Ave. STE I, Ormond Beach,FL,32174
The Spa and Laser Center - Norfolk,"130 Granby Street, Norfolk, VA 23434",(757) 627-8089,"Women, Men",130 Granby Street, Norfolk,VA,23434
MD Esthetics - Norfolk,"332 Granby St Suite. 200, Norfolk, VA 23510",757-228-5100,"Men, Women",332 Granby St Suite. 200, Norfolk,VA,23510
Health + Glow Primary Care and Medical Spa,"4331 S Manhattan Ave, Tampa, FL 33611",813-830-3904,"Women, Men",4331 S Manhattan Ave, Tampa,FL,33611
Griffin Concierge,"2552 1st Ave N., St. Petersburg, FL 33713",(727) 516-7272,"Women, Men",2552 1st Ave N., St. Petersburg,FL,33713
Griffin Concierge Medical,"2420 W. Mississippi Ave., Tampa, FL 33629",813-350-9090,"Women, Men",2420 W. Mississippi Ave., Tampa,FL,33629
Infinite MedSpa & Wellness,"120 E New York Avenue Suite D, Deland, FL 32724",(386)956-0131,"Women, Men",120 E New York Avenue Suite D, Deland,FL,32724
Save Your Body,"375 S 12th Street Ste 3, Tampa, FL 33602",(813) 442-9491,,375 S 12th Street Ste 3, Tampa,FL,33602
Alliance Regen and Rehab,"111 2nd Ave NE Suite 1401, St. Petersburg, FL 33701",(727) 258-7224,"Women, Men",111 2nd Ave NE Suite 1401, St. Petersburg,FL,33701
St. Pete Wellness & Medspa,"111 Second Ave NE Suite 1405, St. Petersburg, FL 33701",727-873-0500,Men,111 Second Ave NE Suite 1405, St. Petersburg,FL,33701
Pure Health and Hormone Center,"5004 S. MacDill Ave. Unit B, Tampa, FL 33611",(813) 333-5335,"Women, Men",5004 S. MacDill Ave. Unit B, Tampa,FL,33611
Rejuvelis Wellness Clinic,"301 Frontage Road Suite G, Clermont, FL 34711",(352) 432-3939,Women,301 Frontage Road Suite G, Clermont,FL,34711
Reign Medical Aesthetics,"290 Citrus Tower Blvd Suite 110, Clermont, FL 34711",(352) 241-4221,"Women, Men",290 Citrus Tower Blvd Suite 110, Clermont,FL,34711
Journey Well MD,"300 Springhouse Drive Suite 100, Collegeville, PA 19426",(484) 323-1400,,300 Springhouse Drive Suite 100, Collegeville,PA,19426
Thryve Florida Health and Wellness,"297 E Highway 50 Suite 3, Clermont, FL 34711",(407) 274-9322,Women,297 E Highway 50 Suite 3, Clermont,FL,34711
Harmony Skin and Body Wellness Med Spa,"3330 Cameron Park Dr. Suite 250, Cameron Park, CA 95682",530-929-7493,"Men, Women",3330 Cameron Park Dr. Suite 250, Cameron Park,CA,95682
Hermosa Heights Aesthetics & Wellness,"3330 Heights Dr Ste. 122, Cameron Park, CA 95682",916-800-6044,"Women, Men",3330 Heights Dr Ste. 122, Cameron Park,CA,95682
Young Medical Spa,"4025 W. Hopewell Road , Center Valley, PA 18034",610-798-7546,"Women, Men",4025 W. Hopewell Road , Center Valley,PA,18034
"Gynecology Specialists, a division of Mid Atlantic Women's Care","661 Independence Pkwy Suite 110, Chesapeake, VA 23320",757-312-8221,Women,661 Independence Pkwy Suite 110, Chesapeake,VA,23320
Amabella Anti-Aging & Aesthetics,"2275 N Volusia Ave Suite 100, Orange City, FL 32763",386-774-0109,"Women, Men",2275 N Volusia Ave Suite 100, Orange City,FL,32763
Virginia Center for Women,"1101 Madison Plaza Suite 200, Chesapeake, VA 23320",(757) 547-2322,Women,1101 Madison Plaza Suite 200, Chesapeake,VA,23320
North Beach Plastic Surgery - Chesapeake,"1401 Kristina Way STE 10, Chesapeake, VA 23320",(757) 734-1000,,1401 Kristina Way STE 10, Chesapeake,VA,23320
MD Esthetics - Chesapeake,"312 Cedar Lakes Dr Suite 103, Chesapeake, VA 23322",(757) 410-2833,Women,312 Cedar Lakes Dr Suite 103, Chesapeake,VA,23322
Total Care for Women,"667 Kingsborough Sq Suite 200, Chesapeake, VA 23322",(757) 436-0167,"Women, Men",667 Kingsborough Sq Suite 200, Chesapeake,VA,23322
Meesha Aesthetics,"241 S 3rd St., Coopersburg, PA 18036",(610) 349-6390,"Women, Men",241 S 3rd St., Coopersburg,PA,18036
The Group for Women,"880 Kempsville Road, Norfolk, VA 23502",(757) 466-6350,Women,880 Kempsville Road, Norfolk,VA,23502
Western Carteret Medical Center,"718 Cedar Point Boulevard, Cedar Point, NC 28584",(252) 393-6543,"Women, Men",718 Cedar Point Boulevard, Cedar Point,NC,28584
Auburn Urogynecology,"11795 Education St, Auburn, CA 95602",(530) 886-6660,,11795 Education St, Auburn,CA,95602
Redmond Medical Clinic,"1245 NW 4th St Suite 200, Redmond, OR 97756",(541) 323-4545,"Women, Men",1245 NW 4th St Suite 200, Redmond,OR,97756
"Jose Lopez-Cintron, MD","963 Town Center Drive Suite 200, Orange City, FL 32763",(386) 774-9890,"Women, Men",963 Town Center Drive Suite 200, Orange City,FL,32763
"The Injectory, LLC","204 Carmichael Way Suite. 100, Chesapeake, VA 23322",(757) 302-1030,"Women, Men",204 Carmichael Way Suite. 100, Chesapeake,VA,23322
Advanced Family Care,"2836 Enterprise Rd Ste. 4, DeBary, FL 32713",(386) 951-4538,,2836 Enterprise Rd Ste. 4, DeBary,FL,32713
The Cosmetic Injector,"985 Old Eagle School Road Suite 500, Wayne, PA 19087",2156929731,"Women, Men",985 Old Eagle School Road Suite 500, Wayne,PA,19087
Ageless U Medspa,"2985 Enterprise Rd Ste C, Debary, FL 32713",(386) 747-1437,"Women, Men",2985 Enterprise Rd Ste C, Debary,FL,32713
Fiamo Healing Center,"206 South 11th Ave Suite 48, Yakima, WA 98902",509-571-1361,"Women, Men",206 South 11th Ave Suite 48, Yakima,WA,98902
Wilkinson Wellness Clinic,"302 S 12th Ave, Yakima, WA 98902",509-453-5506,"Women, Men",302 S 12th Ave, Yakima,WA,98902
"Northern California Wellness, Inc.","877 Embarcadero Dr Ste 2, El Dorado Hills, CA 95762",9164585533,"Women, Men",877 Embarcadero Dr Ste 2, El Dorado Hills,CA,95762
ProCare Wellness Institute Virginia Beach,"293 Independence Blvd Pembroke 5. #330, Virginia Beach, VA 23462",(757) 222-3100,"Women, Men",293 Independence Blvd Pembroke 5. #330, Virginia Beach,VA,23462
Family Medicine Institute PLLC,"15532 W Colonial Dr Ste A, Winter Garden, FL 34787",(321) 221-0801,"Women, Men",15532 W Colonial Dr Ste A, Winter Garden,FL,34787
Advanced Woman Health Care Specialists - Deltona,"1565 Saxon Blvd Ste 203, Deltona, FL 32725",(407) 834-8111,Women,1565 Saxon Blvd Ste 203, Deltona,FL,32725
Beyond Bela Med Spa,"201 E. Robertson St., Brandon, FL 33511",(787) 718-4028,"Women, Men",201 E. Robertson St., Brandon,FL,33511
Bend Vitality Clinic,"2450 NE Mary Rose Pl Suite 205, Bend, OR 97701",541-749-7000,"Women, Men",2450 NE Mary Rose Pl Suite 205, Bend,OR,97701
"Peter Palacio, MD – MD VIP","2450 NE Mary Rose Place Suite. 200, Bend, OR 97701",(541) 323-3760,,2450 NE Mary Rose Place Suite. 200, Bend,OR,97701
MD Esthetics VA Beach,"4452 Virginia Beach Blvd, Virginia Beach, VA 23462",(757) 769-7100,"Women, Men",4452 Virginia Beach Blvd, Virginia Beach,VA,23462
Body and Beauty Lab Radnor,"595 E. Lancaster Ave, St. Davids, PA 19087",(215) 258-8301,"Women, Men",595 E. Lancaster Ave, St. Davids,PA,19087
W Aesthetics and Wellness,"2100 NE Neff Rd Ste. B, Bend, OR 97701",(541) 241-4011,"Women, Men",2100 NE Neff Rd Ste. B, Bend,OR,97701
Bella Vitae Wellness Center,"272 Bendix Rd. Suite 100, Virginia Beach , VA 23452",757-490-7545,"Women, Men",272 Bendix Rd. Suite 100, Virginia Beach ,VA,23452
Evolution Health & Wellness,"3780 S. Nova Road Unit. #6, Port Orange, FL 32129",(386) 866-5400,"Women, Men",3780 S. Nova Road Unit. #6, Port Orange,FL,32129
"Don Colbert, MD","964 International Pkwy Suite 1630, Lake Mary, FL 32746",407-331-7007,"Women, Men",964 International Pkwy Suite 1630, Lake Mary,FL,32746
Thrive Aesthetics,"110 W Naches Ave Suite B, Selah, WA 98942",(509) 396-8950,"Women, Men",110 W Naches Ave Suite B, Selah,WA,98942
FLO Wellness and Aesthetics,"1020 South 40th Avenue Suite G, Yakima, WA 98908",(509) 490-0162,"Women, Men",1020 South 40th Avenue Suite G, Yakima,WA,98908
Rejuvenation Medical Aesthetics,"1200 Chesterly Dr Suite. 130, Yakima, WA 98902",(509) 961-2234,"Men, Women",1200 Chesterly Dr Suite. 130, Yakima,WA,98902
"Medhealth Clinical, Inc.","1327 Winter Garden Vineland Rd. Suite 1, Winter Garden, FL 34787",(407) 947-6498,"Women, Men",1327 Winter Garden Vineland Rd. Suite 1, Winter Garden,FL,34787
Luxx Glo Beauty Bar,"2604 Genesee St, Utica, NY 13502",(631) 455-1259,Women,2604 Genesee St, Utica,NY,13502
Heathrow Anti-Aging and Wellness Center,"1349 S. International Parkway #1431, Lake Mary, FL 32746",(407) 333-3372,"Women, Men",1349 S. International Parkway #1431, Lake Mary,FL,32746
Elite Aesthetics Skin & Wellness Center - Daytona,"3612 S ATLANTIC AVE, Daytona Beach Shores, FL 32118",(386) 872-5442,"Women, Men",3612 S ATLANTIC AVE, Daytona Beach Shores,FL,32118
Rejuvenations Lehigh Valley,"190 S. Greenwood Ave #2, Easton, PA 18045",(610) 438-2578,"Women, Men",190 S. Greenwood Ave #2, Easton,PA,18045
North Beach Plastic Surgery,"2829 Shore Dr Suite 200, Virginia Beach, VA 23451",(757) 734-1000,"Men, Women",2829 Shore Dr Suite 200, Virginia Beach,VA,23451
Total Salud Clinica Hispana,"2020 S Independence Blvd Suite 2, Virginia Beach, VA 23453",(757) 320-2402,Women,2020 S Independence Blvd Suite 2, Virginia Beach,VA,23453
Renovatio Aesthetics and Wellness,"2021 Genesee Street, Utica, NY 13501",(315) 444-3883,Women,2021 Genesee Street, Utica,NY,13501
Ravvivare Health & Wellness,"255 SW Bluff Drive Suite 200, Bend, OR 97702",(541) 588-4252,Women,255 SW Bluff Drive Suite 200, Bend,OR,97702
"Blessing Healthcare Infusion and Wellness, PLLC","6201 Summitview Ave Suite 106, Yakima, WA 98908",(509) 248-0497,"Men, Women",6201 Summitview Ave Suite 106, Yakima,WA,98908
Caretinuum Health,"405 Waymont Ct, Lake Mary, FL 32746",(407) 732-4627,"Women, Men",405 Waymont Ct, Lake Mary,FL,32746
Women's Health Specialists of Central FL - Lake Mary,"305 Waymont Ct, Lake Mary, FL 32746",(321) 805-4865,"Women, Men",305 Waymont Ct, Lake Mary,FL,32746
Wellness of Central Florida,"3224 W LAKE MARY BLVD STE 1510, Lake Mary, FL 32746",386-843-3132,"Women, Men",3224 W LAKE MARY BLVD STE 1510, Lake Mary,FL,32746
Alonso Medical and Wellness Center,"1090 W State Rd 436, Altamonte Springs, FL 32714",(407) 869-1030,"Women, Men",1090 W State Rd 436, Altamonte Springs,FL,32714
Divyne Wellness and Aesthetics,"520 Beckett Rd Unit 300, Swedsboro, NJ 08085",(856) 230-6251,Women,520 Beckett Rd Unit 300, Swedsboro,NJ,8085
Cascade Medical Wellness & Aesthetics,"2140 E. Bidwell Street, Folsom, CA 95630",916-351-9457,"Women, Men",2140 E. Bidwell Street, Folsom,CA,95630
Complete Women's Care,"2075 Glenn Mitchell Drive Suite 410, Virginia Beach, VA 23456",(757) 481-7222,Women,2075 Glenn Mitchell Drive Suite 410, Virginia Beach,VA,23456
AFC Urgent Care - Riverview,"11608 Boyette Road, Riverview, FL 33569",(813) 374-5638,Women,11608 Boyette Road, Riverview,FL,33569
West Orange Women's Care,"12215 Stoneybrook Parkway West Unit 6, Winter Garden, FL 34787",407-268-0000,"Women, Men",12215 Stoneybrook Parkway West Unit 6, Winter Garden,FL,34787
Best Impression Medical Spa and Laser Center,"1050 Dekalb Pike, Blue Bell, PA 19422",(610) 272-8821,"Women, Men",1050 Dekalb Pike, Blue Bell,PA,19422
Elite Aesthetics Skin & Wellness Center,"107 N. Oak Avenue, Sanford, FL 32771",(407) 878-7993,"Women, Men",107 N. Oak Avenue, Sanford,FL,32771
OB/GYN of Central Florida,"2714 Rew Cir, Ocoee, FL 34761",407-614-0078,"Women, Men",2714 Rew Cir, Ocoee,FL,34761
Fountain of You MD,"2859 Virginia Beach Blvd Suite. 108, Virginia Beach, VA 23452",(757) 644-4615,"Men, Women",2859 Virginia Beach Blvd Suite. 108, Virginia Beach,VA,23452
MC Primary Care LLC,"409 Montgomery Rd Suite 121, Altamonte Springs, FL 32714",(689) 200-7584,"Women, Men",409 Montgomery Rd Suite 121, Altamonte Springs,FL,32714
Advanced Women’s Health Specialists - Altamonte Springs,"809 Douglas Ave, Altamonte Springs, FL 32714",(407) 834-8111,Women,809 Douglas Ave, Altamonte Springs,FL,32714
W Aesthetics and Wellness 2,"2219 NW Labiche Ln Suite 120, Bend, OR 97703",(541) 241-4011,Women,2219 NW Labiche Ln Suite 120, Bend,OR,97703
High Lakes Health Care,"2195 NW Shevlin Park Rd, Bend, OR 97703",(541) 706-3843,"Men, Women",2195 NW Shevlin Park Rd, Bend,OR,97703
Belle Ame Wellness,"712 W 25th St, Sanford, FL 32771",(407) 915-3575,"Women, Men",712 W 25th St, Sanford,FL,32771
Lakeland Family Medical,"930 Marcum Road #5, Lakeland, FL 33809",863-940-4886,"Women, Men",930 Marcum Road #5, Lakeland,FL,33809
Stairway to Health Urgent Care,"1282 Route 113, Perkasie, PA 18944",(267) 490-7123,"Women, Men",1282 Route 113, Perkasie,PA,18944
Shevlin Womens Health,"2195 NW Shevlin Park Rd, Bend, OR 97703",5417063843,,2195 NW Shevlin Park Rd, Bend,OR,97703
Dr. Laura Staver,"628 NW York Drive Ste 104, Bend, OR 97703",541-388-2207,"Women, Men",628 NW York Drive Ste 104, Bend,OR,97703
Stevenson Family Practice,"1300 S. Division St. Ste. C, Salisbury, MD 21804",(443) 944-8139,"Women, Men",1300 S. Division St. Ste. C, Salisbury,MD,21804
Complete Women’s Care - Will O Wisp,"1717 Will O Wisp Dr Ste 250, Virginia Beach, VA 23454",(757) 481-7222,Women,1717 Will O Wisp Dr Ste 250, Virginia Beach,VA,23454
Antidote Aesthetics,"968 First Colonial Rd Suite 102, Virginia Beach, VA 23454",(757) 995-4732,"Women, Men",968 First Colonial Rd Suite 102, Virginia Beach,VA,23454
Total Care for Women - Elizabeth City,"1141 N Road St. Ste. I, Elizabeth City, NC 27909",(252) 338-0101,Women,1141 N Road St. Ste. I, Elizabeth City,NC,27909
Anne Judge Aesthetics,"454 Germantown Pike, Lafayatte Hill, PA 19444",(484) 368-3396,Women,454 Germantown Pike, Lafayatte Hill,PA,19444
Montecito Med Spa,"1280 Coast Village Circle, Santa Barbara, CA 93108",(805) 617-1372,"Women, Men",1280 Coast Village Circle, Santa Barbara,CA,93108
Florida Cosmetic Center - Lakeland,"4019 US Hwy 98N Suite 121, Lakeland, FL 33809",(786) 705-2765,,4019 US Hwy 98N Suite 121, Lakeland,FL,33809
Premier OBGYN,"531 N Maitland Ave., Maitland, FL 32751",321-397-1212,"Women, Men",531 N Maitland Ave., Maitland,FL,32751
Valley Laser and Skin,"620 N Emerson Ave Ste 101, Wenatchee, WA 98801",(509) 667-2535,"Men, Women",620 N Emerson Ave Ste 101, Wenatchee,WA,98801
Southern Delaware Medical Group,"100 Silicato Parkway Suite 301, Milford, DE 19963",(302) 725-2040,"Men, Women",100 Silicato Parkway Suite 301, Milford,DE,19963
Direct primary care of Florida,"2295 S. Hiawassee Road Suite 418, Orlando, FL 32835",(407) 586-5677,"Men, Women",2295 S. Hiawassee Road Suite 418, Orlando,FL,32835
PrimeCell Regenerative,"2295 S HIAWASSEE RD STE 410, Orlando, FL 32835",(347) 224-0400,Women,2295 S HIAWASSEE RD STE 410, Orlando,FL,32835
All About Women- Windermere,"8958 Conroy Windermere Rd, Orlando, FL 32835",(787) 306-7234,,8958 Conroy Windermere Rd, Orlando,FL,32835
Cascade Dermatology Plus,"700 E Mountain View Ave Ste. 503, Ellensburg, WA 98926",509-856-7589,"Women, Men",700 E Mountain View Ave Ste. 503, Ellensburg,WA,98926
AESTHETIC LAB INC,"2909 Coffee Rd Suite 12D, Modesto, CA 95355",(209) 457-5077,"Women, Men",2909 Coffee Rd Suite 12D, Modesto,CA,95355
Modesto Physical Medicine,"1933 Coffee Rd, Modesto, CA 95355",(209) 838-3434,"Men, Women",1933 Coffee Rd, Modesto,CA,95355
The Spa and Laser Center - Virginia Beach,"2000 General Booth Blvd, Virginia Beach, VA 23454",(757) 965-7444,"Women, Men",2000 General Booth Blvd, Virginia Beach,VA,23454
Florida Coastal Plastic Surgery,"5105 Manatee Ave W., Bradenton, FL 34209",(941) 798-9777,"Women, Men",5105 Manatee Ave W., Bradenton,FL,34209
Saltwater Family Practice,"1129 N Dixie Freeway, New Smyrna Beach, FL 32168",3862810939,"Men, Women",1129 N Dixie Freeway, New Smyrna Beach,FL,32168
Tremayne Medical Aesthetics,"817 Coffee Rd Ste D, Modesto, CA 95355",(209) 549-1699,Women,817 Coffee Rd Ste D, Modesto,CA,95355
Hosanna Medical Center PLLC,"6150 Metrowest Blvd Ste 103, Orlando, FL 32835-3290",407-395-2348,"Women, Men",6150 Metrowest Blvd Ste 103, Orlando,FL,32835-3290
Epitome Medical Aesthetics,"2185 Upton Drive Suite 101, Virginia Beach, VA 23454",757-821-7680,"Women, Men",2185 Upton Drive Suite 101, Virginia Beach,VA,23454
"Falcone Center for Cosmetic, Functional and Regenerative Medicine","191 Presidential Blvd Suite B104, Bala Cynwyd, PA 19004",(215) 586-3304,"Women, Men",191 Presidential Blvd Suite B104, Bala Cynwyd,PA,19004
Luma Longevity,"1035 N. Orlando Ave. Suite 201, Winter Park, FL 32789",407-205-9979,"Women, Men",1035 N. Orlando Ave. Suite 201, Winter Park,FL,32789
Cortes Family Physicians,"5712 21 Ave West, Bradenton, FL 34209",941-795-0105,"Women, Men",5712 21 Ave West, Bradenton,FL,34209
Del Valle Clinic,"1700 Herndon Rd., Ceres, CA 95307",(209) 589-1500,"Women, Men",1700 Herndon Rd., Ceres,CA,95307
Tighten It Spa,"1013 Galleria Blvd. Suite 265, Roseville, CA 95747",(916) 792-0772,"Women, Men",1013 Galleria Blvd. Suite 265, Roseville,CA,95747
Renew Room LLC,"116 E Yanonali St Suite C-1, Santa Barbara, CA 93101",805-335-6972,,116 E Yanonali St Suite C-1, Santa Barbara,CA,93101
Women's Health Specialists of Central Florida- Orlando,"6735 Conroy Rd Ste 205, Orlando, FL 32835",689-407-5799,"Women, Men",6735 Conroy Rd Ste 205, Orlando,FL,32835
Gemini Health & Wellness,"406 Sunrise Ave Suite 330, Roseville, CA 95661",(916) 918-1441,"Men, Women",406 Sunrise Ave Suite 330, Roseville,CA,95661
Volusia Medical Center,"161 N Causeway Suite A, New Smyrna Beach, FL 32169",(386) 424-1584,"Women, Men",161 N Causeway Suite A, New Smyrna Beach,FL,32169
Coastal Women's Health,"433 N Causeway, New Smyrna Beach, FL 32169",(386) 427-4441,Women,433 N Causeway, New Smyrna Beach,FL,32169
Miramed and Day Spa,"1921 State St Suite B, Santa Barbara, CA 93101",(805) 770-2461,"Women, Men",1921 State St Suite B, Santa Barbara,CA,93101
Svelte Weight Loss Center,"7009 Dr Phillips Blvd #240, Orlando, FL 32819",(407)804-5200,"Women, Men",7009 Dr Phillips Blvd #240, Orlando,FL,32819
Vida Health Centre,"5979 Vineland Rd Ste. 209, Orlando, FL 32819",(407) 250-5030,"Women, Men",5979 Vineland Rd Ste. 209, Orlando,FL,32819
Total Woman Healthcare,"8690 Point Cypress Dr Ste. 210, Orlando, FL 32836",(407) 294-2994,"Women, Men",8690 Point Cypress Dr Ste. 210, Orlando,FL,32836
Westcoast Women’s Specialists,"5323 4th Ave Cir. E, Bradenton, FL 34208",941-745-5115,"Women, Men",5323 4th Ave Cir. E, Bradenton,FL,34208
Connolly Orthopedics and Sports Medicine,"530 5th Street East, Bradenton, FL 34208",(941) 757-3521,,530 5th Street East, Bradenton,FL,34208
The J Spot,"501 S 22nd St, Philadelphia, PA 19146",(973) 747-8434,,501 S 22nd St, Philadelphia,PA,19146
Luxe Med Spa Aesthetics,"55 West Church Street Suite 206, Orlando, FL 32801",(407) 890-8658,"Women, Men",55 West Church Street Suite 206, Orlando,FL,32801
Rittenhouse Internal Medicine,"1632 Pine Street, Philadelphia, PA 19103",(215) 670-5843,"Women, Men",1632 Pine Street, Philadelphia,PA,19103
Rejuv Cosmetic Surgery Institute,"7300 Sand Lake Commons Blvd Ste. 100, Orlando, FL 32819",(407) 345-8145,"Men, Women",7300 Sand Lake Commons Blvd Ste. 100, Orlando,FL,32819
Carmichael Medical Clinic,"6500 Coyle Avenue Suite. 4, Carmichael, CA 95608",(916) 659-8475,"Women, Men",6500 Coyle Avenue Suite. 4, Carmichael,CA,95608
Body and Beauty Lab,"834 Chestnut St. Suite 104, Philadelphia, PA 19107",(215) 258-8301,"Women, Men",834 Chestnut St. Suite 104, Philadelphia,PA,19107
Complexion Medical Spa PLLC - MC,"4251 Arendell Street Ste F, Morehead City, NC 28557",(252) 773-0841,"Men, Women",4251 Arendell Street Ste F, Morehead City,NC,28557
Ob/Gyn Care Orlando,"2572 W STATE ROAD 426 Suite 1040, OVIEDO, FL 32765-8389",(321) 304-6249,"Women, Men",2572 W STATE ROAD 426 Suite 1040, OVIEDO,FL,32765-8389
"Carevit, LLC","3615 S Orange Ave., Orlando, FL 32806-6216",(727) 465-4208,"Men, Women",3615 S Orange Ave., Orlando,FL,32806-6216
J & J Aesthetics,"5323 4th Avenue Circle East, Bradenton, FL 34208",941-315-4052,"Women, Men",5323 4th Avenue Circle East, Bradenton,FL,34208
Florida Cosmetic Center,"1420 Celebration Blvd. Suite 100, Kissimmee, FL 34747",(321) 939-4069,"Women, Men",1420 Celebration Blvd. Suite 100, Kissimmee,FL,34747
Vida Medical Clinic,"7550 Futures Dr. Suite 104, Orlando, FL 32819",407-978-6400,"Men, Women",7550 Futures Dr. Suite 104, Orlando,FL,32819
Emerge Ortho,"3714 Guardian Avenue Suite E, Morehead City, NC 28557",252-773-0614,"Men, Women",3714 Guardian Avenue Suite E, Morehead City,NC,28557
OB/GYN Specialists of Central Florida-Semoran,"930 S. Semoran Blvd., Orlando, FL 32807",407-207-6768,"Women, Men",930 S. Semoran Blvd., Orlando,FL,32807
Balance Found 2,"4920 York Rd Suite # 2II, Buckingham, PA 18912",(215) 225-2623,"Women, Men",4920 York Rd Suite # 2II, Buckingham,PA,18912
Liberty Primary Care,"2138 County Line Road, Huntingdon Valley, PA 19006",(484) 282-4237,"Women, Men",2138 County Line Road, Huntingdon Valley,PA,19006
Complexion Medical Spa PLLC,"201 W. Fort Macon Rd., Atlantic Beach, NC 28512",(252) 773-0841,"Men, Women",201 W. Fort Macon Rd., Atlantic Beach,NC,28512
Inspira Health Network Medical Group [Depford Location],"1450 Almonessen Rd, Deptford, NJ 08096",856- 845-4061,Women,1450 Almonessen Rd, Deptford,NJ,8096
Anti Aging and Ketamine Center LLC,"6124 53rd Ave E, BRADENTON, FL 34203",(941) 755-9355,"Women, Men",6124 53rd Ave E, BRADENTON,FL,34203
University Park OBGYN,"2401 University Parkway Suite 201, Sarasota, FL 34243",(941) 359-8300,"Women, Men",2401 University Parkway Suite 201, Sarasota,FL,34243
Authentic Wellness,"2929 Arden Way, Sacramento, CA 95825",(530) 784-0494,"Men, Women",2929 Arden Way, Sacramento,CA,95825
Cox Medical Aesthetics,"1213 W Lockeford St, Lodi, CA 95240",(209) 712-3579,"Men, Women",1213 W Lockeford St, Lodi,CA,95240
Riobel Med Spa,"10967 Lake Underhill Rd Suite. 107, Orlando, FL 32825",(407) 973-4537,Women,10967 Lake Underhill Rd Suite. 107, Orlando,FL,32825
Svelte Weight Loss Center,"10902 Dylan Loren Circle, Orlando, FL 32825",(407)804-5200,"Women, Men",10902 Dylan Loren Circle, Orlando,FL,32825
OB/GYN Specialists of Central Florida-Lake Underhill,"11399 Lake Underhill Road, Orlando, FL 32825",407-207-6768,"Women, Men",11399 Lake Underhill Road, Orlando,FL,32825
Dr Neil Gottlieb and Megan Blatz ACNP-BC,"9500 Roosevelt Blvd, Philadelphia, PA 19115",215-969-5650,"Women, Men",9500 Roosevelt Blvd, Philadelphia,PA,19115
Gill Medical Group,"999 S. Fairmont Ave Suite 235, Lodi, CA 95240",209-334-0799,"Women, Men",999 S. Fairmont Ave Suite 235, Lodi,CA,95240
Uplift Live Confident Medicine,"777 S Ham Lane Suite. M, Lodi, CA 95242",(209) 336-9339,"Men, Women",777 S Ham Lane Suite. M, Lodi,CA,95242
Wilson's Health and Weight Management,"807 NORTH HADDON AVE SUITE 215, HADDONFIELD, NJ 08033",(856) 400-0064,,807 NORTH HADDON AVE SUITE 215, HADDONFIELD,NJ,8033
The Intimate Makeover,"107 Scripps Dr. STE 200, Sacramento, CA 95825",(916) 775-3357,,107 Scripps Dr. STE 200, Sacramento,CA,95825
Magic City OBGYN,"3200 Hillsdale Ln., Kissimmee, FL 34741",407-846-4882,"Women, Men",3200 Hillsdale Ln., Kissimmee,FL,34741
Anti-Aging Med Solutions,"2 Scripts Dr Suite 302, Sacramento, CA 95825",916-299-9912,"Men, Women",2 Scripts Dr Suite 302, Sacramento,CA,95825
Cascade Medical Wellness & Aesthetics,"701 Howe Ave Ste 50, Sacramento, CA 95825",(916) 457-7424,"Men, Women",701 Howe Ave Ste 50, Sacramento,CA,95825
AFC Bradenton,"5925 Lakewood Ranch Blvd., Bradenton, FL 34211",(941) 348-1201,"Women, Men",5925 Lakewood Ranch Blvd., Bradenton,FL,34211
Sirius Day Spa,"11585 E State Road 70, Lakewood Ranch, FL 34202",(941) 357-4611,Women,11585 E State Road 70, Lakewood Ranch,FL,34202
Mind and Body Connection LLC,"1333 Buck Rd Suite 6, Feasterville, PA 19053",(856) 313-3435,,1333 Buck Rd Suite 6, Feasterville,PA,19053
Dr. Bonnie LLC,"1333 Buck Rd Suite 6, Festerville, PA 19053",(856) 313-3435,,1333 Buck Rd Suite 6, Festerville,PA,19053
Best Days Ever Hormone Replacement Therapy Clinic,"1801 E March Ln Ste C300, Stockton, CA 95210",(209) 299-0606,,1801 E March Ln Ste C300, Stockton,CA,95210
At Your Best Wellness,"9291 Laguna Springs Drive Suite. 110, Elk Grove, CA 95758",(916) 461-9828,"Women, Men",9291 Laguna Springs Drive Suite. 110, Elk Grove,CA,95758
Medhealth Clinical Inc - Kissimmee,"1210 E OSCEOLA PKWY STE 201, Kissimee, FL 34744",(321) 989-6887,"Women, Men",1210 E OSCEOLA PKWY STE 201, Kissimee,FL,34744
Center for Youthful Aging,"1250 South Tamiami Trail Suite 401, Sarasota, FL 34239",941-366-2194,"Women, Men",1250 South Tamiami Trail Suite 401, Sarasota,FL,34239
Avellanet Surgical Aesthetics,"80 S Tuttle Ave., Sarasota, FL 34237",(941) 705-2748,"Women, Men",80 S Tuttle Ave., Sarasota,FL,34237
Optum Vitality,"213 Avenue D SW, Winter Haven, FL 33880",(863) 268-4826,"Men, Women",213 Avenue D SW, Winter Haven,FL,33880
University Park OBGYN - Hillview,"1838 Hillview St., Sarasota, FL 34239",(941) 202-1248,"Women, Men",1838 Hillview St., Sarasota,FL,34239
Gulf Coast Obstetrics and Gynecology,"1950 Arlington Street Suite. 203, Sarasota, FL 34239",941-379-6331,Women,1950 Arlington Street Suite. 203, Sarasota,FL,34239
Pelvic Floor Institute,"1625 N. Carpenter Ave., Bartow, FL 33830",813-551-3540,"Women, Men",1625 N. Carpenter Ave., Bartow,FL,33830
The Aesthetics Lounge and Spa,"9130 Town Center Parkway Suite 101, Lakewood Ranch, FL 34202",(941) 577-7701,"Women, Men",9130 Town Center Parkway Suite 101, Lakewood Ranch,FL,34202
USA Medical Care,"904 W. Magnolia Street, Kissimee, FL 34741",407-593-2816,"Women, Men",904 W. Magnolia Street, Kissimee,FL,34741
GYN Women's Centre of Lakewood Ranch,"8340 Lakewood Ranch Blvd. 240, Lakewood Ranch, FL 34202",(941) 907-3008,Women,8340 Lakewood Ranch Blvd. 240, Lakewood Ranch,FL,34202
Re3 Stem Cell and Healing Institute PLLC,"3532 Fruitville Rd, Sarasota, FL 34237",(941) 893-2688,"Women, Men",3532 Fruitville Rd, Sarasota,FL,34237
Mini Health Clinic Kissimmee,"318 North John Young Pkwy Suite 5, Kissimmee, FL 34714",(352) 227-3000,,318 North John Young Pkwy Suite 5, Kissimmee,FL,34714
East Sac Concierge,"3800 J St. Ste. 220, Sacramento, CA 95816",(916) 914-6789,"Women, Men",3800 J St. Ste. 220, Sacramento,CA,95816
J Sweat Plastic Surgery,"3000 S Street, Sacramento, CA 95816",(916)333-5353,"Women, Men",3000 S Street, Sacramento,CA,95816
Archway Health Care Services,"2907 35th St, Sacramento, CA 95817",(209) 405-9888,Women,2907 35th St, Sacramento,CA,95817
Women's Health Specialists of Central Florida - Lake Nona,"9486 Narcoossee Rd, Orlando, FL 32827",689-407-5799,"Women, Men",9486 Narcoossee Rd, Orlando,FL,32827
"Neuage Health and Wellness, Sarasota","3090 Fruitville Commons Blvd. Suite 102, Sarasota, FL 34240",(941) 231-2400,Women,3090 Fruitville Commons Blvd. Suite 102, Sarasota,FL,34240
ProMD Health- Lewes,"1537 Savannah Rd. Suite A, Lewes, DE 19958",(302) 412-0135,"Women, Men",1537 Savannah Rd. Suite A, Lewes,DE,19958
The New You Clinic and Medical Spa,"30650 US 27 Suite A, Haines City, FL 33884",(863) 662-4058,"Women, Men",30650 US 27 Suite A, Haines City,FL,33884
Saidyn Medical Wellness,"4480 Duckhorn Dr. Suite 100, Sacramento, CA 95834",(916) 204-8959,Men,4480 Duckhorn Dr. Suite 100, Sacramento,CA,95834
Balance Found,"303 Floral Vale Blvd, Yardley, PA 19067",(215) 225-2623,"Women, Men",303 Floral Vale Blvd, Yardley,PA,19067
Anti Aging and Ketamine Center SRQ,"550 Bee Ridge Road, Sarasota, FL 34233",(941) 755-9355,Women,550 Bee Ridge Road, Sarasota,FL,34233
Younger You Aesthetics,"7047 S Land Park Dr Ste A, Sacramento, CA 95831",(916) 216-4879,"Women, Men",7047 S Land Park Dr Ste A, Sacramento,CA,95831
Inspira Health Network Medical Group (OB/GYN),"2466 E. Chestnut Ave Suite 1, Vineland, NJ 08361-8486",(856) 363-1210,Women,2466 E. Chestnut Ave Suite 1, Vineland,NJ,08361-8486
Yardley Wellness Center,"301 Oxford Valley Rd. Suite 905A, Yardley, PA 19067",215-321-9896,"Women, Men",301 Oxford Valley Rd. Suite 905A, Yardley,PA,19067
St. Lawrence Surgery,"74 Market St., Potsdam, NY 13676",315-265-7400,"Women, Men",74 Market St., Potsdam,NY,13676
CKM Health and Wellness,"2521 13th Street Suite C, Saint Cloud, FL 34769",(407) 797-3171,Women,2521 13th Street Suite C, Saint Cloud,FL,34769
Women's Health Specialists of Central Florida,"3131 Innovation Drive, Saint Cloud, FL 34769",689-407-5799,"Women, Men",3131 Innovation Drive, Saint Cloud,FL,34769
Magnolia Comprehensive Internal Medicine,"564 Rio Lindo Ave Ste 102, Chico, CA 95926",(530) 767-3300,"Women, Men",564 Rio Lindo Ave Ste 102, Chico,CA,95926
RenU Progressive Medicine,"116 Third Street Suite 215, Hood River, OR 97031",(800) 277-0117,"Women, Men",116 Third Street Suite 215, Hood River,OR,97031
Outbound Wellness,"420 Industrial St, Hood River, OR 97031",(541) 399-8887,Men,420 Industrial St, Hood River,OR,97031
Age Revival Med Spa,"479 Tamiami Trail S, Nokomis, FL 34275",941-303-6798,"Women, Men",479 Tamiami Trail S, Nokomis,FL,34275
AgeWell Medicine & Aesthetics,"2436 Lamington Road, Bedminster, NJ 07921",(908) 458-6874,"Men, Women",2436 Lamington Road, Bedminster,NJ,7921
Davis Dermatology,"132 E Street Suite 220, Davis, CA 95616",530-756-5758,"Women, Men",132 E Street Suite 220, Davis,CA,95616
Bailey Health,"3477 Lakeshore Rd unit. 202, Kelowna, BC v1w0a7",(236) 766-2961,"Women, Men",3477 Lakeshore Rd unit. 202, Kelowna,BC,v1w0a7
YOU A Medical Corporation,"415 El Camino Real, Arroyo Grande, CA 93420",(805) 904-6869,"Women, Men",415 El Camino Real, Arroyo Grande,CA,93420
The Aesthetics Lounge and Spa,"1172 Jacaranda Blvd., Venice, FL 34292",9414995700,"Women, Men",1172 Jacaranda Blvd., Venice,FL,34292
One Oak Medical,"11 Schalks Crossing Rd Suite 622, Princeton, NJ 08540",(732) 385-2739,,11 Schalks Crossing Rd Suite 622, Princeton,NJ,8540
Geoffrey L Kamen MD a Professional Corporation,"187 Tank Farm Rd Suite 230B, San Luis Obispo, CA 93401",(805) 596-1565,Men,187 Tank Farm Rd Suite 230B, San Luis Obispo,CA,93401
The Aesthetics Lounge and Spa,"12213 Mercado Drive, Venice, FL 34293",(941) 477-7704,"Women, Men",12213 Mercado Drive, Venice,FL,34293
Space Coast Integrative Wellness,"2404 N Courtenay Pkwy, Merritt Island, FL 32953",(321) 378-5230,"Women, Men",2404 N Courtenay Pkwy, Merritt Island,FL,32953
Tomorrow's Wellness Center,"1750 Zion Road, Northfield, NJ 08225",(609) 407-1119,"Women, Men",1750 Zion Road, Northfield,NJ,8225
tSPA,"64 River Rd, East Hanover, NJ 07936",(973) 727-9275,"Men, Women",64 River Rd, East Hanover,NJ,7936
Emerald Key Wellness,"26 Oleander St., Cocoa, FL 32922",(321) 794-0938,"Women, Men",26 Oleander St., Cocoa,FL,32922
Zelner Health Institute,"585 N COURTENAY PKWY STE 101, MERRITT ISLAND, FL 32953-4853",407-345-5055,"Women, Men",585 N COURTENAY PKWY STE 101, MERRITT ISLAND,FL,32953-4853
Dellatorre Health & Wellness,"1260 US Highway 1 Ste 202, Rockledge, FL 32955",(321) 305-6968,"Women, Men",1260 US Highway 1 Ste 202, Rockledge,FL,32955
SONY WELLNESS CLINIC,"32 WERNIK PL STE F, METUCHEN, NJ 08840",(732) 318-6005,"Women, Men",32 WERNIK PL STE F, METUCHEN,NJ,8840
"Gynecologic Specialist of Brevard, LLC","255 Fortenberry Rd Ste A1, Merritt Island, FL 32952",(321) 265-5116,Women,255 Fortenberry Rd Ste A1, Merritt Island,FL,32952
Anchor Internal Medicine,"650 S Courtenay Pkwy Ste 100, Merritt Island, FL 32952",(321) 420-1555,"Women, Men",650 S Courtenay Pkwy Ste 100, Merritt Island,FL,32952
"Restore Your Health, LLC","17179 Bonnie Ave Unit C, PORT CHARLOTTE, FL 33954-2715",941-228-4706,"Women, Men",17179 Bonnie Ave Unit C, PORT CHARLOTTE,FL,33954-2715
Unified Primary Care LLC,"331 East Jimmie Leeds Road Unit 1, Galloway, NJ 08205",(609) 382-7813,Women,331 East Jimmie Leeds Road Unit 1, Galloway,NJ,8205
Magnolia Comprehensive Internal Medicine,"68 Hartnell Ave, Redding, CA 96002",(530) 972-1200,"Men, Women",68 Hartnell Ave, Redding,CA,96002
"Preete Bhanot MD, Inc","18181 Butterfield Blvd Ste 125, Morgan Hill, CA 95037",4087822515,"Women, Men",18181 Butterfield Blvd Ste 125, Morgan Hill,CA,95037
The NP Xperience,"21 Angela Drive Suite #202, Old Bridge, NJ 08857",(732) 908-4522,"Women, Men",21 Angela Drive Suite #202, Old Bridge,NJ,8857
NV Medical Aesthetics,"1777 Hamburg Turnpike Suite 302, Wayne, NJ 07470",9084873303,"Women, Men",1777 Hamburg Turnpike Suite 302, Wayne,NJ,7470
Rois Medical Group,"5462 Village Dr Suite. 103, Rockledge, FL 32955",(321) 421-7122,"Women, Men",5462 Village Dr Suite. 103, Rockledge,FL,32955
Artemis OBGYN,"1945 US 22 West, Union, NJ 07083",(908) 624-9665,Women,1945 US 22 West, Union,NJ,7083
Salamat Clinic,"6 N Mississippi Avenue, Atlantic City, NJ 08401",(609) 454-2865,,6 N Mississippi Avenue, Atlantic City,NJ,8401
Prime Youth Aesthetics,"4625 1st St. Suite 280, Pleasanton, CA 94566",(925) 858-4429,"Women, Men",4625 1st St. Suite 280, Pleasanton,CA,94566
My Skin Medical Spa,"7095 Turner Rd, Rockledge, FL 32955",(321) 961-1351,"Women, Men",7095 Turner Rd, Rockledge,FL,32955
"Family Practice of Suntree and Viera, P.A.","2 Suntree Place, Melbourne, FL 32940",(321) 253-3944,"Women, Men",2 Suntree Place, Melbourne,FL,32940
Preete Bhanot MD Inc,"6100 Hellyer Avenue Suite 125, San Jose, CA 95138",(408) 782-2515,"Women, Men",6100 Hellyer Avenue Suite 125, San Jose,CA,95138
Tula Healthcare P.C,"9301 Fircrest Lane #3, San Ramon, CA 94583",(925) 587-1998,Men,9301 Fircrest Lane #3, San Ramon,CA,94583
New You Medispa,"2360 Route 9 South, Howell, NJ 07731",917-270-8643,"Women, Men",2360 Route 9 South, Howell,NJ,7731
Michael T. Temkin DO,"1081 Market Place Suite 300, San Ramon, CA 94583",925-866-3900,"Women, Men",1081 Market Place Suite 300, San Ramon,CA,94583
LeDivine Medspa,"124 Adams St Room 104, Newark, NJ 07105",(201) 292-1590,,124 Adams St Room 104, Newark,NJ,7105
OB-GYN Specialists,"2637 Shadelands Dr, Walnut Creek, CA 94598",(925) 945-6600,Women,2637 Shadelands Dr, Walnut Creek,CA,94598
Allure Rejuvenation Center,"2637 Shadelands Drive, Walnut Creek, CA 94598",(925) 9525560,"Men, Women",2637 Shadelands Drive, Walnut Creek,CA,94598
Allure Rejuvenation Aesthetics & Wellness,"2637 Shadelands Dr. Entrance G, Walnut Creek, CA 94598",(925) 952-5560,"Men, Women",2637 Shadelands Dr. Entrance G, Walnut Creek,CA,94598
Face It Botox Bar Punta Gorda,"109 East Olympia Ave, Punta Gorda, FL 33950",(239) 323-7300,"Women, Men",109 East Olympia Ave, Punta Gorda,FL,33950
Swan Medical,"901 San Ramon Valley Blvd Suite 130, Danville, CA 94526",(925) 905-9922,"Men, Women",901 San Ramon Valley Blvd Suite 130, Danville,CA,94526
LA ViE MD,"645 San Ramon Valley Blvd, Danville, CA 94526",(833) 528-4310,Women,645 San Ramon Valley Blvd, Danville,CA,94526
Align Healing Center,"125 Railroad Ave Suite. G, Danville, CA 94526",925-362-8283,"Women, Men",125 Railroad Ave Suite. G, Danville,CA,94526
Kore Natural Medicine,"2255 Ygnacio Valley Rd, Walnut Creek, CA 94598",(707) 779-2603,"Men, Women",2255 Ygnacio Valley Rd, Walnut Creek,CA,94598
Brandeis MD,"100 Park Place Suite 140, San Ramon, CA 94583",925-255-7867,Men,100 Park Place Suite 140, San Ramon,CA,94583
Carlisa Family Medicine,"660 Charlotte St. Unit 7, Punta Gorda, FL 33950",941-347-8321,"Women, Men",660 Charlotte St. Unit 7, Punta Gorda,FL,33950
Robert J. Laudicino MD,"4131 Richmond Ave., Staten Island, NY 10312",718-317-9204,"Women, Men",4131 Richmond Ave., Staten Island,NY,10312
Lasting Impression Medical Aesthetics,"25-15 Fair Lawn Ave. Lower Level R, Fair Lawn, NJ 07410",201-579-3550,"Women, Men",25-15 Fair Lawn Ave. Lower Level R, Fair Lawn,NJ,7410
Euphoria Esthetics & Wellness,"770 Lighthouse Ave Suite 110, Barnegat, NJ 08005",(609) 891-2781,"Men, Women",770 Lighthouse Ave Suite 110, Barnegat,NJ,8005
"Dima Wellness, LLC","12 Thistle Lane, Holmdel, NJ 07733",732-320-0500,"Women, Men",12 Thistle Lane, Holmdel,NJ,7733
Monterey Bay Vascular & Vein,"242 E. Romie Lane, Salinas, CA 95003",(831) 318-0010,,242 E. Romie Lane, Salinas,CA,95003
Pelosi Medical Center,"350 Kennedy Boulevard, Bayonne, NJ 07002",(201) 858-1800,"Women, Men",350 Kennedy Boulevard, Bayonne,NJ,7002
Faith Integrative Medicine LLC,"7195 S George Blvd Unit 13, Sebring, FL 33875",(503) 869-7251,,7195 S George Blvd Unit 13, Sebring,FL,33875
Serene Skin and Wellness Medspa,"5140 Business Center Dr Suite 170, Fairfield, CA 94534",(707) 920-2446,,5140 Business Center Dr Suite 170, Fairfield,CA,94534
Womens Medical Connection,"2080 Route 35, Holmdel, NJ 07730",732-796-9400,"Women, Men",2080 Route 35, Holmdel,NJ,7730
Almaden Valley Aesthetics,"5945 Almaden Expressway Suite 110, San Jose, CA 95120",(408) 997-1803,"Women, Men",5945 Almaden Expressway Suite 110, San Jose,CA,95120
Holistic Wellness,"2090 Sarno Rd, Melbourne, FL 32935",(321) 362-4103,"Men, Women",2090 Sarno Rd, Melbourne,FL,32935
Elysium Aesthetics and Vein Care,"1 Sears Drive Ste. 406, Paramus, NJ 07652",(551) 291-2106,"Women, Men",1 Sears Drive Ste. 406, Paramus,NJ,7652
Aesthetica Medspa,"2 Sears Drive Suite 101, Paramus, NJ 07653",(201) 482-1419,"Women, Men",2 Sears Drive Suite 101, Paramus,NJ,7653
ME Medical Spa,"4608 Meridian Ave, San Jose, CA 95124",(408) 337-2313,"Women, Men",4608 Meridian Ave, San Jose,CA,95124
Illume Aesthetics,"993 Siskiyou Blvd. Ste. 1, Ashland, OR 97520",(541) 631-8387,Women,993 Siskiyou Blvd. Ste. 1, Ashland,OR,97520
Nu Silk Medical Aesthetics,"105 N. Bascom Ave. Ste. 205, San Jose, CA 95128",(408) 985-2900,"Women, Men",105 N. Bascom Ave. Ste. 205, San Jose,CA,95128
Tricoche Integrated Health,"1855 W. Hibiscus Blvd, Melbourne, FL 32901",321-802-4521,"Women, Men",1855 W. Hibiscus Blvd, Melbourne,FL,32901
The Refinery Medspa - Indian Harbour Beach,"2194 HIGHWAY A1A STE 104, INDIAN HARBOUR BEACH, FL 32937",321-339-1001,"Women, Men",2194 HIGHWAY A1A STE 104, INDIAN HARBOUR BEACH,FL,32937
Women's Health Center of Southern Oregon,"595 N MainSt. Suite. 1, Ashland, OR 97520",(541) 479-8363,Women,595 N MainSt. Suite. 1, Ashland,OR,97520
Primary Care of El Paso,"10965 Ben Crenshaw Building 1, El Paso, TX 79935",(915) 264-1830,"Women, Men",10965 Ben Crenshaw Building 1, El Paso,TX,79935
Purr Professionals,"249 8th St Apt 1, Jersey City, NJ 07302",908-340-0515,"Women, Men",249 8th St Apt 1, Jersey City,NJ,7302
A1 Health & Wellness,"1900 Dairy Rd, Melbourne, FL 32904",(321) 381-8184,"Women, Men",1900 Dairy Rd, Melbourne,FL,32904
"Stefano Stella, MD","3196 Kennedy Blvd, Union City, NJ 07087",201-330-0333,"Women, Men",3196 Kennedy Blvd, Union City,NJ,7087
"Robert Strell, MD","317 Willow Ave, Hoboken, NJ 07030",201-222-0082,"Men, Women",317 Willow Ave, Hoboken,NJ,7030
Kirk A. Churukian MD,"14830 Los Gatos Blvd Suite 300, Los Gatos, CA 95032",408-358-7000,"Women, Men",14830 Los Gatos Blvd Suite 300, Los Gatos,CA,95032
Illuminate Plastic Surgery,"2400 Samaritan Dr Suite 206, San Jose, CA 95124",(650) 433-8621,"Men, Women",2400 Samaritan Dr Suite 206, San Jose,CA,95124
Foster Woman Care,"1318 S Pine Street, Melbourne, FL 32901",(321) 952-9500,Women,1318 S Pine Street, Melbourne,FL,32901
Health Wise Women,"79 Hudson Street SUITE 204, Hoboken, NJ 07030",201-222-5451,"Women, Men",79 Hudson Street SUITE 204, Hoboken,NJ,7030
Deepak Amin MD LLC,"4522 Kennedy Boulevard, Union City, NJ 07087",(201) 863-1797,"Women, Men",4522 Kennedy Boulevard, Union City,NJ,7087
Xthetics Med Spa,"185 Cedar Lane L1, Teaneck, NJ 07666",(201) 338-5186,Women,185 Cedar Lane L1, Teaneck,NJ,7666
El Camino Health,"2460 Samaritan Dr., San Jose, CA 95124",408-596-5200,"Men, Women",2460 Samaritan Dr., San Jose,CA,95124
Swan Medical,"15215 National Ave Suite 104, Los Gatos, CA 95032",(925)905-9922,"Women, Men",15215 National Ave Suite 104, Los Gatos,CA,95032
Anjali Chanana MD Inc,"15251 National Ave. #108, Los Gatos, CA 95032",(408) 358-3836,"Women, Men",15251 National Ave. #108, Los Gatos,CA,95032
Lauren De Lucia at Head 2 Toe NJ,"7617 JF Kennedy Blvd West 1st Floor, North Bergen, NJ 07047",(201) 854-1500,,7617 JF Kennedy Blvd West 1st Floor, North Bergen,NJ,7047
Lifetime Performance Medicine,"15965 Los Gatos Blvd. Ste 201, Los Gatos, CA 95032",(408) 358-1855,"Men, Women",15965 Los Gatos Blvd. Ste 201, Los Gatos,CA,95032
QuickGyno,"14107 Winchester Blvd. Ste K, Los Gatos, CA 95032",(408) 596-9006,,14107 Winchester Blvd. Ste K, Los Gatos,CA,95032
Angela Pollard MD Inc.,"700 West Parr Ave. Suite I, Los Gatos, CA 95032",408-343-8539,"Women, Men",700 West Parr Ave. Suite I, Los Gatos,CA,95032
Refined MD,"800 Pollard Rd. Bldg. A, Los Gatos, CA 95032",(408) 688-2082,"Women, Men",800 Pollard Rd. Bldg. A, Los Gatos,CA,95032
Renaissance MedSpa and Wellness Center,"46 Fox Street Suite 4, Poughkeepsie, NY 12601",845-271-7653,Women,46 Fox Street Suite 4, Poughkeepsie,NY,12601
Bijou Med Spa,"1398 Palm Bay Rd, Palm Bay, FL 32905",(321) 676-8194,"Women, Men",1398 Palm Bay Rd, Palm Bay,FL,32905
Perfusion Health,"352 7th Ave, New York, NY 10001",(516) 496-1717,,352 7th Ave, New York,NY,10001
LaBella MD Sea Grit,"1330 Laurel Ave Suite 201, Sea Grit, NJ 08750",(848) 469-8418,,1330 Laurel Ave Suite 201, Sea Grit,NJ,8750
La ViE MD Los Gatos,"652 N. Santa Cruz Ave. Ste. A, Los Gatos, CA 95032",(833) 528-4310,"Women, Men",652 N. Santa Cruz Ave. Ste. A, Los Gatos,CA,95032
Central Park Aesthetique/Central Park South OBGYN Associates,"210 Central Park South, New York, NY 10019",(917) 488-8518,"Women, Men",210 Central Park South, New York,NY,10019
Nine Medical Aesthetics,"301 Los Gatos-Saratoga Rd Suite A, Los Gatos, CA 95030",(408) 686-9772,"Women, Men",301 Los Gatos-Saratoga Rd Suite A, Los Gatos,CA,95030
Napa Valley Advanced Wellness,"1103 Trancas St Suite C, Napa, CA 94558",707-522-7723,"Women, Men",1103 Trancas St Suite C, Napa,CA,94558
Advanced Urology Centers of New York,"145 E 32nd Street, New York, NY 10016",(212) 686-9015,,145 E 32nd Street, New York,NY,10016
Juventee Medical,"1585 Palisade Ave, Fort Lee, NJ 07024",(201) 215-9092,"Women, Men",1585 Palisade Ave, Fort Lee,NJ,7024
Emelle Restorative Medicine,"103 Bond St, Brooklyn, NY 11217",718-797-0789,"Women, Men",103 Bond St, Brooklyn,NY,11217
"Mazen Hashisho, MD","3275 Aptos Rancho Rd, Aptos, CA 95003",(831) 318-0010,Women,3275 Aptos Rancho Rd, Aptos,CA,95003
Yuen Kwan Chan OB/GYN NP DBA: ReGlo aesthetic and wellness,"371 8 Th Street Garden Floor, Brooklyn, NY 11215",(917) 915-5055,Women,371 8 Th Street Garden Floor, Brooklyn,NY,11215
"Yakov Levy MD, PC","133E 58th Street Suite 1002, New York, NY 10022",212-725-5888,"Women, Men",133E 58th Street Suite 1002, New York,NY,10022
Alexander Shifrin Medical PC,"121 East 60th Street Suite 1D, New York, NY 10022",(212) 534-4707,"Men, Women",121 East 60th Street Suite 1D, New York,NY,10022
Advanced OBGYN,"629 Park Avenue, New York, NY 10065",212-744-0392,"Women, Men",629 Park Avenue, New York,NY,10065
"Radoslav Jovanovic MD and Kevin Jovanovic MD, PLLC","930 Fifth Avenue Suite 3, New York, NY 10021",(212) 249-6709,"Women, Men",930 Fifth Avenue Suite 3, New York,NY,10021
Asira Medical of Midtown,"737 Park Avenue 1st Floor, New York, NY 10021",(646) 833-0310,"Men, Women",737 Park Avenue 1st Floor, New York,NY,10021
"Yixiu Zheng, MD at Renaissance Medical","220 East 63rd Street Suite LH, New York, NY 10065",212-933-9661,"Women, Men",220 East 63rd Street Suite LH, New York,NY,10065
Mark P. Gold MD,"203 E 69th St., New York, NY 10021",(212) 288-8300,"Men, Women",203 E 69th St., New York,NY,10021
My Wellness Solutions,"2116 Frederick Douglass Blvd, New York, NY 11413",212-882-1154,"Women, Men",2116 Frederick Douglass Blvd, New York,NY,11413
"John Paciuc, MD","16 E 90th St, New York, NY 10128",(212) 737-3356,,16 E 90th St, New York,NY,10128
"Tracy M Pfeifer, MD, PLLC","1125 5th Avenue, New York, NY 10128",(212) 860-0670,"Women, Men",1125 5th Avenue, New York,NY,10128
Naturally Aesthetic,"118 E River Rd, Rumson, NJ 07760",(732) 924-6245,"Women, Men",118 E River Rd, Rumson,NJ,7760
LIAKEAS MEDICAL PC,"180 East 79th Street 1C, New York, NY 10075",212-397-0111,"Women, Men",180 East 79th Street 1C, New York,NY,10075
Carnegie Women's Health,"207 E 94th St 5th Floor Ste 503, New York, NY 10128",315-948-8056,"Women, Men",207 E 94th St 5th Floor Ste 503, New York,NY,10128
Diamond Glow Wellness Medspa,"173 Main Street, Nyack, NY 10960",(848) 308-1429,,173 Main Street, Nyack,NY,10960
Empire Medical and Rehabilitation PC,"2965 Ocean Prkw 6 floor, Brooklyn, NY 11235",(718) 750-2001,,2965 Ocean Prkw 6 floor, Brooklyn,NY,11235
"Endless Youth, LLC","527 Grand Street Ste C, Brooklyn, NY 11211",347-666-8220,"Women, Men",527 Grand Street Ste C, Brooklyn,NY,11211
Alina Sarkisyan NP in Adult Health PLLC,"1629 Sheepshead Bay Road 2nd Floor, Brooklyn, NY 11235",(718) 395-8994,"Women, Men",1629 Sheepshead Bay Road 2nd Floor, Brooklyn,NY,11235
Artful Aesthetics,"1950 Mountain Blvd Suite. 7, Piedmont, CA 94611",(510) 339-7546,"Men, Women",1950 Mountain Blvd Suite. 7, Piedmont,CA,94611
L’Esthetics Med Spa,"4915 Broadway Suite. 2E, New York, NY 10034",(917) 207-0448,"Men, Women",4915 Broadway Suite. 2E, New York,NY,10034
El Camino Health,"2495 Hospital Drive Suite 425, Mountain View, CA 94040",(650) 962-4662,Men,2495 Hospital Drive Suite 425, Mountain View,CA,94040
Country Home Family Clinic,"18151 SE Hwy 212, Damascus, OR 97089",503-658-6022,"Women, Men",18151 SE Hwy 212, Damascus,OR,97089
GlotoxMD,"2860 Pinole Road Suite. E, Pinole, CA 94564",(510) 421-5980,"Women, Men",2860 Pinole Road Suite. E, Pinole,CA,94564
Hessler Plastic Surgery,"320 Lambert Avenue, Palo Alto, CA 94306",(650) 799-9009,"Women, Men",320 Lambert Avenue, Palo Alto,CA,94306
"Health Development & Restorative Medicine, PC","1469 Beach ave, Bronx, NY 10460",(631) 682-5163,"Women, Men",1469 Beach ave, Bronx,NY,10460
"Illuminate Plastic Surgery, Inc.","101 Addison Ave, Palo Alto, CA 94301",(650) 433-8621,"Women, Men",101 Addison Ave, Palo Alto,CA,94301
Aiyana Aesthetics,"103 E Main Street Suite 3, Molalla, OR 97038",503-882-0007,"Women, Men",103 E Main Street Suite 3, Molalla,OR,97038
BioHackr,"540 Bryant St., Palo Alto, CA 94301",415-290-1304,"Men, Women",540 Bryant St., Palo Alto,CA,94301
Doctors of Northport - Elmhurst,"9406 59th Ave Suite E9, Elmhurst, NY 11373",718-699-9737,"Women, Men",9406 59th Ave Suite E9, Elmhurst,NY,11373
One Point Six Aesthetics + Wellness,"526 Soquel Ave Suite B, Santa Cruz, CA 95062",(831) 471-8276,Women,526 Soquel Ave Suite B, Santa Cruz,CA,95062
NYCBHRT,"2150 Central Park Ave Suite Suite 208, Yonkers, NY 10710",(914) 345-9349,"Men, Women",2150 Central Park Ave Suite Suite 208, Yonkers,NY,10710
Yakov Levy,"9836 Queens Blvd 5th Floor, Flushing, NY 11374",(718) 520-8700,Women,9836 Queens Blvd 5th Floor, Flushing,NY,11374
Monterey Pain & Spine,"172 El Dorado St, Monterey, CA 93940",831-901-3940,Men,172 El Dorado St, Monterey,CA,93940
Warrior Wellness,"798 Cass St. Suite 202, Monterey, CA 93940",(831) 333-6333,"Women, Men",798 Cass St. Suite 202, Monterey,CA,93940
"Terry L. Franklin, MD","1011 Cass Street #106, Monterey, CA 93940",831-647-3190,"Women, Men",1011 Cass Street #106, Monterey,CA,93940
Asira Medical & Beauty Scripts,"3505 Hill Blvd. Suite C, Yorktown Heights, NY 10958",914-613-3653,"Women, Men",3505 Hill Blvd. Suite C, Yorktown Heights,NY,10958
Hampton Health Wellness Aesthetics,"2543 Route 52, Hopewell Junction, NY 12533",(845) 243-3363,Men,2543 Route 52, Hopewell Junction,NY,12533
"Loretta Myers, FNP","1220 University Drive Suite 201, Menlo Park, CA 94025",(925) 577-8926,"Men, Women",1220 University Drive Suite 201, Menlo Park,CA,94025
Clio medical spa DBA Sue Zhou Physician PC,"92 East Main Street 1st Floor, Elmsford, NY 10523",(914) 358-5552,Women,92 East Main Street 1st Floor, Elmsford,NY,10523
Revive Health,"8150 Railroad Ave Suite A, Snoqualmie, WA 98065",(206) 486-1510,"Men, Women",8150 Railroad Ave Suite A, Snoqualmie,WA,98065
Bellatas Medical Aesthetics,"28 Clinton St., Saratoga Springs, NY 12866",(518) 306-6197,"Women, Men",28 Clinton St., Saratoga Springs,NY,12866
Advanced Women Health OB/GYN Services,"133-47 Sanford Ave Sanford Tower Suite 1B, Flushing, NY 11355",718-661-6630,"Women, Men",133-47 Sanford Ave Sanford Tower Suite 1B, Flushing,NY,11355
Ehden Medical Aesthetics,"622 New Loudon Rd., Latham, NY 12110",518-244-3558,"Women, Men",622 New Loudon Rd., Latham,NY,12110
Rise Carmel,"26365 Carmel Ranch Blvd. Suite F, Carmel, CA 93923",831-623-8200,"Women, Men",26365 Carmel Ranch Blvd. Suite F, Carmel,CA,93923
401 Age Medicine,"401 Columbus Ave Lower level, Valhalla, NY 10595",914-347-0162,"Women, Men",401 Columbus Ave Lower level, Valhalla,NY,10595
APP Health Group Inc.,"175 Memorial Highway Suite LL-7, New Rochelle, NY 10801",(212) 707-8662,"Women, Men",175 Memorial Highway Suite LL-7, New Rochelle,NY,10801
Silicon Valley Hair Institute,"1241 E. Hillsdale Blvd Ste 190, Foster City, CA 94404",(650) 638-1226,"Women, Men",1241 E. Hillsdale Blvd Ste 190, Foster City,CA,94404
Pyaar & Shanti Medical & Wellness Clinic LLC,"712 Main Street Ste. A, Buckley, WA 98321",(253) 569-4489,"Women, Men",712 Main Street Ste. A, Buckley,WA,98321
Premier Aesthetic Dermatology,"378 El Camino Real, San Carlos, CA 94070",(650) 262-1504,Women,378 El Camino Real, San Carlos,CA,94070
Briones Medical Weightloss,"666 Lexington Ave Suite 207A, Mount Kisco, NY 10549",(914) 241-6249,"Women, Men",666 Lexington Ave Suite 207A, Mount Kisco,NY,10549
Thrive Wellness and Aesthetics LLC,"666 Lexington Ave Suite 100, Mt. Kisco, NY 10549",914-215-1616,"Women, Men",666 Lexington Ave Suite 100, Mt. Kisco,NY,10549
Moonstone Medical Group,"11504 NE 119th St Ste 100, Vancouver, WA 98662",360-326-3171,"Women, Men",11504 NE 119th St Ste 100, Vancouver,WA,98662
Beauty Body Weight Loss Clinic LLC,"1443 Del Prado Blvd S, Cape Coral, FL 33990",(786) 434-9339,"Men, Women",1443 Del Prado Blvd S, Cape Coral,FL,33990
Giana Medical Center Hispana,"13240 N Cleveland Ave Suite 2, Fort Myers, FL 33903",(239) 599-4986,,13240 N Cleveland Ave Suite 2, Fort Myers,FL,33903
"The Hourglass Restorative Medicine and Aesthetics, LLC","2323 Del Prado Blvd S; Suite 7, Cape Coral, FL 33990",(239) 471-7778,"Women, Men",2323 Del Prado Blvd S; Suite 7, Cape Coral,FL,33990
Neary Naturopathic,"33405 US 2, Sultan, WA 98294",360-863-3135,"Men, Women",33405 US 2, Sultan,WA,98294
"Bove Spa & Wellness, LLC","366 Route 202, Somers, NY 10589",914-276-2200,"Women, Men",366 Route 202, Somers,NY,10589
Kyrenia MD Aesthetics Medicine,"506 SE 47TH TER STE B, CAPE CORAL, FL 33904",7865026028,"Women, Men",506 SE 47TH TER STE B, CAPE CORAL,FL,33904
Esthetics Wellness International LLC,"1021B Cape Coral Pkwy East, Cape Coral, FL 33904",(239) 699-6910,"Women, Men",1021B Cape Coral Pkwy East, Cape Coral,FL,33904
Advanced Urology Centers of New York,"535 PLANDOME RD, MANHASSET, NY 11030",516-833-1301,"Men, Women",535 PLANDOME RD, MANHASSET,NY,11030
"E. Jacob Simhaee, M.D., FACOG","1201 Northern Blvd Suite 300, Manhasset, NY 11030",516-365-6167,"Women, Men",1201 Northern Blvd Suite 300, Manhasset,NY,11030
Best Care Community and Family Health Center,"3049 Cleveland Ave Suite 110, Ft. Myers, FL 33901",239-332-0407,"Women, Men",3049 Cleveland Ave Suite 110, Ft. Myers,FL,33901
Christina Youngren,"1819 Union Street, San Francisco, CA 94123",(415) 754-7576,"Women, Men",1819 Union Street, San Francisco,CA,94123
BioHackr,"1877 Union Street, San Francisco, CA 94123",415-290-1304,"Women, Men",1877 Union Street, San Francisco,CA,94123
Zarè Medical Naturopathic Group,"2087 Union Street Suite 1, San Francisco, CA 94123",(415) 766-7266,"Women, Men",2087 Union Street Suite 1, San Francisco,CA,94123
Serenity Aesthetics & Wellness,"1720 EL CAMINO REAL #160, Burlingame, CA 94010",(650) 887-7777,Women,1720 EL CAMINO REAL #160, Burlingame,CA,94010
Style Aesthetics,"1125 NW 9th Avenue, Portland, OR 97209",(503) 303-8313,"Women, Men",1125 NW 9th Avenue, Portland,OR,97209
"Dr. Noe King, Integrative Womens Healthcare","4039 N. Mississippi Ave Suite 303, Portland, OR 97227",(971) 327-8338,,4039 N. Mississippi Ave Suite 303, Portland,OR,97227
Pearl Women's Center,"140 NW 14th Ave, Portland, OR 97209",503-771-1883,"Women, Men",140 NW 14th Ave, Portland,OR,97209
Mercure,"317 Noe St., San Francisco, CA 94114",(415) 599-8456,Women,317 Noe St., San Francisco,CA,94114
Selfishly Aesthetics and Wellness,"1728 Divisadero St, San Francisco, CA 94115",(415) 599-8456,,1728 Divisadero St, San Francisco,CA,94115
Cardinal Clinic P.S.,"200 Center St W, Eatonville, WA 98328",(253) 237-3136,"Women, Men",200 Center St W, Eatonville,WA,98328
Fort Myers DPC,"4755 Summerlin Rd Suite. 7, Fort Myers, FL 33919",239-313-7030,"Women, Men",4755 Summerlin Rd Suite. 7, Fort Myers,FL,33919
Rainier Natural Health Clinic,"20119 S Prairie Rd E, Bonney Lake, WA 98391",360-829-1838,"Women, Men",20119 S Prairie Rd E, Bonney Lake,WA,98391
Elite Tanning and Spa,"10501 NE HWY99 Suite #9, Vancouver, WA 98686",360-947-2120,"Women, Men",10501 NE HWY99 Suite #9, Vancouver,WA,98686
Root Whole Body,"2122 NW Quimby, Portland, OR 97210",971-256-3770,"Men, Women",2122 NW Quimby, Portland,OR,97210
Balanced Health and Wellness Long Beach,"917 W Beech St, Long Beach, NY 11561",(516) 689-7580,"Men, Women",917 W Beech St, Long Beach,NY,11561
Nuance Medspa,"628 NE 81st Street Unit. 10, Vancouver, WA 98665",360-713-1614,"Women, Men",628 NE 81st Street Unit. 10, Vancouver,WA,98665
Naturomedica,"1220 10th Ave NE, Issaquah, WA 98029",(425) 557-8900,"Women, Men",1220 10th Ave NE, Issaquah,WA,98029
Flawless Aesthetics,"8655 SW Citizens Dr #102, Wilsonville, OR 97070",(503) 616-9429,"Women, Men",8655 SW Citizens Dr #102, Wilsonville,OR,97070
Face It The Botox Bar,"12424 Brantley Commons Ct., Ft. Myers, FL 33907",239-322-3815,"Women, Men",12424 Brantley Commons Ct., Ft. Myers,FL,33907
Absolute Wellness Clinic,"465 Rainier Blvd N Suite A, Issaquah, WA 98027",425-392-5321,"Women, Men",465 Rainier Blvd N Suite A, Issaquah,WA,98027
Attune Med Spa,"45 Greenwich Avenue, Greenwich, CT 06830",(203) 489-3118,,45 Greenwich Avenue, Greenwich,CT,6830
Aromance Institute,"1 Harbor Drive Suite 300, Sausalito, CA 94965",(760) 284-4493,Women,1 Harbor Drive Suite 300, Sausalito,CA,94965
Morpheus Medical Aesthetics  - Larkspur,"190 Donahue St. STE 20, Sausalito, CA 94965",(415) 924-1330,"Men, Women",190 Donahue St. STE 20, Sausalito,CA,94965
Face It Botox Bar - Fort Myers 6 Mile,"9347 Ben C Pratt/6 Mile Cypress PKWY, Fort Myers, FL 33966",(239) 372-6829,"Women, Men",9347 Ben C Pratt/6 Mile Cypress PKWY, Fort Myers,FL,33966
Gail Humble MD,"655 REDWOOD HWY FRONTAGE RD STE 160, Mill Valley, CA 94941",(415) 400-5447,"Women, Men",655 REDWOOD HWY FRONTAGE RD STE 160, Mill Valley,CA,94941
California Advanced Aesthetics,"1000 S Eliseo Dr 103, Greenbrae, CA 94904",(415) 461-9770,"Women, Men",1000 S Eliseo Dr 103, Greenbrae,CA,94904
Advanced Urology Center of New York,"1305 Franklin Ave, Garden City, NY 11530",(516) 746-5550,"Women, Men",1305 Franklin Ave, Garden City,NY,11530
IVitality,"1315 Mall St Suite 5, Issaquah, WA 98027",206-707-9588,"Men, Women",1315 Mall St Suite 5, Issaquah,WA,98027
The Jade Key LLC,"1320 NW Mall St. Suite A-2, Issaquah, WA 98027",(623) 692-8771,"Men, Women",1320 NW Mall St. Suite A-2, Issaquah,WA,98027
Novare Medical and Wellness Ft Myers,"15880 Summerlin Road Suite 114, Ft. Myers, FL 33908",(239) 579-4444,,15880 Summerlin Road Suite 114, Ft. Myers,FL,33908
Vita Ageless Medical Aesthetics,"565 Cedar Swamp Road, Glen Head, NY 11545",(516) 626-6800,"Men, Women",565 Cedar Swamp Road, Glen Head,NY,11545
Zoyya Aesthetics,"400 Garden City Plz Ste 107, Garden City, NY 11530",(917) 345-9408,,400 Garden City Plz Ste 107, Garden City,NY,11530
Premier MD Care,"13831 Metropolis Ave., Fort Myers, FL 33912",239-466-6855,"Women, Men",13831 Metropolis Ave., Fort Myers,FL,33912
Key Laser Institute,"9755 SW Barnes Rd. Ste 155, Portland, OR 97225",503-291-1953,"Women, Men",9755 SW Barnes Rd. Ste 155, Portland,OR,97225
Suma Life House,"146 Sound Beach Avenue, Old Greenwich, CT 06870",(415) 577-7413,"Men, Women",146 Sound Beach Avenue, Old Greenwich,CT,6870
Jaruda Aesthetics,"210 Eureka Sq, Pacifica, CA 94044",(628) 202-6088,"Women, Men",210 Eureka Sq, Pacifica,CA,94044
Attune Med Spa,"1018 High Ridge Road, Stamford, CT 06905",(203) 973-7829,"Women, Men",1018 High Ridge Road, Stamford,CT,6905
Young Skin,"123 High Ridge Road, Stamford, CT 06905",(475) 400-9455,,123 High Ridge Road, Stamford,CT,6905
Morpheus Medical Aesthetics,"2800 Cleveland Ave Suite. A, Santa rosa, CA 95403",(707) 921-7447,"Men, Women",2800 Cleveland Ave Suite. A, Santa rosa,CA,95403
Ultimate Solutions Medical Spa,"1767 Summer Street, Stamford, CT 06905",203-662-9602,"Women, Men",1767 Summer Street, Stamford,CT,6905
Skin Lab by NicholsMD,"24 Habor Point Rd, Stamford, CT 06902",(203) 862-4006,,24 Habor Point Rd, Stamford,CT,6902
The Spa by Horizon View,"201 15th Ave SW Suite D, Puyallup, WA 98371",(253) 268-3345,"Women, Men",201 15th Ave SW Suite D, Puyallup,WA,98371
Trinity Family Medical Clinic,"610 S. Meridian, Puyallup, WA 98371",(253) 881-1844,"Women, Men",610 S. Meridian, Puyallup,WA,98371
Medical esthetics and wellness,"68 W Main St., Oyster Bay, NY 11771",516-922-1511,"Women, Men",68 W Main St., Oyster Bay,NY,11771
Best Care Community and Family Health Center LEHIGH ACRES,"2718 Lee Blvd Suite B, Lehigh Arces, FL 33971",(239) 288-0840,"Women, Men",2718 Lee Blvd Suite B, Lehigh Arces,FL,33971
"Amy Bruner, MD LLC","1975 NW 167th PL, Beaverton, OR 97006",971-347-3192,"Women, Men",1975 NW 167th PL, Beaverton,OR,97006
Bespoke Medesthetics,"366 N Broadway Suite PH6, Jericho, NY 11753",(516) 916-5899,,366 N Broadway Suite PH6, Jericho,NY,11753
SageMed,"12600 SE 38th Street Suite 130, Bellevue, WA 98006",425-679-6056,"Women, Men",12600 SE 38th Street Suite 130, Bellevue,WA,98006
Perfusion Health,"2570 Merrick Road, Bellmore, NY 11710",(516) 496-1717,Women,2570 Merrick Road, Bellmore,NY,11710
Bariclip  MX,"Blvd Bernardo Quintana #4195 Alamos 3a, Santiago Queretaro, QT 76160",(555) 246-9747,"Men, Women",Blvd Bernardo Quintana #4195 Alamos 3a, Santiago Queretaro,QT,76160
NOVARE MEDICAL AND WELLNESS,"25 Homestead Rd N #5, Lehigh Acres, FL 33936",(239) 579-4444,Men,25 Homestead Rd N #5, Lehigh Acres,FL,33936
Refined Medical and Aesthetics,"606 120th Ave NE Ste D204, Bellevue, WA 98005",(206) 619-0565,"Men, Women",606 120th Ave NE Ste D204, Bellevue,WA,98005
Premier Womens Health,"40 crossways park drive Suite 101, Woodbury, NY 11797",516-496-3900,"Women, Men",40 crossways park drive Suite 101, Woodbury,NY,11797
La Belle Vie Cosmetic Surgery Center,"16400 Southcenter Pkwy Suite # 100, Tukwila, WA 98188",(206) 575-0300,"Women, Men",16400 Southcenter Pkwy Suite # 100, Tukwila,WA,98188
The Natural Path to Healing,"18530 156th Ave NE, Woodinville, WA 98072",(704) 577-1532,,18530 156th Ave NE, Woodinville,WA,98072
BeStrong Direct Primary Care,"1328 Liberty St SE, Salem, OR 97302",(503) 436-6994,,1328 Liberty St SE, Salem,OR,97302
Aiyana Aesthetics,"120 commercial St. NE suite 350, Salem, OR 97301",(503) 882-0007,Women,120 commercial St. NE suite 350, Salem,OR,97301
Salem Women's Clinic,"1395 Liberty St. SE, Salem, OR 97302",(503) 399-2444,"Women, Men",1395 Liberty St. SE, Salem,OR,97302
"Bella Rose MediSpa, LLC","1395 Liberty Street SE, Salem, OR 97302",503-585-7673,"Men, Women",1395 Liberty Street SE, Salem,OR,97302
Neaman Plastic Surgery MediSpa,"1430 Commercial St SE, Salem, OR 97302",(503) 364-5033,"Women, Men",1430 Commercial St SE, Salem,OR,97302
Heart & Health Medical,"1070 Old Country Road, Plainview, NY 11803",516-364-8600,"Women, Men",1070 Old Country Road, Plainview,NY,11803
Naqi Medical Spa & Wellness,"265 Danbury Road, Wilton, CT 06897",475-455-2020,,265 Danbury Road, Wilton,CT,6897
Vitra Aesthetics Clinic,"20 Hicksville Road, Massapequa, NY 11758",(631) 662-7880,,20 Hicksville Road, Massapequa,NY,11758
Face it Botox Bar- Estero,"21401 Corkscrew Village Ln Ste. 3, Estero, FL 33928",(239) 688-2899,"Women, Men",21401 Corkscrew Village Ln Ste. 3, Estero,FL,33928
Luminessence Inc,"9250 Corkscrew Road Suite 15, Estero, FL 33928",(239) 351-5663,"Men, Women",9250 Corkscrew Road Suite 15, Estero,FL,33928
"Lisa Topham RN, LLC","57 Danbury Rd Ste 103, Wilton, CT 06897",(203) 501-3130,Women,57 Danbury Rd Ste 103, Wilton,CT,6897
Blue Lotus Medical Wellness,"245 Conklin Street, Farmingdale, NY 11735",(917) 589-5109,,245 Conklin Street, Farmingdale,NY,11735
Divine Naturopathic Clinic,"1715 Market St, Kirkland, WA 98033",425-785 1913,"Women, Men",1715 Market St, Kirkland,WA,98033
A Greater Whole,"11702 98th Ave NE Ste. 108, Kirkland, WA 98034",(425) 375-1245,,11702 98th Ave NE Ste. 108, Kirkland,WA,98034
Endocrinology Institute of South FL,"22904 Lyden Dr Ste 106, Estero, FL 33928",(239) 799-1102,"Men, Women",22904 Lyden Dr Ste 106, Estero,FL,33928
Women's Health Center of Southern Oregon,"1075 SW Grandview Ave Suite 200, Grants Pass, OR 97527",541-479-8363,"Women, Men",1075 SW Grandview Ave Suite 200, Grants Pass,OR,97527
Northshore Health,"12900 NE 180th St Suite. 100, Bothell, WA 98011",(425) 424-2101,"Men, Women",12900 NE 180th St Suite. 100, Bothell,WA,98011
Optimal BioHealth,"10024 Main Street Suite. 2C, Bothell, WA 98011",(425) 485-1413,"Women, Men",10024 Main Street Suite. 2C, Bothell,WA,98011
MakSportsMD,"19110 Bothell Way NE Suite 102, Bothell, WA 98011",(425) 286-8271,"Men, Women",19110 Bothell Way NE Suite 102, Bothell,WA,98011
White Orchid Spa,"3500 Ocean Drive, Vero Beach, FL 32963",(772) 210-3808,"Women, Men",3500 Ocean Drive, Vero Beach,FL,32963
Raymond Duong MD PA,"370 17th St., Vero Beach, FL 32960",772-770-3859,"Women, Men",370 17th St., Vero Beach,FL,32960
"Lynnette Allen Adult Care, NP, PC","734 Walt Whitman Rd Suite 101, Melville, NY 11747",516-294-6200,"Women, Men",734 Walt Whitman Rd Suite 101, Melville,NY,11747
Ophir Aesthetics,"9506 4th St NE, Lake Stevens, WA 98258",(425) 328-9863,"Men, Women",9506 4th St NE, Lake Stevens,WA,98258
Vitra Aesthetics Clinic,"192 E. Main St., Huntington, NY 11743",(631) 662-7880,,192 E. Main St., Huntington,NY,11743
Millenia Medical Center,"4826 Tacoma Mall Blvd, Tacoma, WA 98409",(253) 267-5086,"Women, Men",4826 Tacoma Mall Blvd, Tacoma,WA,98409
Bastyr Center for Natural Health,"14500 JUANITA DR NE, KENMORE, WA 98028",(206) 834-4100,"Men, Women",14500 JUANITA DR NE, KENMORE,WA,98028
Westport MediSpa,"32 Imperial Ave, Westport, CT 06880",203-227-5437,"Women, Men",32 Imperial Ave, Westport,CT,6880
"Institute of Complementary Medicine, PLLC","1600 E. Jefferson St. Ste. 603, Seattle, WA 98122",(206) 726-0034,"Women, Men",1600 E. Jefferson St. Ste. 603, Seattle,WA,98122
Holistic Health,"1530 S Union Ave Ste. 4, Tacoma, WA 98405",(253) 752-2558,"Women, Men",1530 S Union Ave Ste. 4, Tacoma,WA,98405
Doctors Care,"290 E Sunrise Hwy, Lindenhurst, NY 11757",631-226-3600,"Men, Women",290 E Sunrise Hwy, Lindenhurst,NY,11757
Modern Dose,"290 E Sunrise Hwy Suite A, Lindenhurst, NY 11757",(631) 429-3673,"Women, Men",290 E Sunrise Hwy Suite A, Lindenhurst,NY,11757
Full Spectrum Face and Body,"4141 6th Ave Ste A, Tacoma, WA 98406",(253) 260-7060,"Women, Men",4141 6th Ave Ste A, Tacoma,WA,98406
Elevated Natural Health,"1500 Westlake Ave N Suite 120, Seattle, WA 98109",206-566-7225,"Women, Men",1500 Westlake Ave N Suite 120, Seattle,WA,98109
Doctors of Northport,"320 Laurel Rd., Northport, NY 11768",631-261-0158,"Women, Men",320 Laurel Rd., Northport,NY,11768
FACE Medical Aesthetics,"1919 North Pearl Street Suite A-2, Tacoma, WA 98406",(253) 328-4060,"Women, Men",1919 North Pearl Street Suite A-2, Tacoma,WA,98406
Dolce Vida Medical Spa,"1799 Post Road East, Westport, CT 06880",203-513-8457,"Women, Men",1799 Post Road East, Westport,CT,6880
MD Esthetics Pittsfield,"75 North Street, Pittsfield, MA 02101",(413) 441-8453,"Men, Women",75 North Street, Pittsfield,MA,2101
Meridian Medicine,"2111 N. Northgate Way 201, Seattle, WA 98133",(206) 525-8015,"Men, Women",2111 N. Northgate Way 201, Seattle,WA,98133
Holistic Gynecology and Women's Health,"9 Grist Mill Lane, Westport, CT 06880",(203) 226-7722,"Men, Women",9 Grist Mill Lane, Westport,CT,6880
Bliss Health & Wellness,"19105 36TH AVE W Suite 206, Lynwood, WA 98036",(425) 553-6485,"Women, Men",19105 36TH AVE W Suite 206, Lynwood,WA,98036
Dawn Perisa Psychiatry NP PC,"36 Harley Ave, East Northport, NY 11731",(631) 662-6161,"Women, Men",36 Harley Ave, East Northport,NY,11731
Medical Aesthetics,"7406 27th St W Ste 8, University Place, WA 98466",2535008423,"Women, Men",7406 27th St W Ste 8, University Place,WA,98466
Evolution Health Berkshires,"17 Main St. Suite B3, Lee, MA 01238",(413) 248-6331,"Women, Men",17 Main St. Suite B3, Lee,MA,1238
North Country Medispa LLC,"37 Boynton Ave Ste. 1, Plattsburgh, NY 129011",(315) 265-7400,"Women, Men",37 Boynton Ave Ste. 1, Plattsburgh,NY,129011
Connect Primary Care,"19234 40th AVE W STE B, Lynwood, WA 98037",(425) 606-0022,"Women, Men",19234 40th AVE W STE B, Lynwood,WA,98037
Clinique Printemps - Dr. Eva Chadnova Inc,"5025 Sherbrooke West Office 425 B, Montreal, QC H4A1S9",514-419-2629,"Women, Men",5025 Sherbrooke West Office 425 B, Montreal,QC,H4A1S9
Revive Wellness and Medical Aesthetics,"1146 Commerce Ave, Longview, WA 98632",360-425-7712,"Women, Men",1146 Commerce Ave, Longview,WA,98632
Lemondrop Aesthetics,"1339 Commerce Ave Suite 314, Longview, WA 98632",(360) 560-1616,"Women, Men",1339 Commerce Ave Suite 314, Longview,WA,98632
"BioDesign Medical, LLC","8965 Tamiami Trail North Unit 74, Naples, FL 34108",(239) 322-8723,"Women, Men",8965 Tamiami Trail North Unit 74, Naples,FL,34108
A Woman's Place,"1660 Medical Blvd. Suite 300, Naples, FL 34110",(239) 513-0053,"Women, Men",1660 Medical Blvd. Suite 300, Naples,FL,34110
Premier Medical Concierge,"9655 Tamiami Trail N Suite. 202, Naples, FL 34108",(239) 631-6780,"Women, Men",9655 Tamiami Trail N Suite. 202, Naples,FL,34108
NicholsMD of Greenwich,"1215 Post Rd, Fairfield, CT 06830",(203) 862-4009,Women,1215 Post Rd, Fairfield,CT,6830
A Family Healing Center,"829 NE Hwy 99W, McMinnville, OR 97128",503-883-0333,"Women, Men",829 NE Hwy 99W, McMinnville,OR,97128
All About You Medical Spa: Christine Gould MD,"79 S Benson Road, Fairfield, CT 06824",203-816-0067,"Women, Men",79 S Benson Road, Fairfield,CT,6824
Essential Wellness,"3204 Smokey Point Dr. 102, Arlington, WA 98223",(360) 436-6303,"Women, Men",3204 Smokey Point Dr. 102, Arlington,WA,98223
My Care Clinic,"1201 Piper Blvd Suite 25, Naples, FL 34110",(239) 631-8141,"Men, Women",1201 Piper Blvd Suite 25, Naples,FL,34110
Dolce Vida Medical Spa,"140 Monroe Turnpike Suite D, Trumbull, CT 06611",(203) 513-8457,"Women, Men",140 Monroe Turnpike Suite D, Trumbull,CT,6611
Hagen Health & Absolute Aesthetics,"700 3rd st, Mukliteo, WA 98278",(425) 405-2014,"Women, Men",700 3rd st, Mukliteo,WA,98278
Dr. Sarita Dorschug,"652 Suffolk Ave Suite. 208, Brentwood, NY 11717",(631) 231-3535,"Women, Men",652 Suffolk Ave Suite. 208, Brentwood,NY,11717
Renew Medical WA,"190 W Dayton St Ste 204, Edmonds, WA 98020",(206) 880-1407,"Women, Men",190 W Dayton St Ste 204, Edmonds,WA,98020
Sisu Health,"9916 Peacock Hill Bldg A, Gig Harbor, WA 98332",253-549-9216,"Women, Men",9916 Peacock Hill Bldg A, Gig Harbor,WA,98332
"Integrative Direct Primary Care, Inc","4760 Tamiami Trl N Suite 26, Naples, FL 34103",(239) 350-4900,"Men, Women",4760 Tamiami Trl N Suite 26, Naples,FL,34103
Gig Harbor Medical Spa,"11515 Burnham Dr NW, Gig Harbor, WA 98332",253-649-3916,"Women, Men",11515 Burnham Dr NW, Gig Harbor,WA,98332
The Wellness Lab,"2500 Tamiami Trl N, Naples, FL 34103",(239) 682-8177,"Men, Women",2500 Tamiami Trl N, Naples,FL,34103
Omni Medical 360 PLLC,"100 Maple Ave, Smithtown, NY 11787",631-364-1700,Women,100 Maple Ave, Smithtown,NY,11787
"Adolescente & Women Medical Care, Corp","550 SmithTown BYP ste 108, Smithtown, NY 11787",631-587-2500,"Women, Men",550 SmithTown BYP ste 108, Smithtown,NY,11787
RediscoverdU,"325 Tormey Ln NE Ste. 141, Bainbridge Island, WA 98110",(360) 994-0565,"Women, Men",325 Tormey Ln NE Ste. 141, Bainbridge Island,WA,98110
Vitra Aesthetics Clinic,"87 Route 111, Smithtown, NY 11787",(631) 662-7880,"Women, Men",87 Route 111, Smithtown,NY,11787
Well Infused,"7273 Vanderbilt Beach Rd, Naples, FL 34119",(317) 900-1633,"Women, Men",7273 Vanderbilt Beach Rd, Naples,FL,34119
Atlas Premier Health NY LLC,"1747 Veterans Hwy #48, Islandia, NY 11749",(631) 506-1003,"Women, Men",1747 Veterans Hwy #48, Islandia,NY,11749
YOUnique Health and Wellness LLC,"501 Goodlette Frank Rd N B100, Naples, FL 34102",239-260-3880,"Women, Men",501 Goodlette Frank Rd N B100, Naples,FL,34102
Steinberg Urology,"110 Rue du Lux Bureau 520, Brossard, QC J4Y0E2",(438) 801-5095,,110 Rue du Lux Bureau 520, Brossard,QC,J4Y0E2
Lee Forest,"2184 Main St., Stratford, CT 06615",203-378-9002,"Women, Men",2184 Main St., Stratford,CT,6615
Bella Aesthetic Medical & Wellness,"2369 Davis Bvld, Naples, FL 34104",(561) 317-2926,Women,2369 Davis Bvld, Naples,FL,34104
Lee Plastic Surgery & Medical Spa,"220 NW Peacock Blvd, Port Saint Lucie, FL 34986",(772) 878-8885,"Women, Men",220 NW Peacock Blvd, Port Saint Lucie,FL,34986
Pêche Medical + Wellness,"47 Maple St Suite 303, Burlington, VT 05401",(802) 304-9570,Women,47 Maple St Suite 303, Burlington,VT,5401
Bare Medical Spa & Laser Center,"100 Bank Street, Burlington, VT 05401",(802) 861-2273,"Women, Men",100 Bank Street, Burlington,VT,5401
The Manette Clinic,"1100 Wheaton Way Suite F, Bremerton, WA 98310",(360) 621-1104,"Women, Men",1100 Wheaton Way Suite F, Bremerton,WA,98310
Best Care Community Health Center - Immokalee,"214 S 1st St., Immokalee, FL 34142",(239) 867-4568,"Women, Men",214 S 1st St., Immokalee,FL,34142
Better Body Healing,"1624 S. Gold St., Centralia, WA 98531",(360) 880-0457,"Women, Men",1624 S. Gold St., Centralia,WA,98531
Stanwood Integrative Medicine,"7206 267th St NW Suite 102, Stanwood, WA 98292",(360) 629-2222,"Women, Men",7206 267th St NW Suite 102, Stanwood,WA,98292
"Rainier Health Partners, PLLP","3624 Ensign Rd NE Suite D, Olympia, WA 98506",(360) 763-5716,Women,3624 Ensign Rd NE Suite D, Olympia,WA,98506
Dra. Alexandra M. Ortiz Oramas,"Torre Medica San Lucas Oficina 704, Ponce, PR 00716",787-812-7527,"Women, Men",Torre Medica San Lucas Oficina 704, Ponce,PR,716
Ascend Healthcare,"9220 Ridgetop Blvd. NW Ste. 100, Silverdale, WA 98383",(775) 233-6664,"Women, Men",9220 Ridgetop Blvd. NW Ste. 100, Silverdale,WA,98383
Elite Health & Wellness Center,"8980 S US Highway 1 Suite 106, Port St Lucie, FL 34952",772-777-8233,"Women, Men",8980 S US Highway 1 Suite 106, Port St Lucie,FL,34952
Admire Medical Aesthetics,"3100 Northwest Bucklin Hill Road 201, Silverdale, WA 98383",(360) 271-9712,"Women, Men",3100 Northwest Bucklin Hill Road 201, Silverdale,WA,98383
Naturopathic Health Center,"2625 Parkmont Ln SW, Olympia, WA 98502",(360) 878-8735,"Women, Men",2625 Parkmont Ln SW, Olympia,WA,98502
Kirra Health,"848 N Sunrise Blvd Suite 204, Camano Island, WA 98282",(360) 300-4740,"Women, Men",848 N Sunrise Blvd Suite 204, Camano Island,WA,98282
Confidia Health Institute,"508 Birch Street, Bristol, CT 06010",(860) 378-2891,"Men, Women",508 Birch Street, Bristol,CT,6010
Confidia Health Institute,"710 Main Street Building 4, Plantsville, CT 06479",860-378-2891,"Women, Men",710 Main Street Building 4, Plantsville,CT,6479
A Better Solution,"1089 N. Collier Blvd Unit 423, Marco Island, FL 34145",(239) 444-8253,"Women, Men",1089 N. Collier Blvd Unit 423, Marco Island,FL,34145
Broadway Medical Group LLC,"2 Broadway , North Haven, CT 06473",203-234-6500,"Women, Men",2 Broadway , North Haven,CT,6473
Stuart Aesthetic,"400 SE Osceola Street Suite. 2, Stuart, FL 34994",(772) 631-0382,"Women, Men",400 SE Osceola Street Suite. 2, Stuart,FL,34994
NP Anywhere,"3471 SW Palm City School Ave Suite # 8, Palm City, FL 34990",772-241-1100,"Men, Women",3471 SW Palm City School Ave Suite # 8, Palm City,FL,34990
Dra. Marisol Trujillo Santana,"Hospital Real San José de Valle Real Av Central Guillermo Gonzalez Camarena 911 poniente, Zapopan, JA 45136",52 3324128828,"Men, Women",Hospital Real San José de Valle Real Av Central Guillermo Gonzalez Camarena 911 poniente, Zapopan,JA,45136
Treasure Coast Bioidentical Institute,"2181 SE Ocean Blvd, Stuart, FL 34996",772-220-8766,"Women, Men",2181 SE Ocean Blvd, Stuart,FL,34996
McKay Dermatology and Medspa,"969 SE Central Pkwy, Stuart, FL 34994",(772) 283-0109,"Women, Men",969 SE Central Pkwy, Stuart,FL,34994
"Athena Med Spa, LLC","903 SE Monterey Commons Blvd, Stuart, FL 34996",(772) 266-5003,"Women, Men",903 SE Monterey Commons Blvd, Stuart,FL,34996
Balanced health and wellness,"6241 Rte. 25A, Wading River, NY 11792",(631) 886-1500,"Women, Men",6241 Rte. 25A, Wading River,NY,11792
Cedar Male Medical,"1201 13th St suite 102, Bellingham, WA 98225",(206) 707-9588,"Women, Men",1201 13th St suite 102, Bellingham,WA,98225
Tracy Pfeifer,"25 Montauk HWY, Quogue, NY 11959",631-653-6112,"Women, Men",25 Montauk HWY, Quogue,NY,11959
Bay Area Custom Health Solutions,"470 Highland Ave Suite #1, Coos Bay, OR 97420",5414358200,"Women, Men",470 Highland Ave Suite #1, Coos Bay,OR,97420
Renu Progressive Medicine,"35900 7th St., Nehalem, OR 97130",(800) 277-0117,"Women, Men",35900 7th St., Nehalem,OR,97130
Cali Medspa,"380 Main St, Wilbraham, MA 01095",(413) 279-3939,"Women, Men",380 Main St, Wilbraham,MA,1095
Beyond Hormones,"2151 S Alternate A1A Ste 1400, Jupiter, FL 33477-3901",(561) 877-5957,"Women, Men",2151 S Alternate A1A Ste 1400, Jupiter,FL,33477-3901
Concierge Internal Medicine Associates,"600 University Blvd. Ste 104, Jupiter, FL 33458",(561) 295-5024,"Men, Women",600 University Blvd. Ste 104, Jupiter,FL,33458
Jupiter Family Healthcare,"4600 Military Trail suite 115, Jupiter, FL 33458",561-776-5252,"Women, Men",4600 Military Trail suite 115, Jupiter,FL,33458
"Litt & Kaufman, MD","550 Heritage Drive Suite 203, Jupiter, FL 33458",561-354-1515,"Women, Men",550 Heritage Drive Suite 203, Jupiter,FL,33458
ESCRIBA MEDICAL GROUP LLC,"11925 Southern Blvd Suite 3, Royal Palm Beach, FL 33411",(561) 408-3437,"Men, Women",11925 Southern Blvd Suite 3, Royal Palm Beach,FL,33411
DCSI Wellness LLC,"12788 Forest Hill Blvd Ste. 1004, Wellington, FL 33414",561-246-1791,"Women, Men",12788 Forest Hill Blvd Ste. 1004, Wellington,FL,33414
Vitality by Dr Bago,"1037 S State Road 7 #115, Wellington, FL 33414",561-798-8300,"Men, Women",1037 S State Road 7 #115, Wellington,FL,33414
Athena Medspa & Salon - WPB,"701 S. Olive Ave Suite. 112, West Palm Beach, FL 33401",(561) 833-7611,"Men, Women",701 S. Olive Ave Suite. 112, West Palm Beach,FL,33401
My Doc Women’s Health Specialist,"8756 Boynton Beach Blvd Suite. 2400, Boynton Beach, FL 33472",(561) 295-9664,"Women, Men",8756 Boynton Beach Blvd Suite. 2400, Boynton Beach,FL,33472
"Tumminia Internal Medicine, PA","10301 Hagen Ranch Rd Suite B6, Boynton Beach, FL 33437",561-498-8891,"Men, Women",10301 Hagen Ranch Rd Suite B6, Boynton Beach,FL,33437
Dra Marianne Reynaud Valenzuela,"Peña y Peña Oriente #612, Morelia, MI 58260",+ 52 4433391411,Men,Peña y Peña Oriente #612, Morelia,MI,58260
Dr. Bland Chamberlain,"Calle 20 Suite 281 X33 Y79 Colonia Montes de Ame, Merida, YU 97115",(713) 301-9330,"Women, Men",Calle 20 Suite 281 X33 Y79 Colonia Montes de Ame, Merida,YU,97115
Boca Babes OBGYN 2,"625 Casa Loma Blvd Suite # 102, Boynton, FL 33435",(561) 413-2832,"Women, Men",625 Casa Loma Blvd Suite # 102, Boynton,FL,33435
White Onyx Med PLLC,"354 Main St. Unit 5, Gardner, MA 01440",(978) 893-8431,"Women, Men",354 Main St. Unit 5, Gardner,MA,1440
Dominik Chrzan MD,"9325 Glades Rd Suite 105, Boca Raton, FL 33434",(561) 430-3599,"Women, Men",9325 Glades Rd Suite 105, Boca Raton,FL,33434
"Dominik Chrzan, MD","9325 GLADES RD STE 107, Boca Raton, FL 33434",(561) 430-3599,"Women, Men",9325 GLADES RD STE 107, Boca Raton,FL,33434
MyDoc Women’s Health Specialist,"9970 Central Park Blvd N Ste 403, Boca Raton, FL 33428",(561) 288-2442,"Women, Men",9970 Central Park Blvd N Ste 403, Boca Raton,FL,33428
Essential Health and Wellness,"11 W Main Street, Bradford, NH 03221",603-456-1096,"Women, Men",11 W Main Street, Bradford,NH,3221
Euphoria Aesthetics & Wellness LLC,"7271 N. State Rd 7 Suite 703, Parkland, FL 33073",(954) 710-5758,"Men, Women",7271 N. State Rd 7 Suite 703, Parkland,FL,33073
Unique Wellness Center,"9750 NW 33 Street Suite 111, Coral Springs, FL 33065",954-368-9656,"Women, Men",9750 NW 33 Street Suite 111, Coral Springs,FL,33065
Dr. Jaime Kleiman,"Av. Ejercito Nal. 617-305, Ciudad de Mexico, EM 11520",555-545-6870,"Men, Women",Av. Ejercito Nal. 617-305, Ciudad de Mexico,EM,11520
8 West Clinic,"300 -221 Esplanade West, North Vancouver, BC V7M-3J3",(604) 733-1669,,300 -221 Esplanade West, North Vancouver,BC,V7M-3J3
TLC Womens Health LLC,"7301-A West Palmetto Park Rd Suite. 200B, Boca Raton, FL 33433",(561) 394-4473,"Women, Men",7301-A West Palmetto Park Rd Suite. 200B, Boca Raton,FL,33433
EnerChanges Clinic,"L6-601 West Broadway, Vancouver, BC V5Z4C2",604-565-8380,,L6-601 West Broadway, Vancouver,BC,V5Z4C2
NOVA WELLNESS CENTER,"5300 W. HILLSBORO BLVD SUITE 103, Coconut Creek, FL 33073",(954) 709-1918,"Men, Women",5300 W. HILLSBORO BLVD SUITE 103, Coconut Creek,FL,33073
"VitalaTE, LLC","2900 N. Military Trail Suite 241, Boca Raton, FL 33431",561-998-5100,"Women, Men",2900 N. Military Trail Suite 241, Boca Raton,FL,33431
Dr. Rene Gutiérrez Bastida,"AVE. HIDALGO 104 BIS, Apizaco, TL 90300",2416884027,"Women, Men",AVE. HIDALGO 104 BIS, Apizaco,TL,90300
Boca Wellness Associates 2,"5458 Town Center Road Suite 2, Boca Raton, FL 33486",561-954-4998,"Women, Men",5458 Town Center Road Suite 2, Boca Raton,FL,33486
8 West,"300 -1788 W. Broadway, Vancouver, BC V6J1Y!",(604) 733-1669,"Women, Men",300 -1788 W. Broadway, Vancouver,BC,V6J1Y!
Boca Babes OBGYN,"4800 N Federal Hwy Suite D101, Boca Raton, FL 33431",(561) 413-2832,"Women, Men",4800 N Federal Hwy Suite D101, Boca Raton,FL,33431
Boca Raton Medical Management,"1050 NW 15th St. #215A, Boca Raton, FL 33486",561-392-7704,"Women, Men",1050 NW 15th St. #215A, Boca Raton,FL,33486
Midwifery Women's Care,"900 Glades Rd Suite 4, Boca Raton, FL 33431",(561) 430-3933,Women,900 Glades Rd Suite 4, Boca Raton,FL,33431
Serenity Medical Aesthetics - Boca Raton,"951 NW 13th St Ste 4D, Boca Raton, FL 33486",561-500-9355,"Women, Men",951 NW 13th St Ste 4D, Boca Raton,FL,33486
Progressive OBGyn,"875 Meadows RD., Boca Raton, FL 33486",(561) 738-9761,Women,875 Meadows RD., Boca Raton,FL,33486
First Class OB/GYN,"1601 Town Center Circle, Weston, FL 33326",954-507-4494,"Women, Men",1601 Town Center Circle, Weston,FL,33326
Doctor Vicente Alarcon Acosta,"Vialidad de la Barranca  s/n cons 445, Hacienda de las Palmas, EM 52787",(555) 246-9747,"Women, Men",Vialidad de la Barranca  s/n cons 445, Hacienda de las Palmas,EM,52787
Jose Rivas Dominguez MD LLC,"1290 WESTON RD. STE 214, WESTON, FL 33326-1909",954-505-7695,"Women, Men",1290 WESTON RD. STE 214, WESTON,FL,33326-1909
Victor Cantero MD,"1865 N. Corporate Lakes Blvd Suite 2A, Weston, FL 33326",(954) 510-5454,Women,1865 N. Corporate Lakes Blvd Suite 2A, Weston,FL,33326
Suria Plastic Surgery,"2235 North Commerce Parkway Suite 2, Weston, FL 33326",954-472-8355,"Women, Men",2235 North Commerce Parkway Suite 2, Weston,FL,33326
Fuze Vitality,"2235 N. Commerce Parkway #2, Weston, FL 33326",(954) 472-8355,,2235 N. Commerce Parkway #2, Weston,FL,33326
Aluvia Wellness Center,"2229 N. Commerce Parkway Suite 220, Weston, FL 33326",(954) 383-0879,"Men, Women",2229 N. Commerce Parkway Suite 220, Weston,FL,33326
Jiva Med Spa,"1650 S Dixie Hwy Suite 300, Boca Raton, FL 33432",561-922-7888,"Women, Men",1650 S Dixie Hwy Suite 300, Boca Raton,FL,33432
Inde Health,"2731 Executive Park Drive Suite 4, Weston, FL 33331",954-302-8382,"Women, Men",2731 Executive Park Drive Suite 4, Weston,FL,33331
Aesthetic Element Medical,"2893 Executive Park Drive STE 304, Weston, FL 33331",(954) 303-9700,"Women, Men",2893 Executive Park Drive STE 304, Weston,FL,33331
The Skin Center,"6941 SW 196th Ave. Suite 23-24, Fort Lauderdale, FL 33332",954-530-7713,"Women, Men",6941 SW 196th Ave. Suite 23-24, Fort Lauderdale,FL,33332
Raviva Healing Center,"1776 N. Pine Island Rd Suite 126, Plantation, FL 33322",(954) 888-8355,Women,1776 N. Pine Island Rd Suite 126, Plantation,FL,33322
Talamarr Optimal Health and Wellness LLC,"1200 N University Drive, Plantation, FL 33322",(954) 474-2229,"Men, Women",1200 N University Drive, Plantation,FL,33322
Elevate Med and Aesthetics,"9781 W Broward Blvd, Plantation, FL 33324",(954) 716-6220,"Men, Women",9781 W Broward Blvd, Plantation,FL,33324
My Ob/Gyn,"18503 Pines BLVD STE 211, Pembroke Pines, FL 33029",(954) 436-2867,"Women, Men",18503 Pines BLVD STE 211, Pembroke Pines,FL,33029
Pure Beauty Center of Fort Lauderdale LLC,"2400 Commercial Blvd Suite 218, Fort Lauderdale, FL 33325",(954) 708-1858,"Women, Men",2400 Commercial Blvd Suite 218, Fort Lauderdale,FL,33325
Integra health MD,"2 S UNIVERSITY DRIVE Suite 330, Plantation, FL 33324",(954) 237-8700,,2 S UNIVERSITY DRIVE Suite 330, Plantation,FL,33324
First Class OB/GYN,"1951 SW 172 Ave Suite 212, Miramar, FL 33029",954-507-4494,"Women, Men",1951 SW 172 Ave Suite 212, Miramar,FL,33029
"Jonathan D. Bratter, DO, PA","1951 SW 172 Ave Suite 203, Miramar, FL 33029",(954) 538-1011,"Women, Men",1951 SW 172 Ave Suite 203, Miramar,FL,33029
DELUCIA VITALITY,"1970 S. University Dr. Ste. 4, Davie, FL 33324",(954) 866-5704,"Women, Men",1970 S. University Dr. Ste. 4, Davie,FL,33324
Port St Lucie Pain & Medical Institute,"4401 N Andrews Avenue, Oakland Park, FL 33309",(954) 900-4686,"Women, Men",4401 N Andrews Avenue, Oakland Park,FL,33309
Megan Gajewski NP @ Innovative,"415 Boston Tpke Suite 200, Shrewsbury, MA 01545-3414",(508) 963-5743,"Women, Men",415 Boston Tpke Suite 200, Shrewsbury,MA,01545-3414
Femhealth Group LLC,"1971 SW 172ND AVE STE 3128, MIRAMAR, FL 33029-5592",305-822-3044,"Women, Men",1971 SW 172ND AVE STE 3128, MIRAMAR,FL,33029-5592
Dr. Jose Enrique Lara Oliver,"Puente de piedra # 150 Consultorio 204 Torre 2, Tlalpan, EM 14050",5.25526E+11,Women,Puente de piedra # 150 Consultorio 204 Torre 2, Tlalpan,EM,14050
Dra. Myrna Cesar Reyes,"Puente de piedra # 150 Colonia Toriello Guerra, Tlalpan, EM 14050",5.25526E+11,Women,Puente de piedra # 150 Colonia Toriello Guerra, Tlalpan,EM,14050
MD Esthetics - Shrewsbury,"100 Boston Tpke Suite J7, Shrewsbury, MA 01545",(508) 425-4994,,100 Boston Tpke Suite J7, Shrewsbury,MA,1545
MD Esthetics - Leominster,"55 Mead St Fl 2, Leominster, MA 01453",978-962-3818,"Women, Men",55 Mead St Fl 2, Leominster,MA,1453
Skin MD Shrewsbury,"193 Boston Turnpike Suite  3130, Shrewsbury, MA 01545",(508) 556-2813,"Women, Men",193 Boston Turnpike Suite  3130, Shrewsbury,MA,1545
Quality Care for Women,"601 N Flamingo Rd. Suite. 317, Pembroke Pines, FL 33028",(954) 258-8184,,601 N Flamingo Rd. Suite. 317, Pembroke Pines,FL,33028
"Trudi Fahey, MD, LLC","265 Commercial Blvd, Lauderdale by the Sea, FL 33308",(954) 772-3960,Women,265 Commercial Blvd, Lauderdale by the Sea,FL,33308
Timeless Age Medical of Davie,"5191 S. University Dr Suite. 8, Davie, FL 33328",(954) 455-8400,"Women, Men",5191 S. University Dr Suite. 8, Davie,FL,33328
Elite Obgyn,"3042 North Federal Highway Suite 100, Ft. Lauderdale, FL 33306",(954) 776-4877,Women,3042 North Federal Highway Suite 100, Ft. Lauderdale,FL,33306
Thrive OB/GYN,"6100 Griffin Rd Suite 311, Davie, FL 33314",954-743-6076,Women,6100 Griffin Rd Suite 311, Davie,FL,33314
Maxim Medical,"3515 GALT OCEAN DR, Ft. Lauderdale, FL 33308-6839",(954) 302-2978,"Men, Women",3515 GALT OCEAN DR, Ft. Lauderdale,FL,33308-6839
First Class Obgyn Pembroke Pines,"10067 Pines Blvd Suite B, Pembroke Pines, FL 33024",(954) 430-7777,,10067 Pines Blvd Suite B, Pembroke Pines,FL,33024
HS Bayview,"1130 Bayview Drive, Ft. Lauderdale, FL 33304",954-764-8911,"Men, Women",1130 Bayview Drive, Ft. Lauderdale,FL,33304
"Feminas By The Sea, LLC","915 Middle River Dr Suite 305, Fort Lauderdale, FL 33304",954-257-4960,Women,915 Middle River Dr Suite 305, Fort Lauderdale,FL,33304
"Medical Anti-Aging, LLC","1840 SE 1st Ave, Ft. Lauderdale, FL 33316",(954) 556-6522,Women,1840 SE 1st Ave, Ft. Lauderdale,FL,33316
Premier Aesthetics,"8145 NW 155th St. Suite B, Miami Lakes, FL 33016",(305) 823-8585,"Women, Men",8145 NW 155th St. Suite B, Miami Lakes,FL,33016
New Care Medical & Wellness Group,"7920 NW 154th St. Suite 110, Miami Lakes, FL 33016",(786) 656-0428,"Women, Men",7920 NW 154th St. Suite 110, Miami Lakes,FL,33016
Zaide Laurido,"5901 nw 183 st suite136, Hialeah, FL 33015",(786) 306-0426,"Women, Men",5901 nw 183 st suite136, Hialeah,FL,33015
Effortless Touch,"5901 NW 183rd Street, Hialeah, FL 33015",(305) 335-0950,"Women, Men",5901 NW 183rd Street, Hialeah,FL,33015
The Wellness NPs,"7971 Riviera Blvd Suite 308, Miramar, FL 33023",(786) 333-5345,"Women, Men",7971 Riviera Blvd Suite 308, Miramar,FL,33023
Cynthia M Poulos MD LLC,"17 South Street, Northborough, MA 01532",(508) 393-4544,"Women, Men",17 South Street, Northborough,MA,1532
Serena Wellness LLC,"14400 NW 77 CT Ste 103, Miami Lakes, FL 33016",949-994-6708,"Women, Men",14400 NW 77 CT Ste 103, Miami Lakes,FL,33016
A&M Beauty and Wellness,"31 Old Nashua Road Unit 15, Amherst, NH 03071",6034006733,"Men, Women",31 Old Nashua Road Unit 15, Amherst,NH,3071
Miami Elegance Medspa LLC,"1701 NW 112th Ave Unit 107, Miami, FL 33172",(305) 992-7667,Women,1701 NW 112th Ave Unit 107, Miami,FL,33172
Confident Med Spa Amherst,"124 NH-101A, Amherst, NH 03031",(603) 518-6800,"Women, Men",124 NH-101A, Amherst,NH,3031
J/C & Sori Health Care,"16800 NW 2 Ave Suite 208, Miami, FL 33169",(786) 952-4412,"Men, Women",16800 NW 2 Ave Suite 208, Miami,FL,33169
Vascardio Heart and Vascular Institute,"145 E 49 ST, Hialeah, FL 33013",3059995958,"Women, Men",145 E 49 ST, Hialeah,FL,33013
Rio Medical Aesthetics PC,"265 Washington Street, Hudson, MA 01749",(978) 562-0900,"Men, Women",265 Washington Street, Hudson,MA,1749
Timeless Age Medical,"800 E Hallandale Beach Blvd Suite. 15, Hallandale Beach, FL 33009",(954) 455-8400,"Men, Women",800 E Hallandale Beach Blvd Suite. 15, Hallandale Beach,FL,33009
Hola MD,"1470 NW 107th Avenue, Miami, FL 33172",(305) 800-4652,,1470 NW 107th Avenue, Miami,FL,33172
Gousse Urology,"21097 NE 27th Court Suite 200, Aventura, FL 33180",(954) 362-2720,"Men, Women",21097 NE 27th Court Suite 200, Aventura,FL,33180
Resnik Skin Institute,"21097 NE 27TH CT SUITE 580, AVENTURA, FL 33180",305-692-8998,"Women, Men",21097 NE 27TH CT SUITE 580, AVENTURA,FL,33180
Aliestetic USA,"730 NW 107 Ave Suite. 100, Miami, FL 33172",(305) 833-6076,Men,730 NW 107 Ave Suite. 100, Miami,FL,33172
"Dr. Victoria Garcia & Associates, LLC","3650 NW 82 Ave Suite 506, Doral, FL 33166",(305) 231-4040,"Women, Men",3650 NW 82 Ave Suite 506, Doral,FL,33166
Bayshore Women's Healthcare,"10305 NW 58 St Suite 501, Doral, FL 33178",786-953-7651,"Women, Men",10305 NW 58 St Suite 501, Doral,FL,33178
Avanti Medical Spa,"3955 SW 137 Ave Suite. 2, Miami, FL 33175",(786) 307-1823,Women,3955 SW 137 Ave Suite. 2, Miami,FL,33175
Aventura OB/GYN Associates,"21110 Biscayne Blvd Suite 312, Aventura, FL 33180",(305) 933-3030,Women,21110 Biscayne Blvd Suite 312, Aventura,FL,33180
Glanz Aesthetics,"2000 NW 87 Ave Suite. 201, Doral, FL 33172",(305) 434-8354,"Men, Women",2000 NW 87 Ave Suite. 201, Doral,FL,33172
MD Esthetics - Nashua,"537 Amherst St., Nashua, NH 03063",(603) 713-8016,"Women, Men",537 Amherst St., Nashua,NH,3063
Optimized Health,"172 Route 101 Unit D24, Bedford, NH 03110",(603) 458-4588,"Men, Women",172 Route 101 Unit D24, Bedford,NH,3110
Crystal Minds Medical Group,"8370 W Flagler St Suite 242, Miami, FL 33144",(786) 337-0804,"Men, Women",8370 W Flagler St Suite 242, Miami,FL,33144
Ava Day Spa,"7323 W Flagler ST, Miami, FL 33144",(786) 558-4197,,7323 W Flagler ST, Miami,FL,33144
Rochelin Medical,"13571 Biscayne Blvd, North Miami Beach, FL 33181",(305) 974-5548,Men,13571 Biscayne Blvd, North Miami Beach,FL,33181
Awaken Beauty Co.,"9 Main Street STE 2, Bedford, NH 03110",(603) 383-5353,"Women, Men",9 Main Street STE 2, Bedford,NH,3110
Ariya Aesthetics Bedford,"124 S. River Rd, Bedford, NH 03110",(603) 637-1857,"Women, Men",124 S. River Rd, Bedford,NH,3110
Bombshell Aesthetics,"22A Eastman Ave, Bedford, NH 03110",(603) 232-5421,"Women, Men",22A Eastman Ave, Bedford,NH,3110
"ACN Physicians Group, Corp","7490 SW 23 Street Ste. 201, Miami, FL 33155",(786) 953-8221,"Men, Women",7490 SW 23 Street Ste. 201, Miami,FL,33155
"Farid Marquez, MD","221 SW 42 Ave 2nd Floor, Miami, FL 33134",305-556-6137,"Men, Women",221 SW 42 Ave 2nd Floor, Miami,FL,33134
"The Rejuvenation Bar, LLC","10261 SW 72 Street Suite C105, Miami, FL 33173",(305) 495-0881,"Women, Men",10261 SW 72 Street Suite C105, Miami,FL,33173
Rojas Medical Center,"9995 SW 72 St Suite 205, Miami, FL 33173",(786)-401-7528,"Men, Women",9995 SW 72 St Suite 205, Miami,FL,33173
The Alchemy Clinic,"753 Chestnut Street, Manchester, NH 03104",(603) 206-5804,"Men, Women",753 Chestnut Street, Manchester,NH,3104
Genoma Medical Group,"7000 SW 97th Ave Suite. 201, Miami, FL 33173",(305) 392-1264,Women,7000 SW 97th Ave Suite. 201, Miami,FL,33173
Ultimate Medical Center and Med Spa,"12700 SW 128 St Unit 205, Miami, FL 33186",(305) 278-7579,"Women, Men",12700 SW 128 St Unit 205, Miami,FL,33186
Healthy Lives Mental Health Corp,"600 NW 35th Ave Suite. 203, Miami, FL 33125",(305) 907-4984,"Women, Men",600 NW 35th Ave Suite. 203, Miami,FL,33125
Seamist Medspa,"155 Main Street, Wakefield, RI 02879",(401) 782-2400,"Women, Men",155 Main Street, Wakefield,RI,2879
Elevate Health and Wellness Center,"7775 SW 87 Ave, Miami, FL 33173",(305) 515-5425,"Women, Men",7775 SW 87 Ave, Miami,FL,33173
Oceanside Medical,"300 Toll Gate RD STE 203, Warwick, RI 02886",(401) 384-7501,"Women, Men",300 Toll Gate RD STE 203, Warwick,RI,2886
Modern Medspa,"1106 Hooksett Road, Hooksett, NH 03106",(603) 770-8597,Women,1106 Hooksett Road, Hooksett,NH,3106
Aviva Medical Spa,"4100 NE 2nd Ave, Miami, FL 33137",(786) 812-8622,Women,4100 NE 2nd Ave, Miami,FL,33137
"Rejuvenation Concierge,LLC","1764 Mineral Springs Ave, North Providence, RI 02904",401-389-9856,"Women, Men",1764 Mineral Springs Ave, North Providence,RI,2904
AFA OBGYN - Westford,"133 Littleton Rd Suite 208, Westford, MA 01886",978-371-1396,"Women, Men",133 Littleton Rd Suite 208, Westford,MA,1886
Arviv Medical Aesthetics,"3250 NE 1st Ave Suite 504, Miami, FL 33137",305-340-9002,"Women, Men",3250 NE 1st Ave Suite 504, Miami,FL,33137
Rooted Health Inc,"8720 N KENDALL DR STE 215, Miami, FL 33176-2198",(305) 912-9913,Women,8720 N KENDALL DR STE 215, Miami,FL,33176-2198
Alpizar Healthcare,"9408 SW 87th Ave Suite # 304, Miami, FL 33176",(786) 563 1550,"Women, Men",9408 SW 87th Ave Suite # 304, Miami,FL,33176
My OB/GYN,"9408 SW 87th Ave. Suite 100, Miami, FL 33176",305-333-7030,"Women, Men",9408 SW 87th Ave. Suite 100, Miami,FL,33176
Concord OBGYN Westford,"133 Littleton Rd. Suite 204, Westford, MA 01886",978-369-7627,"Women, Men",133 Littleton Rd. Suite 204, Westford,MA,1886
MD Esthetics - Acton,"274-2A Great Road, Acton, MA 01720",978-263-1406,"Women, Men",274-2A Great Road, Acton,MA,1720
Vieve,"370 Altara Ave, Coral Gables, FL 33146",305-333-8872,"Women, Men",370 Altara Ave, Coral Gables,FL,33146
Rotemberg Plastic Surgery PLLC,"7000 SW 62nd Avenue PH-B, South Miami, FL 33143",3052745170,"Women, Men",7000 SW 62nd Avenue PH-B, South Miami,FL,33143
Joanna Finazzo MD OB/GYN,"7000 SW 62ND AVE STE 310, South Miami, FL 33143",(305) 665-9644,,7000 SW 62ND AVE STE 310, South Miami,FL,33143
Compassionate Health Medical Group - South Miami,"7000 SW 62 Ave Suite. 600, South Miami, FL 33143",(763) 343-7290,"Men, Women",7000 SW 62 Ave Suite. 600, South Miami,FL,33143
"Rafael Gottenger MD, PA","7330 SW 62 Place Suite 205, South Miami, FL 33143",3056690900,"Women, Men",7330 SW 62 Place Suite 205, South Miami,FL,33143
Christina Pena MD PA,"3850 Bird Rd. #402, Miami, FL 33146",305-227-8727,"Women, Men",3850 Bird Rd. #402, Miami,FL,33146
Amore Skin Aesthetics and Weight Loss,"6356 Manor Ln Suite 104, South Miami, FL 33143",(786) 238-7714,"Men, Women",6356 Manor Ln Suite 104, South Miami,FL,33143
A4E Institute,"4615 Ponce De Leon BLVD, Coral Gables, FL 33146",305-444-6756,"Women, Men",4615 Ponce De Leon BLVD, Coral Gables,FL,33146
My Health & Wellness Medical Group - Downtown,"1717 N Bayshore Drive, Miami, FL 33132",(305) 979-8855,,1717 N Bayshore Drive, Miami,FL,33132
Hydrology Wellness,"1340 S Dixie Hwy Suite 110, Coral Gables, FL 33146",(305) 469-5134,,1340 S Dixie Hwy Suite 110, Coral Gables,FL,33146
Mind & Soul Therapy,"7600 S Red Rd Suite. 102, South Miami, FL 33143",305-456-1014,"Women, Men",7600 S Red Rd Suite. 102, South Miami,FL,33143
Essence Day Spa,"7300 SW 93 Ave Suite. 200, Miami, FL 33173",(305) 536-8443,"Women, Men",7300 SW 93 Ave Suite. 200, Miami,FL,33173
Skin MD Framingham,"50-60 Worcester Road, Framingham, MA 01702",508-371-3101,"Women, Men",50-60 Worcester Road, Framingham,MA,1702
Casa De Corazon,"3683 South Miami Ave Suite 320, Miami, FL 33133",305-856-7636,"Women, Men",3683 South Miami Ave Suite 320, Miami,FL,33133
Miami Vein Center,"1501 South Miami Ave, Miami, FL 33129",305-854-1555,"Women, Men",1501 South Miami Ave, Miami,FL,33129
My Health & Wellness Medical Group,"400 West 41st Street, Miami Beach, FL 33140",(305) 720-2288,,400 West 41st Street, Miami Beach,FL,33140
Yeny Liscano Medical SPA,"400 west 41 street Suite 506, Miami Beach, FL 33140",(786) 348-3039,Men,400 west 41 street Suite 506, Miami Beach,FL,33140
Bayshore Women's Healthcare - Mercy,"3661 South Miami Ave Suite 704, Miami, FL 33133",305-854-8112,"Women, Men",3661 South Miami Ave Suite 704, Miami,FL,33133
Vitality Healthcare Group,"14873 S Dixie Highway, Miami, FL 33176",(786) 904-5599,"Women, Men",14873 S Dixie Highway, Miami,FL,33176
Ariadna Diaz,"18423 south Dixie Hwy Suite. 14, Cutler Bay, FL 33157",(305) 632-9408,"Women, Men",18423 south Dixie Hwy Suite. 14, Cutler Bay,FL,33157
MD Esthetics Londonderry,"50 Nashua Rd Unit. 107, Londonderry, NH 03053",(603) 336-2011,"Women, Men",50 Nashua Rd Unit. 107, Londonderry,NH,3053
Glou Advanced Aesthetics,"10700 CARIBBEAN BLVD STE 315, CUTLER BAY, FL 33189-1233",(323) 438-1225,Women,10700 CARIBBEAN BLVD STE 315, CUTLER BAY,FL,33189-1233
MD Esthetics Attleboro,"228 Washington St. Suite 280B, Attleboro, MA 02703",(774) 282-7000,,228 Washington St. Suite 280B, Attleboro,MA,2703
Genuine Healthcare,"123 N Krome Ave Ste 104, Homestead, FL 33033",(954) 707-0413,Women,123 N Krome Ave Ste 104, Homestead,FL,33033
"Diabetes and Lifestyle Management, LLC","15 Tsienneto Rd Suite. 200, Derry, NH 03038",(603) 552-3309,"Women, Men",15 Tsienneto Rd Suite. 200, Derry,NH,3038
Homestead OBGYN,"925 NE 30th St, Homestead, FL 33033",(786) 377-2500,"Women, Men",925 NE 30th St, Homestead,FL,33033
EAST BAY INNOVATIVE MEDICINE,"1275 Wampanoag Trail, Riverside, RI 02915",(401) 439-0374,"Women, Men",1275 Wampanoag Trail, Riverside,RI,2915
MD Esthetics Windham,"29 Indian Rock Road, Windham, NH 03087",603-458-2102,"Women, Men",29 Indian Rock Road, Windham,NH,3087
Skin MD Seekonk,"33 Commerce Way, Seekonk, MA 02771",(774) 901-8200,"Women, Men",33 Commerce Way, Seekonk,MA,2771
Greater Boston Urology - Attleboro,"70 Emory St, Attleboro, MA 02703",(774) 643-1790,"Men, Women",70 Emory St, Attleboro,MA,2703
Advance Health Solutions,"254 N Broadway Suite 203, Salem, NH 03079",603-824-6366,"Men, Women",254 N Broadway Suite 203, Salem,NH,3079
Island Functional and Integrative Medicine,"127 John Clarke Road, Middletown, RI 02842",(401) 423-5870,Women,127 John Clarke Road, Middletown,RI,2842
7th Moon Menopause Solutions,"680 AQUIDNECK AVE, MIDDLETOWN, RI 02842-5795",(401) 203-5943,Women,680 AQUIDNECK AVE, MIDDLETOWN,RI,02842-5795
Elite MedSpa + Wellness Center,"1 Chapel Street, Needham, MA 02492",(781) 559-3433,"Women, Men",1 Chapel Street, Needham,MA,2492
Skin MD Burlington,"85 Middlesex Ste 3070, Burlington, MA 01803",781-819-2040,"Women, Men",85 Middlesex Ste 3070, Burlington,MA,1803
Medical Aesthetics MA Westwood,"693 High St., Westwood, MA 02090",(781) 478-0038,,693 High St., Westwood,MA,2090
Ariya Aesthetics Salem,"315 S Broadway, Salem, NH 03079",(603) 890-2054,Women,315 S Broadway, Salem,NH,3079
Empower Health and Wellness @ The IV Garden,"246 Walnut St. Ste 101, Newton, MA 02460",(617) 899-4934,,246 Walnut St. Ste 101, Newton,MA,2460
MD Esthetics Lexington,"201 Massachusetts Ave, Lexington, MA 02420",(781) 918-6644,"Women, Men",201 Massachusetts Ave, Lexington,MA,2420
Greater Boston Urology - Dedham,"910 Washington St, Dedham, MA 02026",(781) 762-0471,"Men, Women",910 Washington St, Dedham,MA,2026
Regenerative Medicine of New England,"640 Washington Street, Dedham, MA 02026",(781) 329-3344,"Men, Women",640 Washington Street, Dedham,MA,2026
Skin MD Dedham,"690 Legacy Place, Dedham, MA 02026",844-754-6631,"Women, Men",690 Legacy Place, Dedham,MA,2026
Wolfeboro Wellness Cooperative,"609 South Main Street, Wolfeboro, NH 03894",(603) 520-8252,"Women, Men",609 South Main Street, Wolfeboro,NH,3894
MD Esthetics North Andover,"123 Turnpike St, North Andover, MA 01845",978-208-0671,"Women, Men",123 Turnpike St, North Andover,MA,1845
MD Esthetics - Canton,"1032 Turnpike St Suite 302, Canton, MA 02021",(508) 245-9700,"Men, Women",1032 Turnpike St Suite 302, Canton,MA,2021
Medical Aesthetics MA North Easton,"50 Oliver St. Suite 109, North Easton, MA 02356",(508) 219-2113,"Women, Men",50 Oliver St. Suite 109, North Easton,MA,2356
Confident Med Spa Epping,"31 Fresh River Rd, Epping, NH 03042",(603) 693-7285,"Women, Men",31 Fresh River Rd, Epping,NH,3042
Skin MD Boston,"132 NEWBURY ST, Boston, MA 02116",844-754-6631,"Women, Men",132 NEWBURY ST, Boston,MA,2116
New Beauty Aesthetics,"315 Main St, Melrose, MA 02176",(781) 526-3265,Women,315 Main St, Melrose,MA,2176
ESP Medical LLC,"830 Oak St Ste 102W, Brockton, MA 02301",508-521-9259,"Women, Men",830 Oak St Ste 102W, Brockton,MA,2301
Medical Aesthetics MA Milton,"524 Adams Street Suite 109, Milton, MA 02186",(617) 322-1852,"Women, Men",524 Adams Street Suite 109, Milton,MA,2186
Confident Med Spa Rochester,"155 Marketplace Blvd Unit 4, Rochester, NH 03867",(603) 403-7700,"Women, Men",155 Marketplace Blvd Unit 4, Rochester,NH,3867
MD Esthetics Peabody,"8 Bourbon Street 1A, Peabody, MA 01960",978-896-6593,"Women, Men",8 Bourbon Street 1A, Peabody,MA,1960
Melange Integrative Health,"69 N Main St, Rochester, NH 03867",(603) 550-4221,"Women, Men",69 N Main St, Rochester,NH,3867
Skin MD Peabody,"2 First Ave. Unit 123, Peabody, MA 01960",(978) 854-5871,"Women, Men",2 First Ave. Unit 123, Peabody,MA,1960
Longevity Collective,"153 Andover Street Suite 100A, Danvers, MA 01923",(978) 509-1749,,153 Andover Street Suite 100A, Danvers,MA,1923
Elite MedSpa - Topsfield Crossing,"10 South Main St Suite 102, Topsfield, MA 01983",(781) 559-3433,"Women, Men",10 South Main St Suite 102, Topsfield,MA,1983
Cosmetics MD,"21 Centennial Dr., Peabody, MA 01960",(978) 871-2181,Women,21 Centennial Dr., Peabody,MA,1960
APC - Hormone Replacement,"102920 overseas highway, Key Largo, FL 33037-2783",3059672619,"Women, Men",102920 overseas highway, Key Largo,FL,33037-2783
Doc on the Rock,"100410 Overseas Hwy Ste 305, Key Largo, FL 33037-2556",(305) 600-5469,"Men, Women",100410 Overseas Hwy Ste 305, Key Largo,FL,33037-2556
About Face Medical Aesthetics,"64 Portsmouth Ave Suite 4, Stratham, NH 03885",(603) 580-5296,"Women, Men",64 Portsmouth Ave Suite 4, Stratham,NH,3885
Island Women's Wellness,"91555 Overseas Hwy, Tavernier, FL 33070",(305) 304-8090,"Women, Men",91555 Overseas Hwy, Tavernier,FL,33070
Islamorada Medical Center - Tavernier,"90130 Old Highway, Tavernier, FL 33070",(864) 513-6981,"Women, Men",90130 Old Highway, Tavernier,FL,33070
Compass Customized Health & Wellness,"835 Central Ave Suite 200, Dover, NH 03820",603 749-0001,"Women, Men",835 Central Ave Suite 200, Dover,NH,3820
Suite Six Medical Aesthetics,"6 Winter St. Apt D, Newburyport, MA 01950",617-203-8954,"Men, Women",6 Winter St. Apt D, Newburyport,MA,1950
MD Esthetics Beverly,"100 Cummings Center Suite 126-Q, Beverly, MA 01915",(978) 979-2210,"Women, Men",100 Cummings Center Suite 126-Q, Beverly,MA,1915
Medical Aesthetics MA Hingham,"38 North Street Suite 1, Hingham, MA 02356",(781) 556-5676,"Women, Men",38 North Street Suite 1, Hingham,MA,2356
Skin MD Newbury Port,"47 Merrimac St, Newbury Port, MA 01950",(248) 756-2700,"Women, Men",47 Merrimac St, Newbury Port,MA,1950
Confident Med Spa Seabrook,"5 The Provident Way Unit 2, Seabrook, NH 03874",(603) 800-8300,"Women, Men",5 The Provident Way Unit 2, Seabrook,NH,3874
Daigneault Family Care,"24 Stickney Ter Unit 5 Unit 5, Hampton, NH 03842",(603) 580-1749,"Women, Men",24 Stickney Ter Unit 5 Unit 5, Hampton,NH,3842
AL|DA Aesthetics,"962 Washington Street, Hanover, MA 02339",(781) 826-5400,"Women, Men",962 Washington Street, Hanover,MA,2339
Skin MD Hanover,"1775 Washington St Suite 720, Hanover, MA 02339",(781) 659-4900,"Women, Men",1775 Washington St Suite 720, Hanover,MA,2339
Lotus Lab Aesthetics Med Spa,"96 North Main Street, Carver, MA 02330",(617) 272-6857,Women,96 North Main Street, Carver,MA,2330
Pacifica MD,"2-177 Second Ave West, Qualicum Beach, BC V9K2N5",250-909-0190,"Women, Men",2-177 Second Ave West, Qualicum Beach,BC,V9K2N5
MD Esthetics Portsmouth,"24 Ladd Street, Portsmouth, NH 03801",(603) 812-3522,"Women, Men",24 Ladd Street, Portsmouth,NH,3801
Blue Heron Primary Care,"28 Riverside Drive Suite 150, Pembroke, MA 02359",(781) 689-8559,"Women, Men",28 Riverside Drive Suite 150, Pembroke,MA,2359
Jaya Med Spa,"15 Lexington Avenue STE 1, Gloucester, MA 01930",(978) 282-3698,"Men, Women",15 Lexington Avenue STE 1, Gloucester,MA,1930
Examined Life LLC,"276 US-1, York, ME 03909",(207) 977-0333,"Women, Men",276 US-1, York,ME,3909
Christine Hamori Cosmetic Surgery and Skin Spa,"113 Tremont Street, Duxbury, MA 02332",(781) 934-2200,"Women, Men",113 Tremont Street, Duxbury,MA,2332
MD Esthetics Marshfield,"1899 Ocean St F, Marshfield, MA 02050",(781) 248-5769,"Women, Men",1899 Ocean St F, Marshfield,MA,2050
Coastal Aesthetics,"1537 US Route 1, Cape Neddick, ME 03902",(207) 363-2300,"Women, Men",1537 US Route 1, Cape Neddick,ME,3902
Policlinica Familiar Santa Cruz,"484  Camino de los Nogales  Urb Sabanera, Gurabo, PR 00778",(787) 241-9417,"Women, Men",484  Camino de los Nogales  Urb Sabanera, Gurabo,PR,778
MD Esthetics Sandwich,"598 MA-6A, East Sandwich, MA 02537",(508) 321-7865,,598 MA-6A, East Sandwich,MA,2537
Rejuvenations Medi Spa,"778 Main St. Suite 1, South Portland, ME 04106",(207) 289-6221,"Women, Men",778 Main St. Suite 1, South Portland,ME,4106
Holland Plastic Surgery & Aesthetics,"74 Gray Road Suite 1B, Falmouth, ME 04015",207-835-4777,"Women, Men",74 Gray Road Suite 1B, Falmouth,ME,4015
Women’s Health Associates of Cape Cod,"46 North Street Suite 1A, Hyannis, MA 02601",(508) 771-7100,Women,46 North Street Suite 1A, Hyannis,MA,2601
Rejuvenations Medi Spa,"240 US ROUTE 1 UNIT C7, Falmouth, ME 04105",(207) 781-9976,"Women, Men",240 US ROUTE 1 UNIT C7, Falmouth,ME,4105
Maine Coast Medical Aesthetics,"374 US 1 Unit 5, Yarmouth, ME 04096",207-607-9974,"Women, Men",374 US 1 Unit 5, Yarmouth,ME,4096
MD Esthetics Harwich,"1421 Orleans Harwich Rd Unit 19, Harwich, MA 02645",508-321-7865,"Women, Men",1421 Orleans Harwich Rd Unit 19, Harwich,MA,2645
Thriving Proof,"33 Penn Plaza Ste C, Bangor, ME 04401",2073580748,"Women, Men",33 Penn Plaza Ste C, Bangor,ME,4401
"Women First, LLC","53 Fremont St., Machias, ME 04654",(207) 255-0014,Women,53 Fremont St., Machias,ME,4654
Altra Medic,"Calle Oso #25 Bulevar del Bosque, Tapachula, CS 30747",+502 2329 6363,"Women, Men",Calle Oso #25 Bulevar del Bosque, Tapachula,CS,30747
Servicios Gineco Obstetricos del Norte,"Marginal A6 Urb. San Salvador, Manati, PR 00674",787-621-6578,"Women, Men",Marginal A6 Urb. San Salvador, Manati,PR,674
Dra Margarita Paulino,"HOMS Carr Duarte km. 2.8 oficina 829, Santiago de los Caballeros, ST 51000",(829) 947-2222,"Women, Men",HOMS Carr Duarte km. 2.8 oficina 829, Santiago de los Caballeros,ST,51000
Dra. Trina Steljes,"351 Ave Hostos Medical Emporium 1 Suite 110, Mayaguez, PR 00680",(787) 832-4422,"Men, Women",351 Ave Hostos Medical Emporium 1 Suite 110, Mayaguez,PR,680
Urus,"45 Av Rafael Augusto Sanchez, Santo Domingo, SD 10150",(809) 221-6568,Men,45 Av Rafael Augusto Sanchez, Santo Domingo,SD,10150
Dr Gabriel De Peña,"Hospiten Santo Domingo Ave Alma Mater & Ave Bolivia, Santo Domingo, SD 10108",(809) 763-2586,"Women, Men",Hospiten Santo Domingo Ave Alma Mater & Ave Bolivia, Santo Domingo,SD,10108
Luna Vital,"calle 13 14, Los Jardines Metropolitanos, AZ 51000",(809) 583-5667,"Women, Men",calle 13 14, Los Jardines Metropolitanos,AZ,51000
Grissel A Villanueva Respeto,"528 Avenida Victoria, Aguadilla, PR 00605",(787) 690-8364,"Women, Men",528 Avenida Victoria, Aguadilla,PR,605
Gama Multispecialty Group,"Edif Center Plex Carr #2 Km 133.5 Suite 307, Aguada, PR 00602",(787) 252-4600,Women,Edif Center Plex Carr #2 Km 133.5 Suite 307, Aguada,PR,602
Franceschini Gynecology & Aesthetics,"West Professional Bld.  Ste 1 107 St. Km 2.8 Ave. Albizu Campo, Aguadilla, PR 00603",(787) 639-0200,"Women, Men",West Professional Bld.  Ste 1 107 St. Km 2.8 Ave. Albizu Campo, Aguadilla,PR,603
"RICMD Gyn Services, PSP","105 Calle Colon, Aguada, PR 00602",787-252-0205,"Women, Men",105 Calle Colon, Aguada,PR,602
Clinicare,"Carr 115 Km 19.9 Bo Guayabo, Aguada, PR 00602",(787) 833-8352,"Women, Men",Carr 115 Km 19.9 Bo Guayabo, Aguada,PR,602
Restorelle Medical Wellness,"Edificio Kin Center #3, ISABELA, PR 00662",939-372-6002,"Women, Men",Edificio Kin Center #3, ISABELA,PR,662
"Damarys Gonzalez-Galicia, MD","Carr 417 K4.2 BO Mamey, Aguada, PR 00602",787-477-0342,"Women, Men",Carr 417 K4.2 BO Mamey, Aguada,PR,602
Dra. Tatiana Fournier,"Carr 110 km 12.8 Edificio Don Pablo III, Moca, PR 00676",(787) 877-8953,,Carr 110 km 12.8 Edificio Don Pablo III, Moca,PR,676
Centro de Medicina Familiar Dr. Roberto Zamot,"117 calle Avila, Quebradillas, PR 00678",787-895-8585,"Women, Men",117 calle Avila, Quebradillas,PR,678
Clinica de Salud Primaria Dr. Serrano,"Calle Teique Linares #92, Quebradillas, PR 00678",(787) 895-7746,"Women, Men",Calle Teique Linares #92, Quebradillas,PR,678
Ygeia Wellness and Health Clinic,"126 Carmelo Martinez Ste 2, Mayaguez, PR 00682",(787) 505-5052,"Women, Men",126 Carmelo Martinez Ste 2, Mayaguez,PR,682
Clínica Ginecoscopica,"14 Calle Peral N. Suite 2F, Mayaguez, PR 00680",939-865-6121,"Women, Men",14 Calle Peral N. Suite 2F, Mayaguez,PR,680
"Jorge Oben-Martinez, MD","De Diego St. 14 East De Diego Building Suite 104, Mayaguez, PR 00680",(787) 831-4040,"Women, Men",De Diego St. 14 East De Diego Building Suite 104, Mayaguez,PR,680
Dr. Javier R. Marquez Graciani,"36 Calle Peral N, Mayaguez, PR 00680",(787) 834 0101,"Women, Men",36 Calle Peral N, Mayaguez,PR,680
Dra. Valeria Santana,"HC 7 Box 21271, Mayaguez, PR 00680",(787) 517-7416,,HC 7 Box 21271, Mayaguez,PR,680
EMUNAH MEDICINE & AESTHETIC CLINIC,"Carr 119 Ave. Dr. Susoni, Hatillo, PR 00659",(939) 353-0970,,Carr 119 Ave. Dr. Susoni, Hatillo,PR,659
Dra. Marybel Gonzalez Badillo,"Avenida Hostos  453, San Juan, PR 00918",787-751-2015,"Women, Men",Avenida Hostos  453, San Juan,PR,918
Laboratorio Clínico LaVita LLC,"Laboratorio Clinico Lavita PR 2 KM 160.9, Hormigueros, PR 00660",(787) 239-2418,,Laboratorio Clinico Lavita PR 2 KM 160.9, Hormigueros,PR,660
Oficina Ginecologica Dra Tosca,"2301 Carr 100 Km 6 Suite 101, Cabo Rojo, PR 00623",787-255-2500,"Women, Men",2301 Carr 100 Km 6 Suite 101, Cabo Rojo,PR,623
Oficina Dra Mairim Quiles-Torres,"40 Calle P Mora Acosta Ste 3 Urb San Lorenzo, Arecibo, PR 00612",787-878-4485,"Women, Men",40 Calle P Mora Acosta Ste 3 Urb San Lorenzo, Arecibo,PR,612
DR. JORGE W. MENDEZ ORTIZ,"Ave. Jose Cedeño #521 Edificio Nolla, Arecibo, PR 00613",787-544-3188,"Women, Men",Ave. Jose Cedeño #521 Edificio Nolla, Arecibo,PR,613
Centro Medico Familiar,"Calle Pedro Albizu Campos Num 44, Lares, PR 00669",787-897-1038,"Women, Men",Calle Pedro Albizu Campos Num 44, Lares,PR,669
Clinica Francisco Rosario,"Carr. 102 Km 18.8, Cabo Rojo, PR 00623",787-851-2250,"Women, Men",Carr. 102 Km 18.8, Cabo Rojo,PR,623
Dr. Arthur Tollinchi Hernandez,"Carr. 2 Km 63.1 Candelaria Oficina 2, Arecibo, PR 00612",(787) 650-4857,Men,Carr. 2 Km 63.1 Candelaria Oficina 2, Arecibo,PR,612
Women Health Institute and GYN Spa,"Torre Medica San Vicente de Paul 401 Hospital La Concepcion, San German, PR 00683",787-476-0100,"Women, Men",Torre Medica San Vicente de Paul 401 Hospital La Concepcion, San German,PR,683
Dr. Hostos Fernandez,"100 Calle Hernan Alvarez Edificio Plaza Metropolitana Oficina 209, San German, PR 00683",(787) 892-5099,Women,100 Calle Hernan Alvarez Edificio Plaza Metropolitana Oficina 209, San German,PR,683
Primary Internal Care,"Ave 5 de Diciembre URB Mansiones, Sabana Grande, PR 00637",(787) 978-7195,,Ave 5 de Diciembre URB Mansiones, Sabana Grande,PR,637
Instituto de Medicina Preventiva/Corpus Medical Esthetic & Wellness,"Calle San Isidro #18 B, Sabana Grande, PR 00637",(787) 873-0203,,Calle San Isidro #18 B, Sabana Grande,PR,637
RENACER MEDICAL WELLNESS CENTER,"Pr 639 Km 1.8, Arecibo, PR 00612",(939) 242-8719,Women,Pr 639 Km 1.8, Arecibo,PR,612
Raymond Soto Ruiz,"URB. BRASILIA CALLE 2 D-10 SUITE #2, Vega Baja, PR 00693",(787) 222-7090,,URB. BRASILIA CALLE 2 D-10 SUITE #2, Vega Baja,PR,693
Family Wellness and Healing Institute,"1841 Carr 2. Panorama Plaza Suite 1, Barceloneta, PR 00617",787-325-7738,"Women, Men",1841 Carr 2. Panorama Plaza Suite 1, Barceloneta,PR,617
Sbelti Medicine,"CARR. 404 KM 0.36 BO. DAGUEY, Añasco, PR 00610",787-826-3606,"Women, Men",CARR. 404 KM 0.36 BO. DAGUEY, Añasco,PR,610
Dr Luis Mateo,"109 Paseo Atenas, Manati, PR 00674",(787) 854-1464,"Men, Women",109 Paseo Atenas, Manati,PR,674
JE Silva OBGYN Services,"H7 Calle 16 Urb. Flamboyan, Manati, PR 00674",787-884-0992,"Women, Men",H7 Calle 16 Urb. Flamboyan, Manati,PR,674
"Centro De Ginecologia, Ulises M. Lopez, MD","Calle Elliot Velez J-21 Urb. Atenas, Manati, PR 00674",787-270-5424,"Women, Men",Calle Elliot Velez J-21 Urb. Atenas, Manati,PR,674
Dr. Jose L Ortiz Colon,"Manati Medical Center Suite 206 PO Box 1020, Manati, PR 00674",787-854-3249,"Women, Men",Manati Medical Center Suite 206 PO Box 1020, Manati,PR,674
Dorado Gynecology Center,"MMC Professional Building Plaza Suite 207, Manati, PR 00674",787-626-7899,"Women, Men",MMC Professional Building Plaza Suite 207, Manati,PR,674
Dr Roschia M. Vargas Serrano,"Calle Hernandez Carrión J7, Manati, PR 00674",787-854-7507,"Women, Men",Calle Hernandez Carrión J7, Manati,PR,674
Servicios Gineco Obstetricos Del Norte,"Edificio Medico Dr Pedro Blanco Lugo Oficina 207, Manati, PR 00674",787-621-6578,"Women, Men",Edificio Medico Dr Pedro Blanco Lugo Oficina 207, Manati,PR,674
Maternity Gyn Inc.,"Calle Elliot Velez B42 Urb Atenas, Manati, PR 00674",787-854-7531,"Women, Men",Calle Elliot Velez B42 Urb Atenas, Manati,PR,674
Instituto Medico de la Mujer,"Carr #2 KM 4.7, Manati, PR 00674",939-243-4032,"Women, Men",Carr #2 KM 4.7, Manati,PR,674
Nelson Velez Martinez PSC,"Carrion Maduro  5, Yauco, PR 00698",787-856-4094,"Women, Men",Carrion Maduro  5, Yauco,PR,698
Blessed Mommies Medical Group,"1 CALLE JARDIN DE ORQUIDEA, Vega Baja, PR 00693",(939) 269-0170,"Women, Men",1 CALLE JARDIN DE ORQUIDEA, Vega Baja,PR,693
Family Medical Center- Dra. Leyza Aviles,"Ave. Trío Vegabajeño U-23, Vega Baja, PR 00693",787-858-7073,"Women, Men",Ave. Trío Vegabajeño U-23, Vega Baja,PR,693
Ruben L Maestre Rosario,"Calle Apollo 11 Sector Santa Clara, Jayuya, PR 00664",(787) 244-8598,,Calle Apollo 11 Sector Santa Clara, Jayuya,PR,664
Centro Medico La Esperanza,"604  Calle Munoz Rivera, Penuelas, PR 00624",(787) 836-3409,"Men, Women",604  Calle Munoz Rivera, Penuelas,PR,624
Oficina Dra Santos-Onoda,"602 Calle Jose V Rodriguez, Penuelas, PR 00624",787-836-3288,"Women, Men",602 Calle Jose V Rodriguez, Penuelas,PR,624
Dorado Gynecology Center,"Carr 695 BO Higuillar KM 2.0, Dorado, PR 00646",787-621-4949,"Women, Men",Carr 695 BO Higuillar KM 2.0, Dorado,PR,646
Dra Irma N Alvarado Torres,"Calle Principal #24, Morovis, PR 00687",787-862-1717,"Women, Men",Calle Principal #24, Morovis,PR,687
Centro de Obstretricia y Ginecologia,"Calle Gandara 13 Altos Box 1332, Corozal, PR 00783",787-859-5818,"Women, Men",Calle Gandara 13 Altos Box 1332, Corozal,PR,783
Hope & Health,"J25 Calle Mireya E, Toa Baja, PR 00949",(787) 429-2725,"Women, Men",J25 Calle Mireya E, Toa Baja,PR,949
Dr. Jesus Perez,"49 B CALLE BARCELO, Villalba, PR 00766",(787) 373-2964,,49 B CALLE BARCELO, Villalba,PR,766
Obstetrics & Gynecology Health Center,"Ave. Tito Castro 1255 Paseo Las Monjitas M161, Ponce, PR 00730",(787) 651-7816,Women,Ave. Tito Castro 1255 Paseo Las Monjitas M161, Ponce,PR,730
"Clinica Diaz, PSC","7813 Calle Nazaret, Ponce, PR 00717",(787) 840-1053,,7813 Calle Nazaret, Ponce,PR,717
Female Consultant of Puerto Rico,"1113 Ave. Munoz Rivera, Ponce, PR 00717",(787) 848-8214,Women,1113 Ave. Munoz Rivera, Ponce,PR,717
Female Consultant of PR,"1113 Ave. Munoz Rivera, Ponce, PR 00717",(787) 848-8214,,1113 Ave. Munoz Rivera, Ponce,PR,717
Vascular Nutrition PR,"2225 Ponce by Pass Parra Medical Bldg Suite 707, Ponce, PR 00717",787-290-8585,"Women, Men",2225 Ponce by Pass Parra Medical Bldg Suite 707, Ponce,PR,717
Dr. Lucas Ramirez Marquez,"2225 Ponce By Pass Edif. Parra Suite 606, Ponce 00717",787-844-3977,"Women, Men",2225 Ponce By Pass Edif. Parra Suite 606, Ponce 00717,,
Belladonna Medical Wellness,"Calle 1 Solar 46 5TA Seccion Hnas Davila, Bayamon, PR 00960",787-449-8806,"Women, Men",Calle 1 Solar 46 5TA Seccion Hnas Davila, Bayamon,PR,960
Dr. Abneris Rivera Lopez,"CARR 2 KM 11.7 SUITE 1006-1008, BAYAMON, PR 00959",787-999-7102,Women,CARR 2 KM 11.7 SUITE 1006-1008, BAYAMON,PR,959
DR. YADIRA MENDEZ FELICIANO,"917 AVE. TITO CASTRO TORRE MEDICA SAN LUCAS SUITE 808, PONCE, PR 00716",787-236-0628,"Women, Men",917 AVE. TITO CASTRO TORRE MEDICA SAN LUCAS SUITE 808, PONCE,PR,716
Dra. Gladysmaria Figueroa,"1010 PASEO DEL VETERANO EDIFICIO VENEGAS, Ponce, PR 00716-2001",939-222-6252,"Women, Men",1010 PASEO DEL VETERANO EDIFICIO VENEGAS, Ponce,PR,00716-2001
Dr. Guillermo Colon Health & Aesthetic Clinic,"Ave San Claudio 359 Cupey Professional Mall Suite 101A, San Juan, PR 009626",(787) 639-9190,Men,Ave San Claudio 359 Cupey Professional Mall Suite 101A, San Juan,PR,9626
PR Heart and Weight,"576 Adler Medical PLaza Ave Cesar Gonzalez Suite 406, San Juan, PR 00918",(787) 474-9870,Men,576 Adler Medical PLaza Ave Cesar Gonzalez Suite 406, San Juan,PR,918
Dr. Francisco J. Quintana Gonzalez,"Marginal #506 Local #102, Coto Laurel, PR 00780",787-848-7766,"Women, Men",Marginal #506 Local #102, Coto Laurel,PR,780
Dra Loraine Torres,"1845 Carr 2  Ste 307 Bayamon Medical Plaza, Bayamon, PR 00959",(787) 622-0829,"Men, Women",1845 Carr 2  Ste 307 Bayamon Medical Plaza, Bayamon,PR,959
Rosanna Briceno Sanchez,"R14 CALLE 16 URB RIVERVIEW, Bayamon, PR 00961",7874125043,"Women, Men",R14 CALLE 16 URB RIVERVIEW, Bayamon,PR,961
Clinica Dr. Vela,"Calle 2 H29 Villa Rica, Bayamon, PR 00659",787-785-6611,"Women, Men",Calle 2 H29 Villa Rica, Bayamon,PR,659
Metropolitan ObGyn,"Calle I 49 Hermanas Davila, Bayamon 00959",7877856766,"Women, Men",Calle I 49 Hermanas Davila, Bayamon 00959,,
OB-GYN Medical Office-Dr. Jesus M. Seda,"Bayamon Medical Plaza Suite 508, Bayamon, PR 00959",787-798-5323,"Women, Men",Bayamon Medical Plaza Suite 508, Bayamon,PR,959
Dr. Raymond Martinez Aponte,"Luis Munoz Rivera #29 Ste. 2, Juana Diaz, PR 00795",(787) 837-1051,"Women, Men",Luis Munoz Rivera #29 Ste. 2, Juana Diaz,PR,795
Oficina Dr Martinez Campos,"Calle Hostos # 5, Juana Diaz, PR 00795",787-260-4949,"Women, Men",Calle Hostos # 5, Juana Diaz,PR,795
Dr. Luis E. Ramos,"73 Calle Santa Cruz Ste 102, Bayamon, PR 00961",(787) 740-3565,Women,73 Calle Santa Cruz Ste 102, Bayamon,PR,961
Juan M Crespo Oficina Medica,"164 Rd KM 7.7. BO Achiote Centro Comercial Jardines, Naranjito, PR 00719",787-869-5130,"Men, Women",164 Rd KM 7.7. BO Achiote Centro Comercial Jardines, Naranjito,PR,719
Dr. Rafael Berrios Marcano OB-Gyn,"Instituto San Pablo Oficina 510 Calle Santa Cruz 66, Bayamon, PR 00961",787-787-1088,"Women, Men",Instituto San Pablo Oficina 510 Calle Santa Cruz 66, Bayamon,PR,961
BNY Medical,"#70 Calle Santa Cruz Ste 215 Hospital Auxilio Mutuo-San Pablo, Bayamon, PR 00961",(787) 354-8736,,#70 Calle Santa Cruz Ste 215 Hospital Auxilio Mutuo-San Pablo, Bayamon,PR,961
Forte Medical Clinic,"#68 CII Santa Cruz Torre Medica San Pablo Suite 602, Bayamon, PR 00961",(939) 376-2555,,#68 CII Santa Cruz Torre Medica San Pablo Suite 602, Bayamon,PR,961
AenCC,"1875 Rd. 2 Suite 301 Medical Opthalmic Plaza, Bayamon, PR 00959",787-778-6195,"Men, Women",1875 Rd. 2 Suite 301 Medical Opthalmic Plaza, Bayamon,PR,959
"Luis A. Cruz, MD","Ponce De Leon 735 Suite 505 Torre Auxilio Mutuo Hato Rey, San Juan, PR 00917",787-294-0350,"Women, Men",Ponce De Leon 735 Suite 505 Torre Auxilio Mutuo Hato Rey, San Juan,PR,917
Ashford Medical Center,"29 Calle Washington Lobby, Condado, PR 00907",787-721-1541,"Women, Men",29 Calle Washington Lobby, Condado,PR,907
Dra Idelvais Pinero,"1051 Calle 3SE. Ste LC8 Condominio Medical Plaza, San Juan, PR 00921",(939) 600-1144,Women,1051 Calle 3SE. Ste LC8 Condominio Medical Plaza, San Juan,PR,921
Dra Beatriz C. Soler-Blanco,"29 Calle Washington Suite. 301, San Juan, PR 00907",(787) 900-1767,Men,29 Calle Washington Suite. 301, San Juan,PR,907
Instuto de Medicna Avanzada Sunny Hills,"Avenida Santa Juanita B-7 Sunny Hills, Bayamon, PR 00956",(787) 413-4327,"Men, Women",Avenida Santa Juanita B-7 Sunny Hills, Bayamon,PR,956
Dr. Edgardo Rivera,"29 Calle Washington Ste 402, San Juan, PR 00907",787-724-8441,"Women, Men",29 Calle Washington Ste 402, San Juan,PR,907
"Cruzado Ramos Gynecology, LLC","1452 Ashford Ave. Suite 407, San Juan , PR 00907",787-722-4401,"Women, Men",1452 Ashford Ave. Suite 407, San Juan ,PR,907
Condado ObGyn,"1451 Ashford Ave, San Juan, PR 00907",(787) 296-9906,Women,1451 Ashford Ave, San Juan,PR,907
Dr. Francisco Martinez Millares Family Medicine,"Ave. Buen Samaritano 12-A, Guaynabo, PR 00966",787-783-0700,"Women, Men",Ave. Buen Samaritano 12-A, Guaynabo,PR,966
Sorella Gynecology LLC,"1399 Calle Feria, San Juan, PR 00909",(787) 564-6424,Women,1399 Calle Feria, San Juan,PR,909
"Blanca I. Plaza, MD","1396 Calle San Rafael Medical Pavilion Suite 15, San Juan, PR 00909",787-405-4404,"Women, Men",1396 Calle San Rafael Medical Pavilion Suite 15, San Juan,PR,909
Gynesthetic PR,"150 Avenida de Diego Suite 508, San Juan, PR 00907",(939) 380-0199,Women,150 Avenida de Diego Suite 508, San Juan,PR,907
Gineclinica,"1449 Calle Americo Salas Suite. 201, San Juan, PR 00909",(787) 724-4433,Women,1449 Calle Americo Salas Suite. 201, San Juan,PR,909
SGG OBGYN,"Calle Americo Salas 1449, San Juan, PR 00909",(787) 724-4433,Women,Calle Americo Salas 1449, San Juan,PR,909
United Ob Gyn PSC,"655 Calle Dr. Pavia Fernandez Suite. 301, San Juan, PR 00909",(787) 407-8064,,655 Calle Dr. Pavia Fernandez Suite. 301, San Juan,PR,909
"NSM OB-GYN Medical, LLC","1507 Ave Ponce De Leon STE 205 La Casa, San Juan, PR 00909",787-594-3204,"Women, Men",1507 Ave Ponce De Leon STE 205 La Casa, San Juan,PR,909
Dr. Nicolas Casellas,"655 Calle Dr Pavia Fernandez Suite 302, San Juan, PR 00909",787-726-8201,"Women, Men",655 Calle Dr Pavia Fernandez Suite 302, San Juan,PR,909
Mia Piel,"1498 AVE FD Roosevelt Suite 115, Caparra Heights, PR 00968",(787) 257-0555,"Women, Men",1498 AVE FD Roosevelt Suite 115, Caparra Heights,PR,968
Reborn MD,"1500 FD Roosevelt Ave. Suite 407, Guaynabo, PR 00969",787-669-6703,"Men, Women",1500 FD Roosevelt Ave. Suite 407, Guaynabo,PR,969
Optimum Care,"The Hato Rey Center Suite 1000, San Juan, PR 00918",787-266-7261,"Women, Men",The Hato Rey Center Suite 1000, San Juan,PR,918
WOM Wellness,"647 Ave San Patricio, Guaynabo, PR 00968",787-957-6075,Women,647 Ave San Patricio, Guaynabo,PR,968
RestoraVita,"Torre de Plaza Las Americas PH-1210 525 F.D. Roosevelt Avenue, San Juan, PR 00918",787-710-8686,"Women, Men",Torre de Plaza Las Americas PH-1210 525 F.D. Roosevelt Avenue, San Juan,PR,918
Numed Guaynabo,"1910 Ave. Jesus T. Pinero Suite 203, Guaynabo, PR 09921",(787) 425-0606,"Women, Men",1910 Ave. Jesus T. Pinero Suite 203, Guaynabo,PR,9921
Plaza Cardiovascular Clinic,"525 FD Roosevelt Ave La Torre de Plaza Suite 804, San Juan, PR 00918",787-759-8157,"Women, Men",525 FD Roosevelt Ave La Torre de Plaza Suite 804, San Juan,PR,918
Beaumedics,"961 Ave. F.D. Roosevelt, San Juan, PR 00920",787-250-6016,"Women, Men",961 Ave. F.D. Roosevelt, San Juan,PR,920
"MedChic, LLC","99 PR-2 SUITE 108, GUAYNABO, PR 00966",787-504-5005,"Women, Men",99 PR-2 SUITE 108, GUAYNABO,PR,966
Urology & Oncology Institute,"Altamira Reserve Suite 211 1910 Ace Jesus T Pinero, San Juan, PR 00921",787-756-5200,"Men, Women",Altamira Reserve Suite 211 1910 Ace Jesus T Pinero, San Juan,PR,921
"Antonio Ramirez-Gonzalez, MD","735 AVE PONCE DE LEON STE 601 TORRE AUXILIO MUTUO, San Juan, PR 00917-5028",787-756-0100,"Women, Men",735 AVE PONCE DE LEON STE 601 TORRE AUXILIO MUTUO, San Juan,PR,00917-5028
Harmony Medical Wellness,"623 Ave Ponce De Leon Suite 401-D, San Juan, PR 00917",(787) 692-7842,,623 Ave Ponce De Leon Suite 401-D, San Juan,PR,917
CJ Sierra Gyneco-Obstretical Care,"400 Avenida Domenech Suite 311, San Juan, PR 00918",787-281-8522,"Women, Men",400 Avenida Domenech Suite 311, San Juan,PR,918
Somohano Ob/Gyn Services PSC,"650 Ave. Muñoz Rivera El Monte Tower Suite 203, San Juan, PR 00918",(787) 756-0100,"Women, Men",650 Ave. Muñoz Rivera El Monte Tower Suite 203, San Juan,PR,918
Las Americas Pain Interventional Center,"525 FD Roosevelt La Torre De Plaza Suite 617, San Juan, PR 00918",787-396-8336,"Women, Men",525 FD Roosevelt La Torre De Plaza Suite 617, San Juan,PR,918
VeraMD,"576 Calle Cesar Gonzalez Suite. 505, San Juan, PR 00976",(787) 307-8592,,576 Calle Cesar Gonzalez Suite. 505, San Juan,PR,976
Hera Obgyn,"Calle Andreu Aguilar 118 Ext. Roosevelt, San Juan, PR 00918",787-944-4488,"Women, Men",Calle Andreu Aguilar 118 Ext. Roosevelt, San Juan,PR,918
"Lisandra Pagan, MD","9 Ave. Las Cumbres Ste. 14, Guaynabo, PR 00969",787-753-1999,"Women, Men",9 Ave. Las Cumbres Ste. 14, Guaynabo,PR,969
Keimari Mendez,"1848 Ave Glassgow Urb College Park, San Juan, PR 00921",787-221-6423,"Women, Men",1848 Ave Glassgow Urb College Park, San Juan,PR,921
Dra. Carlos Pons,"735 Ponce de Leon Ave. Torre Auxilio Mutuo Suite 613, San Juan, PR 00917",787-552-6722,"Women, Men",735 Ponce de Leon Ave. Torre Auxilio Mutuo Suite 613, San Juan,PR,917
Instituto Ginecologico - San Juan Medical,"4 Calle Rvdo Domingo Marrero , San Juan, PR 00925",787-766-2003,"Women, Men",4 Calle Rvdo Domingo Marrero , San Juan,PR,925
"Henry A. Rodriguez Ginorio, MD","735 Ponce de Leon Ave. Suite 405, Hato Rey, PR 00917",787-753-4505,"Women, Men",735 Ponce de Leon Ave. Suite 405, Hato Rey,PR,917
Body Sculpt Express,"120 Calle 2 Suite 303, San Juan, PR 00927",(787) 209-5939,Women,120 Calle 2 Suite 303, San Juan,PR,927
Dra. Olga Pereira,"117 AVE DE DIEGO, San Juan, PR 00927",787-667-9729,"Women, Men",117 AVE DE DIEGO, San Juan,PR,927
Servicios Urologicos de PR,"Torre Medica Auxilio Mutuo Suite 409 Ave. Ponce de Leon, San Juan, PR 00917",787-753-8528,"Men, Women",Torre Medica Auxilio Mutuo Suite 409 Ave. Ponce de Leon, San Juan,PR,917
Isla Verde Gynecology,"6470 AVE ISLA VERDE STE 1, Carolina, PR 00979",(787) 276-2000,"Women, Men",6470 AVE ISLA VERDE STE 1, Carolina,PR,979
Isla Verde Health Center,"6772 Av Isla Verde Suite 101-A, Carolina, PR 00979",787-253-4080,"Women, Men",6772 Av Isla Verde Suite 101-A, Carolina,PR,979
NUR Aesthetics & Wellness,"1565 Calle Alda, San Juan, PR 00926",(787) 554-9194,Women,1565 Calle Alda, San Juan,PR,926
"Luis Ambert, MD","Carr 21 T-3-8 Urb Las Lomas, Rio Piedras, PR 00921",787-781-1265,"Men, Women",Carr 21 T-3-8 Urb Las Lomas, Rio Piedras,PR,921
Dra. Cristina Nevarez,"1699 Calle Parana, San Juan, PR 00926",787-743-1985,"Women, Men",1699 Calle Parana, San Juan,PR,926
Preventive Cardiology,"349 Ave Felisa Rincon De Gautier Suite 208 Paseo Las Cumbres, San Juan, PR 00926-6676",787-362-1111,"Men, Women",349 Ave Felisa Rincon De Gautier Suite 208 Paseo Las Cumbres, San Juan,PR,00926-6676
Dra. Judibelle Rivera de Jesus,"33 Calle Baldorioty, Coamo 00769",787-825-2420,"Women, Men",33 Calle Baldorioty, Coamo 00769,,
Oficina Dr Hiram Pabon,"H16 Calle AA Ciudad Universitaria, Trujillo Alto, PR 00976",787-755-5515,"Women, Men",H16 Calle AA Ciudad Universitaria, Trujillo Alto,PR,976
Clinica Dr. Hector Tirado,"75 Calle Gerrardo Nieves Mercado, Comerio, PR 00782",(787) 875-3913,,75 Calle Gerrardo Nieves Mercado, Comerio,PR,782
Dr. Osana  Chacón/Dr. O Life Inc.,"Caribbean Cinema Building Plaza Guaynabo Ste. 201 D Street, Guaynabo, PR 00969",787 529-5197,"Women, Men",Caribbean Cinema Building Plaza Guaynabo Ste. 201 D Street, Guaynabo,PR,969
Lopez - Bonet Medical Clinic,"927 Sanchez Vilella Ave. C. Club, San Juan, PR 00924",787-757-6617,"Women, Men",927 Sanchez Vilella Ave. C. Club, San Juan,PR,924
Dr. Monserrate Pabon Lopez,"Calle Jose C Vazquez #64, Aibonito, PR 00705",787-735-1471,"Women, Men",Calle Jose C Vazquez #64, Aibonito,PR,705
Saez Cartagena Medical Services PSC,"Calle Julio Cintron  Edificio Guayacan Suite 110, Aibonito, PR 00705",787-735-1941,"Women, Men",Calle Julio Cintron  Edificio Guayacan Suite 110, Aibonito,PR,705
Renueva tu Body,"30 Calle Teresa Jornet Suite 114, San Juan, PR 00926",787-665-0450,"Women, Men",30 Calle Teresa Jornet Suite 114, San Juan,PR,926
Dr. Eileen Bravo,"Ave. Periferal G10 Cooperativa Ciudad Universitaria, Trujillo Alto, PR 00976",(787) 344-7878,"Women, Men",Ave. Periferal G10 Cooperativa Ciudad Universitaria, Trujillo Alto,PR,976
Escorial Dental and Medical Center,"5725 Blvd Media Luna Galerias de Escorial Shopping Center Ste 5, Carolina, PR 00987",(787) 769-6684,Women,5725 Blvd Media Luna Galerias de Escorial Shopping Center Ste 5, Carolina,PR,987
Renova Med,"BO. Jauca II Local 4 Carr 153 Km 7.5, Santa Isabel, PR 00757",(787) 677-9677,,BO. Jauca II Local 4 Carr 153 Km 7.5, Santa Isabel,PR,757
ASCM Primary Care PSC,"173 Calle Colon, Aguada, PR 00602",(787) 868-2198,Women,173 Calle Colon, Aguada,PR,602
D'Ann Medical & Esthetique,"Ave. Roberto Clemente Bloqué 129-28 Villa Carolina, Carolina, PR 00985",(787) 757-5100,"Women, Men",Ave. Roberto Clemente Bloqué 129-28 Villa Carolina, Carolina,PR,985
Carolina Cardiovascular Diagnostics/MIAPIEL,"Ave Roberto Clemente Villa Carolina Calle 76 Bloque 114 #4, Carolina, PR 00983",787-257-0555,"Women, Men",Ave Roberto Clemente Villa Carolina Calle 76 Bloque 114 #4, Carolina,PR,983
RC Medical Services PSC,"Calle Antonio R. Barcelo #42, Cidra, PR 00739",787-739-4585,"Women, Men",Calle Antonio R. Barcelo #42, Cidra,PR,739
Nutriestetic,"46 Calle Aquamarina, Caguas, PR 00725",787-743-0165,"Women, Men",46 Calle Aquamarina, Caguas,PR,725
Advance Gynecology Services,"Consolidated Mall Suite C 21-C, Caguas, PR 00725",(939) 370-7231,,Consolidated Mall Suite C 21-C, Caguas,PR,725
Women Health Institute,"Gautier Benitez 195, Caguas, PR 00725",787-653-3456,"Women, Men",Gautier Benitez 195, Caguas,PR,725
"Centro de Obstetricia y Ginecología Dr. Diaz Bretaña, LLC.","195 Ave Gautier Benitez (Mary's Health Food Building), Caguas, PR 00725",787-708-5353,"Women, Men",195 Ave Gautier Benitez (Mary's Health Food Building), Caguas,PR,725
LR Aesthetic,"Colinas Del Este Calle Eros A8, Juncos, PR 00725",(787) 450-8858,Women,Colinas Del Este Calle Eros A8, Juncos,PR,725
Colon Fernandez Gynecology,"Urb Caguax E-5 Ave Luis Munoz Marin, Caguas, PR 00725",(787) 362-4221,,Urb Caguax E-5 Ave Luis Munoz Marin, Caguas,PR,725
Policlinica Navarro,"Carr 931 km 5.4  Barrio Navarro, Gurabo, PR 00778",787-743-1985,"Women, Men",Carr 931 km 5.4  Barrio Navarro, Gurabo,PR,778
Dermaesthetics Skin and Wellness Clinic,"Carr 931 Km 9.1 Edificio 1 Bo Navarro, Gurabo, PR 00778",939-283-1500,Women,Carr 931 Km 9.1 Edificio 1 Bo Navarro, Gurabo,PR,778
Vitamed LLC,"Calle Santiago #63 Norte, Gurabo, PR 00778",(787) 991-5730,Women,Calle Santiago #63 Norte, Gurabo,PR,778
Dra M Maldonado OBGYN,"40 Calle Lopez Hormazabal, Juncos, PR 00777",787-734-6020,"Women, Men",40 Calle Lopez Hormazabal, Juncos,PR,777
Dra. Nilsa Vizcarrondo Acosta,"Urb. Gibraltar Calle Pacifico 17 bajos, Guayama 00785",787-866-2112,"Women, Men",Urb. Gibraltar Calle Pacifico 17 bajos, Guayama 00785,,
Liribeth Ramirez,"Carr 198  Km 22.0  Desv. Francisco, Las Piedras Maldonado, PR 00771",(787) 716-0050,"Women, Men",Carr 198  Km 22.0  Desv. Francisco, Las Piedras Maldonado,PR,771
Family Medicine Office Dr Ortiz-Flores,"410 General Valero Ave  Ste 208, Fajardo, PR 00738",787-863-7100,"Women, Men",410 General Valero Ave  Ste 208, Fajardo,PR,738
Centro de Especialistas,"334 Font Martelo, Humacao, PR 00791",(787) 852-0886,"Women, Men",334 Font Martelo, Humacao,PR,791
"Maria Isabel Carrera, MD","101 Union St., Fajardo, PR 00738",787-863-1065,"Women, Men",101 Union St., Fajardo,PR,738
"Egos, PSC","158 Font Martelo Ave., Humacao, PR 00791",(787) 852-3560,Women,158 Font Martelo Ave., Humacao,PR,791
Corporacion Salud Femenina en Excelencia,"Calle Rafael Arroyo Rios 7, Humacao, PR 00791",(787) 850-1695,"Women, Men",Calle Rafael Arroyo Rios 7, Humacao,PR,791
"Lakeview Family Practice, LLC","1901 N Hemmer Rd Suite 208, Palmer, AK 99645",(907) 203-4677,"Women, Men",1901 N Hemmer Rd Suite 208, Palmer,AK,99645
Cheeky Medspa - Fairbanks,"29 College Road Unit 8a, Fairbanks, AK 99701",913-423-8150,"Women, Men",29 College Road Unit 8a, Fairbanks,AK,99701
Revive Medical Spa,"1626 30th Ave Ste 202, Fairbanks, AK 99701",(907) 371-1766,"Women, Men",1626 30th Ave Ste 202, Fairbanks,AK,99701
Modern Gynecology,"3851 Piper Street Suite U431, Anchorage, AK 99508",907-339-4800,"Women, Men",3851 Piper Street Suite U431, Anchorage,AK,99508
Solstice Medicine and Wellness,"475 Riverstone Way 2, Fairbanks, AK 99709",(907) 456-6334,"Women, Men",475 Riverstone Way 2, Fairbanks,AK,99709
Arctic Rose Wellness,"4101 Arctic Boulevard Suite 206, Anchorage, AK 99503",(907) 621-9939,"Women, Men",4101 Arctic Boulevard Suite 206, Anchorage,AK,99503
River Health & Wellness,"35671 Kenzi Spur Hwy Ste 103A, Soldotna, AK 99669",(907) 260-1655,"Women, Men",35671 Kenzi Spur Hwy Ste 103A, Soldotna,AK,99669
Cheeky Medspa - Kenai,"36892 Mallard Rd., Kenai, AK 99669",717-408-6075,"Women, Men",36892 Mallard Rd., Kenai,AK,99669
Cheeky Medspa,"60466 East End Rd, Homer, AK 99603",313-356-8788,"Women, Men",60466 East End Rd, Homer,AK,99603
Renew Wellness,"43 W. Kamehameha Ave, Kahului, HI 96732",808-793-3008,"Women, Men",43 W. Kamehameha Ave, Kahului,HI,96732
"Carolyn Candido, MD","73-5574 Maiau St. Suite 3, Kailua Kona, HI 96740",(808) 468-2084,"Women, Men",73-5574 Maiau St. Suite 3, Kailua Kona,HI,96740
MODIV FUNCTIONAL WELLNESS & MEDSPA,"442 A ULUNIU STREET, Kailua, HI 96734",(858) 717-4699,"Women, Men",442 A ULUNIU STREET, Kailua,HI,96734
"Tada Anesthesia Services, LLC","1441 Kapiolani Boulevard #2020, Honolulu, HI 96814",(808) 272-7744,"Women, Men",1441 Kapiolani Boulevard #2020, Honolulu,HI,96814
Hawaii Natural Medicine,"1188 Bishop St. 1605, Honolulu, HI 96813",808-524-8715,"Women, Men",1188 Bishop St. 1605, Honolulu,HI,96813
"Honolulu Pain Management Clinic, LLC","98-1247 Kaahumanu St. Suite 223, Aiea, HI 99637",808-528-3657,"Women, Men",98-1247 Kaahumanu St. Suite 223, Aiea,HI,99637
"Aloha Kai Aesthetics and Wellness, LLC","66-216 Farrington Hwy Suite 100-A, Waialua, HI 96791",(808) 352-6017,,66-216 Farrington Hwy Suite 100-A, Waialua,HI,96791
Allure Derm and Wellness Center,"91-1001 Kaimalie Street Suite 204B, Ewa Beach, HI 96706",808-600-5197,Women,91-1001 Kaimalie Street Suite 204B, Ewa Beach,HI,96706
Dra. Natalia Z. Jimenez Colón,"Carr. 493 Km. 1.0, Hatillo, PR 00659",787-650-8252,"Women, Men",Carr. 493 Km. 1.0, Hatillo,PR,659
Dr Ramon Espinal Dilone,"Calle Pedro Bisono Toribio No.7, La Esmeralda, ST 51000",(809) 724-3232,,Calle Pedro Bisono Toribio No.7, La Esmeralda,ST,51000
Instituto Puertoriqueno Medicina Integral,"2MO-1 Ave. Iturregui, Carolina, PR 00982",787-768-3882,"Women, Men",2MO-1 Ave. Iturregui, Carolina,PR,982
"Advanced Ob Gyn, PSC","Bo Rincon Sector Lomas Carretera 14 Interior KM 0.3 Hospital Menonita de Cayey Edificio Profesional Suite 311, Cayey, PR 00736",787-738-9938,"Women, Men",Bo Rincon Sector Lomas Carretera 14 Interior KM 0.3 Hospital Menonita de Cayey Edificio Profesional Suite 311, Cayey,PR,736
Wellness Alliance,"Centro Internacional de Mercadeo II 90 carr 165 suite 504, Guaynabo, PR 00968",787-708-6777,"Men, Women",Centro Internacional de Mercadeo II 90 carr 165 suite 504, Guaynabo,PR,968
