query,Provider Name,Full Address,Phone
"Youngblood Aesthetics and Med Spa LLC, 7053 Lee Hwy Suite 301-102 Chattanooga, TN 374211822",Youngblood Aesthetics and Med Spa LLC,"7053 Lee Hwy Suite 301-102 Chattanooga, TN 374211822",(762) 760-3476
"Borealis LIFE, 2501 E. 42nd. Ave Anchorage, AK 99508",Borealis LIFE,"2501 E. 42nd. Ave Anchorage, AK 99508",(907) 318-7211
"Rejuvenate Health and Wellness, 4200 Lake Otis Pkwy Ste 303 Anchorage, AK 99508",Rejuvenate Health and Wellness,"4200 Lake Otis Pkwy Ste 303 Anchorage, AK 99508",(888) 601-5824
"Skin Bliss Beauty Bar, 258 Akiak Dr Bethel, AK 99559",Skin Bliss Beauty Bar,"258 Akiak Dr Bethel, AK 99559",(719) 759-8927
"Alpine Medical Group, 605 Chief Thomas Dr Fairbanks, AK 99709",Alpine Medical Group,"605 Chief Thomas Dr Fairbanks, AK 99709",(989) 499-1187
"The Alaska Medical Spa, 1751 E Gardner Way Ste G Wasilla, AK 99654",The Alaska Medical Spa,"1751 E Gardner Way Ste G Wasilla, AK 99654",(888) 546-2204
"Trubalance Wellness, 2449 Moores Mill Rd Suite 110 Auburn, AL 36830",Trubalance Wellness,"2449 Moores Mill Rd Suite 110 Auburn, AL 36830",(334) 377-9047
"After Ours Obgyn & Urgent Care for Women, 3419 Colonnade Pkwy Ste 600 Birmingham, AL 35243",After Ours Obgyn & Urgent Care for Women,"3419 Colonnade Pkwy Ste 600 Birmingham, AL 35243",(205) 894-6488
"Appell & Sorrell Wellness, 4704 Cahaba River Rd Ste 510Ba Birmingham, AL 35243",Appell & Sorrell Wellness,"4704 Cahaba River Rd Ste 510Ba Birmingham, AL 35243",(938) 465-3492
"Birmingham Health, 801 Shades Crest Rd Birmingham, AL 35226",Birmingham Health,"801 Shades Crest Rd Birmingham, AL 35226",(205) 882-4285
"Ross Bridge Medical Center, 3635 Market St Birmingham, AL 35226",Ross Bridge Medical Center,"3635 Market St Birmingham, AL 35226",(659) 333-5109
"NP Sadler Health, 202 W Orange Ave Foley, AL 36535",NP Sadler Health,"202 W Orange Ave Foley, AL 36535",(251) 278-2494
"Revive Medical Center, 1728 11th Ave Haleyville, AL 35565",Revive Medical Center,"1728 11th Ave Haleyville, AL 35565",(205) 479-3979
"MiBella Wellness Center, 2807 Greystone Commercial Blvd Ste 38 Hoover, AL 35242",MiBella Wellness Center,"2807 Greystone Commercial Blvd Ste 38 Hoover, AL 35242",(938) 465-4061
"Alabama Women's Health Care, 420 Lowell Dr #400 Huntsville, AL 35801",Alabama Women's Health Care,"420 Lowell Dr #400 Huntsville, AL 35801",(256) 870-2616
"Alison Wellness Clinic, 900 Bob Wallace Ave.Sw Suite 111 Huntsville, AL 35801",Alison Wellness Clinic,"900 Bob Wallace Ave.Sw Suite 111 Huntsville, AL 35801",(256) 946-7762
"Biowell Health & Aesthetics, 218 Rhett Ave. SW Huntsville, AL 35801",Biowell Health & Aesthetics,"218 Rhett Ave. SW Huntsville, AL 35801",(256) 857-3919
"Pearl Skin Aesthetics, 415 Church Street NW Suite C Huntsville, AL 35801",Pearl Skin Aesthetics,"415 Church Street NW Suite C Huntsville, AL 35801",(256) 368-4031
"THE DOCTOR'S OFFICE WINCHESTER ROAD, 1671 Winchester Rd NE Huntsville, AL 35811",THE DOCTOR'S OFFICE WINCHESTER ROAD,"1671 Winchester Rd NE Huntsville, AL 35811",(256) 587-2505
"Hormone House and Aesthetics, 3700 B Government Blvd Mobile, AL 36693",Hormone House and Aesthetics,"3700 B Government Blvd Mobile, AL 36693",(251) 318-9193
"Plessala Gynecology & Fertility, PLLC, 6701 Airport Blvd Ste B229 Mobile, AL 36608","Plessala Gynecology & Fertility, PLLC","6701 Airport Blvd Ste B229 Mobile, AL 36608",(251) 309-5973
"The Wellness Clinic, 12 Office Park Circle Mountain Brook, AL 35223",The Wellness Clinic,"12 Office Park Circle Mountain Brook, AL 35223",(659) 201-7043
"Avalon Medical Group, 2410 Avalon Ave Muscle Shoals, AL 35661",Avalon Medical Group,"2410 Avalon Ave Muscle Shoals, AL 35661",(938) 222-5146
"Ideal Wellness & Aesthetics, 12935 Hwy 231- 431 North Hazel Green, AL 35750",Ideal Wellness & Aesthetics,"12935 Hwy 231- 431 North Hazel Green, AL 35750",(256) 800-2729
"Allegra Wellness of Tuscaloosa, 4804 Highway 69 N Northport, AL 35473",Allegra Wellness of Tuscaloosa,"4804 Highway 69 N Northport, AL 35473",(205) 409-9486
"3:16 Healthcare (Ranburne, AL), 21178 Main St Ranburne, AL 36273","3:16 Healthcare (Ranburne, AL)","21178 Main St Ranburne, AL 36273",(938) 223-2344
"Lush Medspa, 516 19th Avenue Tuscaloosa, AL 35401",Lush Medspa,"516 19th Avenue Tuscaloosa, AL 35401",(659) 734-1373
"Prescription Aesthetic and Wellness Spa, 700 Montgomery Hwy Suite 230 Vestavia, AL 35216",Prescription Aesthetic and Wellness Spa,"700 Montgomery Hwy Suite 230 Vestavia, AL 35216",(659) 222-5779
"Divine Family Wellness, 530 Bexar Ave West Hamilton, AL 35570",Divine Family Wellness,"530 Bexar Ave West Hamilton, AL 35570",(205) 839-2255
"Compass Healthcare, 2606 Pine Street Arkadelphia, AR 71923",Compass Healthcare,"2606 Pine Street Arkadelphia, AR 71923",(870) 709-2679
"Vital Longevity Clinic PLLC, 901 E Beebe Capps Expy Searcy, AR 72143",Vital Longevity Clinic PLLC,"901 E Beebe Capps Expy Searcy, AR 72143",(870) 301-2754
"NJ Health Now, 234 W South St Benton, AR 72015",NJ Health Now,"234 W South St Benton, AR 72015",(501) 575-1691
"Revive Lifestyle Medicine - Benton, 610 Highway 5 N Benton, AR 72019",Revive Lifestyle Medicine - Benton,"610 Highway 5 N Benton, AR 72019",(501) 575-9358
"Vibe Wellness & Weightloss, 105 N East St Benton, AR 72015",Vibe Wellness & Weightloss,"105 N East St Benton, AR 72015",(501) 902-4280
"Practical Wellness Clinic, 6144 Highway 5 N Ste 700 Bryant, AR 72022",Practical Wellness Clinic,"6144 Highway 5 N Ste 700 Bryant, AR 72022",(501) 443-4561
"Sloan Aesthetics - AR, 107 Progress Way Suite 501 Bryant, AR 72022",Sloan Aesthetics - AR,"107 Progress Way Suite 501 Bryant, AR 72022",(623) 663-1131
"Taylor Health + Wellness, 4430 Highway 5 North Ste 6 Bryant, AR 72022",Taylor Health + Wellness,"4430 Highway 5 North Ste 6 Bryant, AR 72022",(501) 530-9072
"The Lewis Clinic, 430 Magnolia Rd Camden, AR 71701",The Lewis Clinic,"430 Magnolia Rd Camden, AR 71701",(870) 454-2499
"Arkansas Urology (Conway), 1375 Superior Dr Conway, AR 72032",Arkansas Urology (Conway),"1375 Superior Dr Conway, AR 72032",(501) 236-6645
"Core AesthetiX, 650 United Dr Ste 210 Conway, AR 72032",Core AesthetiX,"650 United Dr Ste 210 Conway, AR 72032",(501) 382-1698
"Healthy Connections - Conway, 2425 Dave Ward Dr Ste 102 Conway, AR 72034",Healthy Connections - Conway,"2425 Dave Ward Dr Ste 102 Conway, AR 72034",(501) 697-4474
"Nova Aesthetics & Medical Wellness, 810 Amity Rd Ste 201 Conway, AR 72032",Nova Aesthetics & Medical Wellness,"810 Amity Rd Ste 201 Conway, AR 72032",(501) 300-9476
"River Valley OBGYN - Dardanelle, 507 N 4th St Ste C Dardanelle, AR 72834",River Valley OBGYN - Dardanelle,"507 N 4th St Ste C Dardanelle, AR 72834",(479) 317-8192
"Mobley Medical Clinic, 708 S Timberlane Dr # A El Dorado, AR 71730",Mobley Medical Clinic,"708 S Timberlane Dr # A El Dorado, AR 71730",(870) 639-6465
"Body Balance, 124 W. Sunbridge Drive Suite 2 Fayetteville, AR 72703",Body Balance,"124 W. Sunbridge Drive Suite 2 Fayetteville, AR 72703",(479) 929-2129
"Maverick Male Medical, 1420 E. Augustine Ln Unit 7 Fayetteville, AR 72703",Maverick Male Medical,"1420 E. Augustine Ln Unit 7 Fayetteville, AR 72703",(479) 305-8206
"Rejuvenated Medical Spa, 1438 E. Augustine Ln Ste 2 Fayetteville, AR 72703",Rejuvenated Medical Spa,"1438 E. Augustine Ln Ste 2 Fayetteville, AR 72703",(479) 335-5777
"Aspire Medical Aesthetics, 3400 South 70th Street Suite C Fort Smith, AR 72903",Aspire Medical Aesthetics,"3400 South 70th Street Suite C Fort Smith, AR 72903",(479) 239-9886
"Pinnacle Health - Ft Smith, 4034 Rogers Ave Ste D Fort Smith, AR 72903",Pinnacle Health - Ft Smith,"4034 Rogers Ave Ste D Fort Smith, AR 72903",(918) 393-8487
"Ageless Aesthetics of Arkansas, 135 Medical Park Place Hot Springs, AR 71901",Ageless Aesthetics of Arkansas,"135 Medical Park Place Hot Springs, AR 71901",(501) 236-4688
"Chrysalis Day Spa, 4332 Central Ave Ste E Hot Springs, AR 71913",Chrysalis Day Spa,"4332 Central Ave Ste E Hot Springs, AR 71913",(501) 984-7312
"Good Beauty Aesthetics + Wellness, 232 Cornerstone Blvd. Hot Springs, AR 71913",Good Beauty Aesthetics + Wellness,"232 Cornerstone Blvd. Hot Springs, AR 71913",(479) 391-2489
"Healthy Connections, 3604 Central Ave Ste D Hot Springs, AR 71913",Healthy Connections,"3604 Central Ave Ste D Hot Springs, AR 71913",(501) 443-7805
"Infinity Wellness, 138 McArthur St Hot Springs, AR 71913",Infinity Wellness,"138 McArthur St Hot Springs, AR 71913",(501) 443-2085
"Regenerative Health Solutions, 1 Mercy Lane Suite 406 Hot Springs, AR 71913",Regenerative Health Solutions,"1 Mercy Lane Suite 406 Hot Springs, AR 71913",(501) 382-9654
"Healthy Connections - Hot Springs Village, 4585 N Highway 7 Ste 11 Hot Springs Village, AR 71909",Healthy Connections - Hot Springs Village,"4585 N Highway 7 Ste 11 Hot Springs Village, AR 71909",(870) 617-5370
"Defyne Med Spa, 2217 Woodsprings Rd Ste A Jonesboro, AR 72404",Defyne Med Spa,"2217 Woodsprings Rd Ste A Jonesboro, AR 72404",(870) 272-8111
"Jul Aesthetics, 1000 S Caraway Rd Ste 110 Jonesboro, AR 72401",Jul Aesthetics,"1000 S Caraway Rd Ste 110 Jonesboro, AR 72401",(870) 227-8054
"ToxDoc, 410 S Church St Ste A Jonesboro, AR 72401",ToxDoc,"410 S Church St Ste A Jonesboro, AR 72401",(870) 558-6810
"Arkansas Urology (Centerview), 1300 Centerview Dr Little Rock, AR 72211",Arkansas Urology (Centerview),"1300 Centerview Dr Little Rock, AR 72211",(501) 236-5913
"Buffy’s Wellness & Revitalization, 3801 John F Kennedy Blvd Suite 201 Little Rock, AR 72116",Buffy’s Wellness & Revitalization,"3801 John F Kennedy Blvd Suite 201 Little Rock, AR 72116",(501) 575-2216
"Healthy Connections- Little Rock, 1100 N University Ave Ste 200 Little Rock, AR 72207",Healthy Connections- Little Rock,"1100 N University Ave Ste 200 Little Rock, AR 72207",(501) 983-5088
"House of Beauty x KT Aesthetics, 13924 Cantrell Rd Ste B Little Rock, AR 72223",House of Beauty x KT Aesthetics,"13924 Cantrell Rd Ste B Little Rock, AR 72223",(501) 596-4109
"New Life Wellness Clinic, 11219 Financial Centre Pkwy Ste 215 Little Rock, AR 72211",New Life Wellness Clinic,"11219 Financial Centre Pkwy Ste 215 Little Rock, AR 72211",(501) 506-5545
"Premier Gastroenterology, 10915 North Rodney Parham Rd Ste F Little Rock, AR 72212",Premier Gastroenterology,"10915 North Rodney Parham Rd Ste F Little Rock, AR 72212",(501) 798-5814
"Revive Lifestyle Medicine, 8114 Cantrell Rd Ste 201 Little Rock, AR 72227",Revive Lifestyle Medicine,"8114 Cantrell Rd Ste 201 Little Rock, AR 72227",(501) 510-8287
"Women First, 9600 Baptist Dr. Suite 340 Little Rock, AR 72205",Women First,"9600 Baptist Dr. Suite 340 Little Rock, AR 72205",(501) 799-1260
"Healthy Connections - Mena, 136 Health Park Dr Mena, AR 71953",Healthy Connections - Mena,"136 Health Park Dr Mena, AR 71953",(870) 385-5048
"Women’s Wellness, 330 Hwy 5 North Suite 10 Mountain Home, AR 72653",Women’s Wellness,"330 Hwy 5 North Suite 10 Mountain Home, AR 72653",(870) 686-8185
"North Little Rock Women’s Clinic, 2524 Crestwood Rd. Ste 5 North Little Rock, AR 72116",North Little Rock Women’s Clinic,"2524 Crestwood Rd. Ste 5 North Little Rock, AR 72116",(501) 961-4228
"479 Health & Aesthetics, 257 Airport Road Suite A Ste A Ozark, AR 72949",479 Health & Aesthetics,"257 Airport Road Suite A Ste A Ozark, AR 72949",(479) 847-1901
"DeQueen Medical Associates, 500 E. Collin Raye Drive De Queen, AR 71832",DeQueen Medical Associates,"500 E. Collin Raye Drive De Queen, AR 71832",(870) 537-9428
"AR Medical Weight Loss and Wellness, 2890 W. Walnut St Suite 2A Rogers, AR 72756",AR Medical Weight Loss and Wellness,"2890 W. Walnut St Suite 2A Rogers, AR 72756",(479) 349-4528
"Rhone Theory, 3301 S Market St Ste 112 Rogers, AR 72758",Rhone Theory,"3301 S Market St Ste 112 Rogers, AR 72758",(417) 541-3081
"The SKN & Hair Co., 4100 S. Grand Avenue Suite B107 Rogers, AR 72758",The SKN & Hair Co.,"4100 S. Grand Avenue Suite B107 Rogers, AR 72758",(417) 541-2596
"Voxy Aesthetics, 5102 S Pinnacle Hills Pkwy Rogers, AR 72758",Voxy Aesthetics,"5102 S Pinnacle Hills Pkwy Rogers, AR 72758",(479) 349-4579
"Ziva Aesthetics & Wellness, 5212 W. Village Pkwy Ste 6 Rogers, AR 72758",Ziva Aesthetics & Wellness,"5212 W. Village Pkwy Ste 6 Rogers, AR 72758",(479) 348-1026
"Healthy Connections - Russellville, 3312 W Main St Russellville, AR 72801",Healthy Connections - Russellville,"3312 W Main St Russellville, AR 72801",(479) 307-2371
"River Valley ObGyn, 2500 W Main Street Suite A Russellville, AR 72801",River Valley ObGyn,"2500 W Main Street Suite A Russellville, AR 72801",(479) 398-2932
"LG Aesthetics, 106 E Pine St Sheridan, AR 72150",LG Aesthetics,"106 E Pine St Sheridan, AR 72150",(870) 341-6884
"NW Gynecology Specialty, 5501 Willow Creek Dr. Suite 203 Springdale, AR 72762",NW Gynecology Specialty,"5501 Willow Creek Dr. Suite 203 Springdale, AR 72762",(405) 977-4112
"Swetnam Cosmetic Surgery, 3623 Johnson Mill Blvd Suite 203 Springdale, AR 72762",Swetnam Cosmetic Surgery,"3623 Johnson Mill Blvd Suite 203 Springdale, AR 72762",(479) 391-4448
"Texarkana Family Healthcare, 1305 Arkansas Blvd Ste 104 Texarkana, AR 71854",Texarkana Family Healthcare,"1305 Arkansas Blvd Ste 104 Texarkana, AR 71854",(870) 621-2923
"Limitless Aesthetics & Wellness, 7025 E Mayo Blvd  Ste 108-110 Pheonix, AZ 85054",Limitless Aesthetics & Wellness,"7025 E Mayo Blvd  Ste 108-110 Pheonix, AZ 85054",(602) 666-9477
"Desert Zen Med Spa, 2480 W Happy Valley Rd Ste 1205-103 Phoenix, AZ 85085",Desert Zen Med Spa,"2480 W Happy Valley Rd Ste 1205-103 Phoenix, AZ 85085",(480) 878-7862
"Ageless Beauty and Wellness, 8575 E Princess Dr, STE A-221 Scottsdale, AZ 85255",Ageless Beauty and Wellness,"8575 E Princess Dr, STE A-221 Scottsdale, AZ 85255",(520) 341-5928
"Zia Wellness, 671 State Route 179 Ste ACT6 Sedona, AZ 86336",Zia Wellness,"671 State Route 179 Ste ACT6 Sedona, AZ 86336",(928) 455-8174
"Sage Hormone Health, 42201 N 41st Dr Ste 122 Anthem, AZ 85086",Sage Hormone Health,"42201 N 41st Dr Ste 122 Anthem, AZ 85086",(623) 343-7012
"Vici Aesthetics, 42101 N 41ST Dr  Ste 148 Anthem, AZ 85086",Vici Aesthetics,"42101 N 41ST Dr  Ste 148 Anthem, AZ 85086",(213) 855-2732
"Verdure Wellness AZ, 3654 W Anthem Way STE B-106 Anthem, AZ 85086",Verdure Wellness AZ,"3654 W Anthem Way STE B-106 Anthem, AZ 85086",(602) 780-2184
"Walker Family Medicine - Benson, 611 W Union St Benson, AZ 85602",Walker Family Medicine - Benson,"611 W Union St Benson, AZ 85602",(520) 720-3922
"Optima Medical - South Bullhead City, 3015 Highway 95 Ste 105 Bullhead City, AZ 86442",Optima Medical - South Bullhead City,"3015 Highway 95 Ste 105 Bullhead City, AZ 86442",(760) 903-5402
"Advanced Image Med Spa, 7942 W Bell Rd Ste C-2 Glendale, AZ 85308",Advanced Image Med Spa,"7942 W Bell Rd Ste C-2 Glendale, AZ 85308",(623) 257-8024
"Agape Family Health and Wellness, 1821 N Trekell Rd Ste 3 Casa Grande, AZ 85122",Agape Family Health and Wellness,"1821 N Trekell Rd Ste 3 Casa Grande, AZ 85122",(216) 714-1202
"Revive Health & Wellness, 1550 E. Florence Blvd Ste 104 Case Grande, AZ 85122",Revive Health & Wellness,"1550 E. Florence Blvd Ste 104 Case Grande, AZ 85122",(520) 423-6347
"Rejenesis PLLC - Cave Creek, 30012 N Cave Creek Rd. Ste 105 Cave Creek, AZ 85331",Rejenesis PLLC - Cave Creek,"30012 N Cave Creek Rd. Ste 105 Cave Creek, AZ 85331",(520) 251-9809
"B Hive IV Wellness, 1860 S Alma School Rd Suite 1 Chandler, AZ 85286",B Hive IV Wellness,"1860 S Alma School Rd Suite 1 Chandler, AZ 85286",(520) 655-7677
"Constitutional Wellness, 312 N Alma School Rd Ste 1 Chandler, AZ 85224",Constitutional Wellness,"312 N Alma School Rd Ste 1 Chandler, AZ 85224",(480) 531-6863
"CurateMD Skin Bar and Wellness Clinic, 2745 S Alma School Rd Ste 3 Chandler, AZ 85286",CurateMD Skin Bar and Wellness Clinic,"2745 S Alma School Rd Ste 3 Chandler, AZ 85286",(623) 257-5916
"Divine Iv & Wellness, 3930 S Alma School rd Ste 10 Chandler, AZ 85248",Divine Iv & Wellness,"3930 S Alma School rd Ste 10 Chandler, AZ 85248",(623) 257-8160
"Longevity Medicine & Sports Therapy, 670 N 54th St Ste 1 Chandler, AZ 85226",Longevity Medicine & Sports Therapy,"670 N 54th St Ste 1 Chandler, AZ 85226",(623) 624-8608
"New Viva MD Weight Loss, 2390 W Ray Rd Ste 1 Chandler, AZ 85224",New Viva MD Weight Loss,"2390 W Ray Rd Ste 1 Chandler, AZ 85224",(520) 217-7175
"Wellspring Integrative Medicine, 50 S Kyrene Rd Ste 1 Chandler, AZ 85226",Wellspring Integrative Medicine,"50 S Kyrene Rd Ste 1 Chandler, AZ 85226",(480) 690-2574
"Alpha Medical AZ, 699 N 10th St Cottonwood, AZ 86326",Alpha Medical AZ,"699 N 10th St Cottonwood, AZ 86326",(928) 272-6876
"Beyoutiful Skin and Wellness, 544 S. 6th St Ste 102 Cottonwood, AZ 86326",Beyoutiful Skin and Wellness,"544 S. 6th St Ste 102 Cottonwood, AZ 86326",(928) 769-8005
"Revive IV Therapy and Medspa, 203 S Candy Ln Ste 9B Cottonwood, AZ 86326",Revive IV Therapy and Medspa,"203 S Candy Ln Ste 9B Cottonwood, AZ 86326",(928) 451-7116
"Moxi Medical Associates - Scottsdale, 8900 E Pinnacle Peak Rd Ste D-6 Scottsdale, AZ 85255",Moxi Medical Associates - Scottsdale,"8900 E Pinnacle Peak Rd Ste D-6 Scottsdale, AZ 85255",(480) 933-6977
"Breckenridge Wellness Clinic, 2615 N. Fourth St. Ste 6 Flagstaff, AZ 86004",Breckenridge Wellness Clinic,"2615 N. Fourth St. Ste 6 Flagstaff, AZ 86004",(928) 395-7260
"Aesthetic Elegance and Wellness, 16845 E Ave of The Fountain Suite 108 Fountain Hills, AZ 85268",Aesthetic Elegance and Wellness,"16845 E Ave of The Fountain Suite 108 Fountain Hills, AZ 85268",(520) 467-5386
"EKOM Medical, 18301 N. 79th Ave Ste G-190 Glendale, AZ 85308",EKOM Medical,"18301 N. 79th Ave Ste G-190 Glendale, AZ 85308",(602) 691-6829
"4Ever Young Anti-Aging Solutions, 75 East Rivulon Boulevard Suite 105 Gilbert, AZ 85297",4Ever Young Anti-Aging Solutions,"75 East Rivulon Boulevard Suite 105 Gilbert, AZ 85297",(623) 255-4030
"Activated Health And Wellness (Medawar), 1485 S Higley Rd Suite 104 Gilbert, AZ 85296",Activated Health And Wellness (Medawar),"1485 S Higley Rd Suite 104 Gilbert, AZ 85296",(480) 933-1357
"Aine Healthcare - Gilbert, 732 E Warner Rd Ste 25 Gilbert, AZ 85296",Aine Healthcare - Gilbert,"732 E Warner Rd Ste 25 Gilbert, AZ 85296",(520) 900-8465
"Arizona Prohealth, 1400 N Gilbert Rd Unit 1 Gilbert, AZ 85234",Arizona Prohealth,"1400 N Gilbert Rd Unit 1 Gilbert, AZ 85234",(928) 813-2079
"Auri Aesthetics, 3875 E. Williams Field Road Ste 301 Gilbert, AZ 85295",Auri Aesthetics,"3875 E. Williams Field Road Ste 301 Gilbert, AZ 85295",(520) 436-7581
"Drops of Beauty Anti-Aging Medical Spa, 875 N Greenfield Rd Ste 103 Gilbert, AZ 85234",Drops of Beauty Anti-Aging Medical Spa,"875 N Greenfield Rd Ste 103 Gilbert, AZ 85234",(520) 482-3761
"Enhanced Health LLC, 613 W Devon Court Gilbert, AZ 85233",Enhanced Health LLC,"613 W Devon Court Gilbert, AZ 85233",(623) 257-7206
"Harmony Med Spa, Llc, 6318 S Higley Rd Ste 102 Gilbert, AZ 85298","Harmony Med Spa, Llc","6318 S Higley Rd Ste 102 Gilbert, AZ 85298",(928) 813-2196
"HonorHealth, 1537 S Higley Rd Gilbert, AZ 85296",HonorHealth,"1537 S Higley Rd Gilbert, AZ 85296",(480) 573-7085
"KOR Aesthetics and Wellness, LLC, 4936 S Power Rd Ste 130 Gilbert, AZ 85212","KOR Aesthetics and Wellness, LLC","4936 S Power Rd Ste 130 Gilbert, AZ 85212",(623) 263-8489
"LBC Aesthetics and Wellness, 428 S Gilbert Rd Ste 104 Gilbert, AZ 85296",LBC Aesthetics and Wellness,"428 S Gilbert Rd Ste 104 Gilbert, AZ 85296",(623) 288-4245
"Lifespann Primary Care & Esthetics, 2451 E Baseline Rd Ste 310 Gilbert, AZ 85234",Lifespann Primary Care & Esthetics,"2451 E Baseline Rd Ste 310 Gilbert, AZ 85234",(623) 748-5063
"Lively Integrated Health, 920 E Williams Field Rd Ste 102 Gilbert, AZ 85295",Lively Integrated Health,"920 E Williams Field Rd Ste 102 Gilbert, AZ 85295",(623) 462-1465
"Lutz Get Healthy, 3501 S Mercy Rd Suite 101 Gilbert, AZ 85297",Lutz Get Healthy,"3501 S Mercy Rd Suite 101 Gilbert, AZ 85297",(480) 651-8053
"Luxx Aesthetics & Wellness Medicine, 4365 E Pecos Rd Ste 113 Gilbert, AZ 85295",Luxx Aesthetics & Wellness Medicine,"4365 E Pecos Rd Ste 113 Gilbert, AZ 85295",(520) 487-6104
"Nascent Health, 115 E Williams Field Rd Ste 101 Gilbert, AZ 85295",Nascent Health,"115 E Williams Field Rd Ste 101 Gilbert, AZ 85295",(602) 755-6079
"Rise Wellness, 3150 E Ray Rd  Suite 120 Gilbert, AZ 85296",Rise Wellness,"3150 E Ray Rd  Suite 120 Gilbert, AZ 85296",(605) 667-5113
"The Loft Medspa, 1401 E Williamsfield Rd Unit 101 Ste 34 Gilbert, AZ 85295",The Loft Medspa,"1401 E Williamsfield Rd Unit 101 Ste 34 Gilbert, AZ 85295",(928) 589-5505
"V!BE Integrative Health, 633 E. Ray Rd Suite 114 Gilbert, AZ 85296",V!BE Integrative Health,"633 E. Ray Rd Suite 114 Gilbert, AZ 85296",(602) 497-1123
"Bliss Medical Spa and Wellness, 5710 W. Bell Road Suite 29 Glendale, AZ 85308",Bliss Medical Spa and Wellness,"5710 W. Bell Road Suite 29 Glendale, AZ 85308",(602) 755-6640
"Dr. Rachel Langland Medical Consulting, 17244 N. 43rd Ave Suite 101 Glendale, AZ 85308",Dr. Rachel Langland Medical Consulting,"17244 N. 43rd Ave Suite 101 Glendale, AZ 85308",(623) 304-5699
"Elite Integrative Group, 5422 West Thunderbird Road Ste 2 Glendale, AZ 85306",Elite Integrative Group,"5422 West Thunderbird Road Ste 2 Glendale, AZ 85306",(623) 343-4793
"Our Way Wellness LLC, 5622 W Palmaire Ave Glendale, AZ 85301",Our Way Wellness LLC,"5622 W Palmaire Ave Glendale, AZ 85301",(623) 439-8968
"Papillon Wellness & Longevity-at N Valley, 6320 W Union Hills Dr  Ste 1600B Glendale, AZ 85308",Papillon Wellness & Longevity-at N Valley,"6320 W Union Hills Dr  Ste 1600B Glendale, AZ 85308",(623) 263-4624
"ReNew Medical Center, 17250 North 43rd Ave Ste 5 Glendale, AZ 85308",ReNew Medical Center,"17250 North 43rd Ave Ste 5 Glendale, AZ 85308",(928) 588-1520
"Transforming Health Solutions, 4494 W. Peoria Ave Suite 115A Glendale, AZ 85302",Transforming Health Solutions,"4494 W. Peoria Ave Suite 115A Glendale, AZ 85302",(602) 755-9404
"Valine Medical, 6376 W Bell Rd Ste 1 Glendale, AZ 85308",Valine Medical,"6376 W Bell Rd Ste 1 Glendale, AZ 85308",(602) 833-5713
"AB Family Medicine, 1100 N Broad St Ste D Globe, AZ 85501",AB Family Medicine,"1100 N Broad St Ste D Globe, AZ 85501",(928) 900-0166
"Copper Roots Family Care, 1100 N Broad St Ste D Globe, AZ 85501",Copper Roots Family Care,"1100 N Broad St Ste D Globe, AZ 85501",(928) 812-7066
"Enhanced Beauty & Wellness, 9860 S Estrella Pkwy Ste B125 Goodyear, AZ 85338",Enhanced Beauty & Wellness,"9860 S Estrella Pkwy Ste B125 Goodyear, AZ 85338",(480) 637-7323
"Estrella Women'S Health Center - Goodyear, 35 N Estrella Parkway Goodyear, AZ 85338",Estrella Women'S Health Center - Goodyear,"35 N Estrella Parkway Goodyear, AZ 85338",(623) 404-8437
"Desert Oasis Wellness and Medspa, 2010 Injo Dr Lake Havasu, AZ 86403",Desert Oasis Wellness and Medspa,"2010 Injo Dr Lake Havasu, AZ 86403",(928) 833-6304
"Sunrise Family Healthcare, 1845 McCulloch Blvd N Ste D1 Lake Havasu City, AZ 86403",Sunrise Family Healthcare,"1845 McCulloch Blvd N Ste D1 Lake Havasu City, AZ 86403",(928) 212-2782
"Maricopa Wellness Center, 41600 W Smith Enke Rd Bldg 14, Ste 3 Maricopa, AZ 85138",Maricopa Wellness Center,"41600 W Smith Enke Rd Bldg 14, Ste 3 Maricopa, AZ 85138",(480) 470-7247
"Sonoran Wellness Medispa, 21300 N. John Wayne Parkway Ste 112 Maricopa, AZ 85139",Sonoran Wellness Medispa,"21300 N. John Wayne Parkway Ste 112 Maricopa, AZ 85139",(520) 346-9783
"Zuwa Family Care, 20046 N John Wayne Parkway Ste 102 Maricopa, AZ 85139",Zuwa Family Care,"20046 N John Wayne Parkway Ste 102 Maricopa, AZ 85139",(623) 257-7517
"AZ Laser Studio & Medspa, 1061 N Dobson Rd Ste 109 Mesa, AZ 85201",AZ Laser Studio & Medspa,"1061 N Dobson Rd Ste 109 Mesa, AZ 85201",(602) 536-6370
"Dose Wellness, 2204 S Dobson Rd Ste 203 Mesa, AZ 85202",Dose Wellness,"2204 S Dobson Rd Ste 203 Mesa, AZ 85202",(623) 294-0395
"Ember Sun LLC, 2855 E Brown Rd STE 18 Mesa, AZ 85213",Ember Sun LLC,"2855 E Brown Rd STE 18 Mesa, AZ 85213",(520) 582-9877
"Frost Aesthetics and Wellness, 4338 E Florian Ave Ste 102 Mesa, AZ 85206",Frost Aesthetics and Wellness,"4338 E Florian Ave Ste 102 Mesa, AZ 85206",(480) 478-9301
"Har V Health, 8950 E Germann Rd.  Ste 7 Mesa, AZ 85212",Har V Health,"8950 E Germann Rd.  Ste 7 Mesa, AZ 85212",(520) 317-7042
"Infinite Healing Center, 2509 South Power Road #115 Mesa, AZ 85209",Infinite Healing Center,"2509 South Power Road #115 Mesa, AZ 85209",(602) 584-0827
"MTAC Medical Services PLLC, 560 W Brown Rd Ste 4005 Mesa, AZ 85201",MTAC Medical Services PLLC,"560 W Brown Rd Ste 4005 Mesa, AZ 85201",(623) 240-9225
"Memorable Health, 6638 E. Baseline Rd Ste 101 Mesa, AZ 85206",Memorable Health,"6638 E. Baseline Rd Ste 101 Mesa, AZ 85206",(623) 288-2567
"Mesquite Valley Integrated Health, 560 W Brown Rd Ste 1011 Mesa, AZ 85201",Mesquite Valley Integrated Health,"560 W Brown Rd Ste 1011 Mesa, AZ 85201",(623) 462-1848
"Soma Vitality Clinic, 6944 E Broadway Rd Ste A Mesa, AZ 85208",Soma Vitality Clinic,"6944 E Broadway Rd Ste A Mesa, AZ 85208",(520) 251-9582
"Synergy Restorative Medicine, 2222 S. Dobson Road Suite 703 Mesa, AZ 85202",Synergy Restorative Medicine,"2222 S. Dobson Road Suite 703 Mesa, AZ 85202",(480) 550-5087
"Venus Integrative Medical Center, 1910 S. Stapley Dr. Suite 120 Mesa, AZ 85204",Venus Integrative Medical Center,"1910 S. Stapley Dr. Suite 120 Mesa, AZ 85204",(520) 645-8036
"Eterna Wellness MD, 8765 W Kelton Ln Bldg C1, Suite #101 Peoria, AZ 85382",Eterna Wellness MD,"8765 W Kelton Ln Bldg C1, Suite #101 Peoria, AZ 85382",(623) 745-8554
"Karibu Family Care, 7747 W. Deer Valley Road Ste 235 Peoria, AZ 85382",Karibu Family Care,"7747 W. Deer Valley Road Ste 235 Peoria, AZ 85382",(623) 283-1121
"Palm Valley Medical Spa, 9824 W Northern Ave - 1800 Ste 101 Peoria, AZ 85345",Palm Valley Medical Spa,"9824 W Northern Ave - 1800 Ste 101 Peoria, AZ 85345",(602) 780-2811
"La Relance, 16815 S Desert Foothills Pkwy Ste 130 Pheonix, AZ 85048",La Relance,"16815 S Desert Foothills Pkwy Ste 130 Pheonix, AZ 85048",(480) 613-8386
"AdmireMD Plastic Surgery - Phoenix, 4280 E Camelback Rd Ste 150 Phoenix, AZ 85018",AdmireMD Plastic Surgery - Phoenix,"4280 E Camelback Rd Ste 150 Phoenix, AZ 85018",(623) 244-9922
"Alma Rx Clinic, 5100 N 99th Ave Ste 110 Phoenix, AZ 85037",Alma Rx Clinic,"5100 N 99th Ave Ste 110 Phoenix, AZ 85037",(928) 668-6464
"Beso Wellness and Longevity, 4731 E Union Hills Dr STE 114 Phoenix, AZ 85050",Beso Wellness and Longevity,"4731 E Union Hills Dr STE 114 Phoenix, AZ 85050",(623) 283-2793
"Bliss Medical Spa and Wellness - Phoenix, 12657 N Tatum Blvd STE. D01 Phoenix, AZ 85032",Bliss Medical Spa and Wellness - Phoenix,"12657 N Tatum Blvd STE. D01 Phoenix, AZ 85032",(520) 666-8829
"Desert Lily Medical Aesthetics and Regen, 711 E. Carefree Highway Ste 7  Phoenix, AZ 85085",Desert Lily Medical Aesthetics and Regen,"711 E. Carefree Highway Ste 7  Phoenix, AZ 85085",(309) 316-7810
"Estrella Women'S Health Center, 9930 W Indian School Rd Phoenix, AZ 85037",Estrella Women'S Health Center,"9930 W Indian School Rd Phoenix, AZ 85037",(623) 244-7826
"Four Peaks Primary Care & Internal Med, 10214 North Tatum Boulevard #B300 Phoenix, AZ 85028",Four Peaks Primary Care & Internal Med,"10214 North Tatum Boulevard #B300 Phoenix, AZ 85028",(623) 400-2189
"Hello Health Services, 2040 W Whispering Wind Dr Ste 140 - 4 Phoenix, AZ 85085",Hello Health Services,"2040 W Whispering Wind Dr Ste 140 - 4 Phoenix, AZ 85085",(623) 335-0426
"Modern Day Midwife, 1300 N 12th St STE 620 Phoenix, AZ 85006",Modern Day Midwife,"1300 N 12th St STE 620 Phoenix, AZ 85006",(623) 887-6601
"Premier OBGYN, 1300 N 12th Street Suite 620 Phoenix, AZ 85006",Premier OBGYN,"1300 N 12th Street Suite 620 Phoenix, AZ 85006",(623) 469-8168
"Rejenesis Aesthetics - Awatukee, 12010 S. Warner Elliot Loop Ste. 2 Phoenix, AZ 85044",Rejenesis Aesthetics - Awatukee,"12010 S. Warner Elliot Loop Ste. 2 Phoenix, AZ 85044",(520) 217-7828
"Soal Wellness, 11209 N Tatum Blvd #140 Phoenix, AZ 85028",Soal Wellness,"11209 N Tatum Blvd #140 Phoenix, AZ 85028",(602) 461-8540
"Torstveit Medical Aesthetics, 4520 N 12th St Ste 103 Phoenix, AZ 85014",Torstveit Medical Aesthetics,"4520 N 12th St Ste 103 Phoenix, AZ 85014",(602) 353-7531
"Western Wellness Center, 4545 E Chandler Blvd Ste 110 Phoenix, AZ 85048",Western Wellness Center,"4545 E Chandler Blvd Ste 110 Phoenix, AZ 85048",(928) 813-2047
"All Kind Wellness, 371 Garden ST  STE A Prescott, AZ 86305",All Kind Wellness,"371 Garden ST  STE A Prescott, AZ 86305",(623) 267-9579
"Aphrodite Aesthetics & Wellness, 3619 Crossings Dr Ste A Prescott, AZ 86305",Aphrodite Aesthetics & Wellness,"3619 Crossings Dr Ste A Prescott, AZ 86305",(928) 968-6776
"Granite Mountain Health, 212 S Montezuma, Suite 3 Prescott, AZ 86303",Granite Mountain Health,"212 S Montezuma, Suite 3 Prescott, AZ 86303",(928) 504-5784
"Innate Wellness & Medical, 2001 Excellence Way Ste 100 Prescott, AZ 86301",Innate Wellness & Medical,"2001 Excellence Way Ste 100 Prescott, AZ 86301",(928) 770-6384
"Pate Complete Healthcare, 3101 Clearwater Dr Suite B Prescott, AZ 86305",Pate Complete Healthcare,"3101 Clearwater Dr Suite B Prescott, AZ 86305",(928) 272-3924
"Prescott Integrative Medicine, 3181 Clearwater Dr Ste B Prescott, AZ 86305",Prescott Integrative Medicine,"3181 Clearwater Dr Ste B Prescott, AZ 86305",(928) 218-8012
"The Reset Aesthetics and Wellness, 1470 W Gurley St Prescott, AZ 86305",The Reset Aesthetics and Wellness,"1470 W Gurley St Prescott, AZ 86305",(928) 628-6866
"Hometown Healthcare, 3001 N Main St Ste 1B Prescott Valley, AZ 86314",Hometown Healthcare,"3001 N Main St Ste 1B Prescott Valley, AZ 86314",(928) 800-8119
"Rejenesis LLC - Prescott Valley, 3196 N Windsong Dr. Prescott Valley, AZ 86314",Rejenesis LLC - Prescott Valley,"3196 N Windsong Dr. Prescott Valley, AZ 86314",(928) 356-1718
"Yavapai Family Medical, 7750 E. Florentine Rd Ste A Prescott Valley, AZ 86314",Yavapai Family Medical,"7750 E. Florentine Rd Ste A Prescott Valley, AZ 86314",(928) 236-2181
"Optima Medical - Queen Creek, 21321 E Ocotillo Rd Ste 133 Queen Creek, AZ 85142",Optima Medical - Queen Creek,"21321 E Ocotillo Rd Ste 133 Queen Creek, AZ 85142",(623) 323-6851
"Roar Aesthetics and Wellness, 22485 E. Queen Creek Rd  Ste 103  Queen Creek, AZ 85142",Roar Aesthetics and Wellness,"22485 E. Queen Creek Rd  Ste 103  Queen Creek, AZ 85142",(602) 755-2358
"Optima Medical - Safford, 1300 S 20th Ave Safford, AZ 85546",Optima Medical - Safford,"1300 S 20th Ave Safford, AZ 85546",(928) 985-5976
"The Fix Med Spa, 1491 W Thatcher Blvd Ste 103 Safford, AZ 85546",The Fix Med Spa,"1491 W Thatcher Blvd Ste 103 Safford, AZ 85546",(928) 965-0974
"Acacia Natural Medicine, 13951 N Scottsdale Rd N STE 110 Scottsdale, AZ 85254",Acacia Natural Medicine,"13951 N Scottsdale Rd N STE 110 Scottsdale, AZ 85254",(623) 294-3354
"AdmireMD Plastic Surgery + Skin Clinic, 17300 N. Perimeter Dr Suite 175 Scottsdale, AZ 85255",AdmireMD Plastic Surgery + Skin Clinic,"17300 N. Perimeter Dr Suite 175 Scottsdale, AZ 85255",(520) 779-4818
"Aesthetic Design and Wellness, 7595 E McDonald Dr Ste 134 Scottsdale, AZ 85250",Aesthetic Design and Wellness,"7595 E McDonald Dr Ste 134 Scottsdale, AZ 85250",(623) 250-3671
"Aine Healthcare - Scottsdale, 7131 E Mercer Ln Suite 12 Scottsdale, AZ 85254",Aine Healthcare - Scottsdale,"7131 E Mercer Ln Suite 12 Scottsdale, AZ 85254",(520) 655-7300
"Alani Skin MD, 7246 E First St.  STE 102 Scottsdale, AZ 85251",Alani Skin MD,"7246 E First St.  STE 102 Scottsdale, AZ 85251",(562) 669-4307
"Fusion Medical Care, 5900 N Granite Reef Rd Ste 102 Scottsdale, AZ 85250",Fusion Medical Care,"5900 N Granite Reef Rd Ste 102 Scottsdale, AZ 85250",(602) 932-7264
"Hair 4 Life, 8723 E Via De Commercio Ste B102 Scottsdale, AZ 85258",Hair 4 Life,"8723 E Via De Commercio Ste B102 Scottsdale, AZ 85258",(480) 741-2083
"Honey Glow Wellness, 8275 N Pima Rd Ste 6 Scottsdale, AZ 85258",Honey Glow Wellness,"8275 N Pima Rd Ste 6 Scottsdale, AZ 85258",(520) 527-2555
"Lifestyle Men's Clinic, 10752 N 89TH PLACE SUITE A202 Scottsdale, AZ 85260",Lifestyle Men's Clinic,"10752 N 89TH PLACE SUITE A202 Scottsdale, AZ 85260",(623) 777-7240
"MDSkin Lounge and Bar, 18251 N Pima Rd Ste 125 Scottsdale, AZ 85255",MDSkin Lounge and Bar,"18251 N Pima Rd Ste 125 Scottsdale, AZ 85255",(602) 932-1369
"MODE Aesthetics and Wellness, 7420 E Pinnacle Peak Rd Ste 120 Scottsdale, AZ 85255",MODE Aesthetics and Wellness,"7420 E Pinnacle Peak Rd Ste 120 Scottsdale, AZ 85255",(623) 323-2515
"Modern Medicine AZ, 8952 E Desert Cove Ave Ste 203 Scottsdale, AZ 85260",Modern Medicine AZ,"8952 E Desert Cove Ave Ste 203 Scottsdale, AZ 85260",(623) 263-7325
"Natural Results Plastic Surgery, 7930 E Thompson Peak Pkwy Suite 101 Scottsdale, AZ 85255",Natural Results Plastic Surgery,"7930 E Thompson Peak Pkwy Suite 101 Scottsdale, AZ 85255",(520) 666-9534
"Paradise Valley OBGYN, 10261 N 92Nd Street Ste 101 Scottsdale, AZ 85258",Paradise Valley OBGYN,"10261 N 92Nd Street Ste 101 Scottsdale, AZ 85258",(480) 741-1286
"Real Result Medical - Scottsdale, 10900 N Scottsdale Rd Suite 608 Scottsdale, AZ 85254",Real Result Medical - Scottsdale,"10900 N Scottsdale Rd Suite 608 Scottsdale, AZ 85254",(520) 666-8496
"Rejuvenate Renew, 8415 N Pima Rd Ste 200 Scottsdale, AZ 85258",Rejuvenate Renew,"8415 N Pima Rd Ste 200 Scottsdale, AZ 85258",(520) 346-3674
"Scottsdale Restorative Medicine, 10304 N Hayden Rd Ste 100 Scottsdale, AZ 85258",Scottsdale Restorative Medicine,"10304 N Hayden Rd Ste 100 Scottsdale, AZ 85258",(623) 343-9663
"Sinclair Skincare LLC (Blush Medical), 10601 Hayden Road Suite 108 Scottsdale, AZ 85260",Sinclair Skincare LLC (Blush Medical),"10601 Hayden Road Suite 108 Scottsdale, AZ 85260",(602) 456-7317
"Skindale Medspa, 11000 N Scottsdale Rd Ste 160 Scottsdale, AZ 85254",Skindale Medspa,"11000 N Scottsdale Rd Ste 160 Scottsdale, AZ 85254",(602) 560-8325
"Sloan Aesthetics, 8151 East Indian Bend Road Suite 105A Scottsdale, AZ 85250",Sloan Aesthetics,"8151 East Indian Bend Road Suite 105A Scottsdale, AZ 85250",(623) 432-3047
"Source of Health, 10752 N 89th Pl Ste 118 Scottsdale, AZ 85260",Source of Health,"10752 N 89th Pl Ste 118 Scottsdale, AZ 85260",(623) 343-2889
"Helios Health Az, 210 Sunset Dr Ste A Sedona, AZ 86336",Helios Health Az,"210 Sunset Dr Ste A Sedona, AZ 86336",(928) 660-6960
"VitaLife Infusion, 4461 S. White Mountain Rd Suite D4 Show Low, AZ 85901",VitaLife Infusion,"4461 S. White Mountain Rd Suite D4 Show Low, AZ 85901",(928) 433-5188
"Beyond Alternative Medicine, 41818 N Venture Dr Ste160 Anthem, AZ 85086",Beyond Alternative Medicine,"41818 N Venture Dr Ste160 Anthem, AZ 85086",(480) 690-2853
"Desert Rose Hormone and Wellness, 13547 N Litchfield Rd Suite 24 Surprise, AZ 85379",Desert Rose Hormone and Wellness,"13547 N Litchfield Rd Suite 24 Surprise, AZ 85379",(623) 400-5530
"Desert Wildflower Wellness AZ, 15543 N Reems Rd Ste 139 Surprise, AZ 85374",Desert Wildflower Wellness AZ,"15543 N Reems Rd Ste 139 Surprise, AZ 85374",(623) 887-2076
"Papillon Wellness & Longevity-Surprise, 14725 W Mountain View Blvd Surprise, AZ 85374",Papillon Wellness & Longevity-Surprise,"14725 W Mountain View Blvd Surprise, AZ 85374",(623) 304-3776
"ABD Wellness Center, 2155 E University Dr Suite 111 Tempe, AZ 85288",ABD Wellness Center,"2155 E University Dr Suite 111 Tempe, AZ 85288",(520) 217-8506
"Angelimage Aesthetics and Wellness, 40 W Baseline RD STE 203 Tempe, AZ 85283",Angelimage Aesthetics and Wellness,"40 W Baseline RD STE 203 Tempe, AZ 85283",(520) 217-1475
"Desert Wellness Center, 2141 E Warner Rd Tempe, AZ 85284",Desert Wellness Center,"2141 E Warner Rd Tempe, AZ 85284",(480) 361-5188
"Real Result Medical & Aesthetics, 3200 S Rural Rd Ste 3 Tempe, AZ 85282",Real Result Medical & Aesthetics,"3200 S Rural Rd Ste 3 Tempe, AZ 85282",(480) 418-2070
"AMG Center for Regenerative - Cholla Blvd, 7356 N La Cholla Blvd Tucson, AZ 85741",AMG Center for Regenerative - Cholla Blvd,"7356 N La Cholla Blvd Tucson, AZ 85741",(520) 214-8328
"Andria Pizzato, 2900 N Swan Rd Ste 102 Tucson, AZ 85712",Andria Pizzato,"2900 N Swan Rd Ste 102 Tucson, AZ 85712",(623) 343-9624
"Be Renewed and Infused, 15 W Washington St Tucson, AZ 85701",Be Renewed and Infused,"15 W Washington St Tucson, AZ 85701",(520) 339-6934
"Choi Urology, Pllc, 3140 N Swan Rd Tucson, AZ 85712","Choi Urology, Pllc","3140 N Swan Rd Tucson, AZ 85712",(520) 210-5595
"ImmediateCare Arizona, 5590 E River Rd Suite 150 Tucson, AZ 85750",ImmediateCare Arizona,"5590 E River Rd Suite 150 Tucson, AZ 85750",(520) 467-4867
"Innovative Wellness of Tucson, 1 W. Wetmore, Ste 107 Tucson, AZ 85705",Innovative Wellness of Tucson,"1 W. Wetmore, Ste 107 Tucson, AZ 85705",(520) 337-2215
"Maloney Plastic Surgery, 3170 N Swan Rd Ste 150 Tucson, AZ 85712",Maloney Plastic Surgery,"3170 N Swan Rd Ste 150 Tucson, AZ 85712",(520) 677-5173
"Rize Above Health Care, 5151 N Oracle Rd Ste 123 A Tucson, AZ 85704",Rize Above Health Care,"5151 N Oracle Rd Ste 123 A Tucson, AZ 85704",(520) 523-6238
"Walker Family Medicine, 801 W Rex Allen Dr Willcox, AZ 85643",Walker Family Medicine,"801 W Rex Allen Dr Willcox, AZ 85643",(520) 779-3976
"AlphaMed Clinic, 3325 S. Avenue 8E Suite 6 Yuma, AZ 85365",AlphaMed Clinic,"3325 S. Avenue 8E Suite 6 Yuma, AZ 85365",(928) 985-3547
"Desert Oasis Wellness, 1700 South 1St Avenue Ste 202 Yuma, AZ 85364",Desert Oasis Wellness,"1700 South 1St Avenue Ste 202 Yuma, AZ 85364",(928) 504-2358
"Elite Medical Spa and Wellness, 2851 S Avenue B  Lot 5 Yuma, AZ 85364",Elite Medical Spa and Wellness,"2851 S Avenue B  Lot 5 Yuma, AZ 85364",(505) 370-7376
"Enhance Aesthetics & Wellness, 330 S Main Street Yuma, AZ 85364",Enhance Aesthetics & Wellness,"330 S Main Street Yuma, AZ 85364",(928) 597-9893
"Mary Jacqueline Ronsayro, 1773 W 24th St Yuma, AZ 85364",Mary Jacqueline Ronsayro,"1773 W 24th St Yuma, AZ 85364",(928) 285-0509
"Regener8 Wellness + Performance, 1207 W 16th St. STE B. Yuma, AZ 85364",Regener8 Wellness + Performance,"1207 W 16th St. STE B. Yuma, AZ 85364",(951) 327-7611
"Rejuvenate Wellness & Health Ctr, 6025 N Figuroa St Ste B Los Angeles, CA 90042",Rejuvenate Wellness & Health Ctr,"6025 N Figuroa St Ste B Los Angeles, CA 90042",(323) 970-2841
"Pathway Healthcare, 190 S Oak Ave Oakdale Oakdale, CA 95361",Pathway Healthcare,"190 S Oak Ave Oakdale Oakdale, CA 95361",(209) 848-8410
"Dr. Howard Aubert, 4646 Brockton Ave Ste 202 Riverside, CA 92506",Dr. Howard Aubert,"4646 Brockton Ave Ste 202 Riverside, CA 92506",(951) 683-6370
"818GYN, 6325 Topanga Canyon Blvd Ste 535 Woodland Hills, CA 91367",818GYN,"6325 Topanga Canyon Blvd Ste 535 Woodland Hills, CA 91367",(818) 464-4069
"Radiance Aesthetics & Wellness, LLC, 5353 W Dartmouth Ave Suite 400-7 Denver, CO 80227","Radiance Aesthetics & Wellness, LLC","5353 W Dartmouth Ave Suite 400-7 Denver, CO 80227",(719) 826-6771
"Rajeunir Medical Spa -Highlands Ranch, 2670 E County Line Rd Unit A-2 Highlands Ranch, CO 80126",Rajeunir Medical Spa -Highlands Ranch,"2670 E County Line Rd Unit A-2 Highlands Ranch, CO 80126",(720) 821-1761
"Thrive Health Solutions, 88 Inverness Circle East Suite A-204 Englewood, CO 80112",Thrive Health Solutions,"88 Inverness Circle East Suite A-204 Englewood, CO 80112",(720) 428-2387
"E&O Wellness, 12191 W 64th Ave Ste 203 Arvada, CO 80004",E&O Wellness,"12191 W 64th Ave Ste 203 Arvada, CO 80004",(720) 902-7864
"The Aspen Institute for Anti-Aging, 101 Founders Place Suite 104 Aspen, CO 81611",The Aspen Institute for Anti-Aging,"101 Founders Place Suite 104 Aspen, CO 81611",(970) 788-3356
"Advanced Health Solutions, 1550 S Potomac St Suite 110 Aurora, CO 80012",Advanced Health Solutions,"1550 S Potomac St Suite 110 Aurora, CO 80012",(786) 244-2994
"Cura Personalis Integrative Health, 14901 E Hampden Ave Ste 320 Aurora, CO 80014",Cura Personalis Integrative Health,"14901 E Hampden Ave Ste 320 Aurora, CO 80014",(720) 408-2481
"Restore Osteopathic Medicine, LLC, 10555 E Dartmouth Ave Ste 200 Aurora, CO 80014","Restore Osteopathic Medicine, LLC","10555 E Dartmouth Ave Ste 200 Aurora, CO 80014",(970) 614-0392
"Amadika Aesthetics, 3070 I-70 Business Loop Ste B-2 Grand Junction, CO 81504",Amadika Aesthetics,"3070 I-70 Business Loop Ste B-2 Grand Junction, CO 81504",(970) 438-2646
"Thrive Aspen LLC, 5 Tree Farm Dr Basalt, CO 81621",Thrive Aspen LLC,"5 Tree Farm Dr Basalt, CO 81621",(970) 710-3786
"Advanced Practice Aesthetics - Berthoud, 543 3rd St Unit A Berthoud, CO 80513",Advanced Practice Aesthetics - Berthoud,"543 3rd St Unit A Berthoud, CO 80513",(970) 480-8416
"Silk & Co. Medical Aesthetics & Spa, 117 N Main Street Suite B Brighton, CO 80601",Silk & Co. Medical Aesthetics & Spa,"117 N Main Street Suite B Brighton, CO 80601",(970) 598-0596
"Luxe Aesthetics & Wellness, 307 Main Street Canon City, CO 81212",Luxe Aesthetics & Wellness,"307 Main Street Canon City, CO 81212",(719) 735-8617
"Wellness, LLC, 7360 Serena Dr Castle Pines, CO 80108","Wellness, LLC","7360 Serena Dr Castle Pines, CO 80108",(720) 262-9561
"Precision Health of Castle Rock, 755 S. Perry St. Ste. 450 Castle Rock, CO 80104",Precision Health of Castle Rock,"755 S. Perry St. Ste. 450 Castle Rock, CO 80104",(720) 776-9125
"Redwood Medical Castle Rock, 1001 S Perry St Ste 104B Castle Rock, CO 80104",Redwood Medical Castle Rock,"1001 S Perry St Ste 104B Castle Rock, CO 80104",(720) 796-9332
"Renova Medical Aesthetics, 1001 S Perry St Ste. 105A Castle Rock, CO 80104",Renova Medical Aesthetics,"1001 S Perry St Ste. 105A Castle Rock, CO 80104",(720) 513-0842
"Sozo Integrative Health - CO, 3745 Dacoro Lane Castle Rock, CO 80109",Sozo Integrative Health - CO,"3745 Dacoro Lane Castle Rock, CO 80109",(970) 614-7731
"Tactical Health 100, 823 S. Perry St. Ste 200 Castle Rock, CO 80104",Tactical Health 100,"823 S. Perry St. Ste 200 Castle Rock, CO 80104",(720) 734-6730
"Transcend Beauty & Wellness, 120 W Main St Ste A Cedaredge, CO 81413",Transcend Beauty & Wellness,"120 W Main St Ste A Cedaredge, CO 81413",(970) 296-5495
"Invigorate Advanced Aesthetics, 6551 S Revere Pkwy Ste 120 Centennial, CO 80111",Invigorate Advanced Aesthetics,"6551 S Revere Pkwy Ste 120 Centennial, CO 80111",(720) 580-4493
"OptIn Health & Nutrition, 7180 E Orchard Rd Ste 208 Centennial, CO 80111",OptIn Health & Nutrition,"7180 E Orchard Rd Ste 208 Centennial, CO 80111",(719) 800-9430
"Physical Medicine of the Rockies, 13111 E Briarwood Ave Suite 100 Centennial, CO 80112",Physical Medicine of the Rockies,"13111 E Briarwood Ave Suite 100 Centennial, CO 80112",(719) 782-7956
"Zen Aesthetics & Wellness - Centennial, 7180 East Orchard Road Ste 300 Centennial, CO 80111",Zen Aesthetics & Wellness - Centennial,"7180 East Orchard Road Ste 300 Centennial, CO 80111",(970) 509-5731
"The Skin Spot, 11558 Colony Row Broomfield, CO 80021",The Skin Spot,"11558 Colony Row Broomfield, CO 80021",(970) 601-7624
"3G Medical Consultants, 3910 S Carefree Cir Ste F Colorado Springs, CO 80917",3G Medical Consultants,"3910 S Carefree Cir Ste F Colorado Springs, CO 80917",(719) 356-3119
"Barrick Family Practice, 104 Pro Rodeo Drive Ste 120 Colorado Springs, CO 80919",Barrick Family Practice,"104 Pro Rodeo Drive Ste 120 Colorado Springs, CO 80919",(719) 434-1989
"Cheyenne Mountain Gynecology, 2997 Broadmoor Valley Rd UNIT 102 Colorado Springs, CO 80906",Cheyenne Mountain Gynecology,"2997 Broadmoor Valley Rd UNIT 102 Colorado Springs, CO 80906",(719) 628-5829
"Cobb Medical, 2320 W Colorado Ave Ste 121 Colorado Springs, CO 80904",Cobb Medical,"2320 W Colorado Ave Ste 121 Colorado Springs, CO 80904",(719) 982-2468
"Cura Personalis Int Health - CO Springs, 4465 Northpark Dr Ste 210 Colorado Springs, CO 80907",Cura Personalis Int Health - CO Springs,"4465 Northpark Dr Ste 210 Colorado Springs, CO 80907",(720) 594-6301
"Deep Authenticity, 7680 Goddard St. Ste 212 Colorado Springs, CO 80920",Deep Authenticity,"7680 Goddard St. Ste 212 Colorado Springs, CO 80920",(719) 824-2534
"Dynamic Family Medicine, 5715 Kittery Dr Colorado Springs, CO 80911",Dynamic Family Medicine,"5715 Kittery Dr Colorado Springs, CO 80911",(719) 374-3435
"Elite Health Colorado, 5925 Lehman Drive Ste 1 Colorado Springs, CO 80918",Elite Health Colorado,"5925 Lehman Drive Ste 1 Colorado Springs, CO 80918",(719) 286-5047
"FlyWell Health, 6140 Tutt Blvd Ste 120 Colorado Springs, CO 80923",FlyWell Health,"6140 Tutt Blvd Ste 120 Colorado Springs, CO 80923",(719) 767-7202
"Front Range Family Medicine, 3260 E Woodmen Rd Ste 210 Colorado Springs, CO 80920",Front Range Family Medicine,"3260 E Woodmen Rd Ste 210 Colorado Springs, CO 80920",(719) 772-0866
"Harmony Aesthetics Center of CO Springs, 127 N Cascade Ave Colorado Springs, CO 80903",Harmony Aesthetics Center of CO Springs,"127 N Cascade Ave Colorado Springs, CO 80903",(719) 626-9173
"Luxus Aesthetics & Wellness, 11590 Ridgeline Dr Ste 150 Colorado Springs, CO 80921",Luxus Aesthetics & Wellness,"11590 Ridgeline Dr Ste 150 Colorado Springs, CO 80921",(719) 309-3096
"MasterMind Clinic PLLC, 5225 N Academy Blvd Ste 305 Colorado Springs, CO 80918",MasterMind Clinic PLLC,"5225 N Academy Blvd Ste 305 Colorado Springs, CO 80918",(719) 888-4183
"MedSpa by Beauty Bar, 1359 Interquest Parkway Ste 120 Colorado Springs, CO 80921",MedSpa by Beauty Bar,"1359 Interquest Parkway Ste 120 Colorado Springs, CO 80921",(719) 824-2114
"Newma LLC, 2960 N Circle Dr Ste 100 Colorado Springs, CO 80909",Newma LLC,"2960 N Circle Dr Ste 100 Colorado Springs, CO 80909",(719) 249-8233
"Pearl Skin & Body Rejuvenation, 7035 Campus Dr Ste 903 Colorado Springs, CO 80920",Pearl Skin & Body Rejuvenation,"7035 Campus Dr Ste 903 Colorado Springs, CO 80920",(719) 666-9129
"Pure Radiance Medspa & Wellness, 4830 Rusina Rd Ste C Colorado Springs, CO 80907",Pure Radiance Medspa & Wellness,"4830 Rusina Rd Ste C Colorado Springs, CO 80907",(719) 631-8786
"Purelee Redefined, 12245 Voyager Parkway #142 Colorado Springs, CO 80921",Purelee Redefined,"12245 Voyager Parkway #142 Colorado Springs, CO 80921",(719) 689-8529
"Rockhold Wellness, 1819 N Circle Dr Suite 15 Colorado Springs, CO 80909",Rockhold Wellness,"1819 N Circle Dr Suite 15 Colorado Springs, CO 80909",(719) 249-1305
"Simply MedSpa, 1155 Kelly Johnson Blvd  Suite 111 Colorado Springs, CO 80920",Simply MedSpa,"1155 Kelly Johnson Blvd  Suite 111 Colorado Springs, CO 80920",(719) 319-8295
"Summit Health & Pain Colorado Springs, 75 Printers Parkway Ste 200 Colorado Springs, CO 80910",Summit Health & Pain Colorado Springs,"75 Printers Parkway Ste 200 Colorado Springs, CO 80910",(719) 938-1526
"Tailoring Family Health & Wellness, 8041 Woodmen Center Heights Ste 130 Colorado Springs, CO 80908",Tailoring Family Health & Wellness,"8041 Woodmen Center Heights Ste 130 Colorado Springs, CO 80908",(719) 631-4621
"The Family Practice, 6005 Delmonico Dr Ste 150 Colorado Springs, CO 80919",The Family Practice,"6005 Delmonico Dr Ste 150 Colorado Springs, CO 80919",(719) 497-2792
"Total Care Family Center, 2141 Academy Circle  Ste 103 Colorado Springs, CO 80909",Total Care Family Center,"2141 Academy Circle  Ste 103 Colorado Springs, CO 80909",(719) 698-0324
"Young Luxe Med Spa and Wellness Center, 3230 E Woodmen Rd Ste 100 Colorado Springs, CO 80920",Young Luxe Med Spa and Wellness Center,"3230 E Woodmen Rd Ste 100 Colorado Springs, CO 80920",(719) 694-0979
"Innovations Medical Group, 2095 North Dolores Road Cortez, CO 81321",Innovations Medical Group,"2095 North Dolores Road Cortez, CO 81321",(970) 676-2812
"Enduring Wellness Health Clinic, 570 Columbia Ave Del Norte, CO 81132",Enduring Wellness Health Clinic,"570 Columbia Ave Del Norte, CO 81132",(719) 631-9189
"Denver Sports Recovery, 2242 W. 29th Ave. Denver, CO 80211",Denver Sports Recovery,"2242 W. 29th Ave. Denver, CO 80211",(719) 326-2333
"Direct Osteopathic Primary Care, 16 Lakeside Ln Denver, CO 80212",Direct Osteopathic Primary Care,"16 Lakeside Ln Denver, CO 80212",(720) 466-7593
"Heart Minded Medicine, 3955 E. Exposition Ave. Suite 316 Denver, CO 80209",Heart Minded Medicine,"3955 E. Exposition Ave. Suite 316 Denver, CO 80209",(720) 634-8772
"JuicyFace MedSpa, 3000 E 1st Ave Ste 114 Denver, CO 80206",JuicyFace MedSpa,"3000 E 1st Ave Ste 114 Denver, CO 80206",(720) 575-1229
"Paramount Health Directions, 52 Monroe Street Suite B Denver, CO 80206",Paramount Health Directions,"52 Monroe Street Suite B Denver, CO 80206",(720) 807-4691
"Project Peptide, 3124 N Zuni St Denver, CO 80211",Project Peptide,"3124 N Zuni St Denver, CO 80211",(720) 868-9278
"FOY Medical, 180 E 12th St Ste 5 Durango, CO 81301",FOY Medical,"180 E 12th St Ste 5 Durango, CO 81301",(970) 442-5218
"River's Edge Wellness Center, 1521 Main Ave. Ste 02 Durango, CO 81301",River's Edge Wellness Center,"1521 Main Ave. Ste 02 Durango, CO 81301",(970) 499-1272
"Bella Health & Wellness, 180 E.  Hampden Ave. Ste 100 Englewood, CO 80113",Bella Health & Wellness,"180 E.  Hampden Ave. Ste 100 Englewood, CO 80113",(720) 477-4417
"Summit Health & Pain, 300 E Hampden Ave Ste 201 Englewood, CO 80113",Summit Health & Pain,"300 E Hampden Ave Ste 201 Englewood, CO 80113",(720) 408-6832
"Rocky Mountain Medical Aesthetics, 29713 Troutdale Scenic Dr Unit A2 Evergreen, CO 80439",Rocky Mountain Medical Aesthetics,"29713 Troutdale Scenic Dr Unit A2 Evergreen, CO 80439",(970) 670-7151
"Zen Aesthetics and Wellness LLC, 32186 Castle Court Ste 308 Evergreen, CO 80439",Zen Aesthetics and Wellness LLC,"32186 Castle Court Ste 308 Evergreen, CO 80439",(872) 327-4616
"A Woman’s Place, LLC, 2620 E Prospect Rd Ste 160 Fort Collins, CO 80525","A Woman’s Place, LLC","2620 E Prospect Rd Ste 160 Fort Collins, CO 80525",(970) 548-9884
"ME! Wellness & MedSpa, 2580 Harmony RD Ste 101 Fort Collins, CO 80528",ME! Wellness & MedSpa,"2580 Harmony RD Ste 101 Fort Collins, CO 80528",(719) 631-5877
"Rooted Health Primary Care, 1101 Oakridge Drive Fort Collins, CO 80525",Rooted Health Primary Care,"1101 Oakridge Drive Fort Collins, CO 80525",(970) 680-0373
"Square One Health, 257 Boardwalk Dr Fort Collins, CO 80525",Square One Health,"257 Boardwalk Dr Fort Collins, CO 80525",(970) 442-9224
"Active Integrative Medicine, 220 E Beaver Ave Fort Morgan, CO 80701",Active Integrative Medicine,"220 E Beaver Ave Fort Morgan, CO 80701",(970) 594-5753
"Integrative Body & Mind, 931 Lincoln St Fort Morgan, CO 80701",Integrative Body & Mind,"931 Lincoln St Fort Morgan, CO 80701",(970) 594-8113
"Fountain Valley Healthcare, 5115 Fontaine Blvd Fountain, CO 80817",Fountain Valley Healthcare,"5115 Fontaine Blvd Fountain, CO 80817",(719) 437-7941
"The Restorative Wellness Center, 2041 N State Highway 83 Ste D Franktown, CO 80116",The Restorative Wellness Center,"2041 N State Highway 83 Ste D Franktown, CO 80116",(720) 477-4783
"Urban Radiance, 206 5th St # 210 Frederick, CO 80530",Urban Radiance,"206 5th St # 210 Frederick, CO 80530",(720) 928-5867
"Rebis Health, 68 School Rd Ste 250 Frisco, CO 80443",Rebis Health,"68 School Rd Ste 250 Frisco, CO 80443",(970) 409-1396
"Restorative Health of Colorado, 12905 W 40th Ave Ste 105 Golden, CO 80401",Restorative Health of Colorado,"12905 W 40th Ave Ste 105 Golden, CO 80401",(720) 594-6818
"Best Life Wellness Med Spa LLC, 2139 N 12th St Ste 6 Grand Junction, CO 81501",Best Life Wellness Med Spa LLC,"2139 N 12th St Ste 6 Grand Junction, CO 81501",(970) 676-2419
"ElevateRx MedSpa LLC, 300 Main St Ste 302A Grand Junction, CO 81501",ElevateRx MedSpa LLC,"300 Main St Ste 302A Grand Junction, CO 81501",(970) 438-0677
"Mosaic Biohealth, 735 Bookcliff Avenue Unit D Grand Junction, CO 81501",Mosaic Biohealth,"735 Bookcliff Avenue Unit D Grand Junction, CO 81501",(970) 695-8742
"NOCO Healthcare, 1130 38th Ave Unit A Greeley, CO 80634",NOCO Healthcare,"1130 38th Ave Unit A Greeley, CO 80634",(970) 425-8437
"Restoration Medical Aesthetics, 5100 W. 20th st Suite A Greeley, CO 80634",Restoration Medical Aesthetics,"5100 W. 20th st Suite A Greeley, CO 80634",(970) 463-3429
"Vida Aesthetics, 2525 W 16Th St Ste C Greeley, CO 80634",Vida Aesthetics,"2525 W 16Th St Ste C Greeley, CO 80634",(970) 517-5759
"Echelon Integrative Health, 5555 Dtc Pkwy ste 325 Greenwood Village, CO 80111",Echelon Integrative Health,"5555 Dtc Pkwy ste 325 Greenwood Village, CO 80111",(719) 824-4114
"Monday Medical, 7000 E Belleview Ave Ste 100 Greenwood Village, CO 80111",Monday Medical,"7000 E Belleview Ave Ste 100 Greenwood Village, CO 80111",(720) 800-4297
"New Age Aesthetics and Wellness, 9251 E. Peakview Ave. Unit G Greenwood Village, CO 80111",New Age Aesthetics and Wellness,"9251 E. Peakview Ave. Unit G Greenwood Village, CO 80111",(719) 417-3935
"Onus IV - DTC, 5425 Landmark Place Suite 103 Greenwood Village, CO 80111",Onus IV - DTC,"5425 Landmark Place Suite 103 Greenwood Village, CO 80111",(720) 343-4514
"The Colorado Center for Health, 8200 E Belleview Ave. Suite 300C Greenwood Village, CO 80111",The Colorado Center for Health,"8200 E Belleview Ave. Suite 300C Greenwood Village, CO 80111",(303) 221-5400
"The Longevity Lab, 8400 E. Prentice Ave. Suite 750 Greenwood Village, CO 80111",The Longevity Lab,"8400 E. Prentice Ave. Suite 750 Greenwood Village, CO 80111",(720) 915-2826
"Ascend Direct Primary Care, 9331 Commerce Center Street Unit A1, Suite 202 Highlands Ranch, CO 80129",Ascend Direct Primary Care,"9331 Commerce Center Street Unit A1, Suite 202 Highlands Ranch, CO 80129",(720) 599-5845
"ICare Medical, 104 Anderson Ave La Junta, CO 81050",ICare Medical,"104 Anderson Ave La Junta, CO 81050",(719) 652-5855
"Summit Health & Pain La Junta, 2317 San Juan Ave La Junta, CO 81050",Summit Health & Pain La Junta,"2317 San Juan Ave La Junta, CO 81050",(719) 581-5427
"Pure Homeopathy, 600 W Emma St Lafayette, CO 80026",Pure Homeopathy,"600 W Emma St Lafayette, CO 80026",(720) 463-1291
"Anti-Aging at South Suburban, 7720 South Broadway Suite 480 Littleton, CO 80122",Anti-Aging at South Suburban,"7720 South Broadway Suite 480 Littleton, CO 80122",(720) 605-7350
"Artistry Skin and Hormone, 7701 Shaffer Pkwy Unit A Littleton, CO 80127",Artistry Skin and Hormone,"7701 Shaffer Pkwy Unit A Littleton, CO 80127",(720) 740-1019
"Biomend Aesthetics And Wellness, 5935 South Zang Street Ste 220 Littleton, CO 80127",Biomend Aesthetics And Wellness,"5935 South Zang Street Ste 220 Littleton, CO 80127",(352) 280-3583
"Broadway Family Practice, 6169 S Balsam Way Ste 200 Littleton, CO 80123",Broadway Family Practice,"6169 S Balsam Way Ste 200 Littleton, CO 80123",(720) 783-2317
"Colorado TRT, 7261 S Broadway Ste 103 Littleton, CO 80122",Colorado TRT,"7261 S Broadway Ste 103 Littleton, CO 80122",(303) 625-6687
"Lifestyle Health Solutions, 9200 W. Cross Dr. Ste. 250 Littleton, CO 80123",Lifestyle Health Solutions,"9200 W. Cross Dr. Ste. 250 Littleton, CO 80123",(720) 408-2718
"Mountain Glow Aesthetics and Wellness, 6886 S. Sycamore St. Littleton, CO 80120",Mountain Glow Aesthetics and Wellness,"6886 S. Sycamore St. Littleton, CO 80120",(720) 586-4935
"Pinon Family Practice, 9895 W. Remington Place Littleton, CO 80128",Pinon Family Practice,"9895 W. Remington Place Littleton, CO 80128",(720) 706-1203
"RAVE Clinics, 8155 Piney River Ave Ste 230 Littleton, CO 80125",RAVE Clinics,"8155 Piney River Ave Ste 230 Littleton, CO 80125",(720) 807-4325
"Renu Laser & Skincare, 1420 W Canal Ct Ste 180 Littleton, CO 80120",Renu Laser & Skincare,"1420 W Canal Ct Ste 180 Littleton, CO 80120",(720) 513-3945
"Ultimate Health Medical Clinic, 7735 W Long Dr Unit 12 Littleton, CO 80123",Ultimate Health Medical Clinic,"7735 W Long Dr Unit 12 Littleton, CO 80123",(720) 575-3775
"Advanced Integrative Medicine, 10455 Park Meadows Drive Building 1, Unit 102 Lone Tree, CO 80124",Advanced Integrative Medicine,"10455 Park Meadows Drive Building 1, Unit 102 Lone Tree, CO 80124",(719) 356-3339
"Atagi Aesthetics & Besana Wellness, 10099 Ridgegate Pkwy Ste 430 Lone Tree, CO 80124",Atagi Aesthetics & Besana Wellness,"10099 Ridgegate Pkwy Ste 430 Lone Tree, CO 80124",(303) 951-5527
"Big Life Integrative Health, 8683 E. Lincoln Ave Suite 110 Lone Tree, CO 80124",Big Life Integrative Health,"8683 E. Lincoln Ave Suite 110 Lone Tree, CO 80124",(719) 356-2487
"Evexias Medical Centers - Denver, 10107 Ridgegate Pkwy Ste 360 Lone Tree, CO 80124",Evexias Medical Centers - Denver,"10107 Ridgegate Pkwy Ste 360 Lone Tree, CO 80124",(720) 730-3114
"The LaVie Institute, 10535 Park Meadows Blvd Ste 350 Lone Tree, CO 80124",The LaVie Institute,"10535 Park Meadows Blvd Ste 350 Lone Tree, CO 80124",(719) 299-3602
"Vanguard Integrative Medicine, 9218 Kimmer Dr Ste 106 Lone Tree, CO 80124",Vanguard Integrative Medicine,"9218 Kimmer Dr Ste 106 Lone Tree, CO 80124",(720) 459-9470
"Rebis Health - Longmont, 1630 Dry Creek Dr Ste 200 Longmont, CO 80503",Rebis Health - Longmont,"1630 Dry Creek Dr Ste 200 Longmont, CO 80503",(970) 598-5731
"Eliv8 MD, 335 W South Boulder Rd Ste 3 Louisville, CO 80027",Eliv8 MD,"335 W South Boulder Rd Ste 3 Louisville, CO 80027",(970) 528-1125
"Bridge Health Clinic, 2026 Blue Mesa Ct Loveland, CO 80538",Bridge Health Clinic,"2026 Blue Mesa Ct Loveland, CO 80538",(970) 680-0751
"NOCO Primary Care, 239 W 67th Ct. Loveland, CO 80538",NOCO Primary Care,"239 W 67th Ct. Loveland, CO 80538",(970) 591-5401
"Nu-Reflections Medspa, 1052 North Cleveland Avenue Loveland, CO 80537",Nu-Reflections Medspa,"1052 North Cleveland Avenue Loveland, CO 80537",(970) 670-9595
"Compass Medical Center, 2798 Woodgate Rd Unit A Montrose, CO 81401",Compass Medical Center,"2798 Woodgate Rd Unit A Montrose, CO 81401",(970) 579-4728
"Beody, LLC, 15854 Jackson Creek Pkwy # 140B Monument, CO 80132","Beody, LLC","15854 Jackson Creek Pkwy # 140B Monument, CO 80132",(719) 689-8716
"Glover Family Medicine, 1840 Deer Creek Rd Ste 101 Monument, CO 80132",Glover Family Medicine,"1840 Deer Creek Rd Ste 101 Monument, CO 80132",(719) 666-5628
"Mesa Health & Aesthetics, 1730 Lake Woodmoor Dr Monument, CO 80132",Mesa Health & Aesthetics,"1730 Lake Woodmoor Dr Monument, CO 80132",(719) 249-0989
"Columbine Family Care PC, 268 W 3rd St Nederland, CO 80466",Columbine Family Care PC,"268 W 3rd St Nederland, CO 80466",(970) 627-6681
"Elevated Balance Spa - Rifle, 151 W Main St Unit 1 New Castle, CO 81647",Elevated Balance Spa - Rifle,"151 W Main St Unit 1 New Castle, CO 81647",(970) 840-0451
"Every Body Health and Wellness, 11684 Huron Street Suite 104 Northglenn, CO 80234",Every Body Health and Wellness,"11684 Huron Street Suite 104 Northglenn, CO 80234",(720) 664-7043
"Skin Perfection Aesthetics, 11154 Huron St Ste 103 Northglenn, CO 80234",Skin Perfection Aesthetics,"11154 Huron St Ste 103 Northglenn, CO 80234",(970) 601-4176
"Aesthetics 360 Lash & Medspa, 19647 Solar Cir B202 Parker, CO 80134",Aesthetics 360 Lash & Medspa,"19647 Solar Cir B202 Parker, CO 80134",(970) 473-2573
"GLO Wellness, 11020 S. Pikes Peak Dr.  Ste 240B Parker, CO 80138",GLO Wellness,"11020 S. Pikes Peak Dr.  Ste 240B Parker, CO 80138",(720) 702-8695
"Intentional Aesthetics & Wellness, 19751 E. Mainstreet Suite 331 Parker, CO 80138",Intentional Aesthetics & Wellness,"19751 E. Mainstreet Suite 331 Parker, CO 80138",(970) 528-6488
"Painted Rock Family Medicine, 9998 Dransfeldt Road Parker, CO 80134",Painted Rock Family Medicine,"9998 Dransfeldt Road Parker, CO 80134",(720) 740-1064
"Marquez Family Medicine, 902 W 29th St Pueblo, CO 81008",Marquez Family Medicine,"902 W 29th St Pueblo, CO 81008",(719) 415-3524
"NP Primary Wellness, 805 Eagleridge Blvd Ste 140 Pueblo, CO 81008",NP Primary Wellness,"805 Eagleridge Blvd Ste 140 Pueblo, CO 81008",(719) 299-3148
"Renew Health Direct Care, LLC, 540 E Abriendo Ave Ste D Pueblo, CO 81004","Renew Health Direct Care, LLC","540 E Abriendo Ave Ste D Pueblo, CO 81004",(719) 423-6253
"Summit Health & Pain Pueblo, 1120 Minnequa Ave Pueblo, CO 81004",Summit Health & Pain Pueblo,"1120 Minnequa Ave Pueblo, CO 81004",(719) 800-7625
"Pure Spa & Wellness, 279 S. Purcell Blvd Ste 100 Pueblo West, CO 81007",Pure Spa & Wellness,"279 S. Purcell Blvd Ste 100 Pueblo West, CO 81007",(719) 280-4238
"Radiant Healthcare, 1014 Elm Ave Rocky Ford, CO 81067",Radiant Healthcare,"1014 Elm Ave Rocky Ford, CO 81067",(719) 873-6480
"Halcyon Mind & Body, 2345 Main St Superior, CO 80027",Halcyon Mind & Body,"2345 Main St Superior, CO 80027",(970) 528-4912
"Telluride Whole Health, 307 E. Colorado Ave Suite 205 Telluride, CO 81435",Telluride Whole Health,"307 E. Colorado Ave Suite 205 Telluride, CO 81435",(970) 633-1153
"Coquette Aesthetics and Med Spa, 3966 E 120th Ave Thornton, CO 80233",Coquette Aesthetics and Med Spa,"3966 E 120th Ave Thornton, CO 80233",(970) 535-8384
"Premier Spine & Pain Institute, 9351 Grant St Suite 490 Thornton, CO 80229",Premier Spine & Pain Institute,"9351 Grant St Suite 490 Thornton, CO 80229",(720) 650-7057
"Zzap Health, 4650 Signal Tree Dr Unit 400 Timnath, CO 80547",Zzap Health,"4650 Signal Tree Dr Unit 400 Timnath, CO 80547",(970) 410-8485
"Lifetime Healthcare and Medical, 8155 W. 94th Ave Westminster, CO 80021",Lifetime Healthcare and Medical,"8155 W. 94th Ave Westminster, CO 80021",(719) 326-1934
"Rebis Health - Westminster, 14190 Orchard Pkwy ste 140 Westminster, CO 80023",Rebis Health - Westminster,"14190 Orchard Pkwy ste 140 Westminster, CO 80023",(970) 528-6498
"Skin Bar MedSpa Colorado, 12001 Tejon St.  Ste 130 Westminster, CO 80234",Skin Bar MedSpa Colorado,"12001 Tejon St.  Ste 130 Westminster, CO 80234",(720) 669-7198
"The Suite, Skin & Body, 14694 Orchard Pkwy Ste 225A Westminster, CO 80023","The Suite, Skin & Body","14694 Orchard Pkwy Ste 225A Westminster, CO 80023",(720) 640-4864
"Onus IV, 4288 Youngfield St Wheat Ridge, CO 80033",Onus IV,"4288 Youngfield St Wheat Ridge, CO 80033",(719) 631-5456
"AesthetiKa Wellness and Med Spa, 601 Main St Windsor, CO 80550",AesthetiKa Wellness and Med Spa,"601 Main St Windsor, CO 80550",(970) 659-1411
"Tenacity Health, 471 S. Baldwin St Suite 302 Woodland Park, CO 80863",Tenacity Health,"471 S. Baldwin St Suite 302 Woodland Park, CO 80863",(719) 399-5279
"Pure Skin Medical Spa - Branford, 1169 Main Street Branford, CT 06405",Pure Skin Medical Spa - Branford,"1169 Main Street Branford, CT 06405",(475) 270-9998
"Hailo Aesthetics LLC, 246 Federal Rd Unit CL 41 Office 1 Brookfield, CT 06804",Hailo Aesthetics LLC,"246 Federal Rd Unit CL 41 Office 1 Brookfield, CT 06804",(914) 256-1108
"The Aesthetic Surgery Center, 722 Post Road Ste 200 Darien, CT 06820",The Aesthetic Surgery Center,"722 Post Road Ste 200 Darien, CT 06820",(203) 902-4647
"The Shot Shop, 841 Enfield St. Suite C Enfield, CT 06082",The Shot Shop,"841 Enfield St. Suite C Enfield, CT 06082",(860) 905-0306
"Newtown Medical Aesthetics, 1499 Post Rd Suite 4 Fairfield, CT 06824",Newtown Medical Aesthetics,"1499 Post Rd Suite 4 Fairfield, CT 06824",(475) 267-6993
"Privá MedSpa, 23 Sherman St Fl 1 Fairfield, CT 06824",Privá MedSpa,"23 Sherman St Fl 1 Fairfield, CT 06824",(631) 528-6961
"Emerald Restorative Health & Wellness, 6 Glenville St. Greenwich, CT 06831",Emerald Restorative Health & Wellness,"6 Glenville St. Greenwich, CT 06831",(845) 581-3577
"Clarity Medical Aesthetics, 50 York Street Guilford, CT 06437",Clarity Medical Aesthetics,"50 York Street Guilford, CT 06437",(475) 445-1052
"Physicians Med Spa Aesthetics, 232 Boston Post Rd Ste 14 Milford, CT 06460",Physicians Med Spa Aesthetics,"232 Boston Post Rd Ste 14 Milford, CT 06460",(475) 256-5640
"Newtown Medispa, 34 Church Hill Rd Ste 1 Newtown, CT 06470",Newtown Medispa,"34 Church Hill Rd Ste 1 Newtown, CT 06470",(845) 581-8264
"Comprehensive Neuro Pain Ctr Ridgefield, 66 Grove Street Ridgefield, CT 06877",Comprehensive Neuro Pain Ctr Ridgefield,"66 Grove Street Ridgefield, CT 06877",(475) 465-5301
"Greenwich Medical Spa - Ridgefield, 88 Danbury Road Ridgefield, CT 06877",Greenwich Medical Spa - Ridgefield,"88 Danbury Road Ridgefield, CT 06877",(475) 265-5323
"Greenwich Medical Spa - Greenwich, 1285 E Putnam Ave Riverside, CT 06878",Greenwich Medical Spa - Greenwich,"1285 E Putnam Ave Riverside, CT 06878",(631) 837-2955
"Pure Skin Medical Spa, 31 Liberty St Suite 110 Southington, CT 06489",Pure Skin Medical Spa,"31 Liberty St Suite 110 Southington, CT 06489",(959) 251-1838
"Dharma Health and Wellness LLC, 849 Winsted Rd Ste B Torrington, CT 06790",Dharma Health and Wellness LLC,"849 Winsted Rd Ste B Torrington, CT 06790",(959) 800-0490
"Pure Skin Medical Spa - Trumbull, 948 White Plains Rd Unit N2 Trumbull, CT 06611",Pure Skin Medical Spa - Trumbull,"948 White Plains Rd Unit N2 Trumbull, CT 06611",(631) 349-4365
"Comprehensive Neurology And Pain Ctr Ct, 67 Masonic Ave Ste 2400 Wallingford, CT 06492",Comprehensive Neurology And Pain Ctr Ct,"67 Masonic Ave Ste 2400 Wallingford, CT 06492",(475) 253-5148
"Glow Medical Aesthetics, 172 Center St Wallingford, CT 06492",Glow Medical Aesthetics,"172 Center St Wallingford, CT 06492",(860) 579-1205
"Connecticut Medical Aesthetics, 8 Davis Rd West Old Lyme, CT 06371",Connecticut Medical Aesthetics,"8 Davis Rd West Old Lyme, CT 06371",(860) 750-8429
"Greenwich Medical Spa - Westport, 645 Post Rd E Westport, CT 06880",Greenwich Medical Spa - Westport,"645 Post Rd E Westport, CT 06880",(845) 622-5126
"ProMD Health Washington DC, 1003 K St Nw Suite 835 Washington, DC 20001",ProMD Health Washington DC,"1003 K St Nw Suite 835 Washington, DC 20001",(301) 888-3304
"It Is Well Healthcare, LLC, 33 Gooden Ave Dover, DE 19904","It Is Well Healthcare, LLC","33 Gooden Ave Dover, DE 19904",(856) 367-5243
"Wellness by the Sea, 35998 Zion Church Road Unit 1 Frankford, DE 19945",Wellness by the Sea,"35998 Zion Church Road Unit 1 Frankford, DE 19945",(302) 618-2976
"Seaside Wellness, 17493 Nassau Commons Blvd Lewes, DE 19958",Seaside Wellness,"17493 Nassau Commons Blvd Lewes, DE 19958",(302) 291-7425
"Saltwater Aesthetics & Wellness, 28467 Dupont Blvd Unit 6 Millsboro, DE 19966",Saltwater Aesthetics & Wellness,"28467 Dupont Blvd Unit 6 Millsboro, DE 19966",(302) 306-2534
"Institute of Aesthetic Medicine, 28312 Lewes Georgetown Hwy Ste 6 Milton, DE 19968",Institute of Aesthetic Medicine,"28312 Lewes Georgetown Hwy Ste 6 Milton, DE 19968",(302) 924-3356
"First State Med Spa, 1300 N Franklin St Wilmington, DE 19806",First State Med Spa,"1300 N Franklin St Wilmington, DE 19806",(484) 739-7934
"Lifefire Weight & Wellness - Wilmington, 23A Trolley Square Wilmington, DE 19806",Lifefire Weight & Wellness - Wilmington,"23A Trolley Square Wilmington, DE 19806",(302) 406-4408
"KNJ Health & Wellness, 2154 Duck Slough Blvd  Ste 103B Trinity, FL, FL 34655",KNJ Health & Wellness,"2154 Duck Slough Blvd  Ste 103B Trinity, FL, FL 34655",(727) 758-2165
"Bella Vida Family Practice, 11327 Okeechobee Blvd. STE 2-3 Royal Palm Beach, FL 33411",Bella Vida Family Practice,"11327 Okeechobee Blvd. STE 2-3 Royal Palm Beach, FL 33411",(561) 726-1883
"Bleu Medical Center, 7971 SW 40th St Ste 22-23 Miami, FL 33155-6749",Bleu Medical Center,"7971 SW 40th St Ste 22-23 Miami, FL 33155-6749",(754) 219-2777
"Gables Med Aesthetics and Wellness, 358 San Lorenzo Ave Ste 3225-14 Coral Gables, FL 33146",Gables Med Aesthetics and Wellness,"358 San Lorenzo Ave Ste 3225-14 Coral Gables, FL 33146",(786) 977-4657
"Southtowne Convenient Care Clinic, 190 E Intendencia St Ste A-28 Pensacola, FL 32502",Southtowne Convenient Care Clinic,"190 E Intendencia St Ste A-28 Pensacola, FL 32502",(850) 972-1228
"Coastal Wellness Family Medicine, 5211 S Fletcher Ave Ste 250 Amelia Island, FL 32034",Coastal Wellness Family Medicine,"5211 S Fletcher Ave Ste 250 Amelia Island, FL 32034",(904) 601-1797
"Thryv Collective, 204 13Th St W Apt A Bradenton, FL 34205",Thryv Collective,"204 13Th St W Apt A Bradenton, FL 34205",(727) 291-9115
"Your Pinnacle Health, 117 Main Street Auburndal, FL 33823",Your Pinnacle Health,"117 Main Street Auburndal, FL 33823",(863) 334-3584
"Bailey Health Solutions, 224 Southpark Cir E St Augustine, FL 32086",Bailey Health Solutions,"224 Southpark Cir E St Augustine, FL 32086",(386) 387-5782
"Journey to Wellness, 145 Land Grant St Suite 5 St. Augustine, FL 32092",Journey to Wellness,"145 Land Grant St Suite 5 St. Augustine, FL 32092",(386) 222-0132
"Birman Gynecology and Aesthetics, 2627 NE 203rd ST STE 115 Aventura, FL 33180",Birman Gynecology and Aesthetics,"2627 NE 203rd ST STE 115 Aventura, FL 33180",(954) 710-5241
"Liquivida Wellness Center, 18999 Biscayne Blvd Suite 105 Aventura, FL 33180",Liquivida Wellness Center,"18999 Biscayne Blvd Suite 105 Aventura, FL 33180",(786) 876-6596
"Miami Primary, 15807 Biscayne Blvd Ste 115 Aventura, FL 33160",Miami Primary,"15807 Biscayne Blvd Ste 115 Aventura, FL 33160",(754) 219-0021
"Sun State Medical, 2801 NE 213th St Suite 1001 Aventura, FL 33180",Sun State Medical,"2801 NE 213th St Suite 1001 Aventura, FL 33180",(954) 335-5592
"Biotech Wellness Center, 1111 Kane Concourse Ste 111 Bay Harbor Islands, FL 33154",Biotech Wellness Center,"1111 Kane Concourse Ste 111 Bay Harbor Islands, FL 33154",(786) 504-7533
"Radiance Med Spa, 2894 West Bay Dr Belleair Bluffs, FL 33770",Radiance Med Spa,"2894 West Bay Dr Belleair Bluffs, FL 33770",(727) 353-8990
"Rejuve You, 9973 SE 58th Ave Unit 104 Belleview, FL 34420",Rejuve You,"9973 SE 58th Ave Unit 104 Belleview, FL 34420",(352) 310-8012
"Boca Center for Healthy Living, 2900 N Military Trl Ste 245 Boca Raton, FL 33431",Boca Center for Healthy Living,"2900 N Military Trl Ste 245 Boca Raton, FL 33431",(561) 994-2007
"Boca Prestige Concierge, 1001 NW 13th St Suite 105 Boca Raton, FL 33486",Boca Prestige Concierge,"1001 NW 13th St Suite 105 Boca Raton, FL 33486",(754) 704-2261
"MACA Integrative Health and Wellness, 7035 Beracasa Way Ste 103 Boca Raton, FL 33433",MACA Integrative Health and Wellness,"7035 Beracasa Way Ste 103 Boca Raton, FL 33433",(754) 704-0671
"The Marcus Institute of Integrative, 880 Nw 13Th Street Suite 400 Boca Raton, FL 33486",The Marcus Institute of Integrative,"880 Nw 13Th Street Suite 400 Boca Raton, FL 33486",(561) 794-2560
"Nuesana Health & Wellness, 27180 Bay Landing Dr Ste 2 Bonita Springs, FL 34135",Nuesana Health & Wellness,"27180 Bay Landing Dr Ste 2 Bonita Springs, FL 34135",(239) 230-3768
"Restore Regenerative Medicine, 25241 Elementary Way  Ste 102 Bonita Springs, FL 34135",Restore Regenerative Medicine,"25241 Elementary Way  Ste 102 Bonita Springs, FL 34135",(239) 932-8942
"Andres A Albornoz MD PA, 1501 Corporate Dr Ste 100 Boynton Beach, FL 33426",Andres A Albornoz MD PA,"1501 Corporate Dr Ste 100 Boynton Beach, FL 33426",(561) 903-1035
"Bradenton East Integrative Medicine Pa, 8614 East State Road 70 Ste 200 Bradenton, FL 34202",Bradenton East Integrative Medicine Pa,"8614 East State Road 70 Ste 200 Bradenton, FL 34202",(941) 213-5297
"Carla D Chapman Plc, 2001 Manatee Ave E Ste 102 Bradenton, FL 34208",Carla D Chapman Plc,"2001 Manatee Ave E Ste 102 Bradenton, FL 34208",(941) 304-1025
"Mosaic Medicine, 3934 E State Rd 64 Bradenton, FL 34208",Mosaic Medicine,"3934 E State Rd 64 Bradenton, FL 34208",(941) 294-3961
"West Coast Women's Specialists, 5323 4th Ave Cir E Bradenton, FL 34208",West Coast Women's Specialists,"5323 4th Ave Cir E Bradenton, FL 34208",(727) 297-3764
"Womens Care of Bradenton, 4216 Cortez Rd W Bradenton, FL 34210",Womens Care of Bradenton,"4216 Cortez Rd W Bradenton, FL 34210",(727) 292-0131
"Balance Aesthetic and Wellness, 1138 Nikki View Dr Brandon, FL 33511-4868",Balance Aesthetic and Wellness,"1138 Nikki View Dr Brandon, FL 33511-4868",(656) 232-0262
"Biggers Family Medicine, 538 Wilbur St Brandon, FL 33511",Biggers Family Medicine,"538 Wilbur St Brandon, FL 33511",(910) 994-8078
"Trinity Wellness, 201 Lithia Pinecrest Rd. Brandon, FL 33511",Trinity Wellness,"201 Lithia Pinecrest Rd. Brandon, FL 33511",(727) 594-4956
"JL Wellness iClinic, 305 Broadway Kissimmee, FL 34741",JL Wellness iClinic,"305 Broadway Kissimmee, FL 34741",(689) 336-3454
"Aqua Med Spa & Wellness, 4419 Del Prado Blvd S. Unit #4 Cape Coral, FL 33904",Aqua Med Spa & Wellness,"4419 Del Prado Blvd S. Unit #4 Cape Coral, FL 33904",(239) 426-7389
"Cape Doc, 290 Nicholas Pkwy Nw Suite #1 Cape Coral, FL 33991",Cape Doc,"290 Nicholas Pkwy Nw Suite #1 Cape Coral, FL 33991",(941) 214-3437
"Complete Womens Care, 602 SE 16th Pl Cape Coral, FL 33990",Complete Womens Care,"602 SE 16th Pl Cape Coral, FL 33990",(941) 421-5766
"K&M Aesthetics, 2301 Del Prado Blvd S Ste 180 Cape Coral, FL 33990",K&M Aesthetics,"2301 Del Prado Blvd S Ste 180 Cape Coral, FL 33990",(239) 323-6807
"Optimal Wellness, 885 SE 47th Ter Ste C Cape Coral, FL 33904",Optimal Wellness,"885 SE 47th Ter Ste C Cape Coral, FL 33904",(239) 666-8020
"Thrive by K, 4636 SE 9th Place Suite A Cape Coral, FL 33904",Thrive by K,"4636 SE 9th Place Suite A Cape Coral, FL 33904",(239) 356-8771
"Health A New, LLC, 5023 S Us Highway 17/92 Suite 2 Casselberry, FL 32707","Health A New, LLC","5023 S Us Highway 17/92 Suite 2 Casselberry, FL 32707",(352) 744-3870
"Beachside Medical Center, 233 N Causeway New Smyrna Beach, FL 32169",Beachside Medical Center,"233 N Causeway New Smyrna Beach, FL 32169",(386) 282-8984
"Dr. Lourdes T. Santiago, MD, 1305 S Ft Harrison Ave BLDG A Clearwater, FL 33756","Dr. Lourdes T. Santiago, MD","1305 S Ft Harrison Ave BLDG A Clearwater, FL 33756",(727) 617-3199
"The Grossgold Clinic, 609 Lakeview Rd Clearwater, FL 33756",The Grossgold Clinic,"609 Lakeview Rd Clearwater, FL 33756",(727) 496-6659
"Elevate Health Medspa & Gynecology, 3190 Citrus Tower Blvd Ste B Clermont, FL 34711",Elevate Health Medspa & Gynecology,"3190 Citrus Tower Blvd Ste B Clermont, FL 34711",(863) 563-1618
"FSPI, 1804 Oakley Seaver Drive Suite F Clermont, FL 34711",FSPI,"1804 Oakley Seaver Drive Suite F Clermont, FL 34711",(352) 720-6097
"Suncoast Medical of Clermont, 1705 E HWY 50 Clermont, FL 34711",Suncoast Medical of Clermont,"1705 E HWY 50 Clermont, FL 34711",(727) 496-6923
"Ivy Wellness and Aesthetics, 5542 S Flamingo Road Cooper City, FL 33330",Ivy Wellness and Aesthetics,"5542 S Flamingo Road Cooper City, FL 33330",(314) 451-7623
"John J. Martin JR., M.D., P.A., 2912 S Douglas Rd Coral Gables, FL 33134","John J. Martin JR., M.D., P.A.","2912 S Douglas Rd Coral Gables, FL 33134",(786) 808-7490
"Mother Stem Institute, Inc., 2100 Ponce de Leon Blvd Ste 1080 Coral Gables, FL 33134","Mother Stem Institute, Inc.","2100 Ponce de Leon Blvd Ste 1080 Coral Gables, FL 33134",(754) 219-2414
"VidaVital Medical Coral Gables, 2030 S Douglas Rd Ste 201 Coral Gables, FL 33134",VidaVital Medical Coral Gables,"2030 S Douglas Rd Ste 201 Coral Gables, FL 33134",(754) 310-3473
"Age to Perfection, 7501 Wiles Road Suite 101 Coral Springs, FL 33067",Age to Perfection,"7501 Wiles Road Suite 101 Coral Springs, FL 33067",(754) 704-4285
"Dr CV Wellness and Aesthetic Medicine, 5850 Coral Ridge Drive Suite 103 Coral Springs, FL 33076",Dr CV Wellness and Aesthetic Medicine,"5850 Coral Ridge Drive Suite 103 Coral Springs, FL 33076",(754) 254-2613
"Dr. Katina Health & Wellness, 2901 Coral Hills Dr Ste 330 Coral Springs, FL 33065",Dr. Katina Health & Wellness,"2901 Coral Hills Dr Ste 330 Coral Springs, FL 33065",(954) 287-0672
"MD Touch Aesthetics & Wellness, 8884 Royal Palm Blvd Coral Springs, FL 33065",MD Touch Aesthetics & Wellness,"8884 Royal Palm Blvd Coral Springs, FL 33065",(954) 715-2717
"Signature Rejuvenation MD, 9722 Sample Rd. Coral Springs, FL 33065",Signature Rejuvenation MD,"9722 Sample Rd. Coral Springs, FL 33065",(908) 680-0589
"Main Street Medical Center, LLC, 369 N Main St Crestview, FL 32536","Main Street Medical Center, LLC","369 N Main St Crestview, FL 32536",(850) 409-2329
"LRI Medical, 756 N Suncoast Blvd Crystal River, FL 34429",LRI Medical,"756 N Suncoast Blvd Crystal River, FL 34429",(352) 607-2007
"Liquid V, Llc, 7630 Sw 34Th Mnr Ste 400 Davie, FL 33328","Liquid V, Llc","7630 Sw 34Th Mnr Ste 400 Davie, FL 33328",(754) 273-9551
"Longevity Health DNP, 2056 S University Dr Davie, FL 33324",Longevity Health DNP,"2056 S University Dr Davie, FL 33324",(954) 314-2529
"Medilife Griffin, 4705 Volunteer Rd. Suite 102 Davie, FL 33330",Medilife Griffin,"4705 Volunteer Rd. Suite 102 Davie, FL 33330",(954) 645-8183
"Moxie Wellness Center, 12515 Orange Dr Ste 803 Davie, FL 33330",Moxie Wellness Center,"12515 Orange Dr Ste 803 Davie, FL 33330",(754) 212-9378
"My Wellness Practice, 12555 Orange Drive Suite 100A Davie, FL 33330",My Wellness Practice,"12555 Orange Drive Suite 100A Davie, FL 33330",(954) 335-0485
"Florida Internal Medical Associates, 1899 W Hillsboro Blvd Deerfield Beach, FL 33442",Florida Internal Medical Associates,"1899 W Hillsboro Blvd Deerfield Beach, FL 33442",(754) 812-6867
"Intention Health & Wellness -Delray Beach, 1690 South Congress Avenue Suite 212 Delray Beach, FL 33445",Intention Health & Wellness -Delray Beach,"1690 South Congress Avenue Suite 212 Delray Beach, FL 33445",(561) 485-4727
"Anchor Injury and Integrative Health, 1205 N Dixie Fwy. New Smyrna Beach, FL 32168",Anchor Injury and Integrative Health,"1205 N Dixie Fwy. New Smyrna Beach, FL 32168",(386) 270-0241
"Bayshore Womens Healthcare, 10305 Northwest 58th Street Suite 501 Doral, FL 33178",Bayshore Womens Healthcare,"10305 Northwest 58th Street Suite 501 Doral, FL 33178",(786) 953-7651
"EZ Healthcare Associates Inc., 8205 NW 12th Street Suite 4 Doral, FL 33126",EZ Healthcare Associates Inc.,"8205 NW 12th Street Suite 4 Doral, FL 33126",(954) 833-4020
"GLANZ Endocrinology Aesthetics Wellness, 2000 Northwest 87th Avenue Ste 201 Doral, FL 33172",GLANZ Endocrinology Aesthetics Wellness,"2000 Northwest 87th Avenue Ste 201 Doral, FL 33172",(754) 251-1068
"H & M Family Center, 1705 NW 82nd Ave. Doral, FL 33126",H & M Family Center,"1705 NW 82nd Ave. Doral, FL 33126",(786) 551-9274
"Sobella Aesthetics and Wellness, 3905 NW 107th Avenue Suite 409 Doral, FL 33178",Sobella Aesthetics and Wellness,"3905 NW 107th Avenue Suite 409 Doral, FL 33178",(786) 791-7027
"Velpem Medical Center, 4055 Northwest 97th Avenue Fl 1 Doral, FL 33178",Velpem Medical Center,"4055 Northwest 97th Avenue Fl 1 Doral, FL 33178",(754) 348-1382
"Artisan Face And Body, 2101 Multrees Xing Unit 103, Suite 123 Dunedin, FL 34698",Artisan Face And Body,"2101 Multrees Xing Unit 103, Suite 123 Dunedin, FL 34698",(727) 274-9163
"Bloom IV Hydration & Wellness, 1425 Main St Suite G Dunedin, FL 34698",Bloom IV Hydration & Wellness,"1425 Main St Suite G Dunedin, FL 34698",(727) 761-7816
"Advantage Primary Care, 20212 E. Pennsylvania Ave Suite B Dunnellon, FL 34432",Advantage Primary Care,"20212 E. Pennsylvania Ave Suite B Dunnellon, FL 34432",(352) 766-5788
"Coastline Primary Care, 109 W Knapp Ave Edgewater, FL 32132",Coastline Primary Care,"109 W Knapp Ave Edgewater, FL 32132",(386) 282-5469
"Sante Wave Wellness and Aesthetics, 3937 South Access Rd Unit A Englewood, FL 34224",Sante Wave Wellness and Aesthetics,"3937 South Access Rd Unit A Englewood, FL 34224",(815) 884-3219
"Endocrinology Institute of South Florida, 22904 Lyden Dr Unit 101 Estero, FL 33928",Endocrinology Institute of South Florida,"22904 Lyden Dr Unit 101 Estero, FL 33928",(239) 350-2239
"Seadipity Wellness, 22455 Flora Parke Crossing Fernandina Beach, FL 32034",Seadipity Wellness,"22455 Flora Parke Crossing Fernandina Beach, FL 32034",(985) 304-5377
"Pain and Spine Specialists of Florida, 4750 N FederalHwy Ste 100 Fort Lauderdale, FL 33308",Pain and Spine Specialists of Florida,"4750 N FederalHwy Ste 100 Fort Lauderdale, FL 33308",(561) 678-4398
"Sörce Health, 717 SE 2nd street #203 Fort Lauderdale, FL 33301",Sörce Health,"717 SE 2nd street #203 Fort Lauderdale, FL 33301",(561) 717-1376
"3D Women's Health, 3949 Evans Ave STE 107 Fort Myers, FL 33901",3D Women's Health,"3949 Evans Ave STE 107 Fort Myers, FL 33901",(239) 241-9648
"Rewind Beauty Bar, 1815 Fowler St ste 3 Fort Myers, FL 33901",Rewind Beauty Bar,"1815 Fowler St ste 3 Fort Myers, FL 33901",(239) 256-5992
"Timeless Elegance Medicine & Clinic, PLLC, 9924 Gulf Coast Main St Ste 8 Fort Myers, FL 33913","Timeless Elegance Medicine & Clinic, PLLC","9924 Gulf Coast Main St Ste 8 Fort Myers, FL 33913",(239) 323-7380
"West Coast Integrative Wellness Center, 12486 Brantley Commons Ct Fort Myers, FL 33907",West Coast Integrative Wellness Center,"12486 Brantley Commons Ct Fort Myers, FL 33907",(239) 397-2436
"ANewU Aesthetics & Wellness, 4965 NW 8th Ave STE E Gainesville, FL 32605",ANewU Aesthetics & Wellness,"4965 NW 8th Ave STE E Gainesville, FL 32605",(386) 588-8418
"Synergy Medical Group, 817 Northwest 56Th Terrace Ste B Gainesville, FL 32605",Synergy Medical Group,"817 Northwest 56Th Terrace Ste B Gainesville, FL 32605",(386) 433-8349
"NuRemedy Wellness, 13131 Kings Lake Dr Unit 103 Gibsonton, FL 33534",NuRemedy Wellness,"13131 Kings Lake Dr Unit 103 Gibsonton, FL 33534",(727) 607-6543
"Eternal Beauty Spa, 8200 W 33 Avenue Suite 8 Hialeah, FL 33018",Eternal Beauty Spa,"8200 W 33 Avenue Suite 8 Hialeah, FL 33018",(786) 386-1358
"Sanchez Health Care, 260 Hialeah Dr. Hialeah, FL 33010",Sanchez Health Care,"260 Hialeah Dr. Hialeah, FL 33010",(786) 829-7209
"Retromoderno Primary Care Corp, 8040 NW 95th St Ste 109 Hialeah Gardens, FL 33016",Retromoderno Primary Care Corp,"8040 NW 95th St Ste 109 Hialeah Gardens, FL 33016",(754) 219-3764
"Aesthetic Instinct Clinic, 3325 Hollywood Blvd Ste 206 Hollywood, FL 33021",Aesthetic Instinct Clinic,"3325 Hollywood Blvd Ste 206 Hollywood, FL 33021",(754) 209-2579
"Jireh Medical Center, 7900 Northwest 33Rd Street Ste 101 Hollywood, FL 33024",Jireh Medical Center,"7900 Northwest 33Rd Street Ste 101 Hollywood, FL 33024",(954) 420-8016
"South Florida Practitioners & Associates, 15600 SW 288th St Ste 105 Homestead, FL 33033",South Florida Practitioners & Associates,"15600 SW 288th St Ste 105 Homestead, FL 33033",(786) 981-8196
"Wellness Imagined, 13910 Fivay Rd Ste 12 Hudson, FL 34667",Wellness Imagined,"13910 Fivay Rd Ste 12 Hudson, FL 34667",(727) 761-6163
"CR Health & Wellness, 420 4Th Avenue Suite A Indialantic, FL 32903",CR Health & Wellness,"420 4Th Avenue Suite A Indialantic, FL 32903",(321) 406-7382
"Citrus Infusion & Injection Center, 906 Eden Dr Inverness, FL 34452",Citrus Infusion & Injection Center,"906 Eden Dr Inverness, FL 34452",(352) 697-7351
"Amara Med Spa, 4853 Big Island Dr Jacksonville, FL 32246",Amara Med Spa,"4853 Big Island Dr Jacksonville, FL 32246",(904) 822-3787
"Coastal Medical Care, 13241 Bartram Park Boulevard Unit 713 Jacksonville, FL 32258",Coastal Medical Care,"13241 Bartram Park Boulevard Unit 713 Jacksonville, FL 32258",(904) 529-0740
"Go Beyond Aesthetics, 9770 Old Baymeadows Rd Suite 117 Jacksonville, FL 32256",Go Beyond Aesthetics,"9770 Old Baymeadows Rd Suite 117 Jacksonville, FL 32256",(904) 822-0470
"Integra Concierge Medicine, 10175 Fortune Pkwy Unit 204 Jacksonville, FL 32256",Integra Concierge Medicine,"10175 Fortune Pkwy Unit 204 Jacksonville, FL 32256",(904) 585-2250
"Limitless Me Wellness, 11555 Central Parkway, Suite 402 Jacksonville, FL 32224",Limitless Me Wellness,"11555 Central Parkway, Suite 402 Jacksonville, FL 32224",(904) 789-8027
"Luminess Med Spa, 7540 Gate Pkwy Ste 109 Jacksonville, FL 32256",Luminess Med Spa,"7540 Gate Pkwy Ste 109 Jacksonville, FL 32256",(904) 456-0212
"Northeast Florida Internal Medicine, 2065 Herschel St Jacksonville, FL 32204",Northeast Florida Internal Medicine,"2065 Herschel St Jacksonville, FL 32204",(904) 830-9584
"Nuvita Wellness Center, 11512 Lake Mead Ave Unit 702 Jacksonville, FL 32256",Nuvita Wellness Center,"11512 Lake Mead Ave Unit 702 Jacksonville, FL 32256",(904) 674-3327
"Omega Health & Wellness, 8761 Perimeter Park Blvd Suite 101 Jacksonville, FL 32216",Omega Health & Wellness,"8761 Perimeter Park Blvd Suite 101 Jacksonville, FL 32216",(904) 830-6034
"Rejuvenate Life, 8421 Baymeadows Way Ste 116 Jacksonville, FL 32256",Rejuvenate Life,"8421 Baymeadows Way Ste 116 Jacksonville, FL 32256",(904) 605-2369
"Reliance Medical Associates of Jax, 8833 Perimeter Park Blvd STE 503 Jacksonville, FL 32216",Reliance Medical Associates of Jax,"8833 Perimeter Park Blvd STE 503 Jacksonville, FL 32216",(904) 817-0592
"Slym Wellness Clinic, 4241 Baymeadows Rd Suite 16 Jacksonville, FL 32217",Slym Wellness Clinic,"4241 Baymeadows Rd Suite 16 Jacksonville, FL 32217",(904) 506-1288
"St Johns Integrated Health, 11363 San Jose Blvd Suite 102B Jacksonville, FL 32223",St Johns Integrated Health,"11363 San Jose Blvd Suite 102B Jacksonville, FL 32223",(904) 747-6931
"Pure Harmony, 1198 Beach Blvd Ste 8 Jacksonville Beach, FL 32250",Pure Harmony,"1198 Beach Blvd Ste 8 Jacksonville Beach, FL 32250",(904) 831-1335
"Ob/Gyn Specialists - Jupiter, 345 Jupiter Lakes Blvd Ste 200 Jupiter, FL 33458",Ob/Gyn Specialists - Jupiter,"345 Jupiter Lakes Blvd Ste 200 Jupiter, FL 33458",(561) 838-4243
"Signature Keys Medical, 3140 Northside Dr. BLDG A Key West, FL 33040",Signature Keys Medical,"3140 Northside Dr. BLDG A Key West, FL 33040",(786) 751-6446
"Anna's Medical Care, 316 W Bass St Unit 203 Kissimmee, FL 34741",Anna's Medical Care,"316 W Bass St Unit 203 Kissimmee, FL 34741",(786) 386-2166
"Central FL Total Healthcare Kissimmee, 1118 Cypress Glen Cir Kissimmee, FL 34741",Central FL Total Healthcare Kissimmee,"1118 Cypress Glen Cir Kissimmee, FL 34741",(386) 282-5175
"MG Medical Center, 1213 N Central Ave Kissimmee, FL 34741",MG Medical Center,"1213 N Central Ave Kissimmee, FL 34741",(863) 563-2276
"Sunshine Medical & Wellness Center, 1001 West Cherry Street Ste A Kissimmee, FL 34741",Sunshine Medical & Wellness Center,"1001 West Cherry Street Ste A Kissimmee, FL 34741",(689) 407-2819
"RDM Magnolia Practice Care, 777 W. Duval Street Lake City, FL 32055",RDM Magnolia Practice Care,"777 W. Duval Street Lake City, FL 32055",(386) 272-5104
"Still Waters Family Healthcare, 1840 Forest Hill Blvd STE 201 Lake Clarke Shores, FL 33406",Still Waters Family Healthcare,"1840 Forest Hill Blvd STE 201 Lake Clarke Shores, FL 33406",(561) 486-9631
"Clique Health & Wellness, 5315 S Florida Avenue Ste 1 Lakeland, FL 33813",Clique Health & Wellness,"5315 S Florida Avenue Ste 1 Lakeland, FL 33813",(863) 563-1943
"Enhanced Lifestyle Healthcare, 2125 Harden Blvd Lakeland, FL 33803",Enhanced Lifestyle Healthcare,"2125 Harden Blvd Lakeland, FL 33803",(863) 576-5309
"Florida Cosmetic Center, 4019 US Hwy 98 N STE 121 Lakeland, FL 33809",Florida Cosmetic Center,"4019 US Hwy 98 N STE 121 Lakeland, FL 33809",(352) 227-6448
"Freedom Family Practice, 2929 Lakeland Highlands Rd Ste A2 Lakeland, FL 33803",Freedom Family Practice,"2929 Lakeland Highlands Rd Ste A2 Lakeland, FL 33803",(863) 270-8784
"Novus Spine & Pain Center, 631 Mid-Florida Dr Lakeland, FL 33813",Novus Spine & Pain Center,"631 Mid-Florida Dr Lakeland, FL 33813",(863) 900-9405
"Randolph's Family Health and Wellness, 3037 Lakeland Hills Blvd Ste 7A Lakeland, FL 33805",Randolph's Family Health and Wellness,"3037 Lakeland Hills Blvd Ste 7A Lakeland, FL 33805",(863) 474-2769
"Age Reversal Technology Center, 6968 Professional Pkwy Lakewood Ranch, FL 34240",Age Reversal Technology Center,"6968 Professional Pkwy Lakewood Ranch, FL 34240",(941) 244-9178
"Concierge Health and Aesthetics, 9015 Town Center Parkway Unit 112 Lakewood Ranch, FL 34202",Concierge Health and Aesthetics,"9015 Town Center Parkway Unit 112 Lakewood Ranch, FL 34202",(941) 347-0396
"Eros Vitality, 6958 Professional Pkwy Lakewood Ranch, FL 34240",Eros Vitality,"6958 Professional Pkwy Lakewood Ranch, FL 34240",(941) 207-0355
"Premiere Concierge & Wellness, 11505 Palmbrush Trl Ste 200 Lakewood Ranch, FL 34202",Premiere Concierge & Wellness,"11505 Palmbrush Trl Ste 200 Lakewood Ranch, FL 34202",(941) 946-5418
"Gard Wellness Solutions, 325 W Lantana Rd, Lantana, FL 33462",Gard Wellness Solutions,"325 W Lantana Rd, Lantana, FL 33462",(561) 782-0169
"Optimize Integrative Health, 13201 Walsingham Rd Ste 101 Largo, FL 33774",Optimize Integrative Health,"13201 Walsingham Rd Ste 101 Largo, FL 33774",(727) 312-0148
"SynthesizedCare, 9393 98th Avenue Largo, FL 33777",SynthesizedCare,"9393 98th Avenue Largo, FL 33777",(505) 370-3121
"MedChic Aesthetics, 2771 E. Oakland Park Blvd Suite 5 Ft Lauderdale, FL 33306",MedChic Aesthetics,"2771 E. Oakland Park Blvd Suite 5 Ft Lauderdale, FL 33306",(561) 666-1439
"Inspired Functional Medicine, Inc, 2349 North Lecanto Hwy Suite B Lecanto, FL 34461","Inspired Functional Medicine, Inc","2349 North Lecanto Hwy Suite B Lecanto, FL 34461",(352) 646-3779
"Wellness and Preventive Care of SWFL, 5598 8th St W Unit 4 Leighi Acres, FL 33971",Wellness and Preventive Care of SWFL,"5598 8th St W Unit 4 Leighi Acres, FL 33971",(239) 364-7568
"Rebuild Regen Medical Clinic, 3320 North Federal Highway Lighthouse Point, FL 33064",Rebuild Regen Medical Clinic,"3320 North Federal Highway Lighthouse Point, FL 33064",(754) 253-3039
"Reed Medical Group, 509 Bay Isles Pkwy Longboat Key, FL 34228",Reed Medical Group,"509 Bay Isles Pkwy Longboat Key, FL 34228",(941) 541-1953
"Evolve Health & Wellness, 231 W Bay Ave Longwood, FL 32750",Evolve Health & Wellness,"231 W Bay Ave Longwood, FL 32750",(689) 204-2853
"Ideal Family Practice, 12953 Palms W Dr Suite 202 Loxachatchee, FL 33470",Ideal Family Practice,"12953 Palms W Dr Suite 202 Loxachatchee, FL 33470",(561) 269-6252
"FAMILY FIRST WELLNESS, 16541 Pointe Village Dr Ste 211 Lutz, FL 33558",FAMILY FIRST WELLNESS,"16541 Pointe Village Dr Ste 211 Lutz, FL 33558",(727) 746-5323
"London Collective, 16541 Pointe Village Dr Ste 207 Lutz, FL 33558",London Collective,"16541 Pointe Village Dr Ste 207 Lutz, FL 33558",(727) 273-7449
"South Beach Wellness Center, 2975 Allegra Way Lutz, FL 33559",South Beach Wellness Center,"2975 Allegra Way Lutz, FL 33559",(813) 798-4067
"Foundations at Maitland, 260 Lookout Place Ste 201 Maitland, FL 32751",Foundations at Maitland,"260 Lookout Place Ste 201 Maitland, FL 32751",(407) 214-4502
"Timeless Interventional Of Naples, 606 Bald Eagle Dr Ste 610 Marco Island, FL 34145",Timeless Interventional Of Naples,"606 Bald Eagle Dr Ste 610 Marco Island, FL 34145",(239) 259-9075
"Families First Physicians, 520 E. New Haven Avenue Melbourne, FL 32901",Families First Physicians,"520 E. New Haven Avenue Melbourne, FL 32901",(321) 463-4758
"Holistic Wellness NP, 2090 Sarno Rd Melbourne, FL 32935",Holistic Wellness NP,"2090 Sarno Rd Melbourne, FL 32935",(321) 334-2479
"Renew You, 8045 Spyglass Hill Rd Ste 102 Melbourne, FL 32940",Renew You,"8045 Spyglass Hill Rd Ste 102 Melbourne, FL 32940",(321) 326-7734
"Aesthetically Alluring, 12914 SW 133rd Ct Miami, FL 33186",Aesthetically Alluring,"12914 SW 133rd Ct Miami, FL 33186",(786) 977-4049
"Angeles Wellness Center, 10300 SW 72nd St. Suite 356 Miami, FL 33173",Angeles Wellness Center,"10300 SW 72nd St. Suite 356 Miami, FL 33173",(754) 254-3169
"Aventura OBGYN Advanced Care, 12550 Biscayne Blvd Ste 906 Miami, FL 33181",Aventura OBGYN Advanced Care,"12550 Biscayne Blvd Ste 906 Miami, FL 33181",(786) 833-6895
"Bayshore Womens Healthcare- Mercy, 3661 South Miami Avenue 704 Miami, FL 33133",Bayshore Womens Healthcare- Mercy,"3661 South Miami Avenue 704 Miami, FL 33133",(305) 854-8112
"Body Art Rejuvenation, LLC, 13550 SW 88th St Ste 130 Miami, FL 33186","Body Art Rejuvenation, LLC","13550 SW 88th St Ste 130 Miami, FL 33186",(786) 627-5173
"Complete Womens Care - Miami, 8501 Southwest 124th Avenue #206 Miami, FL 33183",Complete Womens Care - Miami,"8501 Southwest 124th Avenue #206 Miami, FL 33183",(561) 717-7894
"D Clinik Inc, 7950 NW 53 ST STE 132 Miami, FL 33166",D Clinik Inc,"7950 NW 53 ST STE 132 Miami, FL 33166",(786) 964-4699
"Elly Wellness, 8700 W Flagler Street Ste 401 Miami, FL 33174",Elly Wellness,"8700 W Flagler Street Ste 401 Miami, FL 33174",(786) 461-1790
"Excel Aesthetics, 15490 NW 7th Ave STE 210 Miami, FL 33169",Excel Aesthetics,"15490 NW 7th Ave STE 210 Miami, FL 33169",(786) 957-4537
"Florida Medical Care Group, Corp., 13190 SW 134 Street Suite 108 Miami, FL 33186","Florida Medical Care Group, Corp.","13190 SW 134 Street Suite 108 Miami, FL 33186",(786) 481-0759
"Functional Family Medicine, LLC, 3241 NW 7th St Miami, FL 33125","Functional Family Medicine, LLC","3241 NW 7th St Miami, FL 33125",(786) 808-1523
"G-Nouva, 2475 NW 95th Ave Unit 2 Miami, FL 33172",G-Nouva,"2475 NW 95th Ave Unit 2 Miami, FL 33172",(754) 260-1262
"Golden Aesthetics & Wellness, 6840 Bird Rd. Ste 207 Miami, FL 33155",Golden Aesthetics & Wellness,"6840 Bird Rd. Ste 207 Miami, FL 33155",(954) 329-0372
"IV Drop Revival & Glow Inc., 11760 SW 40th St Ste 741 Miami, FL 33175",IV Drop Revival & Glow Inc.,"11760 SW 40th St Ste 741 Miami, FL 33175",(786) 761-7874
"Infinite Wellness Miami, 9280 SW 72nd St # 102 Miami, FL 33173",Infinite Wellness Miami,"9280 SW 72nd St # 102 Miami, FL 33173",(305) 701-5344
"International Orthopaedic Specialists, 2260 NE 123rd St Miami, FL 33181",International Orthopaedic Specialists,"2260 NE 123rd St Miami, FL 33181",(754) 354-7046
"Intyma, llc, 11430 N Kendall Drive Suite 108 Miami, FL 33176","Intyma, llc","11430 N Kendall Drive Suite 108 Miami, FL 33176",(786) 259-1408
"LCC Medical Research Institute, 1150 NW 72nd Ave Ste 620 Miami, FL 33126",LCC Medical Research Institute,"1150 NW 72nd Ave Ste 620 Miami, FL 33126",(786) 791-2307
"La Perla Med Center, 7811 Coral Wayste Ste 130 Miami, FL 33155",La Perla Med Center,"7811 Coral Wayste Ste 130 Miami, FL 33155",(786) 551-4482
"Lely Med, 8950 Sw 74Th Ct Ste 1207 Miami, FL 33156",Lely Med,"8950 Sw 74Th Ct Ste 1207 Miami, FL 33156",(754) 208-1625
"Life & Wellness Health Center, 7949 NW 2ND ST Miami, FL 33126",Life & Wellness Health Center,"7949 NW 2ND ST Miami, FL 33126",(954) 335-6210
"Miami Women's Health Associates, 3661 S Miami Ave Ste 1005 Miami, FL 33133",Miami Women's Health Associates,"3661 S Miami Ave Ste 1005 Miami, FL 33133",(786) 829-7840
"Myami 5050 LLC, 2700 North Miami Avenue Suite 404 Miami, FL 33127",Myami 5050 LLC,"2700 North Miami Avenue Suite 404 Miami, FL 33127",(754) 312-6596
"Nugen Wellness & Aesthetics, 10045 SW 72nd St Miami, FL 33173",Nugen Wellness & Aesthetics,"10045 SW 72nd St Miami, FL 33173",(786) 981-9343
"Optimal Wellness By Lidi, 9595 N Kendall Dr Ste 211 Miami, FL 33176",Optimal Wellness By Lidi,"9595 N Kendall Dr Ste 211 Miami, FL 33176",(786) 481-0268
"Physician Associates, LLC, 10860 SW 88th St Suite 200 Miami, FL 33176","Physician Associates, LLC","10860 SW 88th St Suite 200 Miami, FL 33176",(786) 758-5774
"Rejuvenate by Silvia, 11440 N. Kendall Drive Suite 106 Miami, FL 33176",Rejuvenate by Silvia,"11440 N. Kendall Drive Suite 106 Miami, FL 33176",(786) 377-6722
"Revive Health & Beauty - Miami, 14255 sw 42 ave Suite 13b Miami, FL 33175",Revive Health & Beauty - Miami,"14255 sw 42 ave Suite 13b Miami, FL 33175",(786) 789-1160
"Serenity Wellness Center, 8830 SW 129th Terrace Suite 8828b- 2nd floor Miami, FL 33176",Serenity Wellness Center,"8830 SW 129th Terrace Suite 8828b- 2nd floor Miami, FL 33176",(786) 886-1545
"Somi Hormone Health & Wellness, 7000 SW 62nd Ave Ste 400 Miami, FL 33143",Somi Hormone Health & Wellness,"7000 SW 62nd Ave Ste 400 Miami, FL 33143",(754) 219-4327
"Springs Medical & Research, 1778 W Flagler St. Ste 100 Miami, FL 33135",Springs Medical & Research,"1778 W Flagler St. Ste 100 Miami, FL 33135",(305) 912-0857
"Sunvital Healthcare Center, 7270 NW 12th St Ste 420 Miami, FL 33126",Sunvital Healthcare Center,"7270 NW 12th St Ste 420 Miami, FL 33126",(786) 460-2184
"Vitality Healthcare Group, 14873 South Dixie Highway Miami, FL 33176",Vitality Healthcare Group,"14873 South Dixie Highway Miami, FL 33176",(786) 650-0014
"Vive By Dr. G MD, 3661 S Miami Ave Ste 106 Miami, FL 33133",Vive By Dr. G MD,"3661 S Miami Ave Ste 106 Miami, FL 33133",(754) 802-2241
"Women's Care Gynecology and Fertility, 19300 W Dixie Highway Unit 1 Miami, FL 33180",Women's Care Gynecology and Fertility,"19300 W Dixie Highway Unit 1 Miami, FL 33180",(786) 791-2998
"Dreams Medical Center, 15935 Nw 57 Ave Miami Lakes, FL 33014",Dreams Medical Center,"15935 Nw 57 Ave Miami Lakes, FL 33014",(786) 474-9969
"82 Magnolia Aesthetics & Wellness, 6867 Oak St Milton, FL 32570",82 Magnolia Aesthetics & Wellness,"6867 Oak St Milton, FL 32570",(850) 972-2893
"The Hormone Restoration Center, 12889 Hwy 98 Suite 107B Miramar Beach, FL 32550",The Hormone Restoration Center,"12889 Hwy 98 Suite 107B Miramar Beach, FL 32550",(850) 837-1271
"Dragonfly MedSpa & Hormone Wellness, 6909 Old Highway 441 S Ste 221 Mount Dora, FL 32757",Dragonfly MedSpa & Hormone Wellness,"6909 Old Highway 441 S Ste 221 Mount Dora, FL 32757",(321) 351-3409
"Coastal Wellness of Naples, 3845 Beck Blvd Ste 807 Naples, FL 34114",Coastal Wellness of Naples,"3845 Beck Blvd Ste 807 Naples, FL 34114",(239) 329-8479
"Diane Brzezinski, DO, 1250 Pine Ridge Rd Ste 101A Naples, FL 34108","Diane Brzezinski, DO","1250 Pine Ridge Rd Ste 101A Naples, FL 34108",(239) 778-7899
"Glowtique Salon & MedSpa, 15275 Collier Blvd Ste 206 Naples, FL 34119",Glowtique Salon & MedSpa,"15275 Collier Blvd Ste 206 Naples, FL 34119",(239) 230-4842
"Goodwin Medical Center, Internal Medicine, 12260 Tamiami Trail East Ste 102 Naples, FL 34113","Goodwin Medical Center, Internal Medicine","12260 Tamiami Trail East Ste 102 Naples, FL 34113",(239) 259-7662
"Integrative Medicine & Concierge, 13240 Tamiami Trail N Suite 204 Naples, FL 34110",Integrative Medicine & Concierge,"13240 Tamiami Trail N Suite 204 Naples, FL 34110",(239) 388-3517
"NCH, 311 Tamiami Trl N Ste 306 Naples, FL 34102",NCH,"311 Tamiami Trl N Ste 306 Naples, FL 34102",(940) 340-5736
"Naples Clinic, 7385 Radio Rd Ste 104 Naples, FL 34104",Naples Clinic,"7385 Radio Rd Ste 104 Naples, FL 34104",(239) 688-4179
"Neuroscience and Spine Associates, 130 Tamiami Trail N STE 250 Naples, FL 34102",Neuroscience and Spine Associates,"130 Tamiami Trail N STE 250 Naples, FL 34102",(239) 388-5816
"Prime MD of Naples, PLLC, 2515 Northbrooke Plaza Dr Ste 200 Naples, FL 34119","Prime MD of Naples, PLLC","2515 Northbrooke Plaza Dr Ste 200 Naples, FL 34119",(239) 259-9887
"WVL Synergy, 599 Ninth Street North Suite 211 Naples, FL 34102",WVL Synergy,"599 Ninth Street North Suite 211 Naples, FL 34102",(239) 420-6587
"Align Wellspa LLC, 8400 Racing Ln Navarre, FL 32566",Align Wellspa LLC,"8400 Racing Ln Navarre, FL 32566",(850) 750-4696
"Excel Life Integrative Care, Inc., 4772 US Highway 19 New Port Richey, FL 34652","Excel Life Integrative Care, Inc.","4772 US Highway 19 New Port Richey, FL 34652",(727) 351-8805
"Trinity Regenerative & Concierge Medicine, 1248 Seven Springs Boulevard Suite C New Port Richey, FL 34655",Trinity Regenerative & Concierge Medicine,"1248 Seven Springs Boulevard Suite C New Port Richey, FL 34655",(727) 947-1452
"Comprehensive Medical Aesthetics, 650 Nw 120Th St. North Miami, FL 33168",Comprehensive Medical Aesthetics,"650 Nw 120Th St. North Miami, FL 33168",(786) 876-8661
"Botoplace Aventura, LLC, 3555 NE 163rd St North Miami Beach, FL 33160","Botoplace Aventura, LLC","3555 NE 163rd St North Miami Beach, FL 33160",(954) 951-8835
"House of Hormones and Weight Loss, 13325 Tamiami Trl  Unit C North Port, FL 34287",House of Hormones and Weight Loss,"13325 Tamiami Trl  Unit C North Port, FL 34287",(941) 265-7990
"Central Florida Total Healthcare, 30 Remington Rd Suite 2 Oakland, FL 34787",Central Florida Total Healthcare,"30 Remington Rd Suite 2 Oakland, FL 34787",(386) 516-9421
"Essential Women, 1405 SW 6th Avenue Ocala, FL 34471",Essential Women,"1405 SW 6th Avenue Ocala, FL 34471",(352) 802-2328
"Executive Health & Wellness, 500 E Fort King St Ste C Ocala, FL 34471",Executive Health & Wellness,"500 E Fort King St Ste C Ocala, FL 34471",(352) 780-7939
"Flawless On The Go, 2320 Ne 2Nd St Ste 6 Ocala, FL 34470",Flawless On The Go,"2320 Ne 2Nd St Ste 6 Ocala, FL 34470",(352) 320-2933
"Honest Health, LLC, 2631 Se Lake Weir Ave Ocala, FL 34471","Honest Health, LLC","2631 Se Lake Weir Ave Ocala, FL 34471",(352) 667-6758
"Primary Medical Services, 1500 SE Magnolia Ext Ste 204 Ocala, FL 34471",Primary Medical Services,"1500 SE Magnolia Ext Ste 204 Ocala, FL 34471",(786) 386-2800
"Pelvic Laser Institute of Florida, 1520 Citrus Medical Ct Ocoee, FL 34761",Pelvic Laser Institute of Florida,"1520 Citrus Medical Ct Ocoee, FL 34761",(689) 600-2507
"PremierMED Family & Sports Medicine, 2940 Maguire Rd Ste 200 Ocoee, FL 34761",PremierMED Family & Sports Medicine,"2940 Maguire Rd Ste 200 Ocoee, FL 34761",(407) 890-7781
"Genesis Family Practice, 1133 Saxon Boulevard Suite 200 Orange City, FL 32763",Genesis Family Practice,"1133 Saxon Boulevard Suite 200 Orange City, FL 32763",(386) 220-8424
"Advance Preventive Medicine, 1400 E Robinson St Orlando, FL 32801",Advance Preventive Medicine,"1400 E Robinson St Orlando, FL 32801",(689) 400-7943
"Ageless Health & Aesthetics, 4104 Millenia Blvd Ste 111 Orlando, FL 32839",Ageless Health & Aesthetics,"4104 Millenia Blvd Ste 111 Orlando, FL 32839",(407) 974-6220
"Aura Medical Wellness, 7680 Universal blvd Ste 130 Orlando, FL 32819",Aura Medical Wellness,"7680 Universal blvd Ste 130 Orlando, FL 32819",(412) 960-6232
"Central Florida Total Healthcare Orlando, 9430 Turkey Lake Rd STE 216 Orlando, FL 32819",Central Florida Total Healthcare Orlando,"9430 Turkey Lake Rd STE 216 Orlando, FL 32819",(386) 273-3185
"Concierge Med Solutions, 3902 Millenia Blvd. Suite 200 Orlando, FL 32839",Concierge Med Solutions,"3902 Millenia Blvd. Suite 200 Orlando, FL 32839",(386) 457-4449
"Delta Internal Medicine, 220 E Gore St Ste 201 Orlando, FL 32806",Delta Internal Medicine,"220 E Gore St Ste 201 Orlando, FL 32806",(386) 845-3919
"Dr. G Family Medical and Wellness Center, 14522 Landstar Boulevard Ste 103 Orlando, FL 32824",Dr. G Family Medical and Wellness Center,"14522 Landstar Boulevard Ste 103 Orlando, FL 32824",(863) 216-1779
"Florida Center For Hormones And Wellness, 7505 West Sand Lake Rd Orlando, FL 32819",Florida Center For Hormones And Wellness,"7505 West Sand Lake Rd Orlando, FL 32819",(407) 305-3738
"Harding Medical Institute - Orlando, 6200 Metrowest Blvd Ste 105 Orlando, FL 32835",Harding Medical Institute - Orlando,"6200 Metrowest Blvd Ste 105 Orlando, FL 32835",(863) 563-2680
"Internal Medicine & Healthy Lifestyle, 7125 Hoffner Avenue Suite 102 Orlando, FL 32822",Internal Medicine & Healthy Lifestyle,"7125 Hoffner Avenue Suite 102 Orlando, FL 32822",(689) 215-4311
"Nur Medspa and Wellness, 12617 Narcoossee Rd Ste 111 Orlando, FL 32832",Nur Medspa and Wellness,"12617 Narcoossee Rd Ste 111 Orlando, FL 32832",(352) 720-6583
"Pan American Medical Group, 7359 Lake Underhill Rd Orlando, FL 32822",Pan American Medical Group,"7359 Lake Underhill Rd Orlando, FL 32822",(689) 407-6483
"Rejuvenate Wellness Center, 14050 Town Loop Blvd Ste 202 Orlando, FL 32837",Rejuvenate Wellness Center,"14050 Town Loop Blvd Ste 202 Orlando, FL 32837",(321) 471-5934
"Restora Medical, 1515 Park Center Dr Unit J Orlando, FL 32835",Restora Medical,"1515 Park Center Dr Unit J Orlando, FL 32835",(689) 400-8517
"The Palm Med Spa, 12301 Lake Underhill Rd Ste 105 Orlando, FL 32828",The Palm Med Spa,"12301 Lake Underhill Rd Ste 105 Orlando, FL 32828",(407) 305-9167
"Vida Functional Aesthetics, 6900 Tavistock Lakes Blvd Ste 110 Orlando, FL 32827",Vida Functional Aesthetics,"6900 Tavistock Lakes Blvd Ste 110 Orlando, FL 32827",(407) 305-7996
"Wound Therapeutics of Florida, 100 W Gore St Ste 302 Orlando, FL 32806",Wound Therapeutics of Florida,"100 W Gore St Ste 302 Orlando, FL 32806",(786) 550-3085
"Abundant Life Health and Wellness, 266 North Nova Road Ste. 101 Ormond Beach, FL 32174",Abundant Life Health and Wellness,"266 North Nova Road Ste. 101 Ormond Beach, FL 32174",(941) 206-3525
"Ormond Family Medical Center, 545 W Granada Blvd Ormond Beach, FL 32174",Ormond Family Medical Center,"545 W Granada Blvd Ormond Beach, FL 32174",(386) 273-1898
"Family Tree Primary Care, 872 Executive Dr Oviedo, FL 32765",Family Tree Primary Care,"872 Executive Dr Oviedo, FL 32765",(386) 516-5993
"First Coast Obstetrics and Gynecology, 7000 Old Wolf Bay Rd Palatka, FL 32177",First Coast Obstetrics and Gynecology,"7000 Old Wolf Bay Rd Palatka, FL 32177",(386) 284-3406
"Institute For Optimum Health, 620 Malabar Rd. SE Palm Bay, FL 32907",Institute For Optimum Health,"620 Malabar Rd. SE Palm Bay, FL 32907",(321) 237-3666
"Ob/Gyn Specialists - Palm Beaches, 2979 Pga Blvd Ste 100 Palm Beach Gardens, FL 33410",Ob/Gyn Specialists - Palm Beaches,"2979 Pga Blvd Ste 100 Palm Beach Gardens, FL 33410",(561) 838-4243
"All New U, 6 Florida Park Drive N Ste B Palm Coast, FL 32137",All New U,"6 Florida Park Drive N Ste B Palm Coast, FL 32137",(386) 800-2753
"Circle Of Health, 10 Florida Park Dr North Suite B Palm Coast, FL 32137",Circle Of Health,"10 Florida Park Dr North Suite B Palm Coast, FL 32137",(386) 200-9965
"Beauty Bar & Med Spa, 33295 Us Highway 19 N Ste 116 Palm Harbor, FL 34684",Beauty Bar & Med Spa,"33295 Us Highway 19 N Ste 116 Palm Harbor, FL 34684",(656) 261-0795
"Rejuve Health Plus, 31109 Us Highway 19 N. Palm Harbor, FL 34684",Rejuve Health Plus,"31109 Us Highway 19 N. Palm Harbor, FL 34684",(727) 435-1680
"Castillo and Torres MD PA, 2328 S Congress Ave Ste 1E Palm Springs, FL 33406",Castillo and Torres MD PA,"2328 S Congress Ave Ste 1E Palm Springs, FL 33406",(561) 448-7814
"Dr Jenn Burg, LLC, 219 Harrison Ave Panama City, FL 32401","Dr Jenn Burg, LLC","219 Harrison Ave Panama City, FL 32401",(448) 230-8841
"Sugar and Sand Wellness, 17208 Panama City Beach Pkwy Panama City Beach, FL 32413",Sugar and Sand Wellness,"17208 Panama City Beach Pkwy Panama City Beach, FL 32413",(850) 399-5956
"Younger Aesthetics, 21903 Panama City Beach Pkwy Panama City Beach, FL 32413",Younger Aesthetics,"21903 Panama City Beach Pkwy Panama City Beach, FL 32413",(448) 231-6146
"Hollywood Primary Care, 2301 N University Drive Suite 104 Pembroke Pines, FL 33024",Hollywood Primary Care,"2301 N University Drive Suite 104 Pembroke Pines, FL 33024",(954) 231-3799
"Medilife Taft, 12301 Taft St. Suite 100 Pembroke Pines, FL 33026",Medilife Taft,"12301 Taft St. Suite 100 Pembroke Pines, FL 33026",(954) 787-4617
"Olam Med Spa, 17901 NW 5th Street Suite 201 Pembroke Pines, FL 33029",Olam Med Spa,"17901 NW 5th Street Suite 201 Pembroke Pines, FL 33029",(754) 666-7044
"Southeast Fla Urology, 500 N. Hiatus Rd Suite 107 Pembroke Pines, FL 33026",Southeast Fla Urology,"500 N. Hiatus Rd Suite 107 Pembroke Pines, FL 33026",(954) 833-0287
"Touch of Life MedSpa, 17874 NW 2nd St Pembroke Pines, FL 33029",Touch of Life MedSpa,"17874 NW 2nd St Pembroke Pines, FL 33029",(954) 738-4289
"The Skin Care Center at Gulf Coast, 540 Brent Ln Pensacola, FL 32503",The Skin Care Center at Gulf Coast,"540 Brent Ln Pensacola, FL 32503",(850) 780-8280
"Thrive Hormone and Longevity Institute, 5599 N W Street Pensacola, FL 32505",Thrive Hormone and Longevity Institute,"5599 N W Street Pensacola, FL 32505",(850) 407-8746
"Enduring Beauty, 155 8th St North St Petersburg, FL 33701",Enduring Beauty,"155 8th St North St Petersburg, FL 33701",(772) 227-1493
"Glamorize Med Spa, 3924 Central Ave St. Petersburg, FL 33711",Glamorize Med Spa,"3924 Central Ave St. Petersburg, FL 33711",(727) 910-2157
"Indulgence Medical Day Spa, 9210 4th St N St Petersburg, FL 33702",Indulgence Medical Day Spa,"9210 4th St N St Petersburg, FL 33702",(656) 218-3788
"ST PETE WELLNESS & MEDSPA, 111 2nd Ave NE Ste 1405 St Petersburg, FL 33701",ST PETE WELLNESS & MEDSPA,"111 2nd Ave NE Ste 1405 St Petersburg, FL 33701",(727) 295-1370
"Dermaspalogy, 8517 SW 136th Street Pinecrest, FL 33156",Dermaspalogy,"8517 SW 136th Street Pinecrest, FL 33156",(786) 686-7857
"OASIS Obstetrics and Gynecology, 220 SW 84th Ave STE 105 Plantation, FL 33324",OASIS Obstetrics and Gynecology,"220 SW 84th Ave STE 105 Plantation, FL 33324",(954) 998-0709
"South Florida Family Health Center, 6971 W Sunrise Blvd Ste 102 Plantation, FL 33313",South Florida Family Health Center,"6971 W Sunrise Blvd Ste 102 Plantation, FL 33313",(754) 219-5297
"Welbeauty LLC, 201 NW 70th ave Suite C Plantation, FL 33317",Welbeauty LLC,"201 NW 70th ave Suite C Plantation, FL 33317",(954) 268-1132
"Ketamine Clinic of South Florida, 41 N Federal Hwy  Ste A Pompano Beach, FL 33062",Ketamine Clinic of South Florida,"41 N Federal Hwy  Ste A Pompano Beach, FL 33062",(954) 280-3137
"Lighthouse Medical Center, 4 NE 4th Ave Pompano Beach, FL 33060",Lighthouse Medical Center,"4 NE 4th Ave Pompano Beach, FL 33060",(754) 354-9928
"NuEra Wellness, 820 A1A N Suite W21 Ponte Vedra, FL 32082",NuEra Wellness,"820 A1A N Suite W21 Ponte Vedra, FL 32082",(904) 664-5879
"DERMAGNIFY, 100 Executive Way Ste 114 Ponte Vedra Beach, FL 32082",DERMAGNIFY,"100 Executive Way Ste 114 Ponte Vedra Beach, FL 32082",(904) 372-1228
"Aesthetics & Wellness by Monic Menard, 20020 Veterans Blvd Unit 17 Port Charlotte, FL 33954",Aesthetics & Wellness by Monic Menard,"20020 Veterans Blvd Unit 17 Port Charlotte, FL 33954",(941) 208-0938
"Rooted Welness, 16954 Toledo Blade Blvd Port Charlotte, FL 33954",Rooted Welness,"16954 Toledo Blade Blvd Port Charlotte, FL 33954",(941) 269-6353
"Beauty Lounge Port Orange, 731 Dunlawton Avenue Port Orange, FL 32127",Beauty Lounge Port Orange,"731 Dunlawton Avenue Port Orange, FL 32127",(386) 384-9622
"Excellence Health, 224 Dunlawton Ave Port Orange, FL 32127",Excellence Health,"224 Dunlawton Ave Port Orange, FL 32127",(386) 999-4576
"Age Well NP, 25166 E Marion Ave  Ste 1  Punta Gorda, FL 33950",Age Well NP,"25166 E Marion Ave  Ste 1  Punta Gorda, FL 33950",(941) 239-3476
"Equilibri Health and Wellness, 10841 Park Dr Riverview, FL 33569",Equilibri Health and Wellness,"10841 Park Dr Riverview, FL 33569",(910) 390-8390
"KC Wellness & Medspa, 10036 Water Works Lane Riverview, FL 33578",KC Wellness & Medspa,"10036 Water Works Lane Riverview, FL 33578",(727) 955-2838
"Bella MedSpa & Wellness Clinique, 106 Ponce De Leon St Suite B Royal Palm Beach, FL 33411",Bella MedSpa & Wellness Clinique,"106 Ponce De Leon St Suite B Royal Palm Beach, FL 33411",(561) 559-9363
"Cobblestone Spine & Joint Institute, 10233 Okeechobee Boulevard B6 Royal Palm Beach, FL 33411",Cobblestone Spine & Joint Institute,"10233 Okeechobee Boulevard B6 Royal Palm Beach, FL 33411",(561) 332-1818
"Horizon Family Medical Practice, 1236 Royal Palm Beach Blvd Suite 108 Royal Palm Beach, FL 33411",Horizon Family Medical Practice,"1236 Royal Palm Beach Blvd Suite 108 Royal Palm Beach, FL 33411",(561) 788-7953
"Impact MD, 11917 Southern Boulevard #300 Royal Palm Beach, FL 33411",Impact MD,"11917 Southern Boulevard #300 Royal Palm Beach, FL 33411",(561) 652-5205
"Palm Beach Health Center, 1011 Fl-7 Suite D Royal Palm Beach, FL 33411",Palm Beach Health Center,"1011 Fl-7 Suite D Royal Palm Beach, FL 33411",(561) 960-4923
"Royal Palm Beach Medical Group, 11903 Southern Blvd Ste 108 Royal Palm Beach, FL 33411",Royal Palm Beach Medical Group,"11903 Southern Blvd Ste 108 Royal Palm Beach, FL 33411",(561) 475-5239
"Core Wellness, 531 Main St Ste K Safety Harbor, FL 34695",Core Wellness,"531 Main St Ste K Safety Harbor, FL 34695",(656) 216-3257
"HCTB Health Care Trend Beginnings, 1575 Budinger Ave Saint Cloud, FL 34769",HCTB Health Care Trend Beginnings,"1575 Budinger Ave Saint Cloud, FL 34769",(407) 863-9183
"Belle Ame Wellness, 712 W 25th St Sanford, FL 32771",Belle Ame Wellness,"712 W 25th St Sanford, FL 32771",(386) 845-3468
"Reed Medical Group LWR, 5284 Paylor Lane Saraosta, FL 34240",Reed Medical Group LWR,"5284 Paylor Lane Saraosta, FL 34240",(941) 213-5301
"Aven Clinic Functional Medicine, 1219 S East Ave Ste 308 Sarasota, FL 34239",Aven Clinic Functional Medicine,"1219 S East Ave Ste 308 Sarasota, FL 34239",(941) 214-2436
"Beach Glo Medspa and Wellness, 7244 Beneva Rd Sarasota, FL 34238",Beach Glo Medspa and Wellness,"7244 Beneva Rd Sarasota, FL 34238",(941) 239-4132
"Beauty Lounge Lakewood Ranch, 1900 Lakewood Ranch Blvd #140 Sarasota, FL 34240",Beauty Lounge Lakewood Ranch,"1900 Lakewood Ranch Blvd #140 Sarasota, FL 34240",(941) 231-3755
"Beauty Lounge Sarasota, 2650 South Tamiami Trail Suite 3 Sarasota, FL 34239",Beauty Lounge Sarasota,"2650 South Tamiami Trail Suite 3 Sarasota, FL 34239",(941) 500-5930
"Center for Regenerative Wellness, 3534 Fruitville Rd Sarasota, FL 34237",Center for Regenerative Wellness,"3534 Fruitville Rd Sarasota, FL 34237",(941) 269-6796
"Covalence Medical & Aesthetics, 2639 Fruitville Rd Ste 303 Sarasota, FL 34237",Covalence Medical & Aesthetics,"2639 Fruitville Rd Ste 303 Sarasota, FL 34237",(941) 253-3180
"Elevated Medical Aesthetics, 5630 Marquesas Circle Sarasota, FL 34233",Elevated Medical Aesthetics,"5630 Marquesas Circle Sarasota, FL 34233",(941) 207-6138
"Harmony Med Spa, 2184 Gulf Gate Dr STE B Sarasota, FL 34231",Harmony Med Spa,"2184 Gulf Gate Dr STE B Sarasota, FL 34231",(941) 960-7341
"Health & Beauty Integrative Center, 4370 S Tamiami Trl Ste 151 Sarasota, FL 34231",Health & Beauty Integrative Center,"4370 S Tamiami Trl Ste 151 Sarasota, FL 34231",(941) 269-1553
"Renew Health & Wellness LLC, 5929 Approach Rd Sarasota, FL 34238",Renew Health & Wellness LLC,"5929 Approach Rd Sarasota, FL 34238",(941) 491-0493
"Reveal Vitality & Longevity Institute, 1990 Main St Unit 800 Sarasota, FL 34236",Reveal Vitality & Longevity Institute,"1990 Main St Unit 800 Sarasota, FL 34236",(941) 269-3833
"Swor Women's Care, 1900 S Tuttle Ave Sarasota, FL 34239",Swor Women's Care,"1900 S Tuttle Ave Sarasota, FL 34239",(941) 220-0481
"The Miley Clinic, 3333 Clark Road  Ste 100 Sarasota, FL 34231",The Miley Clinic,"3333 Clark Road  Ste 100 Sarasota, FL 34231",(941) 271-7646
"eHealth Provisions, 1435 S Osprey Ave STE 200 Sarasota, FL 34239",eHealth Provisions,"1435 S Osprey Ave STE 200 Sarasota, FL 34239",(313) 351-8887
"Redefine ME Wellness and Aesthetics, 1103 Us Hwy 1, Ste 2 Sebastian, FL 32958",Redefine ME Wellness and Aesthetics,"1103 Us Hwy 1, Ste 2 Sebastian, FL 32958",(321) 216-9945
"Lavish Grace Wellness Med Spa, 2221 Us Hwy 27 S Sebring, FL 33870",Lavish Grace Wellness Med Spa,"2221 Us Hwy 27 S Sebring, FL 33870",(863) 270-3625
"NU YU Laser and Medspa, 9555 Seminole Blvd Ste 103 Seminole, FL 33772",NU YU Laser and Medspa,"9555 Seminole Blvd Ste 103 Seminole, FL 33772",(727) 202-5315
"Castellanos & Associates, 6295 Sunset Dr South Miami, FL 33143",Castellanos & Associates,"6295 Sunset Dr South Miami, FL 33143",(754) 260-1877
"Femme Aesthetics & Health, 7800 SW 57TH Ave Suite 100  South Miami, FL 33143",Femme Aesthetics & Health,"7800 SW 57TH Ave Suite 100  South Miami, FL 33143",(786) 692-8361
"Luis E. Mendez, MD, 6705 SW 57th Ave Ste 416 South Miami, FL 33143","Luis E. Mendez, MD","6705 SW 57th Ave Ste 416 South Miami, FL 33143",(305) 391-4942
"Appelt Aesthetics and Wellness, 10551 Spring Hill Dr Spring Hill, FL 34608",Appelt Aesthetics and Wellness,"10551 Spring Hill Dr Spring Hill, FL 34608",(727) 758-7817
"Divinity Med Spa, 13248 Spring Hill Dr Spring Hill, FL 34609",Divinity Med Spa,"13248 Spring Hill Dr Spring Hill, FL 34609",(863) 694-1475
"Pinnacle Health and Weight Loss Center, 5999 Central Ave # 301 St.Petersburg, FL 33710",Pinnacle Health and Weight Loss Center,"5999 Central Ave # 301 St.Petersburg, FL 33710",(727) 705-2726
"Charys Medical Boutique, 719 S Colorado Ave Stuart, FL 34994",Charys Medical Boutique,"719 S Colorado Ave Stuart, FL 34994",(727) 910-5946
"Momentum Integrative Wellness, 2440 Southeast Federal Highway Ste 600 Stuart, FL 34994",Momentum Integrative Wellness,"2440 Southeast Federal Highway Ste 600 Stuart, FL 34994",(772) 291-0075
"Medical Specialist of South Florida, 4960 N. Pine Island Rd Sunrise, FL 33351",Medical Specialist of South Florida,"4960 N. Pine Island Rd Sunrise, FL 33351",(954) 266-0935
"Square One Aesthetics & Wellness, 863 E. Park Ave Tallahassee, FL 32301",Square One Aesthetics & Wellness,"863 E. Park Ave Tallahassee, FL 32301",(912) 465-2403
"JP Medical and Wellness Center, 6215 N University Drive Tamarac, FL 33321",JP Medical and Wellness Center,"6215 N University Drive Tamarac, FL 33321",(754) 239-2488
"After Glow, 330 S Falkenburg Rd Tampa, FL 33619",After Glow,"330 S Falkenburg Rd Tampa, FL 33619",(813) 652-0280
"Ageless Vitality Center, 4730 N Habana Ave Ste 101 Tampa, FL 33614",Ageless Vitality Center,"4730 N Habana Ave Ste 101 Tampa, FL 33614",(727) 306-2278
"Alonso Aesthetics & Wellness, 2915 N Boulevard Tampa, FL 33602",Alonso Aesthetics & Wellness,"2915 N Boulevard Tampa, FL 33602",(727) 677-9717
"Bella Excellence Westchase, 10116 Montague St Ste 8 Tampa, FL 33626",Bella Excellence Westchase,"10116 Montague St Ste 8 Tampa, FL 33626",(813) 437-4269
"BioDesign Clinic + MedSpa, 3200 Henderson Blvd Tampa, FL 33609",BioDesign Clinic + MedSpa,"3200 Henderson Blvd Tampa, FL 33609",(656) 218-7821
"Dr Hero Medical, 6424 N Armenia Ave Tampa, FL 33604",Dr Hero Medical,"6424 N Armenia Ave Tampa, FL 33604",(727) 334-7308
"E&Y Medical Clinic -Rehabilitation Center, 6718 N. Himes Ave Suite B Tampa, FL 33614",E&Y Medical Clinic -Rehabilitation Center,"6718 N. Himes Ave Suite B Tampa, FL 33614",(656) 216-3880
"Elase MedSpa Westchase, 11663 Countryway Blvd Tampa, FL 33626",Elase MedSpa Westchase,"11663 Countryway Blvd Tampa, FL 33626",(727) 378-9301
"Embodhi Integrative Wellness and Medspa, 13145 N DALE MABRY HWY  STE 32 Tampa, FL 33625",Embodhi Integrative Wellness and Medspa,"13145 N DALE MABRY HWY  STE 32 Tampa, FL 33625",(220) 666-4148
"Emerys Med Spa for Women & Sexual Health, 2919 W Swann Ave  Suite 404 Tampa, FL 33609",Emerys Med Spa for Women & Sexual Health,"2919 W Swann Ave  Suite 404 Tampa, FL 33609",(727) 591-7165
"Erasable Med Spa, 4103 N Armenia Ave Tampa, FL 33607",Erasable Med Spa,"4103 N Armenia Ave Tampa, FL 33607",(727) 339-2328
"Family Medical Group of Tampa INC, 8011 N Himes Ave Ste 4 Tampa, FL 33614",Family Medical Group of Tampa INC,"8011 N Himes Ave Ste 4 Tampa, FL 33614",(656) 240-3462
"GYN Solutions & Aesthetics, 13638 W Hillsborough Ave Tampa, FL 33635",GYN Solutions & Aesthetics,"13638 W Hillsborough Ave Tampa, FL 33635",(727) 591-6442
"Inertia Concierge and Aesthetic Medicine, 202 S Rome Ave Ste 100 Tampa, FL 33606",Inertia Concierge and Aesthetic Medicine,"202 S Rome Ave Ste 100 Tampa, FL 33606",(727) 947-1925
"MediCruz Family Medical Center, 2309 W Dr Martin L King Jr Blvd Suite 2 Tampa, FL 33607",MediCruz Family Medical Center,"2309 W Dr Martin L King Jr Blvd Suite 2 Tampa, FL 33607",(813) 295-6645
"Rancol Wellness Advisors, 6802 West Hillsborough Avenue Suite #4 Tampa, FL 33634",Rancol Wellness Advisors,"6802 West Hillsborough Avenue Suite #4 Tampa, FL 33634",(656) 223-6196
"Spectra Wellness Solutions, 504 N Reo St Tampa, FL 33609",Spectra Wellness Solutions,"504 N Reo St Tampa, FL 33609",(727) 261-2509
"TLC Family Medical & Rehab Center, 10205 W. Hillsborough Ave Suite B Tampa, FL 33615",TLC Family Medical & Rehab Center,"10205 W. Hillsborough Ave Suite B Tampa, FL 33615",(656) 220-5396
"Tampa Aesthetics and Wellness Clinic, 10330 N Dale Mabry Hwy Ste 210 Tampa, FL 33618",Tampa Aesthetics and Wellness Clinic,"10330 N Dale Mabry Hwy Ste 210 Tampa, FL 33618",(813) 856-1159
"The Aesthetics Lab, 4014 W Estrella St Ste A Tampa, FL 33629",The Aesthetics Lab,"4014 W Estrella St Ste A Tampa, FL 33629",(727) 756-8079
"Vein & Cosmetic Center of Tampa, 3001 N Rocky Point Dr E Suite 125 Tampa, FL 33607",Vein & Cosmetic Center of Tampa,"3001 N Rocky Point Dr E Suite 125 Tampa, FL 33607",(813) 282-0223
"iGlow Spa & Aesthetics, 5005 W Laurel St Ste 112 Tampa, FL 33607",iGlow Spa & Aesthetics,"5005 W Laurel St Ste 112 Tampa, FL 33607",(656) 231-6259
"Bayouside Health, 520 E Tarpon Ave Tarpon Springs, FL 34689",Bayouside Health,"520 E Tarpon Ave Tarpon Springs, FL 34689",(656) 248-5752
"The Wellness & Beauty Bar, 91625 Overseas Hwy Tavernier, FL 33070",The Wellness & Beauty Bar,"91625 Overseas Hwy Tavernier, FL 33070",(305) 424-7051
"NitzaMD, 1501 N Us Highway 441 Ste 1100 The Villages, FL 32159",NitzaMD,"1501 N Us Highway 441 Ste 1100 The Villages, FL 32159",(352) 261-8857
"Miracle Wellness, 209 Harrison St Titusville, FL 32780",Miracle Wellness,"209 Harrison St Titusville, FL 32780",(386) 210-0241
"Invigorate Wellness Medical, 3622 Galileo Dr. Ste 102 Trinity, FL 34655",Invigorate Wellness Medical,"3622 Galileo Dr. Ste 102 Trinity, FL 34655",(727) 761-8802
"Sikora Integrative Medicine, 1255 37th St B Vero Beach, FL 32960",Sikora Integrative Medicine,"1255 37th St B Vero Beach, FL 32960",(772) 272-9745
"Omega Integrative Care, 910 Old Camp Rd Bldg 110 Suite 112 Villages, FL 32162",Omega Integrative Care,"910 Old Camp Rd Bldg 110 Suite 112 Villages, FL 32162",(352) 310-8460
"Tribloom Wellness, 117 N 7Th Ave Wauchula, FL 33873",Tribloom Wellness,"117 N 7Th Ave Wauchula, FL 33873",(863) 663-2687
"Aligned Integrative Medicine, 8401 Balm St Weeki Wachee, FL 34607",Aligned Integrative Medicine,"8401 Balm St Weeki Wachee, FL 34607",(352) 766-1806
"Ob/Gyn Specialists - Wellington, 1447 Medical Park Boulevard Suite 300 Wellington, FL 33414",Ob/Gyn Specialists - Wellington,"1447 Medical Park Boulevard Suite 300 Wellington, FL 33414",(561) 838-4243
"ProMD Health Wellington, 12008 South Shore Blvd Ste 101 Wellington, FL 33414",ProMD Health Wellington,"12008 South Shore Blvd Ste 101 Wellington, FL 33414",(561) 956-3839
"Bella Excellence, 1821 Bruce B Downs Blvd Ste 120 Wesley Chapel, FL 33544",Bella Excellence,"1821 Bruce B Downs Blvd Ste 120 Wesley Chapel, FL 33544",(813) 945-7966
"New Tampa Wellness Clinic, 2321 Crestover Lane Wesley Chapel, FL 33544",New Tampa Wellness Clinic,"2321 Crestover Lane Wesley Chapel, FL 33544",(813) 592-6646
"Golden Cosmetic Center, 5975 Sw 8Th St. West Miami, FL 33144",Golden Cosmetic Center,"5975 Sw 8Th St. West Miami, FL 33144",(786) 692-6812
"Daisy Merey MD PHD PA, 1411 N Flagler Dr Ste 6000 West Palm Beach, FL 33401",Daisy Merey MD PHD PA,"1411 N Flagler Dr Ste 6000 West Palm Beach, FL 33401",(772) 222-3968
"Family First Direct Primary Care, 2247 Palm Beach Lakes Blvd Ste 206 West Palm Beach, FL 33409",Family First Direct Primary Care,"2247 Palm Beach Lakes Blvd Ste 206 West Palm Beach, FL 33409",(561) 461-4191
"Gift Me Health International, 2090 Palm Beach Lakes Blvd Suite 300 West Palm Beach, FL 33409",Gift Me Health International,"2090 Palm Beach Lakes Blvd Suite 300 West Palm Beach, FL 33409",(561) 782-1223
"Ob/Gyn Specialists - Northpoint, 770 Northpoint Pkwy Ste 200 West Palm Beach, FL 33407",Ob/Gyn Specialists - Northpoint,"770 Northpoint Pkwy Ste 200 West Palm Beach, FL 33407",(561) 838-4243
"Vital Vita Wellness, 2001 Palm Beach Lakes Blvd Ste 102 West Palm Beach, FL 33409",Vital Vita Wellness,"2001 Palm Beach Lakes Blvd Ste 102 West Palm Beach, FL 33409",(561) 956-2571
"M&V Laser and Wellness Center, 2751 Executive Park Drive Suite 103 Weston, FL 33331",M&V Laser and Wellness Center,"2751 Executive Park Drive Suite 103 Weston, FL 33331",(754) 714-5112
"Medilife New, 2701 Executive Park Dr. STE 3 Weston, FL 33331",Medilife New,"2701 Executive Park Dr. STE 3 Weston, FL 33331",(754) 219-9077
"BEAM Aesthetics and Wellness, 2219 Wilton Dr Wilton Manors, FL 33305",BEAM Aesthetics and Wellness,"2219 Wilton Dr Wilton Manors, FL 33305",(954) 280-6004
"Healthwise Concierge Medical Services, 5825 Oxford Moor Blvd Windermere, FL 34786",Healthwise Concierge Medical Services,"5825 Oxford Moor Blvd Windermere, FL 34786",(863) 344-5976
"Horizons OBGYN, 5802 Citrus Village Blvd Winter Garden, FL 34787",Horizons OBGYN,"5802 Citrus Village Blvd Winter Garden, FL 34787",(386) 564-3617
"Davis Medical Center, 301 3rd St NW Suite #216 Winter Haven, FL 33881",Davis Medical Center,"301 3rd St NW Suite #216 Winter Haven, FL 33881",(863) 356-7042
"Diversity Healthcare FL, 435 2Nd St Ne Winter Haven, FL 33881",Diversity Healthcare FL,"435 2Nd St Ne Winter Haven, FL 33881",(863) 262-7812
"Eternal Youth Aesthetics, 400 Ave K SE Ste 1 Winter Haven, FL 33880",Eternal Youth Aesthetics,"400 Ave K SE Ste 1 Winter Haven, FL 33880",(239) 788-1426
"Haven Health, 6352 Cypress Gardens Blvd Ste B Winter Haven, FL 33884",Haven Health,"6352 Cypress Gardens Blvd Ste B Winter Haven, FL 33884",(863) 251-9813
"NuGenesis Medical, 2275 Aloma Ave Winter Park, FL 32792",NuGenesis Medical,"2275 Aloma Ave Winter Park, FL 32792",(689) 400-7207
"Samano Aesthetics, 2828 Casa Aloma Way STE 500 Winter Park, FL 32792",Samano Aesthetics,"2828 Casa Aloma Way STE 500 Winter Park, FL 32792",(689) 210-4536
"Winter Park Family Physicians, 4355 Bear Gully Rd. Suite 1024 Winter Springs, FL 32792",Winter Park Family Physicians,"4355 Bear Gully Rd. Suite 1024 Winter Springs, FL 32792",(386) 845-3056
"HG Doctors, 4765 W Atlantic Ave delray beach, FL 33445",HG Doctors,"4765 W Atlantic Ave delray beach, FL 33445",(561) 652-5397
"Monarch Healthcare Center, 3157 N University Drive #103 hollywood, FL 33024",Monarch Healthcare Center,"3157 N University Drive #103 hollywood, FL 33024",(954) 231-0741
"Solee Cosmetic Surgery, 110 N Federal Highway Ste 130 Ft lauderdale, FL 33301",Solee Cosmetic Surgery,"110 N Federal Highway Ste 130 Ft lauderdale, FL 33301",(754) 238-5297
"Salus Neuromuscular Institute, 8850 W Oakland Park Blvd  Suite 2002ND sunrise, FL 33351",Salus Neuromuscular Institute,"8850 W Oakland Park Blvd  Suite 2002ND sunrise, FL 33351",(813) 578-4507
"Longevity Wellness and Med Spa, 2230 Towne Lake Pkwy Bldg 800-120 Woodstock, GA 30189",Longevity Wellness and Med Spa,"2230 Towne Lake Pkwy Bldg 800-120 Woodstock, GA 30189",(478) 241-8147
"Med Care of Adairsville, 14 Legacy Way Suite A Adairsville, GA 30103",Med Care of Adairsville,"14 Legacy Way Suite A Adairsville, GA 30103",(762) 758-3217
"Adel Aesthetics, 312 N Hutchinson Ave Adel, GA 31620",Adel Aesthetics,"312 N Hutchinson Ave Adel, GA 31620",(229) 459-5218
"Albany Area Primary Health Care, 2100 Palmyra Rd Albany, GA 31701",Albany Area Primary Health Care,"2100 Palmyra Rd Albany, GA 31701",(229) 306-5545
"Elois Edge Womens Health Center, 1912 Arlington Lane Albany, GA 31701",Elois Edge Womens Health Center,"1912 Arlington Lane Albany, GA 31701",(229) 821-5076
"Onesource Healthcare, 701 N. Slappey Blvd Albany, GA 31701",Onesource Healthcare,"701 N. Slappey Blvd Albany, GA 31701",(229) 800-4131
"South Georgia Physicians Group, 203 S Wayne Street Alma, GA 31510",South Georgia Physicians Group,"203 S Wayne Street Alma, GA 31510",(912) 301-4866
"Alpha Omega OBGYN, 3265 North Point Pkwy Ste 102 Alpharetta, GA 30005",Alpha Omega OBGYN,"3265 North Point Pkwy Ste 102 Alpharetta, GA 30005",(470) 802-2631
"Buket Aesthetics and Wellness, 501 South Main Street Ste 202 Alpharetta, GA 30009",Buket Aesthetics and Wellness,"501 South Main Street Ste 202 Alpharetta, GA 30009",(470) 822-8471
"Danna Lux Medspa, 5755 N Point Pkwy Ste 82 Ofc 3 Alpharetta, GA 30022",Danna Lux Medspa,"5755 N Point Pkwy Ste 82 Ofc 3 Alpharetta, GA 30022",(470) 310-5741
"Windward Healthcare and Aesthetics, 3225 North Point Pkwy Ste 101 Alpharetta, GA 30005",Windward Healthcare and Aesthetics,"3225 North Point Pkwy Ste 101 Alpharetta, GA 30005",(470) 486-7213
"Ageless Aesthetics-UFP Macon, 112 Arkwright Landing Macon, GA 31210",Ageless Aesthetics-UFP Macon,"112 Arkwright Landing Macon, GA 31210",(478) 312-1052
"Asa Medspa, 235 East Washington Avenue Ste B Ashburn, GA 31714",Asa Medspa,"235 East Washington Avenue Ste B Ashburn, GA 31714",(229) 514-0203
"Harmony Health, 2425 W. Broad Street, Suite 2 Athens, GA 30606",Harmony Health,"2425 W. Broad Street, Suite 2 Athens, GA 30606",(706) 600-2890
"Moore Center Med Spa, 525 S Milledge Ave Suite B100 Athens, GA 30605",Moore Center Med Spa,"525 S Milledge Ave Suite B100 Athens, GA 30605",(706) 786-4349
"Paul C. Broun, MD, 260 Towns Walk Dr Athens, GA 30606","Paul C. Broun, MD","260 Towns Walk Dr Athens, GA 30606",(706) 705-7577
"Atlanta Premier Obgyn Associates, 400 Plasters Ave NE Ste 100 Atlanta, GA 30324",Atlanta Premier Obgyn Associates,"400 Plasters Ave NE Ste 100 Atlanta, GA 30324",(678) 941-1641
"Better Health Greater Life, 494 Boulevard Se Atlanta, GA 30312",Better Health Greater Life,"494 Boulevard Se Atlanta, GA 30312",(404) 390-2764
"Buckhead Urogynecology, 2001 Peachtree Road NE Suite 670 Atlanta, GA 30309",Buckhead Urogynecology,"2001 Peachtree Road NE Suite 670 Atlanta, GA 30309",(470) 822-9258
"Elevate Wellness Clinic, 2302 Parklake Dr NE Ste 100 Atlanta, GA 30345",Elevate Wellness Clinic,"2302 Parklake Dr NE Ste 100 Atlanta, GA 30345",(678) 916-9424
"Flawless Imperfections Med Spa, 2250 Marietta  Blvd . Nw #308 Suite 207 Atlanta, GA 30318",Flawless Imperfections Med Spa,"2250 Marietta  Blvd . Nw #308 Suite 207 Atlanta, GA 30318",(470) 944-8737
"Highland Optimization Therapy, 920 Ponce De Leon Ave NE Atlanta, GA 30306",Highland Optimization Therapy,"920 Ponce De Leon Ave NE Atlanta, GA 30306",(404) 549-6360
"Morganstern Urology Clinic, 3193 Howell Mill Rd NW Ste 323 Atlanta, GA 30327",Morganstern Urology Clinic,"3193 Howell Mill Rd NW Ste 323 Atlanta, GA 30327",(386) 854-7275
"Park Central Family Practice-Carmia Dr, 3730 Carmia Drive Southwest Suite #110 Atlanta, GA 30331",Park Central Family Practice-Carmia Dr,"3730 Carmia Drive Southwest Suite #110 Atlanta, GA 30331",(470) 517-8209
"Peoples Wellness and Longevity, 3610 Piedmont Road Northeast Suite 200 Atlanta, GA 30305",Peoples Wellness and Longevity,"3610 Piedmont Road Northeast Suite 200 Atlanta, GA 30305",(510) 319-1007
"Real Weight Loss & Wellness, 755 Mount Vernon Hwy, NE Suite 540 Atlanta, GA 30328",Real Weight Loss & Wellness,"755 Mount Vernon Hwy, NE Suite 540 Atlanta, GA 30328",(386) 388-2349
"Spa Indigo, 2916 Professional Pkwy Augusta, GA 30907",Spa Indigo,"2916 Professional Pkwy Augusta, GA 30907",(706) 899-3381
"Women's HC Center of GA & Med Spa, 1790 Mulkey Rd Ste 9A Austell, GA 30106",Women's HC Center of GA & Med Spa,"1790 Mulkey Rd Ste 9A Austell, GA 30106",(770) 626-5097
"OneSource Healthcare Bainbridge, 406 S West St. Bainbridge, GA 39819",OneSource Healthcare Bainbridge,"406 S West St. Bainbridge, GA 39819",(229) 860-2420
"RMX Blackshear, 3345 US Highway 84 Ste 102 Blackshear, GA 31516",RMX Blackshear,"3345 US Highway 84 Ste 102 Blackshear, GA 31516",(912) 208-3581
"Willow Creek Falls Med Spa, 35 Trackside Ln Blue Ridge, GA 30513",Willow Creek Falls Med Spa,"35 Trackside Ln Blue Ridge, GA 30513",(762) 525-8833
"Alive Health and Wellness - Braselton, 32 Johnson Dr Braselton, GA 30517",Alive Health and Wellness - Braselton,"32 Johnson Dr Braselton, GA 30517",(762) 339-4234
"RebornLyfe, 3740 Village Way Ste 210 Braselton, GA 30517",RebornLyfe,"3740 Village Way Ste 210 Braselton, GA 30517",(386) 614-8750
"3:16 Healthcare (Bremen, Ga), 210 Gordon St Bremen, GA 30110","3:16 Healthcare (Bremen, Ga)","210 Gordon St Bremen, GA 30110",(770) 373-4512
"3:16 Healthcare - Bremen Infusion, 828 Pacific Ave Bremen, GA 30110",3:16 Healthcare - Bremen Infusion,"828 Pacific Ave Bremen, GA 30110",(256) 906-9988
"Activate Health & Wellness, 160 Juniper Ct Ste 100 Brunswick, GA 31520",Activate Health & Wellness,"160 Juniper Ct Ste 100 Brunswick, GA 31520",(912) 978-4515
"At Home Primary Care Of Georgia, 1000 Vintage Brunswick Circle Ste 1 Brunswick, GA 31525",At Home Primary Care Of Georgia,"1000 Vintage Brunswick Circle Ste 1 Brunswick, GA 31525",(912) 766-5639
"Andromeda Medspa, 3425 Buford Dr Ste 100 Buford, GA 30519",Andromeda Medspa,"3425 Buford Dr Ste 100 Buford, GA 30519",(470) 570-9282
"Aria Vitality Med Spa, 2129 Friendship Rd Buford, GA 30519",Aria Vitality Med Spa,"2129 Friendship Rd Buford, GA 30519",(770) 800-0344
"Windermere Medical at Habersham, 386 Highway 441 Byp Baldwin, GA 30511",Windermere Medical at Habersham,"386 Highway 441 Byp Baldwin, GA 30511",(706) 809-5190
"ML Solutions, 100 S Court St Calhoun, GA 30701",ML Solutions,"100 S Court St Calhoun, GA 30701",(762) 204-3973
"Canton Primary Care, 200 Eagles Nest Dr Bldg 300, Ste D Canton, GA 30115",Canton Primary Care,"200 Eagles Nest Dr Bldg 300, Ste D Canton, GA 30115",(762) 722-1318
"Innovations Wellness & MedSpa, 111 Mountain Brook Suite 100 Canton, GA 30115",Innovations Wellness & MedSpa,"111 Mountain Brook Suite 100 Canton, GA 30115",(762) 722-2028
"3:16 Healthcare (Carrollton, Ga), 820 Maple Street Carrollton, GA 30117","3:16 Healthcare (Carrollton, Ga)","820 Maple Street Carrollton, GA 30117",(770) 407-8595
"B&B Complete Wound and Wellness LLC, 911 North Tennessee Street Ste 101 Cartersville, GA 30120",B&B Complete Wound and Wellness LLC,"911 North Tennessee Street Ste 101 Cartersville, GA 30120",(762) 254-5223
"ElixirMD, 1124 N Tennessee St Ste 103 Cartersville, GA 30120",ElixirMD,"1124 N Tennessee St Ste 103 Cartersville, GA 30120",(706) 609-3778
"Prestige Family Medicine, 6200 Bradley Park Drive Columbus, GA 31904",Prestige Family Medicine,"6200 Bradley Park Drive Columbus, GA 31904",(706) 943-0495
"Selah Aesthetics & Wellness, 5636 Whitesville Road Ste C1 Columbus, GA 31904",Selah Aesthetics & Wellness,"5636 Whitesville Road Ste C1 Columbus, GA 31904",(762) 441-7109
"WesterWELL - Dr. Susan Westerlund, 4100 Woodruff Rd Ste H200 Columbus, GA 31904",WesterWELL - Dr. Susan Westerlund,"4100 Woodruff Rd Ste H200 Columbus, GA 31904",(706) 710-6435
"Westerwell - Dr. Richard Stephens, 4100 Woodruff Rd Ste H200 Columbus, GA 31904",Westerwell - Dr. Richard Stephens,"4100 Woodruff Rd Ste H200 Columbus, GA 31904",(706) 916-3728
"Radiant Womens Health, 1403 Manchester Dr. Ne Conyers, GA 30012",Radiant Womens Health,"1403 Manchester Dr. Ne Conyers, GA 30012",(470) 570-2535
"Lanier Family Healthcare, 5830 Bond St Ste 200 Cumming, GA 30040",Lanier Family Healthcare,"5830 Bond St Ste 200 Cumming, GA 30040",(762) 722-2392
"Russell Medical, 4355 Browns Bridge Rd Cumming, GA 30041",Russell Medical,"4355 Browns Bridge Rd Cumming, GA 30041",(470) 823-8349
"Unify Aesthetics and Wellness, 5955 Pkwy N Blvd Suite D Cumming, GA 30040",Unify Aesthetics and Wellness,"5955 Pkwy N Blvd Suite D Cumming, GA 30040",(470) 518-0079
"Windermere Medical, 3850 Windermere Pkwy Ste 105 Cumming, GA 30041",Windermere Medical,"3850 Windermere Pkwy Ste 105 Cumming, GA 30041",(470) 823-8213
"Family Care Dahlonega, 400 Walmart Way Suite F Dahlonega, GA 30533",Family Care Dahlonega,"400 Walmart Way Suite F Dahlonega, GA 30533",(478) 795-7394
"Gameday Men’s Health Dawsonville, 6002 Hwy 53E Ste 100 Dawsonville, GA 30534",Gameday Men’s Health Dawsonville,"6002 Hwy 53E Ste 100 Dawsonville, GA 30534",(706) 710-4648
"Keating Family Medicine, 1080 Lumpkin Campground Rd Ste 300 Dawsonville, GA 30534",Keating Family Medicine,"1080 Lumpkin Campground Rd Ste 300 Dawsonville, GA 30534",(706) 229-6571
"Park Central Family Practice, Inc., 4367 New Snapfinger Woods Dr. Decatur, GA 30035","Park Central Family Practice, Inc.","4367 New Snapfinger Woods Dr. Decatur, GA 30035",(470) 407-6471
"Best Life Vitality, 2108 Fairburn Rd Suite G Douglasville, GA 30135",Best Life Vitality,"2108 Fairburn Rd Suite G Douglasville, GA 30135",(386) 223-6693
"The SknBar Aesthetics and Wellness, 110 Corporate Square Dublin, GA 31021",The SknBar Aesthetics and Wellness,"110 Corporate Square Dublin, GA 31021",(478) 800-4573
"Lifeline Primary Care, 4855 River Green Pkwy Ste 700 Duluth, GA 30096",Lifeline Primary Care,"4855 River Green Pkwy Ste 700 Duluth, GA 30096",(706) 471-3107
"Atlanta Mobile Aesthetics & IV Hydration, 1370 Center Dr Ste 104 Dunwoody, GA 30338",Atlanta Mobile Aesthetics & IV Hydration,"1370 Center Dr Ste 104 Dunwoody, GA 30338",(470) 589-5842
"Holding Up Well, 1705 Mount Vernon Rd Ste B Dunwoody, GA 30338",Holding Up Well,"1705 Mount Vernon Rd Ste B Dunwoody, GA 30338",(470) 297-6165
"R & R Aesthetics, 425 E Crossville Rd Ste E-111 Roswell,, GA 30075",R & R Aesthetics,"425 E Crossville Rd Ste E-111 Roswell,, GA 30075",(386) 693-1528
"Sumner Aesthetics, 616 Ponder Place Drive Evans, GA 30809",Sumner Aesthetics,"616 Ponder Place Drive Evans, GA 30809",(706) 918-9827
"Vitality Health and Wellness, 604 Goverment Center Way Suite 4 Evans, GA 30909",Vitality Health and Wellness,"604 Goverment Center Way Suite 4 Evans, GA 30909",(762) 320-4654
"Welcome Health, 5100 Pierce Court Ste B Evans, GA 30809",Welcome Health,"5100 Pierce Court Ste B Evans, GA 30809",(706) 702-2314
"Illuminate Mee Aesthetics & Wellness, 380 Stonewall Ave W Fayetteville, GA 30214",Illuminate Mee Aesthetics & Wellness,"380 Stonewall Ave W Fayetteville, GA 30214",(706) 740-7834
"Regen-U-Sphere, 7367 Spout Springs Rd Flowery Branch, GA 30542",Regen-U-Sphere,"7367 Spout Springs Rd Flowery Branch, GA 30542",(770) 766-4635
"Wellness Worx, 7316 Spout Springs Rd Ste 202 Flowery Branch, GA 30542",Wellness Worx,"7316 Spout Springs Rd Ste 202 Flowery Branch, GA 30542",(386) 703-9086
"Ageless Physique & Wellness, 3511 Braselton Hwy Ste G-100 Dacula, GA 30019",Ageless Physique & Wellness,"3511 Braselton Hwy Ste G-100 Dacula, GA 30019",(470) 735-8652
"Anew You Refreshing Aesthetics, 929 Washington Street Sw Gainesville, GA 30501",Anew You Refreshing Aesthetics,"929 Washington Street Sw Gainesville, GA 30501",(470) 661-0746
"Gainesville Primary Care, 1564 Park Hill Drive Gainesville, GA 30501",Gainesville Primary Care,"1564 Park Hill Drive Gainesville, GA 30501",(762) 239-4449
"Gameday Men’s Health, 660 Lanier Park Dr Ste G Gainesville, GA 30501",Gameday Men’s Health,"660 Lanier Park Dr Ste G Gainesville, GA 30501",(762) 228-2680
"Allure Aesthetics, 126 W Clinton St Gray, GA 31032",Allure Aesthetics,"126 W Clinton St Gray, GA 31032",(478) 242-2326
"Regenerative Orthopedics - Greensboro, 1010 Park Place Blvd Greensboro, GA 30642",Regenerative Orthopedics - Greensboro,"1010 Park Place Blvd Greensboro, GA 30642",(706) 707-2176
"Vitality Health and Glow Clinic, 44 Darbys Crossing Dr Ste 110A Hiram, GA 30141",Vitality Health and Glow Clinic,"44 Darbys Crossing Dr Ste 110A Hiram, GA 30141",(470) 600-8047
"Rejoyce Aesthetics and Wellness, 144 W Cherry St Jesup, GA 31545",Rejoyce Aesthetics and Wellness,"144 W Cherry St Jesup, GA 31545",(912) 301-3706
"Sea Aesthetics - Jesup, 106 East Cherry Street Ste 207 Jesup, GA 31546",Sea Aesthetics - Jesup,"106 East Cherry Street Ste 207 Jesup, GA 31546",(762) 238-6854
"All About Health - Johns Creek, 5805 State Bridge Rd Johns Creek, GA 30097",All About Health - Johns Creek,"5805 State Bridge Rd Johns Creek, GA 30097",(770) 609-2985
"Metro Atlanta Urology, 1301 Shiloh Rd NW Ste 660 Kennesaw, GA 30144",Metro Atlanta Urology,"1301 Shiloh Rd NW Ste 660 Kennesaw, GA 30144",(404) 341-7197
"Center for Wellness & Paincare Riverside, 1960 Riverside Pkwy Ste 107 Lawrenceville, GA 30043",Center for Wellness & Paincare Riverside,"1960 Riverside Pkwy Ste 107 Lawrenceville, GA 30043",(706) 471-2462
"Deep Rooted Health & Wellness Med Spa, 1130 Hurricane Shoals Rd Ne Ste 700 Lawrenceville, GA 30043",Deep Rooted Health & Wellness Med Spa,"1130 Hurricane Shoals Rd Ne Ste 700 Lawrenceville, GA 30043",(470) 458-9542
"Sugarloaf Wellness Center, 1655 Lebanon Rd Ste A Lawrenceville, GA 30043",Sugarloaf Wellness Center,"1655 Lebanon Rd Ste A Lawrenceville, GA 30043",(470) 570-6835
"Creating Health and Wellness, 1501 Us Hwy 19 S Leesburg, GA 31763",Creating Health and Wellness,"1501 Us Hwy 19 S Leesburg, GA 31763",(229) 394-7208
"Lifeline Primary Care - Lilburn, 4025 Lawrenceville Highway Suite A Lilburn, GA 30047",Lifeline Primary Care - Lilburn,"4025 Lawrenceville Highway Suite A Lilburn, GA 30047",(470) 778-3995
"Ageless Atlanta, 939 Thornton Rd Lithia Springs, GA 30122",Ageless Atlanta,"939 Thornton Rd Lithia Springs, GA 30122",(770) 874-0433
"Premier Health & Wellness, 5900 Hillandale Drive Ste #325 Lithonia, GA 30058",Premier Health & Wellness,"5900 Hillandale Drive Ste #325 Lithonia, GA 30058",(470) 441-4439
"Total Womens Health & Wellness Center, 2745 Dekalb Medical Parkway Ste 210 Lithonia, GA 30058",Total Womens Health & Wellness Center,"2745 Dekalb Medical Parkway Ste 210 Lithonia, GA 30058",(470) 823-7396
"AdvancedMD Aesthetics of Atlanta, 1640 Powers Ferry Rd Se Bldg 30 Marietta, GA 30067",AdvancedMD Aesthetics of Atlanta,"1640 Powers Ferry Rd Se Bldg 30 Marietta, GA 30067",(470) 486-6181
"American Family Care East Cobb, 1401 Johnson Ferry Rd Ste 390 Marietta, GA 30062",American Family Care East Cobb,"1401 Johnson Ferry Rd Ste 390 Marietta, GA 30062",(470) 839-4867
"Debora K Brazilian Aesthetic Center, 2211 Roswell Rd Ste 158 Marietta, GA 30062",Debora K Brazilian Aesthetic Center,"2211 Roswell Rd Ste 158 Marietta, GA 30062",(470) 274-3310
"FWC Unified Premier Women's Care Robbins, 574 Church St NE Marietta, GA 30060",FWC Unified Premier Women's Care Robbins,"574 Church St NE Marietta, GA 30060",(470) 274-7533
"LiveWell Wellness, 2145 Roswell Rd Ste 100 Marietta, GA 30062",LiveWell Wellness,"2145 Roswell Rd Ste 100 Marietta, GA 30062",(706) 707-5891
"Metro Health And Wellness, 2550 Windy Hill Rd Se Ste 321 Marietta, GA 30067",Metro Health And Wellness,"2550 Windy Hill Rd Se Ste 321 Marietta, GA 30067",(470) 517-6268
"Morgan Medical Associates, 2453 Powder Springs Road Sw Ste 215 Marietta, GA 30064",Morgan Medical Associates,"2453 Powder Springs Road Sw Ste 215 Marietta, GA 30064",(478) 654-8598
"Natural Glow Aesthetics and Wellness, 36 Trammell St. SW Ste 101 Marietta, GA 30064",Natural Glow Aesthetics and Wellness,"36 Trammell St. SW Ste 101 Marietta, GA 30064",(478) 395-9375
"Omni Medspa, 4880 Lower Roswell Rd Suite 635 Marietta, GA 30068",Omni Medspa,"4880 Lower Roswell Rd Suite 635 Marietta, GA 30068",(470) 281-2838
"PointMed Primary Care, 1634 White Circle Ste 101 Marietta, GA 30066",PointMed Primary Care,"1634 White Circle Ste 101 Marietta, GA 30066",(470) 870-7970
"Refined Women’s Wellness, 699 Church Street NE Suite 300 Marietta, GA 30060",Refined Women’s Wellness,"699 Church Street NE Suite 300 Marietta, GA 30060",(386) 465-4408
"Luceat Vita, 3578 Riverwatch Parkway Martinez, GA 30907",Luceat Vita,"3578 Riverwatch Parkway Martinez, GA 30907",(762) 242-4933
"Elite IV Hydration and Wellness, 823 Pavilion Ct McDonough, GA 30253",Elite IV Hydration and Wellness,"823 Pavilion Ct McDonough, GA 30253",(678) 750-1688
"Burton Medical Group, 210 Mercer Junction Macon, GA 31210",Burton Medical Group,"210 Mercer Junction Macon, GA 31210",(478) 339-4149
"CJ Bennett Medical, 143 US Highway 319 South Unit 12 Moultrie, GA 31788",CJ Bennett Medical,"143 US Highway 319 South Unit 12 Moultrie, GA 31788",(229) 233-7708
"Recharge Wellness Medical Clinic LLC, 3295 River Exchange Dr Ste 545 Norcross, GA 30092",Recharge Wellness Medical Clinic LLC,"3295 River Exchange Dr Ste 545 Norcross, GA 30092",(678) 974-1356
"ASTRE Wellness, 300 Northside Crossing Macon, GA 31210",ASTRE Wellness,"300 Northside Crossing Macon, GA 31210",(478) 339-4325
"Blue Spiral Med Spa, 355 Oneta Street, 600D Athens, GA 30601",Blue Spiral Med Spa,"355 Oneta Street, 600D Athens, GA 30601",(706) 770-4329
"Family Medicine Specialists, 100 Genevieve Court Suite A Peachtree City, GA 30269",Family Medicine Specialists,"100 Genevieve Court Suite A Peachtree City, GA 30269",(470) 771-6985
"ReNEW You, 277 Highway 74 N Ste 210 Peachtree City, GA 30269",ReNEW You,"277 Highway 74 N Ste 210 Peachtree City, GA 30269",(706) 813-6339
"Fibroid and Pelvic Wellness of Georgia, 4028 Holcomb Bridge Rd STE 200 Peachtree Corners, GA 30092",Fibroid and Pelvic Wellness of Georgia,"4028 Holcomb Bridge Rd STE 200 Peachtree Corners, GA 30092",(470) 237-8193
"Angela K. Aesthetics, 215 Wes Park Drive Perry, GA 31069",Angela K. Aesthetics,"215 Wes Park Drive Perry, GA 31069",(478) 280-3173
"Family Integrative Medicine, 107 Woodlawn Dr Ste B Perry, GA 31069",Family Integrative Medicine,"107 Woodlawn Dr Ste B Perry, GA 31069",(478) 827-8771
"Serenity Med Spa of Georgia, 1000 Towne Center Blvd Ste 604 Pooler, GA 31322",Serenity Med Spa of Georgia,"1000 Towne Center Blvd Ste 604 Pooler, GA 31322",(912) 491-3337
"Vitali Med Spa, 130 Canal St Ste 403 Pooler, GA 31322",Vitali Med Spa,"130 Canal St Ste 403 Pooler, GA 31322",(912) 913-7288
"Biomed HRT, 106 Retreat Vlg Saint Simons Island, GA 31522",Biomed HRT,"106 Retreat Vlg Saint Simons Island, GA 31522",(912) 875-2031
"Altera Aesthetixs - Richmond Hill - Richmond Hill, GA - Richmond Hill, GA, 11258 Ford Avenue Suite 9 Richmond Hill, GA 31324","Altera Aesthetixs - Richmond Hill - Richmond Hill, GA - Richmond Hill, GA","11258 Ford Avenue Suite 9 Richmond Hill, GA 31324",(912) 666-6189
"Associates in Women's Health - Ringgold, 93 Robin Rd Ringgold, GA 30736",Associates in Women's Health - Ringgold,"93 Robin Rd Ringgold, GA 30736",(762) 226-8695
"Wecare Health And Wellness, 701 Hogue Ave Ste C Rockmart, GA 30153",Wecare Health And Wellness,"701 Hogue Ave Ste C Rockmart, GA 30153",(706) 230-6815
"Best Healthcare and Wellness, 712 Broad Street Ste B Rome, GA 30161",Best Healthcare and Wellness,"712 Broad Street Ste B Rome, GA 30161",(706) 719-5362
"Wecare Health And Wellness - Rome, 531 Broad St Rome, GA 30161",Wecare Health And Wellness - Rome,"531 Broad St Rome, GA 30161",(706) 944-8196
"Peonies Aesthetics & Wellness Solutions, 500 Sun Valley Drive Suite H1 Roswell, GA 30076",Peonies Aesthetics & Wellness Solutions,"500 Sun Valley Drive Suite H1 Roswell, GA 30076",(470) 589-5872
"Providence Wellness Center, 1300 Upper Hembree Road  Ste D Roswell, GA 30076",Providence Wellness Center,"1300 Upper Hembree Road  Ste D Roswell, GA 30076",(470) 518-5721
"Roswell Pain Specialists, 1300 Upper Hembree Rd Suite B Roswell, GA 30076",Roswell Pain Specialists,"1300 Upper Hembree Rd Suite B Roswell, GA 30076",(678) 679-2322
"Sea Aesthetics + Wellness LLC, 64 Andrews Way Saint Marys, GA 31558",Sea Aesthetics + Wellness LLC,"64 Andrews Way Saint Marys, GA 31558",(912) 766-5205
"Sandersville Urgent Care & Wellness, 510 Sparta Rd Sandersville, GA 31082",Sandersville Urgent Care & Wellness,"510 Sparta Rd Sandersville, GA 31082",(478) 209-3704
"Altera Aesthetixs, 11550 Abercorn St Savannah, GA 31419",Altera Aesthetixs,"11550 Abercorn St Savannah, GA 31419",(912) 913-7294
"Institute For Personalized Medicine, 1 Oglethorpe Professional Blvd Suite 201 Savannah, GA 31406",Institute For Personalized Medicine,"1 Oglethorpe Professional Blvd Suite 201 Savannah, GA 31406",(912) 396-5991
"Kessinger Aesthetic Dermatology, 13 E York St Savannah, GA 31401",Kessinger Aesthetic Dermatology,"13 E York St Savannah, GA 31401",(912) 455-2685
"Resilience Functional Medicine LLC, 716 E 71st St Savannah, GA 31405",Resilience Functional Medicine LLC,"716 E 71st St Savannah, GA 31405",(912) 244-7373
"Upstream Medical Care and Aesthetics, 212 Johnny Mercer Blvd Suite B Savannah, GA 31410",Upstream Medical Care and Aesthetics,"212 Johnny Mercer Blvd Suite B Savannah, GA 31410",(912) 446-6342
"Coastal Care Partners, 4 Skidaway Village Walk Savannah, GA 31411",Coastal Care Partners,"4 Skidaway Village Walk Savannah, GA 31411",(912) 348-8753
"Wellness MD, 3822 Highlands Parkway Se Bldg 9 Smyrna, GA 30082",Wellness MD,"3822 Highlands Parkway Se Bldg 9 Smyrna, GA 30082",(770) 670-4429
"Renew Health, 1550 Janmar Rd Ste B Snellville, GA 30078",Renew Health,"1550 Janmar Rd Ste B Snellville, GA 30078",(678) 400-2540
"Altera Aesthetixs - Statesboro, 1088 Bermuda Run Rd Unit A Statesboro, GA 30458",Altera Aesthetixs - Statesboro,"1088 Bermuda Run Rd Unit A Statesboro, GA 30458",(912) 329-3743
"Elevate with Ogeechee Health, 1310 Brampton Ave Statesboro, GA 30458",Elevate with Ogeechee Health,"1310 Brampton Ave Statesboro, GA 30458",(912) 732-8659
"Thrive Health and Wellness, 421 Page Place Rd Statesboro, GA 30458",Thrive Health and Wellness,"421 Page Place Rd Statesboro, GA 30458",(912) 741-3727
"Regenerative Orthopedics & Spine Insitute, 135 N. Park Place Suite 101 Stockbridge, GA 30281",Regenerative Orthopedics & Spine Insitute,"135 N. Park Place Suite 101 Stockbridge, GA 30281",(478) 778-8887
"Lifeline Medical Center, 4910 Memorial Drive Ste A Stone Mountain, GA 30087",Lifeline Medical Center,"4910 Memorial Drive Ste A Stone Mountain, GA 30087",(470) 401-0095
"Premier Weight Loss & Medispa, 12422 Highway 27 Summerville, GA 30747",Premier Weight Loss & Medispa,"12422 Highway 27 Summerville, GA 30747",(762) 254-4629
"Lifeline Primary Care - Suwanee, 4355 Johns Creek Parkway Suwanee, GA 30024",Lifeline Primary Care - Suwanee,"4355 Johns Creek Parkway Suwanee, GA 30024",(762) 232-2387
"NuVitalelife, 4245 Johns Creek Pkwy Ste B Suwanee, GA 30024",NuVitalelife,"4245 Johns Creek Pkwy Ste B Suwanee, GA 30024",(678) 679-5319
"Savage Wellness and Spa, 112 N Isabella St Sylvester, GA 31791",Savage Wellness and Spa,"112 N Isabella St Sylvester, GA 31791",(229) 471-8478
"Renew Medispa, 1300 E Jackson St Thomasville, GA 31792",Renew Medispa,"1300 E Jackson St Thomasville, GA 31792",(912) 502-0331
"Wellspring Medical Spa & Aesthetics, 115 Seward St Thomasville, GA 31792",Wellspring Medical Spa & Aesthetics,"115 Seward St Thomasville, GA 31792",(229) 348-0338
"Wingfield Aesthetics, 316 Ware St Thomson, GA 30824",Wingfield Aesthetics,"316 Ware St Thomson, GA 30824",(762) 309-5264
"Belovese Medspa LLC, 209 12th St W Tifton, GA 31794",Belovese Medspa LLC,"209 12th St W Tifton, GA 31794",(229) 367-5227
"Ashcare Functional Medicine, LLC, 3469 Lawrenceville Highway Ste.# 303 Tucker, GA 30084","Ashcare Functional Medicine, LLC","3469 Lawrenceville Highway Ste.# 303 Tucker, GA 30084",(470) 823-8091
"Decatur Health and Wellness, 1370 Montreal Rd. E Suite 112 Tucker, GA 30084",Decatur Health and Wellness,"1370 Montreal Rd. E Suite 112 Tucker, GA 30084",(386) 465-3833
"Trilogy Health and Wellness, 510 Swanson Rd Tyrone, GA 30290",Trilogy Health and Wellness,"510 Swanson Rd Tyrone, GA 30290",(770) 525-9663
"Plastic Surgery Associates Of Valdosta, 230 Northside Dr Valdosta, GA 31602",Plastic Surgery Associates Of Valdosta,"230 Northside Dr Valdosta, GA 31602",(229) 210-0514
"Restore Wellness and Aesthetics, 1811 Manning Drive Vidalia, GA 30474",Restore Wellness and Aesthetics,"1811 Manning Drive Vidalia, GA 30474",(912) 616-8388
"3:16 Healthcare - Villa Rica, 1 Community Square Blvd Ste 103 Villa Rica, GA 30180",3:16 Healthcare - Villa Rica,"1 Community Square Blvd Ste 103 Villa Rica, GA 30180",(470) 206-2135
"Ageless Aesthetics-Umerah Family Practice, 320 Margie Dr Ste 100 Warner Robins, GA 31088",Ageless Aesthetics-Umerah Family Practice,"320 Margie Dr Ste 100 Warner Robins, GA 31088",(478) 280-4888
"Lugo Plastic Surgery, 2053 Experiment Station Rd Building 300 Watkinsville, GA 30677",Lugo Plastic Surgery,"2053 Experiment Station Rd Building 300 Watkinsville, GA 30677",(762) 400-0455
"Advanced Health Solutions - GA, 13190 Highway 92 Suite 70 Woodstock, GA 30188",Advanced Health Solutions - GA,"13190 Highway 92 Suite 70 Woodstock, GA 30188",(478) 739-4278
"All About Health Woodstock, 12195 Hwy 92 Ste 112 Woodstock, GA 30188",All About Health Woodstock,"12195 Hwy 92 Ste 112 Woodstock, GA 30188",(678) 710-3449
"Meridian Health and Wellness, 104 Mirramont Lake Dr Woodstock, GA 30189",Meridian Health and Wellness,"104 Mirramont Lake Dr Woodstock, GA 30189",(470) 740-6784
"ReNEW You - Woodstock, 13190 Highway 92 Ste 110 Woodstock, GA 30188",ReNEW You - Woodstock,"13190 Highway 92 Ste 110 Woodstock, GA 30188",(678) 679-6333
"Aloha Aesthetics MD, 3221 Waialae Ave Ste 386 Honolulu, HI 96816",Aloha Aesthetics MD,"3221 Waialae Ave Ste 386 Honolulu, HI 96816",(808) 824-4282
"Excel Dermatology of Hawaii, 500 Ala Moana Blvd Building 4, Suite 470 Honolulu, HI 96813",Excel Dermatology of Hawaii,"500 Ala Moana Blvd Building 4, Suite 470 Honolulu, HI 96813",(808) 207-9979
"Honolulu Med Spa, 1650 Liliha St Ste 101 Honolulu, HI 96817",Honolulu Med Spa,"1650 Liliha St Ste 101 Honolulu, HI 96817",(808) 736-6223
"Hawaii Wellness Clinic, 75-5591 PALANI RD STE 2002 Kailua Kona, HI 96740",Hawaii Wellness Clinic,"75-5591 PALANI RD STE 2002 Kailua Kona, HI 96740",(808) 745-1486
"Maui Longevity Rx, 105 Baldwin Ave Paia, HI 96779",Maui Longevity Rx,"105 Baldwin Ave Paia, HI 96779",(808) 666-9497
"Coachlight Clinic & Spa - Ankeny, 225 Nw 18Th St Ste 109 Ankeny, IA 50023",Coachlight Clinic & Spa - Ankeny,"225 Nw 18Th St Ste 109 Ankeny, IA 50023",(515) 495-5793
"Moxi Medical Associates, 1217 Broadway Denison, IA 51442",Moxi Medical Associates,"1217 Broadway Denison, IA 51442",(903) 462-6170
"Flo Aesthetics, PLC, 604 Buddy Holly Place Ste 110 Clear Lake, IA 50428","Flo Aesthetics, PLC","604 Buddy Holly Place Ste 110 Clear Lake, IA 50428",(641) 609-8353
"Radiance Medical Spa LLC, 3220 Redhawk St Ste 100 Coralville, IA 52241",Radiance Medical Spa LLC,"3220 Redhawk St Ste 100 Coralville, IA 52241",(319) 205-3664
"Priority Health and Wellness Center, 210 S 7th street Denison, IA 51442",Priority Health and Wellness Center,"210 S 7th street Denison, IA 51442",(712) 412-4559
"515 Wellness and Aesthetics, PLLC, 1830 SE Princeton Dr Suite E Grimes, IA 50111","515 Wellness and Aesthetics, PLLC","1830 SE Princeton Dr Suite E Grimes, IA 50111",(515) 517-8065
"Ageless Med Spa, 1195 E post Road Unit 4 Marion, IA 52302",Ageless Med Spa,"1195 E post Road Unit 4 Marion, IA 52302",(319) 205-3513
"Bare Sugar Spa & Med Spa, 124 N Delaware Ave Mason City, IA 50401",Bare Sugar Spa & Med Spa,"124 N Delaware Ave Mason City, IA 50401",(641) 381-5630
"Nourish Clinic, 207 2nd Avenue Northeast Apt. A Independence, IA 50644",Nourish Clinic,"207 2nd Avenue Northeast Apt. A Independence, IA 50644",(319) 456-4641
"Essence Aesthetics & Health, 99 E Bremer Ave STE 100 Waverly, IA 50677",Essence Aesthetics & Health,"99 E Bremer Ave STE 100 Waverly, IA 50677",(319) 456-4469
"Aesthetic Collective, LLC, 6750 Westown Parkway Suite 110 West Des Moines, IA 50266","Aesthetic Collective, LLC","6750 Westown Parkway Suite 110 West Des Moines, IA 50266",(515) 303-2881
"Coachlight Clinic & Spa, 6420 Coachlight Drive Ste 100 West Des Moines, IA 50266",Coachlight Clinic & Spa,"6420 Coachlight Drive Ste 100 West Des Moines, IA 50266",(515) 654-5547
"Evolution Wellness and Aesthetics, LLC, 2700 University Ave Ste 320 West Des Moines, IA 50266","Evolution Wellness and Aesthetics, LLC","2700 University Ave Ste 320 West Des Moines, IA 50266",(515) 373-5771
"The Spa at West Glen, 5465 Mills Civic Pkwy Ste 250 West Des Moines, IA 50266",The Spa at West Glen,"5465 Mills Civic Pkwy Ste 250 West Des Moines, IA 50266",(515) 517-6210
"Venice Beach HRT, 5465 Mills Civic Pkwy Ste 243 West Des Moines, IA 50266",Venice Beach HRT,"5465 Mills Civic Pkwy Ste 243 West Des Moines, IA 50266",(515) 373-5129
"Vero Health Center, 630 South 50th Street West Des Moines, IA 50265",Vero Health Center,"630 South 50th Street West Des Moines, IA 50265",(515) 690-7141
"Top Rated Medical - Ammon, 1730 Sabin Dr Ammon, ID 83406",Top Rated Medical - Ammon,"1730 Sabin Dr Ammon, ID 83406",(208) 607-3978
"Aspire Wellness, 13909 W Wainwright Dr Boise, ID 83713",Aspire Wellness,"13909 W Wainwright Dr Boise, ID 83713",(208) 279-5123
"Foundation PLLC, 3003 W Main Suite 110 Boise, ID 83702",Foundation PLLC,"3003 W Main Suite 110 Boise, ID 83702",(208) 826-1233
"Om Med Spa, 1617 W Jefferson St Boise, ID 83702",Om Med Spa,"1617 W Jefferson St Boise, ID 83702",(208) 865-7438
"Treasure Valley Aesthetics & Wellness, 5418 N Eagle Rd #120 Boise, ID 83713",Treasure Valley Aesthetics & Wellness,"5418 N Eagle Rd #120 Boise, ID 83713",(623) 244-7595
"VitalEdge Medicine & Aesthetics, 4611 Enterprise Way Caldwell, ID 83605",VitalEdge Medicine & Aesthetics,"4611 Enterprise Way Caldwell, ID 83605",(208) 231-3339
"Revitalize Health, 250 Northwest Blvd, Ste 200 Coeur D Alene, ID 83814",Revitalize Health,"250 Northwest Blvd, Ste 200 Coeur D Alene, ID 83814",(208) 943-7208
"Lakeside Holistic Health, 518 N. 4Th St. Coeur D'Alene, ID 83814",Lakeside Holistic Health,"518 N. 4Th St. Coeur D'Alene, ID 83814",(208) 974-9165
"FMI Center for Optimal Health, 435 S Eagle Rd Ste 100 Eagle, ID 83616",FMI Center for Optimal Health,"435 S Eagle Rd Ste 100 Eagle, ID 83616",(208) 556-3689
"Womens Wellness Clinic, 7761 W. Riverside Dr. Suite 120 Garden City, ID 83714",Womens Wellness Clinic,"7761 W. Riverside Dr. Suite 120 Garden City, ID 83714",(986) 444-3195
"PURE Medical Spa - Hailey, 400 S Main St, STE 103 Hailey, ID 83333",PURE Medical Spa - Hailey,"400 S Main St, STE 103 Hailey, ID 83333",(208) 764-4751
"PURE Medical Spa - Hayden, 8191 N Loch Haven Dr Bldg 1 Hayden, ID 83835",PURE Medical Spa - Hayden,"8191 N Loch Haven Dr Bldg 1 Hayden, ID 83835",(986) 345-3784
"Out West Family Medicine, 7 W Colorado Ave Homedale, ID 83628",Out West Family Medicine,"7 W Colorado Ave Homedale, ID 83628",(208) 565-2695
"Kuna Healthcare Clinic, PLLC, 943 N Linder Rd Ste 103 Kuna, ID 83634","Kuna Healthcare Clinic, PLLC","943 N Linder Rd Ste 103 Kuna, ID 83634",(208) 296-7631
"Ohana Medical Care PLLC, 675 W 4th St Kuna, ID 83634",Ohana Medical Care PLLC,"675 W 4th St Kuna, ID 83634",(208) 609-9503
"Alturas Medical Weight Loss, 1532 W Cayuse Creek Dr Meridian, ID 83646",Alturas Medical Weight Loss,"1532 W Cayuse Creek Dr Meridian, ID 83646",(208) 951-0340
"Cherry Heights Clinic, 1560 N Crestmont Dr Ste A Meridian, ID 83642",Cherry Heights Clinic,"1560 N Crestmont Dr Ste A Meridian, ID 83642",(208) 567-0920
"FMI Center for Optimal Health - Meridian, 2939 W Excursion Ln. Meridian, ID 83642",FMI Center for Optimal Health - Meridian,"2939 W Excursion Ln. Meridian, ID 83642",(208) 248-5958
"Heart 2 Heal Clinic, 2950 E Magic View Dr Ste 184 Meridian, ID 83642",Heart 2 Heal Clinic,"2950 E Magic View Dr Ste 184 Meridian, ID 83642",(208) 296-7929
"Idaho Health and Hormones, 2667 E Gala Ct Ste 110 Meridian, ID 83642",Idaho Health and Hormones,"2667 E Gala Ct Ste 110 Meridian, ID 83642",(208) 779-8311
"PURE Medical Spa, 3969 E Overland Rd Meridian, ID 83642",PURE Medical Spa,"3969 E Overland Rd Meridian, ID 83642",(208) 606-3273
"The Karlfeldt Center, 3451 E Copper Point Dr Meridian, ID 83642",The Karlfeldt Center,"3451 E Copper Point Dr Meridian, ID 83642",(208) 248-3874
"Top Rated Medical - Meridian, 4604 N Penngrove Way # 100 Meridian, ID 83646",Top Rated Medical - Meridian,"4604 N Penngrove Way # 100 Meridian, ID 83646",(208) 279-4394
"Unity Health Center PLLC, 1130 E Fairview Ave Meridian, ID 83642",Unity Health Center PLLC,"1130 E Fairview Ave Meridian, ID 83642",(208) 996-8974
"Vance Medical, 1001 N Meridian Rd Meridian, ID 83642",Vance Medical,"1001 N Meridian Rd Meridian, ID 83642",(208) 793-5599
"Direct Doctor Care, 509 S Middleton Rd Ste 105 Middleton, ID 83644",Direct Doctor Care,"509 S Middleton Rd Ste 105 Middleton, ID 83644",(208) 361-6043
"Sara Wilson Aesthetics, 1074 W. Main St Middleton, ID 83644",Sara Wilson Aesthetics,"1074 W. Main St Middleton, ID 83644",(208) 823-3433
"Pocatello Wellness Clinic, 1155 Yellowstone Ave Ste D Pocatello, ID 83201",Pocatello Wellness Clinic,"1155 Yellowstone Ave Ste D Pocatello, ID 83201",(208) 844-4426
"Meadowsweet Medical, 107B N 1st Ave Sandpoint, ID 83864",Meadowsweet Medical,"107B N 1st Ave Sandpoint, ID 83864",(986) 300-5316
"Keenly Crafted Aesthetics, 5995 W State St Sutie C Boise, ID 83703",Keenly Crafted Aesthetics,"5995 W State St Sutie C Boise, ID 83703",(208) 247-2803
"Majestic  Aesthetics and Wellness, 1505 Madrona St N Ste 1200 Twin Falls, ID 83301",Majestic  Aesthetics and Wellness,"1505 Madrona St N Ste 1200 Twin Falls, ID 83301",(208) 487-6631
"Simply You Health and Medspa, 219 S. Wooddale Eagle, ID 83616",Simply You Health and Medspa,"219 S. Wooddale Eagle, ID 83616",(208) 225-6676
"Liposuction & Cosmetic Surg Institute Oak, 1S365 Summit Avenue Oakbrook Terrace, IL 60181",Liposuction & Cosmetic Surg Institute Oak,"1S365 Summit Avenue Oakbrook Terrace, IL 60181",(630) 948-0495
"Fox River MedSpa, 1543 S. Randall Road Algonquin, IL 60102",Fox River MedSpa,"1543 S. Randall Road Algonquin, IL 60102",(224) 344-2615
"Liposuction & Cosmetic Surgery Institute, 1700 W. Central Road #100 Arlington Heights, IL 60005",Liposuction & Cosmetic Surgery Institute,"1700 W. Central Road #100 Arlington Heights, IL 60005",(847) 499-1573
"Regency Medical Spa, 300 Fox Glen Ct Barrington, IL 60010",Regency Medical Spa,"300 Fox Glen Ct Barrington, IL 60010",(815) 974-5920
"Center for Integrative & Functional Hlth, 1 Tiffany Pt Ste 105 Bloomingdale, IL 60108",Center for Integrative & Functional Hlth,"1 Tiffany Pt Ste 105 Bloomingdale, IL 60108",(815) 552-1362
"EmArya Aesthetics, 201 East Army Trail Road  Suite 310 Bloomingdale, IL 60108",EmArya Aesthetics,"201 East Army Trail Road  Suite 310 Bloomingdale, IL 60108",(708) 741-2478
"SF Aesthetics & Wellness, 662 N Convent St Bourbonnais, IL 60914",SF Aesthetics & Wellness,"662 N Convent St Bourbonnais, IL 60914",(815) 859-8607
"Arawan MedSpa, 1431 McHenry Rd Ste 106 Buffalo Grove, IL 60089",Arawan MedSpa,"1431 McHenry Rd Ste 106 Buffalo Grove, IL 60089",(224) 970-2191
"LuxeMed Wellness & Aesthetics, 24735 W Eames ST Unit 10 Channahon, IL 60410",LuxeMed Wellness & Aesthetics,"24735 W Eames ST Unit 10 Channahon, IL 60410",(815) 496-4578
"French Medical Group, LTD, 2020 Dean St Suite B St. Charles, IL 60174","French Medical Group, LTD","2020 Dean St Suite B St. Charles, IL 60174",(815) 991-4009
"Optimal U Wellness, LLC, 317 S 2nd Street St. Charles, IL 60174","Optimal U Wellness, LLC","317 S 2nd Street St. Charles, IL 60174",(815) 923-5137
"Our Medical Center LLC, 451 Dunham Rd Ste 300 St. Charles, IL 60174",Our Medical Center LLC,"451 Dunham Rd Ste 300 St. Charles, IL 60174",(630) 528-0413
"Jerabek Family Health and Wellness, 506 W Lincoln Ave suite 200 Charleston, IL 61920",Jerabek Family Health and Wellness,"506 W Lincoln Ave suite 200 Charleston, IL 61920",(217) 634-6689
"Kalos Aesthetics and Wellness, 1220 Swanwick St Chester, IL 62233",Kalos Aesthetics and Wellness,"1220 Swanwick St Chester, IL 62233",(618) 893-5330
"All One Chicago, 5051 N Clark Ave Unit 1S Chicago, IL 60640",All One Chicago,"5051 N Clark Ave Unit 1S Chicago, IL 60640",(708) 853-6460
"Balanced Flow Medical, LLC, 2325 W North Avenue Chicago, IL 60647","Balanced Flow Medical, LLC","2325 W North Avenue Chicago, IL 60647",(224) 803-2758
"Cordia M. Clark-White MD, 1935 S Wabash Ave Ste 4 Chicago, IL 60616",Cordia M. Clark-White MD,"1935 S Wabash Ave Ste 4 Chicago, IL 60616",(312) 526-3807
"Defined Medical Aesthetics, 213 W Institute Pl Ste 708 Chicago, IL 60610",Defined Medical Aesthetics,"213 W Institute Pl Ste 708 Chicago, IL 60610",(708) 554-6618
"Essex Skin, 1809 W Chicago Ave Suite 5 Chicago, IL 60622",Essex Skin,"1809 W Chicago Ave Suite 5 Chicago, IL 60622",(219) 600-5235
"Fadeaway Medical Esthetics Ltd, 6549 N Northwest Hwy Chicago, IL 60631",Fadeaway Medical Esthetics Ltd,"6549 N Northwest Hwy Chicago, IL 60631",(708) 292-6455
"Green Circle Wellness, 1141 W Madison St Chicago, IL 60607",Green Circle Wellness,"1141 W Madison St Chicago, IL 60607",(815) 605-5646
"Lively Integrated Health - Illinois, 3502 W 111th St Chicago, IL 60655",Lively Integrated Health - Illinois,"3502 W 111th St Chicago, IL 60655",(708) 866-0687
"Lume, 351 West Hubbard Street Ste 7 Chicago, IL 60654",Lume,"351 West Hubbard Street Ste 7 Chicago, IL 60654",(219) 600-5989
"ReJenerate Aesthetic Studio, 2131 N Damen Ave Chicago, IL 60647",ReJenerate Aesthetic Studio,"2131 N Damen Ave Chicago, IL 60647",(708) 554-7042
"Shaperz Elite Wellness and Aesthetics, 3135 W. 111th Street Chicago, IL 60655",Shaperz Elite Wellness and Aesthetics,"3135 W. 111th Street Chicago, IL 60655",(708) 832-6368
"Soul Space Chicago LLC, 2001 N Point St Chicago, IL 60647",Soul Space Chicago LLC,"2001 N Point St Chicago, IL 60647",(219) 600-4895
"The Well Longevity Health, 10456 S Western Ave Chicago, IL 60643",The Well Longevity Health,"10456 S Western Ave Chicago, IL 60643",(773) 887-0100
"Tria Aesthetics & Wellness, 1101 W. Monroe St Chicago, IL 60607",Tria Aesthetics & Wellness,"1101 W. Monroe St Chicago, IL 60607",(708) 905-8752
"Viru SC D/S as Olivo Medical Wellness Center, 2901 N Clybourn Ave Chicago, IL 60618",Viru SC D/S as Olivo Medical Wellness Center,"2901 N Clybourn Ave Chicago, IL 60618",(708) 505-8215
"Wellness By Design, MD, 2551 N Clark St Ste 303 Chicago, IL 60614","Wellness By Design, MD","2551 N Clark St Ste 303 Chicago, IL 60614",(708) 797-9634
"Midwest Pain and Wellness, 10258 Southwest Highway Ste B Chicago Ridge, IL 60415",Midwest Pain and Wellness,"10258 Southwest Highway Ste B Chicago Ridge, IL 60415",(708) 928-8189
"Pure 111 Medical Aesthetics, 830 Admiral Weinel Blvd Columbia, IL 62236",Pure 111 Medical Aesthetics,"830 Admiral Weinel Blvd Columbia, IL 62236",(314) 526-3756
"Premium Health Care PC, 16003 Executive Drive Crest Hill, IL 60403",Premium Health Care PC,"16003 Executive Drive Crest Hill, IL 60403",(815) 393-9093
"Midwest Wellness Health Center, 405 E. Congress Parkway Suite C Crystal Lake, IL 60014",Midwest Wellness Health Center,"405 E. Congress Parkway Suite C Crystal Lake, IL 60014",(815) 944-6866
"Nu Image Institute - Crystal Lake, 39 N Williams St Crystal Lake, IL 60014",Nu Image Institute - Crystal Lake,"39 N Williams St Crystal Lake, IL 60014",(815) 597-2438
"Vitality Renewal Functional Medicine, 31 North Virginia Street Suite 101 Crystal Lake, IL 60014",Vitality Renewal Functional Medicine,"31 North Virginia Street Suite 101 Crystal Lake, IL 60014",(815) 859-9708
"Long Creek Medical, 2550 S 70th St Decatur, IL 62521",Long Creek Medical,"2550 S 70th St Decatur, IL 62521",(217) 992-6538
"Allure Pelvic Wellness, 21660 W Field Pkwy Deer Park, IL 60010",Allure Pelvic Wellness,"21660 W Field Pkwy Deer Park, IL 60010",(847) 807-6255
"Laser Skin and Wellness Center, 2454 E Dempster St Ste 305 Des Plaines, IL 60016",Laser Skin and Wellness Center,"2454 E Dempster St Ste 305 Des Plaines, IL 60016",(630) 626-8840
"Contour Plastic Surgery, 2001 Butterfield Rd Ste 100 Downers Grove, IL 60515",Contour Plastic Surgery,"2001 Butterfield Rd Ste 100 Downers Grove, IL 60515",(630) 496-5272
"Let Them Wonder Aesthetics, 436 75th Street Downers Grove, IL 60516",Let Them Wonder Aesthetics,"436 75th Street Downers Grove, IL 60516",(708) 316-9405
"Skin Med Spa, 960 Warren Ave Downers Grove, IL 60515",Skin Med Spa,"960 Warren Ave Downers Grove, IL 60515",(708) 719-6205
"Elevate Health + Wellness, 6189 Bennett Drive Ste C Edwardsville, IL 62025",Elevate Health + Wellness,"6189 Bennett Drive Ste C Edwardsville, IL 62025",(618) 836-8120
"Nu Image Institute, 2205 Point Blvd Suite 230 Elgin, IL 60123",Nu Image Institute,"2205 Point Blvd Suite 230 Elgin, IL 60123",(708) 775-3378
"Optimal Aging Institute, 750 Fletcher Drive Suite 203 Elgin, IL 60123",Optimal Aging Institute,"750 Fletcher Drive Suite 203 Elgin, IL 60123",(847) 595-5806
"OrthoIllinois, 1550 N Randall Rd Elgin, IL 60123",OrthoIllinois,"1550 N Randall Rd Elgin, IL 60123",(815) 862-8784
"Advanced Women's Healthcare Specialists, 800 Biesterfield Rd Eberle Ste 560 Elk Grove Village, IL 60007",Advanced Women's Healthcare Specialists,"800 Biesterfield Rd Eberle Ste 560 Elk Grove Village, IL 60007",(224) 328-3850
"Tiesenga Surgical Associates, 1950 N. Harlem Ave. Elmwood Park, IL 60707",Tiesenga Surgical Associates,"1950 N. Harlem Ave. Elmwood Park, IL 60707",(219) 529-2529
"Meliora Integrative Medicine, 1740 Ridge Ave Ste 120 Evanston, IL 60201",Meliora Integrative Medicine,"1740 Ridge Ave Ste 120 Evanston, IL 60201",(708) 498-7641
"P D Medical SC, 3913 W 95th St Evergreen Park, IL 60805",P D Medical SC,"3913 W 95th St Evergreen Park, IL 60805",(219) 491-1889
"Hometown NP, 10209 W Lincoln Hwy Frankfort, IL 60423",Hometown NP,"10209 W Lincoln Hwy Frankfort, IL 60423",(630) 937-3521
"Skin Body Bar, 28 Kansas St Ste 2C Frankfort, IL 60432",Skin Body Bar,"28 Kansas St Ste 2C Frankfort, IL 60432",(815) 368-5465
"Healthy Medical Inc., 132 Depot St Gardner, IL 60424",Healthy Medical Inc.,"132 Depot St Gardner, IL 60424",(815) 949-9484
"Infinite Vitality, 220 Evergreen Ln Glen Carbon, IL 62034",Infinite Vitality,"220 Evergreen Ln Glen Carbon, IL 62034",(618) 538-1445
"Ooh La La Spa Anti-Aging & Wellness, 110 Cottonwood Rd. Glen Carbon, IL 62034",Ooh La La Spa Anti-Aging & Wellness,"110 Cottonwood Rd. Glen Carbon, IL 62034",(618) 414-8695
"Essenza Health, 2628 Patriot Blvd Glenview, IL 60026",Essenza Health,"2628 Patriot Blvd Glenview, IL 60026",(847) 386-7590
"Immense Wellness and Med Spa, 1312 Waukegan Rd Glenview, IL 60025",Immense Wellness and Med Spa,"1312 Waukegan Rd Glenview, IL 60025",(630) 528-0455
"New You Wellness Clinic, 240 Waukegan Rd Ste 200 Glenview, IL 60025",New You Wellness Clinic,"240 Waukegan Rd Ste 200 Glenview, IL 60025",(224) 378-0919
"Laccura Medical Spa, 1729 Green Bay Rd Highland Park, IL 60035",Laccura Medical Spa,"1729 Green Bay Rd Highland Park, IL 60035",(224) 313-4729
"Fancy Face Aesthetic & Wellness, LLC, 6972 Wolf Rd Ste 12 Indian Head Park, IL 60525","Fancy Face Aesthetic & Wellness, LLC","6972 Wolf Rd Ste 12 Indian Head Park, IL 60525",(630) 250-5795
"Reclaim Med Spa, 114 W. Rockland Road Ste 101 Libertyville, IL 60048",Reclaim Med Spa,"114 W. Rockland Road Ste 101 Libertyville, IL 60048",(847) 892-1276
"Wild Moon Collective, 100 E Cook Ave Ste 200 Libertyville, IL 60048",Wild Moon Collective,"100 E Cook Ave Ste 200 Libertyville, IL 60048",(224) 524-1979
"Innovative Medical Therapies, 2401 Broadway St Lower Level Pekin, IL 61554",Innovative Medical Therapies,"2401 Broadway St Lower Level Pekin, IL 61554",(309) 760-6416
"Manteno Chiropractic and Wellness Center, 43 W 2nd Street Manteno, IL 60950",Manteno Chiropractic and Wellness Center,"43 W 2nd Street Manteno, IL 60950",(815) 369-0343
"Hatchett Rejuvenation, 3401 Heartland St Marion, IL 62959",Hatchett Rejuvenation,"3401 Heartland St Marion, IL 62959",(618) 952-2388
"Drip Drop Aesthetics, 841 S Ridge Rd Minooka, IL 60447",Drip Drop Aesthetics,"841 S Ridge Rd Minooka, IL 60447",(815) 205-8706
"Breakthru Wellness, 616 35th Ave Ste 1 Moline, IL 61265",Breakthru Wellness,"616 35th Ave Ste 1 Moline, IL 61265",(563) 785-5122
"Nurture You Aesthetics, 413 1/2 Liberty St Morris, IL 60450",Nurture You Aesthetics,"413 1/2 Liberty St Morris, IL 60450",(815) 620-4912
"Cordial Medical Spa, Inc, 333 E Il Route 83 Ste 105 Mundelein, IL 60060","Cordial Medical Spa, Inc","333 E Il Route 83 Ste 105 Mundelein, IL 60060",(847) 649-6805
"Naperville Internist, 1190 S Naper Blvd Naperville, IL 60540",Naperville Internist,"1190 S Naper Blvd Naperville, IL 60540",(630) 282-6722
"Renew Health and Wellness, 1300 Iroquois Ave Ste 150 Naperville, IL 60563",Renew Health and Wellness,"1300 Iroquois Ave Ste 150 Naperville, IL 60563",(708) 905-8963
"Nuance Health & Wellness Med Spa, 60 Revere Drive Suite 770 Northbrook, IL 60062",Nuance Health & Wellness Med Spa,"60 Revere Drive Suite 770 Northbrook, IL 60062",(708) 316-0295
"369 Wellness Center, 1845 Oak St Ste 15 Northfield, IL 60093",369 Wellness Center,"1845 Oak St Ste 15 Northfield, IL 60093",(224) 288-0628
"Windy City Weight Loss and T, 10735 S Cicero Ave Suite 104 Oak Lawn, IL 60453",Windy City Weight Loss and T,"10735 S Cicero Ave Suite 104 Oak Lawn, IL 60453",(708) 842-6235
"LiveStrong Aesthetics and Wellness, 11275 W 143rd St Orland Park, IL 60467",LiveStrong Aesthetics and Wellness,"11275 W 143rd St Orland Park, IL 60467",(630) 755-6586
"Xpress Medical & Wellness Inc, 14620 S La Grange Rd Ste 2 Orland Park, IL 60462",Xpress Medical & Wellness Inc,"14620 S La Grange Rd Ste 2 Orland Park, IL 60462",(219) 533-9726
"Integrative Primary Care, Inc., 116 West Lafayette Street Ste 1 Ottawa, IL 61350","Integrative Primary Care, Inc.","116 West Lafayette Street Ste 1 Ottawa, IL 61350",(779) 237-8068
"Liv Wellness Lounge - Ottawa, 827 E Norris Dr Ottawa, IL 61350",Liv Wellness Lounge - Ottawa,"827 E Norris Dr Ottawa, IL 61350",(815) 736-9038
"Beautifully New, 600 W Talcott Rd STE 103 Park Ridge, IL 60068",Beautifully New,"600 W Talcott Rd STE 103 Park Ridge, IL 60068",(847) 750-3682
"MD Ventures Medical Spa, 222 South Prospect Avenue Park Ridge, IL 60068",MD Ventures Medical Spa,"222 South Prospect Avenue Park Ridge, IL 60068",(224) 228-3985
"Advanced Physical Medicine & Therapy, LTD, 350 W. Kensington  Ste 102 Mt Prospect, IL 60056","Advanced Physical Medicine & Therapy, LTD","350 W. Kensington  Ste 102 Mt Prospect, IL 60056",(847) 796-8571
"Ivory Wellness, 7329 North Ave River Forest, IL 60305",Ivory Wellness,"7329 North Ave River Forest, IL 60305",(708) 905-9007
"Westeros Family Practice LTD, 366 E Burlington St Riverside, IL 60546",Westeros Family Practice LTD,"366 E Burlington St Riverside, IL 60546",(708) 931-1630
"Essential Infusions Plus - Rochelle, 310 North Main Street Ste C Rochelle, IL 61068",Essential Infusions Plus - Rochelle,"310 North Main Street Ste C Rochelle, IL 61068",(815) 949-4235
"Rockford Hormone Management, 7177 Crimson Ridge Dr. Suite 5 Rockford, IL 61107",Rockford Hormone Management,"7177 Crimson Ridge Dr. Suite 5 Rockford, IL 61107",(779) 368-1850
"Liv Wellness Lounge, 525 1st St La Salle, IL 61301",Liv Wellness Lounge,"525 1st St La Salle, IL 61301",(815) 849-8508
"Richard Izewski, MD, 1094 S Roselle Rd Schaumburg, IL 60193","Richard Izewski, MD","1094 S Roselle Rd Schaumburg, IL 60193",(847) 807-1569
"Renee Burke MD PC, 4 Executive Ct South Barrington, IL 60010",Renee Burke MD PC,"4 Executive Ct South Barrington, IL 60010",(708) 905-8755
"Lifetime Health And Wellness, 101 S Mclean Blvd South Ste A South Elgin, IL 60177",Lifetime Health And Wellness,"101 S Mclean Blvd South Ste A South Elgin, IL 60177",(224) 268-1152
"Rejuviwell, 81 S. Mclean Blvd Ste F South Elgin, IL 60177",Rejuviwell,"81 S. Mclean Blvd Ste F South Elgin, IL 60177",(815) 923-3764
"Rose Aesthetics & Wellness Clinic, 2525 W Iles Ave Suite C Springfield, IL 62704",Rose Aesthetics & Wellness Clinic,"2525 W Iles Ave Suite C Springfield, IL 62704",(217) 626-3344
"NUVO Aesthetics Clinic, 437 West State Street Unit 101 Sycamore, IL 60178",NUVO Aesthetics Clinic,"437 West State Street Unit 101 Sycamore, IL 60178",(815) 393-2874
"Northern Illinois Medical Associates, 2560 Hauser Ross Drive Suite 450 Sycamore, IL 60178",Northern Illinois Medical Associates,"2560 Hauser Ross Drive Suite 450 Sycamore, IL 60178",(815) 567-8284
"True Wellness, LLC, 535 Edwardsville Rd Ste 230 Troy, IL 62294","True Wellness, LLC","535 Edwardsville Rd Ste 230 Troy, IL 62294",(618) 278-5543
"Peak Health Institute, 3S517 Winfield Rd Ste B Warrenville, IL 60555",Peak Health Institute,"3S517 Winfield Rd Ste B Warrenville, IL 60555",(630) 333-4039
"Snatch Doll LLC, 350 S 8th St West Dundee, IL 60118",Snatch Doll LLC,"350 S 8th St West Dundee, IL 60118",(815) 862-8525
"Revival Aesthetics, 604 Hillgrove Ave Ste 2 Western Springs, IL 60558",Revival Aesthetics,"604 Hillgrove Ave Ste 2 Western Springs, IL 60558",(708) 729-8534
"YellowBlu MedSpa, 1111 West Dundee Road Wheeling, IL 60090",YellowBlu MedSpa,"1111 West Dundee Road Wheeling, IL 60090",(708) 905-8142
"Dr. Elborno Center, 6747 Kingery Hwy Willowbrook, IL 60527",Dr. Elborno Center,"6747 Kingery Hwy Willowbrook, IL 60527",(630) 576-9577
"SkinPerfected, 6440 Main St Ste 120 Woodridge, IL 60517",SkinPerfected,"6440 Main St Ste 120 Woodridge, IL 60517",(815) 620-0643
"Mary's Skin Health, 101 E Center St Yorkville, IL 60560",Mary's Skin Health,"101 E Center St Yorkville, IL 60560",(331) 216-1896
"Urology Associates , LLC, 141 W 22Nd Street Suite 213 Anderson, IN 46016","Urology Associates , LLC","141 W 22Nd Street Suite 213 Anderson, IN 46016",(765) 516-6079
"Body Bar MD - Aurora, 502 2nd Street STE B Aurora, IN 47001",Body Bar MD - Aurora,"502 2nd Street STE B Aurora, IN 47001",(317) 344-0930
"Align Beauty and Wellness - Bedford, 2600 Smile Ln Bedford, IN 47421",Align Beauty and Wellness - Bedford,"2600 Smile Ln Bedford, IN 47421",(812) 966-1355
"Reclaim Your Health & Wellness, 803 W National Avenue Brazil, IN 47834",Reclaim Your Health & Wellness,"803 W National Avenue Brazil, IN 47834",(765) 548-4316
"Balanced Health Clinic, 1980 E. 116th Street Suite 315 Carmel, IN 46032",Balanced Health Clinic,"1980 E. 116th Street Suite 315 Carmel, IN 46032",(765) 666-3484
"Body Bar MD, 9650 Commercie Drive Suite 511 Carmel, IN 46032",Body Bar MD,"9650 Commercie Drive Suite 511 Carmel, IN 46032",(317) 344-0930
"Elevate Functional Medicine, 9640 Commerce Dr Ste 413 Carmel, IN 46032",Elevate Functional Medicine,"9640 Commerce Dr Ste 413 Carmel, IN 46032",(765) 734-2372
"Robey Plastic Surgery & Regenerative Med, 12760 Meeting House Rd Carmel, IN 46032",Robey Plastic Surgery & Regenerative Med,"12760 Meeting House Rd Carmel, IN 46032",(463) 800-8463
"Total Performance Medical Center, 90 Executive Drive Suite E Carmel, IN 46032",Total Performance Medical Center,"90 Executive Drive Suite E Carmel, IN 46032",(463) 241-6283
"Perfection Medical Spa, 709 Plaza Drive Suite #1 Chesterton, IN 46304",Perfection Medical Spa,"709 Plaza Drive Suite #1 Chesterton, IN 46304",(219) 327-1719
"Monarch Health & Wellness, 503 E. Summit Street Suite 3 Crown Point, IN 46307",Monarch Health & Wellness,"503 E. Summit Street Suite 3 Crown Point, IN 46307",(219) 402-3165
"Be You Med Spa & Wellness, 14785 West 101st Avenue Suite 205 Dyer, IN 46311",Be You Med Spa & Wellness,"14785 West 101st Avenue Suite 205 Dyer, IN 46311",(219) 257-0739
"MP Health PC, 1101 Parkway Ave Suite 200 Elkhart, IN 46516",MP Health PC,"1101 Parkway Ave Suite 200 Elkhart, IN 46516",(269) 699-2905
"Hormone Balance Center, 9748 Lantern Road Fishers, IN 46037",Hormone Balance Center,"9748 Lantern Road Fishers, IN 46037",(463) 217-5471
"Vitality Health and Wellness Clinic, 9003 Technology Ln Ste B Fishers, IN 46038",Vitality Health and Wellness Clinic,"9003 Technology Ln Ste B Fishers, IN 46038",(765) 999-3955
"CaloSpa Rejuvenation Center - Indiana, 408 Lafollette Station Dr Floyds Knobs, IN 47119",CaloSpa Rejuvenation Center - Indiana,"408 Lafollette Station Dr Floyds Knobs, IN 47119",(812) 562-5380
"Integrative Health, 10528 Coldwater Road Fort Wayne, IN 46845",Integrative Health,"10528 Coldwater Road Fort Wayne, IN 46845",(260) 217-5241
"Pur Aesthetics and Wellness, 225 Florence Ave Granger, IN 46530",Pur Aesthetics and Wellness,"225 Florence Ave Granger, IN 46530",(574) 227-6615
"Holistic Family Wellness, 8424 Naab Rd Ste 3P Indianapolis, IN 46260",Holistic Family Wellness,"8424 Naab Rd Ste 3P Indianapolis, IN 46260",(317) 751-7809
"The Refinery, 6411 S East St Ste B Indianapolis, IN 46227",The Refinery,"6411 S East St Ste B Indianapolis, IN 46227",(463) 208-7416
"Align Beauty and Wellness, 511 South Newton Street Suite 7 Jasper, IN 47546",Align Beauty and Wellness,"511 South Newton Street Suite 7 Jasper, IN 47546",(812) 380-5270
"Maple Leaf Health And Wellness, 16 N Shield St Ste 200 Knox, IN 46534",Maple Leaf Health And Wellness,"16 N Shield St Ste 200 Knox, IN 46534",(574) 635-3074
"Live Well 360 Health and Medspa, 208 West Jefferson St. Suite D Kokomo, IN 46901",Live Well 360 Health and Medspa,"208 West Jefferson St. Suite D Kokomo, IN 46901",(765) 572-5945
"Medical Surgical Wellness Center LLC, 8127 Merrillville Rd Ste 3 Merrillville, IN 46410",Medical Surgical Wellness Center LLC,"8127 Merrillville Rd Ste 3 Merrillville, IN 46410",(219) 552-8098
"Biosculpt Medical and Aesthetics LLC, 270 E Day Rd Ste 260 Mishawaka, IN 46545",Biosculpt Medical and Aesthetics LLC,"270 E Day Rd Ste 260 Mishawaka, IN 46545",(269) 229-6700
"Del Pilar Medical & Urgent Care, 270 E Day Rd Ste 280 Mishawaka, IN 46545",Del Pilar Medical & Urgent Care,"270 E Day Rd Ste 280 Mishawaka, IN 46545",(269) 431-3919
"Park Place Medical Spa, 15615 IN-23 Suite N Mishawaka, IN 46530",Park Place Medical Spa,"15615 IN-23 Suite N Mishawaka, IN 46530",(269) 448-1745
"Zubair Cosmetic Gynecology and Medspa, 9410 Calumet Ave Suite 104 Munster, IN 46321",Zubair Cosmetic Gynecology and Medspa,"9410 Calumet Ave Suite 104 Munster, IN 46321",(219) 285-9940
"Bloom Rejuvenation, 1600 State St New Albany, IN 47150",Bloom Rejuvenation,"1600 State St New Albany, IN 47150",(812) 732-0430
"The Luxe Spa, 920 SR 930 E New Haven, IN 46774",The Luxe Spa,"920 SR 930 E New Haven, IN 46774",(260) 308-3116
"Premier Vitality Clinic, 9615 Keilman St Ste 203 Saint John, IN 46373",Premier Vitality Clinic,"9615 Keilman St Ste 203 Saint John, IN 46373",(219) 300-9453
"Body Bar MD - Terre Haute, 4949 E Poplar Drive Terre Haute, IN 47803",Body Bar MD - Terre Haute,"4949 E Poplar Drive Terre Haute, IN 47803",(812) 917-7174
"Backroads Beauty Aesthetics, 401 Garrettson St Burlington, KS 66839",Backroads Beauty Aesthetics,"401 Garrettson St Burlington, KS 66839",(620) 303-9884
"Peony Health & Beauty, 419 Neosho St Burlington, KS 66839",Peony Health & Beauty,"419 Neosho St Burlington, KS 66839",(620) 877-1791
"Peony Health & Beauty - Chanute, 210 E 1st St Ste 2 Chanute, KS 66720",Peony Health & Beauty - Chanute,"210 E 1st St Ste 2 Chanute, KS 66720",(620) 685-0525
"Enhanced Wellness - KS, 1701 East Madison Avenue Suite E Derby, KS 67037",Enhanced Wellness - KS,"1701 East Madison Avenue Suite E Derby, KS 67037",(316) 600-9436
"Peony Health & Beauty - Eureka, 118 N Main St Eureka, KS 67045",Peony Health & Beauty - Eureka,"118 N Main St Eureka, KS 67045",(620) 542-9337
"Miller Aesthetic Medicine, 110 E Fulton St. Ste A Garden City, KS 67846",Miller Aesthetic Medicine,"110 E Fulton St. Ste A Garden City, KS 67846",(620) 912-8611
"Glow Up KC, 9433 Mission Rd Ste 103 Leawood, KS 66206",Glow Up KC,"9433 Mission Rd Ste 103 Leawood, KS 66206",(816) 425-8529
"Physician Aesthetic Specialists, 11901 W 87th Street Pkwy Lenexa, KS 66215",Physician Aesthetic Specialists,"11901 W 87th Street Pkwy Lenexa, KS 66215",(913) 298-8671
"Dailey Aesthetics & Hormone Clinic, 6750 Antioch Rd. Suite 307 Merriam, KS 66204",Dailey Aesthetics & Hormone Clinic,"6750 Antioch Rd. Suite 307 Merriam, KS 66204",(913) 724-6074
"Saving Grace Health KC, 8707 Shawnee Mission Parkway Merriam, KS 66202",Saving Grace Health KC,"8707 Shawnee Mission Parkway Merriam, KS 66202",(785) 615-6642
"Epic Integrative Wellness - Overland Park, 7440 W 135TH ST Overland Park, KS 66223",Epic Integrative Wellness - Overland Park,"7440 W 135TH ST Overland Park, KS 66223",(913) 701-3990
"The Center for Intentional Health, 9200 Indian Creek Parkway Corporate Woods Ste 187 Overland Park, KS 66210",The Center for Intentional Health,"9200 Indian Creek Parkway Corporate Woods Ste 187 Overland Park, KS 66210",(816) 327-2581
"Fulfill Med Spa, 317 S Main St Pratt, KS 67124",Fulfill Med Spa,"317 S Main St Pratt, KS 67124",(620) 254-9066
"Horizon Med Spa and Wellness, 7070 Renner Rd Ste 102 Shawnee, KS 66217",Horizon Med Spa and Wellness,"7070 Renner Rd Ste 102 Shawnee, KS 66217",(913) 423-6847
"Epic Integrative Wellness Institute, 5942 SW 29th St STE C Topeka, KS 66614",Epic Integrative Wellness Institute,"5942 SW 29th St STE C Topeka, KS 66614",(785) 645-2689
"BEAUTYDOT, 10310 E 13th St N. Suite 300 Wichita, KS 67206",BEAUTYDOT,"10310 E 13th St N. Suite 300 Wichita, KS 67206",(316) 688-2304
"Hazel and Honey Med Spa, 494 N 127th St E Ste 200 Wichita, KS 67206",Hazel and Honey Med Spa,"494 N 127th St E Ste 200 Wichita, KS 67206",(316) 348-8556
"Matthew H. Conrad, MD PA, 1700 N Waterfront Pkwy Bldg 200 Wichita, KS 67206","Matthew H. Conrad, MD PA","1700 N Waterfront Pkwy Bldg 200 Wichita, KS 67206",(316) 541-4142
"Infinity Laser Med Spa, 128 Keystone Ave Bardstown, KY 40004",Infinity Laser Med Spa,"128 Keystone Ave Bardstown, KY 40004",(859) 696-6320
"MD Cosmedx, 2424 AIRWAY DRIVE Bowling Green, KY 42103",MD Cosmedx,"2424 AIRWAY DRIVE Bowling Green, KY 42103",(270) 518-6469
"MediMorph, 541 Buttermilk Pike Ste 100 Crescent Springs, KY 41017",MediMorph,"541 Buttermilk Pike Ste 100 Crescent Springs, KY 41017",(812) 551-3431
"Bluegrass Family Wellness, 6001 Claymont Village Dr Ste 5 Crestwood, KY 40014",Bluegrass Family Wellness,"6001 Claymont Village Dr Ste 5 Crestwood, KY 40014",(502) 281-0852
"Sei Bella Plastic Surgery, 100 Daniel Dr Danville, KY 40422",Sei Bella Plastic Surgery,"100 Daniel Dr Danville, KY 40422",(270) 337-0306
"Elivate Wellness, 6302 Highway 44 East Shepherdsville, KY 40165",Elivate Wellness,"6302 Highway 44 East Shepherdsville, KY 40165",(502) 427-0824
"ANU Face Mind Body, 230 Buford Ln Elizabethtown, KY 42701",ANU Face Mind Body,"230 Buford Ln Elizabethtown, KY 42701",(812) 737-3614
"Watson Family Medicine, 584 Westport Rd Ste 102 Elizabethtown, KY 42701",Watson Family Medicine,"584 Westport Rd Ste 102 Elizabethtown, KY 42701",(502) 628-4287
"ERA Wellness Spa, 135 N Broadway St Georgetown, KY 40324",ERA Wellness Spa,"135 N Broadway St Georgetown, KY 40324",(859) 484-7836
"Intention Health And Wellness, 107 Frazier Court Suite 1B Georgetown, KY 40324",Intention Health And Wellness,"107 Frazier Court Suite 1B Georgetown, KY 40324",(859) 209-6643
"Jackson Health and Wellness, 102 Physicians Boulevard Suite B Glasgow, KY 42141",Jackson Health and Wellness,"102 Physicians Boulevard Suite B Glasgow, KY 42141",(270) 612-2432
"R+ Med Spa, 210 Shane Dr Glasgow, KY 42141",R+ Med Spa,"210 Shane Dr Glasgow, KY 42141",(270) 606-7960
"Ageless Center, 149 Moore Dr Lexington, KY 40503",Ageless Center,"149 Moore Dr Lexington, KY 40503",(859) 657-8683
"Belle Vie Summit, 104 Summit At Fritz Farm Ste 120 Lexington, KY 40517",Belle Vie Summit,"104 Summit At Fritz Farm Ste 120 Lexington, KY 40517",(859) 724-6139
"Bluegrass Integrative Health, 2716 Old Rosebud Rd Ste 280 Lexington, KY 40509",Bluegrass Integrative Health,"2716 Old Rosebud Rd Ste 280 Lexington, KY 40509",(859) 681-8830
"CaloSpa Rejuvenation Center - Lexington, 824 Euclid Ave Ste 100 Lexington, KY 40502",CaloSpa Rejuvenation Center - Lexington,"824 Euclid Ave Ste 100 Lexington, KY 40502",(859) 349-1918
"Hourglass Aesthetics, 124 Clay Ave Lexington, KY 40502",Hourglass Aesthetics,"124 Clay Ave Lexington, KY 40502",(859) 470-3296
"Lexington Plastic Surgery, 166 Pasadena Dr Ste 100 Lexington, KY 40503",Lexington Plastic Surgery,"166 Pasadena Dr Ste 100 Lexington, KY 40503",(859) 349-1899
"Lexington Prime Aesthetics & Wellness, 989 Governors Ln Ste 240 Lexington, KY 40513",Lexington Prime Aesthetics & Wellness,"989 Governors Ln Ste 240 Lexington, KY 40513",(859) 800-6946
"Solutions Functional Medicine, 1084 Wellington Way Lexington, KY 40513",Solutions Functional Medicine,"1084 Wellington Way Lexington, KY 40513",(228) 623-2048
"Wellward Regenerative Medicine, 101 N Eagle Creek Dr Lexington, KY 40509",Wellward Regenerative Medicine,"101 N Eagle Creek Dr Lexington, KY 40509",(859) 295-7499
"Ageless Center - London, 302 Madison Sq London, KY 40741",Ageless Center - London,"302 Madison Sq London, KY 40741",(606) 404-4802
"Esteem Aesthetics, 103 Chera-Lyn Lane London, KY 40741",Esteem Aesthetics,"103 Chera-Lyn Lane London, KY 40741",(606) 595-4950
"Ageless Center - Louisville, 10003 Forest Green Blvd Louisville, KY 40223",Ageless Center - Louisville,"10003 Forest Green Blvd Louisville, KY 40223",(930) 500-3440
"Beauty Bar and Wellness, 12406 La Grange Rd Ste 201 Louisville, KY 40245",Beauty Bar and Wellness,"12406 La Grange Rd Ste 201 Louisville, KY 40245",(930) 300-4506
"CC Lou Aesthetics and Wellness, 800 Stone Creek Pkwy Ste 2 Louisville, KY 40223",CC Lou Aesthetics and Wellness,"800 Stone Creek Pkwy Ste 2 Louisville, KY 40223",(502) 547-0874
"CaloSpa Rejuvenation Center, 2341 Lime Kiln Ln Louisville, KY 40222",CaloSpa Rejuvenation Center,"2341 Lime Kiln Ln Louisville, KY 40222",(502) 289-6962
"Covenant Wellness, 13000 Equity Pl Suite 105 Louisville, KY 40223",Covenant Wellness,"13000 Equity Pl Suite 105 Louisville, KY 40223",(502) 788-3498
"Louisville Aesthetics, 9345 Leesgate Rd Louisville, KY 40222",Louisville Aesthetics,"9345 Leesgate Rd Louisville, KY 40222",(812) 286-5636
"Spa V, 161 Chenoweth Lane Louisville, KY 40207",Spa V,"161 Chenoweth Lane Louisville, KY 40207",(502) 324-3360
"Middletown Aesthetics, 12121 Shelbyville Rd Ste 107 Middletown, KY 40243",Middletown Aesthetics,"12121 Shelbyville Rd Ste 107 Middletown, KY 40243",(812) 624-8329
"Renu MedSpa, 1008 Mojave Trl Frankfort, KY 40601",Renu MedSpa,"1008 Mojave Trl Frankfort, KY 40601",(859) 251-7999
"Lily's Med Spa & Salon, 75 Sterling Way Mount Sterling, KY 40353",Lily's Med Spa & Salon,"75 Sterling Way Mount Sterling, KY 40353",(606) 659-0953
"Foundation Health, 1601 Ky-121 Ste B Murray, KY 42071",Foundation Health,"1601 Ky-121 Ste B Murray, KY 42071",(270) 747-9610
"Premier Spa of Murray, 307 North 12Th Street Ste B Murray, KY 42071",Premier Spa of Murray,"307 North 12Th Street Ste B Murray, KY 42071",(270) 573-2434
"MK Aesthetics - Nicholasville, 243 E Brannon Rd Suite 108 Nicholasville, KY 40356",MK Aesthetics - Nicholasville,"243 E Brannon Rd Suite 108 Nicholasville, KY 40356",(859) 251-2388
"Omorfia Wellness Center and Primary Care, 125 S Main St Nicholasville, KY 40356",Omorfia Wellness Center and Primary Care,"125 S Main St Nicholasville, KY 40356",(859) 695-3167
"Only You Wellness, 459 Keene Centre Dr Nicholasville, KY 40356",Only You Wellness,"459 Keene Centre Dr Nicholasville, KY 40356",(859) 549-7914
"The Lift Bar Med Spa LLC, 122 Langley Dr Nicholasville, KY 40356",The Lift Bar Med Spa LLC,"122 Langley Dr Nicholasville, KY 40356",(859) 681-7569
"Health Quest Medical Care, 1003 Burlew Blvd Ste C Owensboro, KY 42303",Health Quest Medical Care,"1003 Burlew Blvd Ste C Owensboro, KY 42303",(270) 713-8085
"Advancing Medical Solutions, 2725 James Sanders Blvd Paducah, KY 42001",Advancing Medical Solutions,"2725 James Sanders Blvd Paducah, KY 42001",(270) 554-5114
"WKY Medical Weight Loss, 3520 Lone Oak Rd # B Paducah, KY 42003",WKY Medical Weight Loss,"3520 Lone Oak Rd # B Paducah, KY 42003",(270) 216-5577
"Elevated Aesthetics & Wellness, 1518 Dixie Highway Park Hills, KY 41017",Elevated Aesthetics & Wellness,"1518 Dixie Highway Park Hills, KY 41017",(812) 594-4756
"Pineville Community Health Center, 850 Riverview Ave Pineville, KY 40977",Pineville Community Health Center,"850 Riverview Ave Pineville, KY 40977",(606) 595-5718
"NuVital Infusion & Wellness, 565 Knox Blvd Suite A2 Radcliff, KY 40160",NuVital Infusion & Wellness,"565 Knox Blvd Suite A2 Radcliff, KY 40160",(812) 737-3578
"Total Life Wellness and Aesthetics, 124 Ernest R Kouma Blvd Ste 1 Radcliff, KY 40160",Total Life Wellness and Aesthetics,"124 Ernest R Kouma Blvd Ste 1 Radcliff, KY 40160",(812) 737-3921
"Rejuvenate RX, 236 E Main St Richmond, KY 40475",Rejuvenate RX,"236 E Main St Richmond, KY 40475",(859) 549-3374
"Future Hope Total Health, 231 Midland Park Ste 101 Shelbyville, KY 40065",Future Hope Total Health,"231 Midland Park Ste 101 Shelbyville, KY 40065",(502) 842-4077
"ELITE MEDSPA, 9232 US-42 Suite D Union, KY 41091",ELITE MEDSPA,"9232 US-42 Suite D Union, KY 41091",(859) 249-9664
"Mind & Body Medspa, 194 S. Main Street Versailles, KY 40383",Mind & Body Medspa,"194 S. Main Street Versailles, KY 40383",(859) 695-2678
"Louisiana Cardiovascular & Thoracic Inst, 3311 Prescott Road Suite 202 Alexandria, LA 71301",Louisiana Cardiovascular & Thoracic Inst,"3311 Prescott Road Suite 202 Alexandria, LA 71301",(318) 407-7045
"Mcculloh Health and Wellness, 2645 Oneal Ln Bldg B-A Baton Rouge, LA 70816",Mcculloh Health and Wellness,"2645 Oneal Ln Bldg B-A Baton Rouge, LA 70816",(225) 422-1969
"Blue Willow Medical, 16275 Highland Rd Baton Rouge, LA 70810",Blue Willow Medical,"16275 Highland Rd Baton Rouge, LA 70810",(225) 457-3383
"Drs. McCulloh, 2645 O'Neal Ln Bldg B Ste C Baton Rouge, LA 70816",Drs. McCulloh,"2645 O'Neal Ln Bldg B Ste C Baton Rouge, LA 70816",(225) 320-4853
"NeuroMuscular Medical Associates, 18212 E Petroleum Dr. STE. 6A Baton Rouge, LA 70809",NeuroMuscular Medical Associates,"18212 E Petroleum Dr. STE. 6A Baton Rouge, LA 70809",(504) 380-9431
"Palace for Healthy Living & Cons., 563 Colonial Dr. Baton Rouge, LA 70806",Palace for Healthy Living & Cons.,"563 Colonial Dr. Baton Rouge, LA 70806",(225) 267-8453
"SYNC Life, 17650 Highland Road Suite E Baton Rouge, LA 70810",SYNC Life,"17650 Highland Road Suite E Baton Rouge, LA 70810",(225) 443-3575
"29:11 Medspa, 182 Barclay Blvd. Suite  104 Bossier City, LA 71111",29:11 Medspa,"182 Barclay Blvd. Suite  104 Bossier City, LA 71111",(318) 708-8528
"Willow Total Health, 4016 Highway 90 E Ste 112 Broussard, LA 70518",Willow Total Health,"4016 Highway 90 E Ste 112 Broussard, LA 70518",(337) 333-4160
"Fielder Family Clinic, 503 N Church St Carencro, LA 70520",Fielder Family Clinic,"503 N Church St Carencro, LA 70520",(337) 628-8736
"Revive Health and Wellness Carencro, 218 Hector Connoly Rd. Ste 200 Carencro, LA 70520",Revive Health and Wellness Carencro,"218 Hector Connoly Rd. Ste 200 Carencro, LA 70520",(337) 435-9276
"Lola's Medical Spa & Wellness LLC, 1800 East Judge Perez Drive Ste. C Chalmette, LA 70043",Lola's Medical Spa & Wellness LLC,"1800 East Judge Perez Drive Ste. C Chalmette, LA 70043",(504) 276-5565
"Jill Gibson, MD, 106 Highland Park Plaza Covington, LA 70433","Jill Gibson, MD","106 Highland Park Plaza Covington, LA 70433",(985) 336-3577
"Tchefuncte Health and Wellness, 56 Starbrush Circle Covington, LA 70433",Tchefuncte Health and Wellness,"56 Starbrush Circle Covington, LA 70433",(985) 616-6556
"Women's Health & Wellness, 77 Starbrush Circle Covington, LA 70433",Women's Health & Wellness,"77 Starbrush Circle Covington, LA 70433",(985) 615-3155
"Acadia Total Health, 1307 Crowley Rayne Hwy Ste E Crowley, LA 70526",Acadia Total Health,"1307 Crowley Rayne Hwy Ste E Crowley, LA 70526",(337) 473-2327
"Checkpoint Urgent Care, 753 Oddfellows Rd Suite F Crowley, LA 70526",Checkpoint Urgent Care,"753 Oddfellows Rd Suite F Crowley, LA 70526",(337) 243-1291
"Hanks Health and Wellness, 19503 Lake Charles Hwy Suite B DeRidder, LA 70634",Hanks Health and Wellness,"19503 Lake Charles Hwy Suite B DeRidder, LA 70634",(337) 409-8286
"Omni Health & Wellness, 4323 Hwy 27 N Dequincy, LA 70633",Omni Health & Wellness,"4323 Hwy 27 N Dequincy, LA 70633",(337) 415-2715
"Healing Path Clinic, 123 N. 5th St. Eunice, LA 70535",Healing Path Clinic,"123 N. 5th St. Eunice, LA 70535",(337) 329-8842
"Ascension Center for Womens Hlth, 1943 S. Burnside Avenue Gonzalez, LA 70737",Ascension Center for Womens Hlth,"1943 S. Burnside Avenue Gonzalez, LA 70737",(225) 647-2294
"The Aesthetic Haus- Gretna, 803 3rd St Gretna, LA 70053",The Aesthetic Haus- Gretna,"803 3rd St Gretna, LA 70053",(985) 306-8543
"Oak House Med Spa, 1640 Hickory Ave Ste A Harahan, LA 70123",Oak House Med Spa,"1640 Hickory Ave Ste A Harahan, LA 70123",(504) 499-1069
"360 Wellness, 855 Belanger Street Ste 108 Houma, LA 70360",360 Wellness,"855 Belanger Street Ste 108 Houma, LA 70360",(985) 228-9408
"Roberts Aesthetics And Wellness, 100 Melissa Lane Houma, LA 70360",Roberts Aesthetics And Wellness,"100 Melissa Lane Houma, LA 70360",(985) 243-1601
"Axcelicare, 621 East Miller Avenue Iowa, LA 70647",Axcelicare,"621 East Miller Avenue Iowa, LA 70647",(337) 485-6455
"Dr Dupon Aesthetics and Anti-Aging, 233 Doucet Rd Ste A6 Lafayette, LA 70503",Dr Dupon Aesthetics and Anti-Aging,"233 Doucet Rd Ste A6 Lafayette, LA 70503",(337) 282-9155
"Occupational & Integrative Medicine, 221 Southpark Rd. Ste B Lafayette, LA 70508",Occupational & Integrative Medicine,"221 Southpark Rd. Ste B Lafayette, LA 70508",(337) 391-3800
"Somner Age Management Medicine, 102 Coulee Shore Dr. Lafayette, LA 70503",Somner Age Management Medicine,"102 Coulee Shore Dr. Lafayette, LA 70503",(337) 270-8522
"The Specialist Clinic, 1206 East Broussard Road Suite 102 Lafayette, LA 70508",The Specialist Clinic,"1206 East Broussard Road Suite 102 Lafayette, LA 70508",(337) 227-9252
"Integrativ Hydration, 4421 Nelson Rd Lake Charles, LA 70605",Integrativ Hydration,"4421 Nelson Rd Lake Charles, LA 70605",(337) 329-9601
"Revitalized Health William St, 1510 William st. Lake Charles, LA 70601",Revitalized Health William St,"1510 William st. Lake Charles, LA 70601",(337) 284-9189
"The Skin Studios, 2640 Country Club Rd Ste 100 Lake Charles, LA 70605",The Skin Studios,"2640 Country Club Rd Ste 100 Lake Charles, LA 70605",(337) 434-3172
"South Beauregard Medical Center, 12186 Hwy 171 Longville, LA 70652",South Beauregard Medical Center,"12186 Hwy 171 Longville, LA 70652",(337) 473-2011
"The Aesthetic Haus, 1901 U.S. Hwy. 190 Suite 18 Mandeville, LA 70448",The Aesthetic Haus,"1901 U.S. Hwy. 190 Suite 18 Mandeville, LA 70448",(985) 328-2865
"Revitalize Sabine Medspa & Wellness, 905 Main St. Many, LA 71449",Revitalize Sabine Medspa & Wellness,"905 Main St. Many, LA 71449",(318) 495-8298
"Bopp Dermatology & Facial Plastic Surgery, 3421 N Causeway Blvd Ste 102 Metairie, LA 70002",Bopp Dermatology & Facial Plastic Surgery,"3421 N Causeway Blvd Ste 102 Metairie, LA 70002",(985) 308-5517
"Premier Family Clinic, 102 Office Park Dr Minden, LA 71055",Premier Family Clinic,"102 Office Park Dr Minden, LA 71055",(318) 607-1908
"SPA Terra, 2900 Forsythe Ave Monroe, LA 71201",SPA Terra,"2900 Forsythe Ave Monroe, LA 71201",(318) 496-8023
"Fleur-De-Lis Aesthetic & Apothecary, 3001 Napoleon Ave Ste B New Orleans, LA 70125",Fleur-De-Lis Aesthetic & Apothecary,"3001 Napoleon Ave Ste B New Orleans, LA 70125",(504) 608-3068
"Sophrosyne Health and Wellness, 1871 Agriculture St New Orleans, LA 70119",Sophrosyne Health and Wellness,"1871 Agriculture St New Orleans, LA 70119",(985) 616-5242
"Gleaux Rx IV Bar and Med Spa, 725 Hospital Rd. New Roads, LA 70760",Gleaux Rx IV Bar and Med Spa,"725 Hospital Rd. New Roads, LA 70760",(318) 520-9220
"Gleaux Rx Wellness - Saint Francisville, 7197 US HWY 61 Ste. E Saint Francisville, LA 70775",Gleaux Rx Wellness - Saint Francisville,"7197 US HWY 61 Ste. E Saint Francisville, LA 70775",(225) 627-7085
"Firmin Foundations, 16104 Highway 1 Simmesport, LA 71369",Firmin Foundations,"16104 Highway 1 Simmesport, LA 71369",(225) 269-4830
"Magnolia Health And Wellness, 316 Plantation Hills Blvd Ste B Stonewall, LA 71078",Magnolia Health And Wellness,"316 Plantation Hills Blvd Ste B Stonewall, LA 71078",(318) 402-0149
"Magnolia Regenerative Medicine, 1535 W Main St Ville Platte, LA 70586",Magnolia Regenerative Medicine,"1535 W Main St Ville Platte, LA 70586",(318) 616-8204
"Vidrine Community Clinic, 4940 Vidrine Rd. Ville Platte, LA 70586",Vidrine Community Clinic,"4940 Vidrine Rd. Ville Platte, LA 70586",(318) 616-8146
"The Hormone Connection, 27999 Old South Walker Road Suite H Walker, LA 70785",The Hormone Connection,"27999 Old South Walker Road Suite H Walker, LA 70785",(225) 378-2409
"Lane Regional Medical Center, 6550 Main St Ste 2000 Zachary, LA 70791",Lane Regional Medical Center,"6550 Main St Ste 2000 Zachary, LA 70791",(225) 417-3585
"Forever Young Medical Aesthetics, 325 Southbridge Street Suite R Auburn, MA 01501",Forever Young Medical Aesthetics,"325 Southbridge Street Suite R Auburn, MA 01501",(978) 917-7233
"Alainn Medical Aesthetics, 175 Great Rd Suite 210 Bedford, MA 01730",Alainn Medical Aesthetics,"175 Great Rd Suite 210 Bedford, MA 01730",(978) 737-7574
"Smithers & Ko Health Services, LLC, 288 Groveland St C-3 Haverhill, MA 01830","Smithers & Ko Health Services, LLC","288 Groveland St C-3 Haverhill, MA 01830",(978) 404-4951
"Clareo Plastic Surgery, 25 Boylston St Ste 304 Chestnut Hill, MA 02467",Clareo Plastic Surgery,"25 Boylston St Ste 304 Chestnut Hill, MA 02467",(978) 898-0495
"Prima-CARE Revive MD, 215 Pleasant Street Ste 301A Fall River, MA 02723",Prima-CARE Revive MD,"215 Pleasant Street Ste 301A Fall River, MA 02723",(774) 504-5574
"Powell Studio Beauty + Wellness, 222 Webster Street Hanover, MA 02339",Powell Studio Beauty + Wellness,"222 Webster Street Hanover, MA 02339",(781) 332-4267
"Reimagine Weight Loss - Kingston, 431 Country Club Way Kingston, MA 02364",Reimagine Weight Loss - Kingston,"431 Country Club Way Kingston, MA 02364",(781) 805-3119
"RN Esthetics, 40 Salem St Ste 3 Lynnfield, MA 01940",RN Esthetics,"40 Salem St Ste 3 Lynnfield, MA 01940",(781) 412-3438
"Jsj Aesthetics – Medford, 10 High St. Medford, MA 02155",Jsj Aesthetics – Medford,"10 High St. Medford, MA 02155",(978) 949-8622
"Artemis 22 Aesthetics, Health & Wellness, 81 N Main St Middleton, MA 01949","Artemis 22 Aesthetics, Health & Wellness","81 N Main St Middleton, MA 01949",(857) 837-7570
"Wellness Specialists of Milford, 18 Asylum St Milford, MA 01757",Wellness Specialists of Milford,"18 Asylum St Milford, MA 01757",(508) 684-2987
"Infinite Beauty Lounge Milton, 75 Adams Street Ste F Milton, MA 02186",Infinite Beauty Lounge Milton,"75 Adams Street Ste F Milton, MA 02186",(617) 609-0503
"OCEANUS HEALTH LLC, 1 Cherry St Nantucket, MA 02554",OCEANUS HEALTH LLC,"1 Cherry St Nantucket, MA 02554",(774) 310-4144
"RN Esthetics Newburyport, 2 Market Street Newburyport, MA 01950",RN Esthetics Newburyport,"2 Market Street Newburyport, MA 01950",(978) 643-5760
"KDR Medspa + Wellness, 415 Lexington St Newton, MA 02466",KDR Medspa + Wellness,"415 Lexington St Newton, MA 02466",(978) 577-2857
"Skin Pure Medical Aesthetics, 50 Main Street Ste 300 North Reading, MA 01864",Skin Pure Medical Aesthetics,"50 Main Street Ste 300 North Reading, MA 01864",(857) 386-7063
"Vive Aesthetics & Wellness, 147 Court St Plymouth, MA 02360",Vive Aesthetics & Wellness,"147 Court St Plymouth, MA 02360",(781) 214-7141
"Vitalize and Thrive Integrative Health, 56 General Way Suite #21 Reading, MA 01867",Vitalize and Thrive Integrative Health,"56 General Way Suite #21 Reading, MA 01867",(978) 494-1232
"RN Esthetics Salem, 331 Lafayette St. Salem, MA 01970",RN Esthetics Salem,"331 Lafayette St. Salem, MA 01970",(978) 396-4490
"Botastic Wellness Center, 645 Belmont Ave Springfield, MA 01108",Botastic Wellness Center,"645 Belmont Ave Springfield, MA 01108",(860) 370-3814
"IV Hub Wellness, 117 Main St Ste 27 Stoneham, MA 02180",IV Hub Wellness,"117 Main St Ste 27 Stoneham, MA 02180",(978) 662-2943
"Vibrant Minds and Wellness, PLLC, 29 Albion St Ste B4 Wakefield, MA 01880","Vibrant Minds and Wellness, PLLC","29 Albion St Ste B4 Wakefield, MA 01880",(978) 584-9282
"ShushRx, 393 Totten Pond Road Suite 102 Waltham, MA 02451",ShushRx,"393 Totten Pond Road Suite 102 Waltham, MA 02451",(978) 932-8017
"Cove Aesthetics, 300 Main St Ste 15 Wenham, MA 01984",Cove Aesthetics,"300 Main St Ste 15 Wenham, MA 01984",(978) 543-1757
"Caring for All, PC Family Medicine, 955 Main St.  Ste 306 Winchester, MA 01890","Caring for All, PC Family Medicine","955 Main St.  Ste 306 Winchester, MA 01890",(781) 650-4958
"Aponi Aesthetics Medical Aesthetics, 99 Prescott St Ste 104 Worcester, MA 01605",Aponi Aesthetics Medical Aesthetics,"99 Prescott St Ste 104 Worcester, MA 01605",(508) 290-6752
"VIDA MD Wellness and Aesthetics, 73 Hamilton St. Worcester, MA 01604",VIDA MD Wellness and Aesthetics,"73 Hamilton St. Worcester, MA 01604",(508) 306-8243
"Reimagine Weight Loss and Wellness, Inc, 939 Route 6A Ste D1 Yarmouth Port, MA 02675","Reimagine Weight Loss and Wellness, Inc","939 Route 6A Ste D1 Yarmouth Port, MA 02675",(857) 323-9840
"Advanced Dermal Health and Aesthetics, 10400 Little Patuxent Pkwy. Suite 1G2 Columbia, MD 21044",Advanced Dermal Health and Aesthetics,"10400 Little Patuxent Pkwy. Suite 1G2 Columbia, MD 21044",(240) 624-6766
"Institute of Aesthetic Medicine - Berlin, 12475 Sea Oaks Lane Ste 5-6 Berlin, MD 21811",Institute of Aesthetic Medicine - Berlin,"12475 Sea Oaks Lane Ste 5-6 Berlin, MD 21811",(410) 936-7482
"Shakthi Health & Wellness Center, 2702 Back Acre Circle Suite 290B Mt. Airy, MD 21771",Shakthi Health & Wellness Center,"2702 Back Acre Circle Suite 290B Mt. Airy, MD 21771",(240) 363-2822
"Back to Balance Osteopathic Wellness, 107 Ridgely Ave Ste 14C Annapolis, MD 21401",Back to Balance Osteopathic Wellness,"107 Ridgely Ave Ste 14C Annapolis, MD 21401",(667) 771-3567
"Euna Aesthetics, 127 Lubrano Dr Ste 105 Annapolis, MD 21401",Euna Aesthetics,"127 Lubrano Dr Ste 105 Annapolis, MD 21401",(667) 270-7536
"ProMD Health Annapolis, 166 Defense Hwy Ste 302 Annapolis, MD 21401",ProMD Health Annapolis,"166 Defense Hwy Ste 302 Annapolis, MD 21401",(240) 376-3657
"Sullivan Surgery & Spa, 130 Admiral Cochrane Drive Suite 300 Annapolis, MD 21401",Sullivan Surgery & Spa,"130 Admiral Cochrane Drive Suite 300 Annapolis, MD 21401",(240) 624-7097
"The Firm Medspa, 2001 Tidewater Colony Dr Ste 200 Annapolis, MD 21401",The Firm Medspa,"2001 Tidewater Colony Dr Ste 200 Annapolis, MD 21401",(667) 201-6980
"The Kinney Clinic, 522 Chesapeake Ave Ste 2 Annapolis, MD 21403",The Kinney Clinic,"522 Chesapeake Ave Ste 2 Annapolis, MD 21403",(410) 927-1824
"Warrior Medical Group, 116 Defense Hwy # 200 Annapolis, MD 21401",Warrior Medical Group,"116 Defense Hwy # 200 Annapolis, MD 21401",(443) 707-2865
"ProMD Health Tox Bar, 3904 Boston St Ste 102 Baltimore, MD 21224",ProMD Health Tox Bar,"3904 Boston St Ste 102 Baltimore, MD 21224",(667) 382-9508
"Total Women's Health of Baltimore, 6080 Falls Road Suite 204 Baltimore, MD 21209",Total Women's Health of Baltimore,"6080 Falls Road Suite 204 Baltimore, MD 21209",(240) 817-3550
"Vero Health and Wellness, 11042 Nicholas Lane Suite B102 Berlin, MD 21811",Vero Health and Wellness,"11042 Nicholas Lane Suite B102 Berlin, MD 21811",(302) 564-4680
"ProMD Health Bethesda, 6903 Rockledge Dr Ste 400 Bethesda, MD 20817",ProMD Health Bethesda,"6903 Rockledge Dr Ste 400 Bethesda, MD 20817",(240) 290-6697
"Beautiful You Health and Wellness, 16701 Melford Blvd Ste 120 Bowie, MD 20715",Beautiful You Health and Wellness,"16701 Melford Blvd Ste 120 Bowie, MD 20715",(443) 348-0076
"THRYV Aesthetics & Wellness, 22 W Padonia Rd Ste C-346 Lutherville Timonium, MD 21093",THRYV Aesthetics & Wellness,"22 W Padonia Rd Ste C-346 Lutherville Timonium, MD 21093",(443) 313-6758
"Reaching For Wellness LLC, 405 Frederick Rd Ste 102 Catonsville, MD 21228",Reaching For Wellness LLC,"405 Frederick Rd Ste 102 Catonsville, MD 21228",(443) 251-4122
"Bella Rose Medical Aesthetics & Wellness, 2 Chester Plaza Chester, MD 21619",Bella Rose Medical Aesthetics & Wellness,"2 Chester Plaza Chester, MD 21619",(443) 233-0180
"Kent Island Medical Group, 1900 Bayside Dr Chester, MD 21619",Kent Island Medical Group,"1900 Bayside Dr Chester, MD 21619",(667) 226-0115
"Bella Medical Aesthetics, 5005 Signal Bell Ln Ste 203 Clarksville, MD 21029",Bella Medical Aesthetics,"5005 Signal Bell Ln Ste 203 Clarksville, MD 21029",(240) 817-3346
"The Wellness NPs, 9658 Baltimore Ave Suite 420 College Park, MD 20740",The Wellness NPs,"9658 Baltimore Ave Suite 420 College Park, MD 20740",(240) 474-0766
"Forever Young Wellness, 11085 Little Patuxent Parkway Suite 205 Columbia, MD 21044",Forever Young Wellness,"11085 Little Patuxent Parkway Suite 205 Columbia, MD 21044",(240) 875-6368
"ProMD Health Columbia, 8825 Stanford Blvd Ste 130 Columbia, MD 21045",ProMD Health Columbia,"8825 Stanford Blvd Ste 130 Columbia, MD 21045",(240) 358-4379
"Visionary Women's Health, 5500 Knoll North Ste 310 Columbia, MD 21045",Visionary Women's Health,"5500 Knoll North Ste 310 Columbia, MD 21045",(410) 609-9876
"Women's Wellness MD, 8900 COLUMBIA 100 PKWY STE E Columbia, MD 21045",Women's Wellness MD,"8900 COLUMBIA 100 PKWY STE E Columbia, MD 21045",(443) 727-1575
"Health & Vitality Clinic, 2411 Crofton Ln Ste 7B Crofton, MD 21114",Health & Vitality Clinic,"2411 Crofton Ln Ste 7B Crofton, MD 21114",(240) 817-1429
"Integr8 Wellness & Health, 2411 Crofton Ln Suite 25A Crofton, MD 21114",Integr8 Wellness & Health,"2411 Crofton Ln Suite 25A Crofton, MD 21114",(240) 627-2303
"Alternative Therapy MD, 503 Cynwood Dr Ste 4 Easton, MD 21601",Alternative Therapy MD,"503 Cynwood Dr Ste 4 Easton, MD 21601",(667) 220-5788
"ProMD Health Easton, 28601 Marlboro Ave Ste 203 Easton, MD 21601",ProMD Health Easton,"28601 Marlboro Ave Ste 203 Easton, MD 21601",(667) 372-4468
"Pure Pellet Therapy LLC, 3168 Braverton St Ste 250 Edgewater, MD 21037",Pure Pellet Therapy LLC,"3168 Braverton St Ste 250 Edgewater, MD 21037",(443) 294-7324
"Youthful Obsession, LLC, 165 Mitchells Chance Rd Edgewater, MD 21037","Youthful Obsession, LLC","165 Mitchells Chance Rd Edgewater, MD 21037",(301) 307-5762
"Body Basics Wellness Center, 1311 Londontown Blvd Ste 140 Eldersburg, MD 21784",Body Basics Wellness Center,"1311 Londontown Blvd Ste 140 Eldersburg, MD 21784",(443) 331-5359
"Ellicott City Women's Health, 11089 Resort Rd Ste 204 Ellicott City, MD 21042",Ellicott City Women's Health,"11089 Resort Rd Ste 204 Ellicott City, MD 21042",(240) 558-6326
"Pura Vida Med Spa, 8110 Maple Lawn Blvd Ste 145 Fulton, MD 20759",Pura Vida Med Spa,"8110 Maple Lawn Blvd Ste 145 Fulton, MD 20759",(240) 558-5286
"Gohari Health Group, 9063 Shady Grove Ct Gaithersburg, MD 20877",Gohari Health Group,"9063 Shady Grove Ct Gaithersburg, MD 20877",(240) 875-6736
"Family Health and Wellness, 1438 Defense Hwy # 201 Gambrills, MD 21054",Family Health and Wellness,"1438 Defense Hwy # 201 Gambrills, MD 21054",(240) 817-2813
"Womens Health Services of Maryland, 1600 Crain Highway South Suite 106 Glen Burnie, MD 21061",Womens Health Services of Maryland,"1600 Crain Highway South Suite 106 Glen Burnie, MD 21061",(443) 348-9730
"Metropolitan Women's Group, LLC, 7701 Greenbelt Road Ste 503 Greenbelt, MD 20770","Metropolitan Women's Group, LLC","7701 Greenbelt Road Ste 503 Greenbelt, MD 20770",(240) 817-3446
"Transform Bariatrics & Aesthetics, 6401 Golden Triangle Dr Ste 307 Greenbelt, MD 20770",Transform Bariatrics & Aesthetics,"6401 Golden Triangle Dr Ste 307 Greenbelt, MD 20770",(301) 719-5054
"Women's Wellness MD – Greenbelt, 7335 Hanover Parkway Suite B Greenbelt, MD 20770",Women's Wellness MD – Greenbelt,"7335 Hanover Parkway Suite B Greenbelt, MD 20770",(443) 672-4515
"Everwell Health and Hormone Solutions, 354 Mill St Hagerstown, MD 21740",Everwell Health and Hormone Solutions,"354 Mill St Hagerstown, MD 21740",(681) 246-6273
"A Better You, 525 Main Street Suite 101 Laurel, MD 20707",A Better You,"525 Main Street Suite 101 Laurel, MD 20707",(443) 825-4782
"Pure Health, 8133 Perry Hall Blvd Suite 221 Nottingham, MD 21237",Pure Health,"8133 Perry Hall Blvd Suite 221 Nottingham, MD 21237",(443) 785-6313
"DRIP Station DMV, 201 Centennial St Ste D2 La Plata, MD 20646",DRIP Station DMV,"201 Centennial St Ste D2 La Plata, MD 20646",(240) 697-2496
"Capital Center for Functional Medicine, 11325 Seven Locks Road Ste 290 Potomac, MD 20854",Capital Center for Functional Medicine,"11325 Seven Locks Road Ste 290 Potomac, MD 20854",(240) 875-4114
"Potomac Medical Aesthetics, 7811 Montrose Rd Ste 310 Potomac, MD 20854",Potomac Medical Aesthetics,"7811 Montrose Rd Ste 310 Potomac, MD 20854",(240) 875-6603
"Elite Healthcare Center, 6010 Executive Blvd Ste 506 Rockville, MD 20852",Elite Healthcare Center,"6010 Executive Blvd Ste 506 Rockville, MD 20852",(240) 875-5907
"Hogue Health Vitality and Aesthetics, 1300 S Division St Ste B Salisbury, MD 21804",Hogue Health Vitality and Aesthetics,"1300 S Division St Ste B Salisbury, MD 21804",(302) 404-2530
"Advanced Center for Plastic Surgery, 12205 Tullamore Rd Timonium, MD 21093",Advanced Center for Plastic Surgery,"12205 Tullamore Rd Timonium, MD 21093",(717) 942-9408
"ProMD Health Timonium, 9515 Deereco Road Suite 600 Timonium, MD 21093",ProMD Health Timonium,"9515 Deereco Road Suite 600 Timonium, MD 21093",(240) 219-6746
"Her Health Lab, 239 E. Main Street Suite 13, Studio 44 Westminster, MD 21157",Her Health Lab,"239 E. Main Street Suite 13, Studio 44 Westminster, MD 21157",(717) 752-1033
"DermaCare Wellness, 4449 Crain Hwy White Plains, MD 20695",DermaCare Wellness,"4449 Crain Hwy White Plains, MD 20695",(301) 287-5153
"Tensegrity Health and Aesthetics, 700 Mount Hope Ave Ste 650 Bangor, ME 04401",Tensegrity Health and Aesthetics,"700 Mount Hope Ave Ste 650 Bangor, ME 04401",(207) 707-8905
"Coastal Aesthetics Maine, 1537 US Route 1 Cape Neddick, ME 03902",Coastal Aesthetics Maine,"1537 US Route 1 Cape Neddick, ME 03902",(207) 502-6771
"Maine Aesthetic Medicine, 163 Fore St Fl 2 Portland, ME 04101",Maine Aesthetic Medicine,"163 Fore St Fl 2 Portland, ME 04101",(207) 389-3566
"Family Practice & Orthopedic Care Center, 410 N Willowbrook Rd Coldwater, MI 49036",Family Practice & Orthopedic Care Center,"410 N Willowbrook Rd Coldwater, MI 49036",(517) 826-9709
"Sonoran Wellness Medispa - MI, 4520 Firestone Street Dearborn, MI 48126",Sonoran Wellness Medispa - MI,"4520 Firestone Street Dearborn, MI 48126",(520) 523-2711
"Ageless Units, 21 W Main St Fremont, MI 49412",Ageless Units,"21 W Main St Fremont, MI 49412",(231) 500-5756
"Grand Pearl Spa, 220 Lyon Street Northwest Suite 700 Suite 700 Grand Rapids, MI 49503",Grand Pearl Spa,"220 Lyon Street Northwest Suite 700 Suite 700 Grand Rapids, MI 49503",(269) 301-1357
"Fountain of Youth Skin Renewal Centre, 10112 Highland Rd Hartland, MI 48353",Fountain of Youth Skin Renewal Centre,"10112 Highland Rd Hartland, MI 48353",(810) 771-9589
"Corner Studio, 214 W Grand River Ave Howell, MI 48843",Corner Studio,"214 W Grand River Ave Howell, MI 48843",(947) 225-5264
"Angie Scott Skin Health, 3409 Sterns Rd Lambertville, MI 48144",Angie Scott Skin Health,"3409 Sterns Rd Lambertville, MI 48144",(567) 406-5054
"Flawless Med Spa & IV Lounge, 608 S Main St Lapeer, MI 48446",Flawless Med Spa & IV Lounge,"608 S Main St Lapeer, MI 48446",(989) 660-8002
"Freshcoast Wellness, 307 S Front St Ste 120 Marquette, MI 49855",Freshcoast Wellness,"307 S Front St Ste 120 Marquette, MI 49855",(906) 936-3088
"Annu Mohan MD, 2480  Rosewood Drive N Mount Pleasant, MI 48858",Annu Mohan MD,"2480  Rosewood Drive N Mount Pleasant, MI 48858",(989) 467-3993
"Nicki Lamaj Wellness LLC, 2985 Mt. Hope Rd. STE 109 Okemos, MI 48864",Nicki Lamaj Wellness LLC,"2985 Mt. Hope Rd. STE 109 Okemos, MI 48864",(517) 883-2432
"Refinery Aesthetics + Wellness, 18 North Washington St Suite C Oxford, MI 48371",Refinery Aesthetics + Wellness,"18 North Washington St Suite C Oxford, MI 48371",(947) 210-7823
"West Michigan Plastic Surgery, 8175 Creekside Dr. Ste 100 Portage, MI 49024",West Michigan Plastic Surgery,"8175 Creekside Dr. Ste 100 Portage, MI 49024",(269) 399-3977
"Whole Health Regenerative Medicine, PC, 3263 Racquet Club Drive Traverse City, MI 49684","Whole Health Regenerative Medicine, PC","3263 Racquet Club Drive Traverse City, MI 49684",(231) 751-2527
"The Functional Endocrinologist, 21090 Allen Rd Woodhaven, MI 48183",The Functional Endocrinologist,"21090 Allen Rd Woodhaven, MI 48183",(734) 415-4709
"Aidin Wellness, 805 Spruce Ave Barrett, MN 56311",Aidin Wellness,"805 Spruce Ave Barrett, MN 56311",(701) 401-9947
"Cromwell Medical Clinic PLLC, 5568 Clark Ave Ste 1 Cromwell, MN 55726",Cromwell Medical Clinic PLLC,"5568 Clark Ave Ste 1 Cromwell, MN 55726",(218) 752-0113
"Wellvita Health, 1820 Sahlstrom Dr Crookston, MN 56716",Wellvita Health,"1820 Sahlstrom Dr Crookston, MN 56716",(701) 638-3623
"Dr. Ann Aesthetics, 4420 Valley View Rd Ste 301 Edina, MN 55424",Dr. Ann Aesthetics,"4420 Valley View Rd Ste 301 Edina, MN 55424",(952) 230-7410
"Medical Specialists, PA, 6550 York Ave S Ste 211 Edina, MN 55435","Medical Specialists, PA","6550 York Ave S Ste 211 Edina, MN 55435",(952) 592-8123
"Skin Rejuvenation Clinic, 3601 Minnesota Dr Ste 100 Edina, MN 55435",Skin Rejuvenation Clinic,"3601 Minnesota Dr Ste 100 Edina, MN 55435",(651) 946-8227
"EverYouth, 4444 W 76th St Suite 500 Edna, MN 55435",EverYouth,"4444 W 76th St Suite 500 Edna, MN 55435",(952) 900-2134
"Sola Wellness & Aesthetics, 106 Johnson Ave N Fosston, MN 56542",Sola Wellness & Aesthetics,"106 Johnson Ave N Fosston, MN 56542",(218) 261-7349
"Advanced Practice Aesthetics, 913 1st St N Hopkins, MN 55343",Advanced Practice Aesthetics,"913 1st St N Hopkins, MN 55343",(952) 234-5994
"Aesthetic Creator, LLC, 75 Teton Lane Mankato, MN 56001","Aesthetic Creator, LLC","75 Teton Lane Mankato, MN 56001",(507) 419-3559
"Remedy Medical Aesthetics & Wellness, 7767 Elm Creek Blvd N Suite 100 Maple Grove, MN 55369",Remedy Medical Aesthetics & Wellness,"7767 Elm Creek Blvd N Suite 100 Maple Grove, MN 55369",(952) 522-5089
"Infinite Youth Medical Spa, 10900 Wayzata Blvd Ste 215 Minnetonka, MN 55305",Infinite Youth Medical Spa,"10900 Wayzata Blvd Ste 215 Minnetonka, MN 55305",(651) 377-5072
"MK Aesthetics, 14525 Highway 7 Ste 360 Minnetonka, MN 55345",MK Aesthetics,"14525 Highway 7 Ste 360 Minnetonka, MN 55345",(952) 856-8287
"The Lux MedSpa, 502 Division St S Northfield, MN 55057",The Lux MedSpa,"502 Division St S Northfield, MN 55057",(507) 824-4137
"The Lux Medspa - Owatonna, 731 E Main St Owatonna, MN 55060",The Lux Medspa - Owatonna,"731 E Main St Owatonna, MN 55060",(507) 431-5110
"Revival Aesthetics LLC, 14 1st Avenue South Buffalo, MN 55313",Revival Aesthetics LLC,"14 1st Avenue South Buffalo, MN 55313",(320) 526-1420
"Glacial Lakes Aesthetics, 143 Lake Ave. N Spicer, MN 56288",Glacial Lakes Aesthetics,"143 Lake Ave. N Spicer, MN 56288",(320) 363-9427
"Awaken Aesthetics and Wellness LLC, 7924 Victoria Dr #201 Victoria, MN 55386",Awaken Aesthetics and Wellness LLC,"7924 Victoria Dr #201 Victoria, MN 55386",(320) 300-1822
"Waterside Healthcare & Wellness, 9360 Oak Ave Waconia, MN 55387",Waterside Healthcare & Wellness,"9360 Oak Ave Waconia, MN 55387",(651) 615-9958
"Genesis Medical Spa, 92 Mill Hill Rd Bloomsdale, MO 63627",Genesis Medical Spa,"92 Mill Hill Rd Bloomsdale, MO 63627",(573) 702-3466
"ACCUCARE Medical Clinic, 288 Wintergreen Road Branson, MO 65616",ACCUCARE Medical Clinic,"288 Wintergreen Road Branson, MO 65616",(417) 785-3159
"Reviving Wellness Institute, 352 S. Broadview St. Cape Girardeau, MO 63703",Reviving Wellness Institute,"352 S. Broadview St. Cape Girardeau, MO 63703",(573) 279-3138
"Ethos Medical Spa, 116 Chesterfield Commons Rd E Chesterfield, MO 63005",Ethos Medical Spa,"116 Chesterfield Commons Rd E Chesterfield, MO 63005",(636) 216-6123
"HIPOR, 14825 North Outer 40 Rd Ste 310 Chesterfield, MO 63017",HIPOR,"14825 North Outer 40 Rd Ste 310 Chesterfield, MO 63017",(314) 988-2194
"Synergi Med Spa, 17000 Baxter Rd Ste 102 Chesterfield, MO 63005",Synergi Med Spa,"17000 Baxter Rd Ste 102 Chesterfield, MO 63005",(314) 789-7947
"Osage Valley Plastic Surgery - Columbia, 1601 East Broadway Suite 250 Columbia, MO 65201",Osage Valley Plastic Surgery - Columbia,"1601 East Broadway Suite 250 Columbia, MO 65201",(573) 533-4125
"Women'S Health Associates, Inc., 1601 E Broadway Ste 100 Columbia, MO 65201","Women'S Health Associates, Inc.","1601 E Broadway Ste 100 Columbia, MO 65201",(573) 240-2463
"Adore U, 111 Church St O Fallon, MO 63366",Adore U,"111 Church St O Fallon, MO 63366",(314) 237-2835
"Aestheticare Medspa STL, 10401 Clayton Rd. STE 100 Frontenac, MO 63131",Aestheticare Medspa STL,"10401 Clayton Rd. STE 100 Frontenac, MO 63131",(618) 538-1210
"Horizon Med Spa and Wellness - Plaza, 4901 Wornall Rd Ste 2 Kansas City, MO 64112",Horizon Med Spa and Wellness - Plaza,"4901 Wornall Rd Ste 2 Kansas City, MO 64112",(913) 349-6815
"Autumn Sun Wellness, 249 W Mill St Ste 108 Liberty, MO 64068",Autumn Sun Wellness,"249 W Mill St Ste 108 Liberty, MO 64068",(816) 451-3757
"Progress Medical Clinic, 16 Hampton Village Plaza Ste 276 St. Louis, MO 63109",Progress Medical Clinic,"16 Hampton Village Plaza Ste 276 St. Louis, MO 63109",(314) 947-3403
"Simply Health Integrated Medical LLC, 12977 N 40 Dr Ste 105 St. Louis, MO 63141",Simply Health Integrated Medical LLC,"12977 N 40 Dr Ste 105 St. Louis, MO 63141",(618) 538-0856
"Estetica Med Spa, 2315 Technology Drive O'Fallon, MO 63368",Estetica Med Spa,"2315 Technology Drive O'Fallon, MO 63368",(618) 368-4307
"Osage Valley Plastic Surgery, 985 Executive Drive Osage Beach, MO 65065",Osage Valley Plastic Surgery,"985 Executive Drive Osage Beach, MO 65065",(573) 524-8848
"Sharlin Health And Neurology Llc, 5528 N Farmer Branch Rd Ozark, MO 65721",Sharlin Health And Neurology Llc,"5528 N Farmer Branch Rd Ozark, MO 65721",(417) 212-5396
"Women's Health Specialists, 2340 Katy Ln Poplar Bluff, MO 63901",Women's Health Specialists,"2340 Katy Ln Poplar Bluff, MO 63901",(573) 490-2319
"Osage Valley Plastic Surgery - Rolla, 201 South Bishop Avenue Ste. B Rolla, MO 65401",Osage Valley Plastic Surgery - Rolla,"201 South Bishop Avenue Ste. B Rolla, MO 65401",(573) 677-9363
"4Ever Young Med Spa, 11716 Studt Ave Saint Louis, MO 63141",4Ever Young Med Spa,"11716 Studt Ave Saint Louis, MO 63141",(636) 689-3527
"EOS Medical llc, 3860 S Lindbergh Blvd Ste 108 Saint Louis, MO 63127",EOS Medical llc,"3860 S Lindbergh Blvd Ste 108 Saint Louis, MO 63127",(618) 207-4386
"Modern Med, 10010 Watson Rd Saint Louis, MO 63126",Modern Med,"10010 Watson Rd Saint Louis, MO 63126",(636) 422-5472
"417 Health & Wellness, 5360 S Campbell Ave Ste D Springfield, MO 65810",417 Health & Wellness,"5360 S Campbell Ave Ste D Springfield, MO 65810",(417) 447-7777
"DermaHealth Laser & Skin Care Clinic, 1850 S Stewart Ave Springfield, MO 65804",DermaHealth Laser & Skin Care Clinic,"1850 S Stewart Ave Springfield, MO 65804",(417) 212-5920
"Becking Wellness, 101 South Locust Street Ste B dexter, MO 63841",Becking Wellness,"101 South Locust Street Ste B dexter, MO 63841",(573) 282-7719
"Sims Medical Spa, LLC, 16 S Sixth St Bay Springs, MS 39422","Sims Medical Spa, LLC","16 S Sixth St Bay Springs, MS 39422",(601) 822-3041
"A Better Health & Wellness, 971 Tommy Munro Drive Biloxi, MS 39532",A Better Health & Wellness,"971 Tommy Munro Drive Biloxi, MS 39532",(228) 338-2843
"Hebe Diaz, MD, 1720 A Medical Park Dr Suite 130C Biloxi, MS 39532","Hebe Diaz, MD","1720 A Medical Park Dr Suite 130C Biloxi, MS 39532",(228) 222-8932
"Tensegrity Physicians and Surgeons, 147 Reynoir St Ste 101 Biloxi, MS 39530",Tensegrity Physicians and Surgeons,"147 Reynoir St Ste 101 Biloxi, MS 39530",(228) 335-8696
"Performance Health & Wellness, 109 High Point Ct Suite A Brandon, MS 39042",Performance Health & Wellness,"109 High Point Ct Suite A Brandon, MS 39042",(601) 603-3055
"Patel Family Medical, 423 Central Ave Coldwater, MS 38618",Patel Family Medical,"423 Central Ave Coldwater, MS 38618",(662) 707-5945
"Sculpt Aesthetics and Wellness, 5352 Hwy 25 Suite 1650 Flowood, MS 39232",Sculpt Aesthetics and Wellness,"5352 Hwy 25 Suite 1650 Flowood, MS 39232",(601) 300-5795
"Dorsey Family Medical Clinic, 905 Bethel Church Rd Fulton, MS 38843",Dorsey Family Medical Clinic,"905 Bethel Church Rd Fulton, MS 38843",(662) 591-0605
"Health Fit MD, 15429 Oneal Rd Gulfport, MS 39503",Health Fit MD,"15429 Oneal Rd Gulfport, MS 39503",(228) 305-5328
"Forward Health Solutions, 140 Mayfair Rd Ste 1700 Hattiesburg, MS 39402",Forward Health Solutions,"140 Mayfair Rd Ste 1700 Hattiesburg, MS 39402",(769) 207-0644
"Westside Aesthetics Health & Wellness, 6555 US-98 Ste D Hattiesburg, MS 39402",Westside Aesthetics Health & Wellness,"6555 US-98 Ste D Hattiesburg, MS 39402",(601) 674-9081
"H&H Aesthetics, 441 W Madison St Ste C Houston, MS 38851",H&H Aesthetics,"441 W Madison St Ste C Houston, MS 38851",(662) 447-7642
"North Laurel Family Medicine, 3115 Audubon Dr Laurel, MS 39440",North Laurel Family Medicine,"3115 Audubon Dr Laurel, MS 39440",(601) 996-5683
"Mantachie Rural Health Care, 5681 Highway 363 Mantachie, MS 38855",Mantachie Rural Health Care,"5681 Highway 363 Mantachie, MS 38855",(662) 302-3610
"Webster Urgent Care, 24978 MS Highway 15 Mathiston, MS 39752",Webster Urgent Care,"24978 MS Highway 15 Mathiston, MS 39752",(662) 384-6918
"The Nelson Center for Women, 1514 23rd Ave Meridian, MS 39301",The Nelson Center for Women,"1514 23rd Ave Meridian, MS 39301",(601) 840-5549
"MegMed Health, 210 State Highway 30 W New Albany, MS 38652",MegMed Health,"210 State Highway 30 W New Albany, MS 38652",(662) 576-2226
"Bella Pelle, LLC, 215 Telly Road Picayune, MS 39466","Bella Pelle, LLC","215 Telly Road Picayune, MS 39466",(985) 256-4263
"Mississippi Hormone Therapy, 204 W Jackson St Ste B Ridgeland, MS 39157",Mississippi Hormone Therapy,"204 W Jackson St Ste B Ridgeland, MS 39157",(601) 636-7222
"Performance Weightloss, 680 US-51 Suite D Ridgeland, MS 39157",Performance Weightloss,"680 US-51 Suite D Ridgeland, MS 39157",(601) 391-6754
"East Jones Family Medicine, 109 N Front Street Sandersville, MS 39477",East Jones Family Medicine,"109 N Front Street Sandersville, MS 39477",(769) 553-2582
"Inspire Health and Wellness, 7105 Swinnea Rd. Ste #1 Southaven, MS 38671",Inspire Health and Wellness,"7105 Swinnea Rd. Ste #1 Southaven, MS 38671",(662) 262-9107
"State Aesthetics, 521 S Montgomery St # 2 Starkville, MS 39759",State Aesthetics,"521 S Montgomery St # 2 Starkville, MS 39759",(662) 729-6453
"Mississippi Hormone - Vicksburg, 188 Ymca Pl Vicksburg, MS 39183",Mississippi Hormone - Vicksburg,"188 Ymca Pl Vicksburg, MS 39183",(601) 636-7222
"Life Brand Health, 605 Sullivan Ave Circle, MT 59215",Life Brand Health,"605 Sullivan Ave Circle, MT 59215",(406) 717-6352
"Rural Revival, 115 N Main St Baker, MT 59313",Rural Revival,"115 N Main St Baker, MT 59313",(406) 729-4685
"Geez Louise Beauty & Aesthetics, 4010 Montana Sapphire Dr Ste 4 Billings, MT 59106",Geez Louise Beauty & Aesthetics,"4010 Montana Sapphire Dr Ste 4 Billings, MT 59106",(406) 812-5189
"Fresh Start Health & Wellness, 2040 N 22nd Ave STE 2 Bozeman, MT 59718",Fresh Start Health & Wellness,"2040 N 22nd Ave STE 2 Bozeman, MT 59718",(406) 213-7526
"Haus Health, 1940 W Dickerson St Ste 205 Bozeman, MT 59718",Haus Health,"1940 W Dickerson St Ste 205 Bozeman, MT 59718",(406) 518-7091
"Hormone Health Montana, 750 W. Custer Ave Suite 3 Helena, MT 59602",Hormone Health Montana,"750 W. Custer Ave Suite 3 Helena, MT 59602",(406) 430-5374
"Mudita, 418 Last Chance Gulch Suite 7 Helena, MT 59601",Mudita,"418 Last Chance Gulch Suite 7 Helena, MT 59601",(406) 296-5004
"Rocky Mountain Health and Healing, 1075 N Rodney St Ste 102 Helena, MT 59601",Rocky Mountain Health and Healing,"1075 N Rodney St Ste 102 Helena, MT 59601",(406) 430-2906
"Base Vitality, 103 Ponderosa Ln Kalispell, MT 59901",Base Vitality,"103 Ponderosa Ln Kalispell, MT 59901",(406) 991-3516
"Coeur Health - Whitefish, 233 Agate Dr Whitefish, MT 59937",Coeur Health - Whitefish,"233 Agate Dr Whitefish, MT 59937",(406) 909-4306
"Northwest Family & Functional Medicine, 1232 Whitefish Stage Kalispell, MT 59901",Northwest Family & Functional Medicine,"1232 Whitefish Stage Kalispell, MT 59901",(406) 709-5715
"Live Oak Med Spa, 5130 Southport Supply Rd SE Suite 101-2 Southport, NC 28461",Live Oak Med Spa,"5130 Southport Supply Rd SE Suite 101-2 Southport, NC 28461",(910) 877-8434
"Elite-Bio Hormone & Aesthetic Solutions, 149 Logan Court Suite B Angier, NC 27501",Elite-Bio Hormone & Aesthetic Solutions,"149 Logan Court Suite B Angier, NC 27501",(910) 812-5229
"Radiance Rx PLLC, 2046 Creekside Landing Dr Apex, NC 27502",Radiance Rx PLLC,"2046 Creekside Landing Dr Apex, NC 27502",(984) 364-8246
"Mountain Radiance Medical Spa, 7 Yorkshire St Ste 102 Asheville, NC 28803",Mountain Radiance Medical Spa,"7 Yorkshire St Ste 102 Asheville, NC 28803",(828) 235-4888
"West Asheville Aesthetics & Wellness, 747 Haywood Rd Ste 201 Asheville, NC 28806",West Asheville Aesthetics & Wellness,"747 Haywood Rd Ste 201 Asheville, NC 28806",(828) 560-5159
"MARC Belmont, 246 Beatty Dr Suite 100 Belmont, NC 28012",MARC Belmont,"246 Beatty Dr Suite 100 Belmont, NC 28012",(980) 291-7099
"Primary Medical Care at the Crossroads, 58 Old Roberts Road Ste 102 Benson, NC 27504",Primary Medical Care at the Crossroads,"58 Old Roberts Road Ste 102 Benson, NC 27504",(984) 229-8506
"High Country Wellness, 141 Doctors Dr Boone, NC 28607",High Country Wellness,"141 Doctors Dr Boone, NC 28607",(828) 800-9173
"SALT Health and Wellness, PLLC, 197 Calabash Road Northwest Suite 2 Calabash, NC 28467","SALT Health and Wellness, PLLC","197 Calabash Road Northwest Suite 2 Calabash, NC 28467",(910) 377-9564
"Sandhills Functional Medicine, 334 Mill Creek Rd Ste B Carthage, NC 28327",Sandhills Functional Medicine,"334 Mill Creek Rd Ste B Carthage, NC 28327",(910) 565-9539
"Dvida Med Spa, 123 Weston Parkway Ste 650 Cary, NC 27513",Dvida Med Spa,"123 Weston Parkway Ste 650 Cary, NC 27513",(336) 810-1776
"Preston Medical Associates, Pa, 3600 Nw Cary Parkway Ste 104 Cary, NC 27513","Preston Medical Associates, Pa","3600 Nw Cary Parkway Ste 104 Cary, NC 27513",(919) 420-3896
"Vega Vitality MedSpa & Wellness - Fenton, 350 Fenton Gateway Dr. Ste 105 Cary, NC 27511",Vega Vitality MedSpa & Wellness - Fenton,"350 Fenton Gateway Dr. Ste 105 Cary, NC 27511",(445) 234-6013
"Vitalize Wellness, 1143 Executive Circle Suite E Cary, NC 27511",Vitalize Wellness,"1143 Executive Circle Suite E Cary, NC 27511",(984) 205-2969
"Infuse Wellness of Emerald Isle, 702 Cedar Point Blvd Cedar Point, NC 28584",Infuse Wellness of Emerald Isle,"702 Cedar Point Blvd Cedar Point, NC 28584",(252) 302-4894
"4EverYoung Anti-Aging Solutions Charlotte, 7510 Pineville Matthews Rd. Suite 1B Charlotte, NC 28226",4EverYoung Anti-Aging Solutions Charlotte,"7510 Pineville Matthews Rd. Suite 1B Charlotte, NC 28226",(980) 982-8552
"Beck Aesthetic Surgery, 11210 Golf Links Dr N Ste 100 Charlotte, NC 28277",Beck Aesthetic Surgery,"11210 Golf Links Dr N Ste 100 Charlotte, NC 28277",(803) 902-4148
"Maxim Pineville, 10508 Park Rd Ste 110 Charlotte, NC 28210",Maxim Pineville,"10508 Park Rd Ste 110 Charlotte, NC 28210",(980) 246-3702
"Maxim South End, 128 E Park Ave Unit A Charlotte, NC 28203",Maxim South End,"128 E Park Ave Unit A Charlotte, NC 28203",(980) 983-6142
"Skin by Blair, PLLC, 512 East Blvd Charlotte, NC 28203","Skin by Blair, PLLC","512 East Blvd Charlotte, NC 28203",(980) 550-4767
"Thrive Carolinas, 6401 Carnegie Blvd 2A Charlotte, NC 28211",Thrive Carolinas,"6401 Carnegie Blvd 2A Charlotte, NC 28211",(980) 385-7515
"Urban Med Spa, 8535 Cliff Cameron Dr. Suite 116 Charlotte, NC 28269",Urban Med Spa,"8535 Cliff Cameron Dr. Suite 116 Charlotte, NC 28269",(980) 247-4325
"Incandescence Medical & Aesthetics, 110 E. Main St. Cherryville, NC 28021",Incandescence Medical & Aesthetics,"110 E. Main St. Cherryville, NC 28021",(704) 459-6773
"Infinite Wellness of the Carolinas, 103 Country Club Dr. NE Concord, NC 28025",Infinite Wellness of the Carolinas,"103 Country Club Dr. NE Concord, NC 28025",(980) 268-3751
"Fann Family Medicine, 211 W Cumberland St Dunn, NC 28334",Fann Family Medicine,"211 W Cumberland St Dunn, NC 28334",(910) 766-9546
"Temple Aesthetics and Wellness, PLLC, 811 9TH ST STE 260 Durham, NC 27705","Temple Aesthetics and Wellness, PLLC","811 9TH ST STE 260 Durham, NC 27705",(984) 983-3161
"Elizabeth City Med Spa, 203 W Main St Elizabeth City, NC 27909",Elizabeth City Med Spa,"203 W Main St Elizabeth City, NC 27909",(252) 599-9109
"Above & Beyond Wellness and MedSpa, 505 W Broad St. Elizabethtown, NC 28337",Above & Beyond Wellness and MedSpa,"505 W Broad St. Elizabethtown, NC 28337",(910) 659-8132
"Restore Hope and Wellness, 110 East H Street Erwin, NC 28339",Restore Hope and Wellness,"110 East H Street Erwin, NC 28339",(910) 994-8572
"Age-Undefined Aesthetics, 2625 Raeford Road Fayetteville, NC 28303",Age-Undefined Aesthetics,"2625 Raeford Road Fayetteville, NC 28303",(910) 996-5040
"Awaken Wellness NC, 405 Barrington Cross Street Fayetteville, NC 28303",Awaken Wellness NC,"405 Barrington Cross Street Fayetteville, NC 28303",(910) 469-4367
"Curative Mind Health, 2911 Breezewood Ave Ste 201 Fayetteville, NC 28303",Curative Mind Health,"2911 Breezewood Ave Ste 201 Fayetteville, NC 28303",(910) 996-2769
"Optimal Vitality PLLC, 201 S. McPherson Church Rd STE 231 Fayetteville, NC 28303",Optimal Vitality PLLC,"201 S. McPherson Church Rd STE 231 Fayetteville, NC 28303",(910) 996-3242
"Radiant Wellness & Aesthetics, 5511 Ramsey St Ste 100 Fayetteville, NC 28311",Radiant Wellness & Aesthetics,"5511 Ramsey St Ste 100 Fayetteville, NC 28311",(910) 565-9082
"Rapid Care - Fayetteville, 4534 Raeford Rd Fayetteville, NC 28304",Rapid Care - Fayetteville,"4534 Raeford Rd Fayetteville, NC 28304",(910) 537-5421
"Skin Specialist of Fayetteville, 1661 Owen DR. Fayetteville, NC 28304",Skin Specialist of Fayetteville,"1661 Owen DR. Fayetteville, NC 28304",(910) 838-6677
"Zendrips & Wellness, 2929 Breezewood Ave Ste 201 Fayetteville, NC 28303",Zendrips & Wellness,"2929 Breezewood Ave Ste 201 Fayetteville, NC 28303",(910) 996-4987
"Rose Hope Primary Care, 934 Vandora Springs Rd Garner, NC 27529",Rose Hope Primary Care,"934 Vandora Springs Rd Garner, NC 27529",(252) 590-4348
"Medical Aesthetics Regenerative Center, 2555 Court Dr Ste 400 Gastonia, NC 28054",Medical Aesthetics Regenerative Center,"2555 Court Dr Ste 400 Gastonia, NC 28054",(980) 281-9818
"Berry Personalized Primary Care, 704 Main Street Gatesville, NC 27938",Berry Personalized Primary Care,"704 Main Street Gatesville, NC 27938",(252) 427-6052
"Bluebell Health & Wellness PLLC, 3484 US Hwy 13 S. Goldsboro, NC 27530",Bluebell Health & Wellness PLLC,"3484 US Hwy 13 S. Goldsboro, NC 27530",(252) 645-2773
"Goldsboro Internal Medicine And Med-Spa, 1600 Wayne Memorial Dr Ste C Goldsboro, NC 27534",Goldsboro Internal Medicine And Med-Spa,"1600 Wayne Memorial Dr Ste C Goldsboro, NC 27534",(919) 443-6900
"Natural Beauty Aesthetics, PLLC, 501 Patetown Rd Ste 3 Goldsboro, NC 27530","Natural Beauty Aesthetics, PLLC","501 Patetown Rd Ste 3 Goldsboro, NC 27530",(919) 925-4354
"Carolina Clinic for Health and Wellness, 2414 Emerald Pl Greenville, NC 27834",Carolina Clinic for Health and Wellness,"2414 Emerald Pl Greenville, NC 27834",(252) 359-2043
"Mission Wellness & Aesthetics - Hampstead, 17117 US HW 17 Ste A Hampstead, NC 28443",Mission Wellness & Aesthetics - Hampstead,"17117 US HW 17 Ste A Hampstead, NC 28443",(910) 407-7404
"Nyssa Wellness PLLC, 44 Shuckin St Unit 201 Ste 13 Hampstead, NC 28443",Nyssa Wellness PLLC,"44 Shuckin St Unit 201 Ste 13 Hampstead, NC 28443",(910) 839-7632
"Holly Springs Functional Health & Hormone, 342 Raleigh St Holly Springs, NC 27540",Holly Springs Functional Health & Hormone,"342 Raleigh St Holly Springs, NC 27540",(984) 283-5989
"THRIVE Skin + Wellness, 108 Bass Lake Rd Holly Springs, NC 27540",THRIVE Skin + Wellness,"108 Bass Lake Rd Holly Springs, NC 27540",(984) 229-9547
"Carolina Age Management Institute, 16315 Northcross Dr Ste A Huntersville, NC 28078",Carolina Age Management Institute,"16315 Northcross Dr Ste A Huntersville, NC 28078",(980) 223-6745
"ThriveWell Health, 16610 Birkdale Commons Pkwy Ste B Huntersville, NC 28078",ThriveWell Health,"16610 Birkdale Commons Pkwy Ste B Huntersville, NC 28078",(980) 352-1947
"Estetica Med Spa By Concierge Aesthetics, 1700 Country Club Road Jacksonville, NC 28546",Estetica Med Spa By Concierge Aesthetics,"1700 Country Club Road Jacksonville, NC 28546",(910) 981-2405
"Mission Wellness & Aesthetics, 1201 Gum Branch Rd Jacksonville, NC 28540",Mission Wellness & Aesthetics,"1201 Gum Branch Rd Jacksonville, NC 28540",(252) 397-4285
"Viva Lux Medspa, 2593 Henderson Dr. Jacksonville, NC 28546",Viva Lux Medspa,"2593 Henderson Dr. Jacksonville, NC 28546",(910) 631-6482
"Avanti Aesthetics and Wellness, 401 E Main St Jefferson, NC 28640",Avanti Aesthetics and Wellness,"401 E Main St Jefferson, NC 28640",(276) 388-1185
"Mountcastle Laser & Aesthetics, 22 W Front St Lillington, NC 27546",Mountcastle Laser & Aesthetics,"22 W Front St Lillington, NC 27546",(910) 543-8780
"Revivque, 1772 West Main Street Locust, NC 28097",Revivque,"1772 West Main Street Locust, NC 28097",(980) 409-3497
"Carolina Acute Care & Wellness, 2601 N Elm St Ste A Lumberton, NC 28358",Carolina Acute Care & Wellness,"2601 N Elm St Ste A Lumberton, NC 28358",(910) 370-8588
"Healing Hands Family Practice, PLLC, 1003 Woodridge Dr Lumberton, NC 28358","Healing Hands Family Practice, PLLC","1003 Woodridge Dr Lumberton, NC 28358",(910) 519-8126
"New Moon Health & Wellness, 4850 Fayetteville Road Suite C Lumberton, NC 28358",New Moon Health & Wellness,"4850 Fayetteville Road Suite C Lumberton, NC 28358",(910) 629-4469
"Hope Health Family Practice, Pllc, 201 E Main Street, Rowland, NC 28383","Hope Health Family Practice, Pllc","201 E Main Street, Rowland, NC 28383",(910) 240-4635
"Revive Aesthetics and Wellness - Matthews, 1208 Mann Dr Ste 200 Matthews, NC 28105",Revive Aesthetics and Wellness - Matthews,"1208 Mann Dr Ste 200 Matthews, NC 28105",(980) 414-0540
"Family Urgent Care, 3007 Wesley Chapel Stouts Rd Ste B Monroe, NC 28110",Family Urgent Care,"3007 Wesley Chapel Stouts Rd Ste B Monroe, NC 28110",(980) 294-3980
"Infinite Wellness of the Carolinas Monroe, 2160 Commerce Dr Ste B Monroe, NC 28110",Infinite Wellness of the Carolinas Monroe,"2160 Commerce Dr Ste B Monroe, NC 28110",(980) 304-1999
"Pure Primary Wellness, 215 E. Jefferson St. Monroe, NC 28112",Pure Primary Wellness,"215 E. Jefferson St. Monroe, NC 28112",(980) 552-8980
"Rejuvenating Reflection Aesthetics, 1880 Concord Ave Ste A Monroe, NC 28110",Rejuvenating Reflection Aesthetics,"1880 Concord Ave Ste A Monroe, NC 28110",(980) 809-4823
"Revive Aesthetics and Wellness - Monroe, 1606 E Roosevelt Blvd Suite 207 Monroe, NC 28112",Revive Aesthetics and Wellness - Monroe,"1606 E Roosevelt Blvd Suite 207 Monroe, NC 28112",(910) 996-0229
"Piedmont Healthcare Internal Medicine, 128 Medical Park Rd. St. 101 Mooresville, NC 28117",Piedmont Healthcare Internal Medicine,"128 Medical Park Rd. St. 101 Mooresville, NC 28117",(980) 550-4414
"Kozy Health MD, PLLC, 3110 Arendell Street Suite 1 Morehead City, NC 28557","Kozy Health MD, PLLC","3110 Arendell Street Suite 1 Morehead City, NC 28557",(252) 418-8174
"Wellness for Women, PLLC, 3025 NC-24 Newport, NC 28570","Wellness for Women, PLLC","3025 NC-24 Newport, NC 28570",(252) 418-2267
"Ethikos Aesthetics, 1425 S Glenburnie Rd. #7 New Bern, NC 28562",Ethikos Aesthetics,"1425 S Glenburnie Rd. #7 New Bern, NC 28562",(252) 733-8739
"Locklear Family Practice, 17 Livermore Drive Pembroke, NC 28372",Locklear Family Practice,"17 Livermore Drive Pembroke, NC 28372",(910) 668-4408
"Emerge Med Spa & Salon, 102 W Main Street Pikeville, NC 27863",Emerge Med Spa & Salon,"102 W Main Street Pikeville, NC 27863",(919) 551-6525
"Pilot Holistic Health, 213 E Marion St. Ste. B Pilot Mountain, NC 27041",Pilot Holistic Health,"213 E Marion St. Ste. B Pilot Mountain, NC 27041",(336) 739-6184
"Twenty One Medical, 11940 Carolina Place Parkway Ste 100 Pineville, NC 28134",Twenty One Medical,"11940 Carolina Place Parkway Ste 100 Pineville, NC 28134",(980) 369-3710
"Radiance Rx - Pittsboro, 50 Lifestyle Pl Ste 110 Pittsboro, NC 27312",Radiance Rx - Pittsboro,"50 Lifestyle Pl Ste 110 Pittsboro, NC 27312",(743) 888-0680
"Aesthetics by Eileen Laser & Skin Care, 5540 Munford Rd Ste 101 Raleigh, NC 27612",Aesthetics by Eileen Laser & Skin Care,"5540 Munford Rd Ste 101 Raleigh, NC 27612",(919) 635-4134
"Allen Physicians - Raleigh, 7718 Six Forks Rd Ste 106 Raleigh, NC 27615",Allen Physicians - Raleigh,"7718 Six Forks Rd Ste 106 Raleigh, NC 27615",(984) 257-4276
"Alpha Male Wellness, 701 Mutual Ct Ste 100 Raleigh, NC 27615",Alpha Male Wellness,"701 Mutual Ct Ste 100 Raleigh, NC 27615",(984) 257-3062
"Mind & Body Renew Medical Spa, 3200 Blue Ridge Rd Ste 218 Raleigh, NC 27612",Mind & Body Renew Medical Spa,"3200 Blue Ridge Rd Ste 218 Raleigh, NC 27612",(919) 367-1370
"HealthFirst Wellness Center, 501 N Main St Robersonville, NC 27871",HealthFirst Wellness Center,"501 N Main St Robersonville, NC 27871",(252) 418-3833
"Revive Aesthetics and Wellness, 220 E Washington Street Suite B Rockingham, NC 28379",Revive Aesthetics and Wellness,"220 E Washington Street Suite B Rockingham, NC 28379",(910) 996-2063
"Essential Health Medi Spa, 4082 Capital Dr Rocky Mount, NC 27804",Essential Health Medi Spa,"4082 Capital Dr Rocky Mount, NC 27804",(252) 390-3738
"Prime Healthcare, 2571 Hawkins Ave. Sanford, NC 27330",Prime Healthcare,"2571 Hawkins Ave. Sanford, NC 27330",(984) 468-8435
"Rapid Care PLLC, 2609 S Horner Blvd Sanford, NC 27332",Rapid Care PLLC,"2609 S Horner Blvd Sanford, NC 27332",(910) 773-3400
"Illume Wellness, 4924 Main Street  Suite 4 Shallotte, NC 28470",Illume Wellness,"4924 Main Street  Suite 4 Shallotte, NC 28470",(910) 946-5759
"Alpha Male Wellness & Therapy, 1545 US 1 HWY S Southern Pines, NC 28387",Alpha Male Wellness & Therapy,"1545 US 1 HWY S Southern Pines, NC 28387",(910) 936-7189
"Precision Wellness Group, 1271 Old US 1 Hwy Southern Pines, NC 28387",Precision Wellness Group,"1271 Old US 1 Hwy Southern Pines, NC 28387",(727) 228-6595
"Kozy Health MD, PLLC - Statesville, NC, 750 Hartness Road Ste G Statesville, NC 28677","Kozy Health MD, PLLC - Statesville, NC","750 Hartness Road Ste G Statesville, NC 28677",(980) 276-2521
"Beach Primary Care and Wellness, PLLC, 863 Ocean Hwy W Supply, NC 28462","Beach Primary Care and Wellness, PLLC","863 Ocean Hwy W Supply, NC 28462",(910) 427-4859
"Allen Physicians - Swansboro, 105 W Church St Suite 4 Swansboro, NC 28584",Allen Physicians - Swansboro,"105 W Church St Suite 4 Swansboro, NC 28584",(252) 460-2061
"Revive Aesthetics and Wellness - Troy, 104 Smitherman Street Troy, NC 27371",Revive Aesthetics and Wellness - Troy,"104 Smitherman Street Troy, NC 27371",(910) 606-4381
"Pure Primary Wellness Waxhaw, 716 Old Providence Rd Waxhaw, NC 28173",Pure Primary Wellness Waxhaw,"716 Old Providence Rd Waxhaw, NC 28173",(980) 294-3893
"Westhaven Aesthetics and Wellness, 875 Mt Jefferson Rd. Suite 3 West Jefferson, NC 28694",Westhaven Aesthetics and Wellness,"875 Mt Jefferson Rd. Suite 3 West Jefferson, NC 28694",(336) 849-5446
"Rye Wellness Center, Inc, 626 Jefferson Street Whiteville, NC 28472","Rye Wellness Center, Inc","626 Jefferson Street Whiteville, NC 28472",(910) 812-4643
"Skin Envy Aesthetics and Wellness, PLLC, 805 S Madison Street Whiteville, NC 28472","Skin Envy Aesthetics and Wellness, PLLC","805 S Madison Street Whiteville, NC 28472",(910) 543-8184
"Allen Physicians - Wilmington, 3901 Oleander Dr Ste H Wilmington, NC 28403",Allen Physicians - Wilmington,"3901 Oleander Dr Ste H Wilmington, NC 28403",(252) 588-3307
"Berry Personalized Primary - Wilmington, 2451 College Road Suite 213 Wilmington, NC 28412",Berry Personalized Primary - Wilmington,"2451 College Road Suite 213 Wilmington, NC 28412",(910) 427-5033
"Port City Integrative Medicine, 1907 South 17th Street Suite 1 Wilmington, NC 28401",Port City Integrative Medicine,"1907 South 17th Street Suite 1 Wilmington, NC 28401",(910) 807-3994
"Infuse Wellness of Wilson, 3701 Nash St. Wilson, NC 27896",Infuse Wellness of Wilson,"3701 Nash St. Wilson, NC 27896",(252) 512-4495
"CAREolina Wellness and Infusion Center, 1332 Westgate Center Dr Winston Salem, NC 27103",CAREolina Wellness and Infusion Center,"1332 Westgate Center Dr Winston Salem, NC 27103",(743) 210-7544
"Truebio Innovative Health + Wellness, 150 Charlois Blvd Ste 200 Winston Salem, NC 27103",Truebio Innovative Health + Wellness,"150 Charlois Blvd Ste 200 Winston Salem, NC 27103",(336) 276-2024
"Alive Wellness & Aesthetics, 4051 S Memorial Dr Ste C3 Winterville, NC 28590",Alive Wellness & Aesthetics,"4051 S Memorial Dr Ste C3 Winterville, NC 28590",(252) 607-1879
"Bella Health & Wellness ND, 500 E Front Ave Bismarck, ND 58504",Bella Health & Wellness ND,"500 E Front Ave Bismarck, ND 58504",(701) 975-6400
"Valley Vital Medicine, 3540 38th Ave. S Ste G Fargo, ND 58104",Valley Vital Medicine,"3540 38th Ave. S Ste G Fargo, ND 58104",(701) 401-4190
"Courtney Peabody Aesthetics, 3610 South Washington St Grand Forks, ND 58201",Courtney Peabody Aesthetics,"3610 South Washington St Grand Forks, ND 58201",(218) 277-7928
"Kindle Wellness,     930 N 3rd St Grand Forks, ND 58203",Kindle Wellness,"    930 N 3rd St Grand Forks, ND 58203",(701) 248-8216
"Transitions Healthcare, 2401 46th Ave SE Ste 201 Mandan, ND 58554",Transitions Healthcare,"2401 46th Ave SE Ste 201 Mandan, ND 58554",(701) 394-3885
"Revival IV and Wellness, PLLC, 1304 4th Ave NE Watford City, ND 58854","Revival IV and Wellness, PLLC","1304 4th Ave NE Watford City, ND 58854",(218) 396-7538
"NOIR 320 Aesthetics & Wellness, 3154 18Th Avenue Ste 3 Columbus, NE 68601",NOIR 320 Aesthetics & Wellness,"3154 18Th Avenue Ste 3 Columbus, NE 68601",(531) 300-3692
"Total Body Pain Institute, 826 N. Diers Ave Grand Island, NE 68803",Total Body Pain Institute,"826 N. Diers Ave Grand Island, NE 68803",(308) 281-2428
"IWHC Hormones, 223 E 14th St Ste 50 Hastings, NE 68901",IWHC Hormones,"223 E 14th St Ste 50 Hastings, NE 68901",(402) 796-6247
"Brad Rodgers Family Practice, 102 3Rd Ave Ste A Kearney, NE 68845",Brad Rodgers Family Practice,"102 3Rd Ave Ste A Kearney, NE 68845",(308) 737-4216
"Premier Health And Wellness, 322 W 39TH ST Kearney, NE 68845",Premier Health And Wellness,"322 W 39TH ST Kearney, NE 68845",(308) 529-9534
"Tim Mason Family Medicine and Wound Care, 5205 N 2nd Ave Ste 3 Kearney, NE 68847",Tim Mason Family Medicine and Wound Care,"5205 N 2nd Ave Ste 3 Kearney, NE 68847",(308) 646-0447
"Pain West, 701 Pinnacle Dr STE 105 Papillion, NE 68046",Pain West,"701 Pinnacle Dr STE 105 Papillion, NE 68046",(531) 217-5371
"ANEWU Medical Spa, P.C., 30 Daniel Webster Hwy Harris Pond Suite 8 Merrimack, NH 03054","ANEWU Medical Spa, P.C.","30 Daniel Webster Hwy Harris Pond Suite 8 Merrimack, NH 03054",(978) 540-8237
"Timeless Medical Aesthetics & Wellness, 276 Newport Rd Suite 102 New London, NH 03257",Timeless Medical Aesthetics & Wellness,"276 Newport Rd Suite 102 New London, NH 03257",(802) 810-8394
"Joyful Beauty NP LLC, 155 Main St Plaistow, NH 03865",Joyful Beauty NP LLC,"155 Main St Plaistow, NH 03865",(978) 924-4975
"Jsj Aesthetics (Salem), 34 Lowell Rd Salem, NH 03079",Jsj Aesthetics (Salem),"34 Lowell Rd Salem, NH 03079",(978) 619-8709
"DNP Medical Associates, 15 East Taunton Ave Berlin, NJ 08009",DNP Medical Associates,"15 East Taunton Ave Berlin, NJ 08009",(856) 644-3246
"Bare Lux Studio Medspa, 184 U.S. 130 Bordentown, NJ 08505",Bare Lux Studio Medspa,"184 U.S. 130 Bordentown, NJ 08505",(267) 485-6505
"The Kaga Institute - East Brunswick, 555 State Route 18 Fl 1 East Brunswick, NJ 08816",The Kaga Institute - East Brunswick,"555 State Route 18 Fl 1 East Brunswick, NJ 08816",(908) 663-5301
"Progressive Wellness, 630 E Palisade Ave 2nd floor Englewood Cliffs, NJ 07632",Progressive Wellness,"630 E Palisade Ave 2nd floor Englewood Cliffs, NJ 07632",(732) 858-5223
"Family Care MD LLC, 76 W Main St Ste 104 Freehold, NJ 07728",Family Care MD LLC,"76 W Main St Ste 104 Freehold, NJ 07728",(848) 233-4950
"Revitalize BodyMD, 3435 US HWY 9 #4 Freehold, NJ 07728",Revitalize BodyMD,"3435 US HWY 9 #4 Freehold, NJ 07728",(732) 561-5449
"Alliance Cosmetic Center - Hainesport, 412 Creek Crossing Blvd Hainesport, NJ 08036",Alliance Cosmetic Center - Hainesport,"412 Creek Crossing Blvd Hainesport, NJ 08036",(856) 880-7583
"Performance Spine & Sports Medicine-NJ, 3705 Quakerbridge Rd Ste 206 Hamilton, NJ 08619",Performance Spine & Sports Medicine-NJ,"3705 Quakerbridge Rd Ste 206 Hamilton, NJ 08619",(609) 793-9014
"Hazlet Medical Services, 1 Bethany Rd Ste 25 Bldg 2 Hazlet, NJ 07730",Hazlet Medical Services,"1 Bethany Rd Ste 25 Bldg 2 Hazlet, NJ 07730",(848) 294-2875
"Care360 Aesthetics & Wellness, 26 Union Avenue Irvington, NJ 07111",Care360 Aesthetics & Wellness,"26 Union Avenue Irvington, NJ 07111",(973) 358-8092
"SLRaymiri Wellness, 2795 US Highway 1 Ste A Lawrenceville, NJ 08648",SLRaymiri Wellness,"2795 US Highway 1 Ste A Lawrenceville, NJ 08648",(267) 209-8655
"Seashore MD - Little Silver, 39 Sycamore Ave Ste A202 Little Silver, NJ 07739",Seashore MD - Little Silver,"39 Sycamore Ave Ste A202 Little Silver, NJ 07739",(848) 420-9040
"Lasting Impression Medical Aesthetics, 25-15 Fair Lawn Ave Lower Level R Fair Lawn, NJ 07410",Lasting Impression Medical Aesthetics,"25-15 Fair Lawn Ave Lower Level R Fair Lawn, NJ 07410",(845) 712-9616
"Advanced Wellness Center of Marlboro, 17 North Main Street Marlboro, NJ 07746",Advanced Wellness Center of Marlboro,"17 North Main Street Marlboro, NJ 07746",(732) 573-4447
"Kaga Institute Promoting Healthy Futures, 58 N Main St Marlboro Township, NJ 07746",Kaga Institute Promoting Healthy Futures,"58 N Main St Marlboro Township, NJ 07746",(732) 605-4882
"GAMEDAY Men's Heath, 2003 Lincoln Dr W Ste D Marlton, NJ 08053",GAMEDAY Men's Heath,"2003 Lincoln Dr W Ste D Marlton, NJ 08053",(856) 478-3299
"HL Medspa, 275 Chestnut Street Ste 3 Newark, NJ 07105",HL Medspa,"275 Chestnut Street Ste 3 Newark, NJ 07105",(973) 528-5950
"Cape May Wellness, 650 Townbank Rd Suite 201 North Cape May, NJ 08204",Cape May Wellness,"650 Townbank Rd Suite 201 North Cape May, NJ 08204",(856) 421-6464
"Nourish Aesthetics and Wellness, 2300 New Rd Ste 203 Northfield, NJ 08225",Nourish Aesthetics and Wellness,"2300 New Rd Ste 203 Northfield, NJ 08225",(640) 300-7039
"PSK Med Spa PC, 1600 Saint Georges Avenue Rahway, NJ 07065",PSK Med Spa PC,"1600 Saint Georges Avenue Rahway, NJ 07065",(862) 310-6845
"Next Level Health at Virapel, 2 Sheppard Road Ste 602 Voorhees, NJ 08043",Next Level Health at Virapel,"2 Sheppard Road Ste 602 Voorhees, NJ 08043",(856) 420-6987
"Revamp Med Spa & Skin Lab, 203 Sheppard Rd Voorhees, NJ 08043",Revamp Med Spa & Skin Lab,"203 Sheppard Rd Voorhees, NJ 08043",(856) 421-6657
"X Body Health & Wellness, 87 Berdan Avenue Ste 3 Wayne, NJ 07470",X Body Health & Wellness,"87 Berdan Avenue Ste 3 Wayne, NJ 07470",(973) 381-8234
"Integrative Urology, 443 Northfield Avenue Fl 201A West Orange, NJ 07052",Integrative Urology,"443 Northfield Avenue Fl 201A West Orange, NJ 07052",(862) 296-0950
"Seeberger Skin & Laser, 1401 10th St Ste C Alamogordo, NM 88310",Seeberger Skin & Laser,"1401 10th St Ste C Alamogordo, NM 88310",(575) 446-0878
"Althera Alternative Care, 1100 San Mateo Blvd NE Ste 4 Albuquerque, NM 87110",Althera Alternative Care,"1100 San Mateo Blvd NE Ste 4 Albuquerque, NM 87110",(505) 806-1791
"Baca Community Health, 2921 Carlisle Blvd NE Ste 125 Albuquerque, NM 87110",Baca Community Health,"2921 Carlisle Blvd NE Ste 125 Albuquerque, NM 87110",(505) 278-6692
"Bella Cosa, LLC, 5109 Coors Blvd. NW Ste F Albuquerque, NM 87120","Bella Cosa, LLC","5109 Coors Blvd. NW Ste F Albuquerque, NM 87120",(505) 391-3738
"Beyond Health, 3700 Bosque Plaza Ln Nw Albuquerque, NM 87120",Beyond Health,"3700 Bosque Plaza Ln Nw Albuquerque, NM 87120",(505) 560-3538
"Body Beautiful NM, 1120 Juan Tabo Blvd NE STE I Albuquerque, NM 87112",Body Beautiful NM,"1120 Juan Tabo Blvd NE STE I Albuquerque, NM 87112",(505) 634-7924
"Carter's Family Practice & Wellness, 703 Osuna Rd Ne Suite 5 Albuquerque, NM 87113",Carter's Family Practice & Wellness,"703 Osuna Rd Ne Suite 5 Albuquerque, NM 87113",(505) 431-6539
"Defy. A Health and Beauty Collective, 10200 Corrales Rd NW Ste D1 Albuquerque, NM 87114",Defy. A Health and Beauty Collective,"10200 Corrales Rd NW Ste D1 Albuquerque, NM 87114",(575) 454-4573
"Foundation Health and Wellness, 4550 Eubank Blvd Ne Ste 105 Albuquerque, NM 87111",Foundation Health and Wellness,"4550 Eubank Blvd Ne Ste 105 Albuquerque, NM 87111",(505) 451-3147
"Functional Family Medicine, 7301 Jefferson Ne Suite G Albuquerque, NM 87109",Functional Family Medicine,"7301 Jefferson Ne Suite G Albuquerque, NM 87109",(505) 657-1059
"Infinite Youth, 4105 Montgomery Blvd NE  Albuquerque, NM 87109",Infinite Youth,"4105 Montgomery Blvd NE  Albuquerque, NM 87109",(505) 658-6707
"La Vida Sana, Llc, 3602 Campus Blvd. Ne Albuquerque, NM 87106","La Vida Sana, Llc","3602 Campus Blvd. Ne Albuquerque, NM 87106",(505) 657-2005
"Mariposa Family Medicine, 5910 Cubero Dr Ne Ste A Albuquerque, NM 87109",Mariposa Family Medicine,"5910 Cubero Dr Ne Ste A Albuquerque, NM 87109",(505) 657-1806
"Mhajestik Aesthetics and Wellness, LLC, 717 Encino Pl Ne Ste 4 Albuquerque, NM 87102","Mhajestik Aesthetics and Wellness, LLC","717 Encino Pl Ne Ste 4 Albuquerque, NM 87102",(505) 657-1047
"New Mexico Spirit Of Wellness, Llc, 123 Girard Blvd Se Albuquerque, NM 87106","New Mexico Spirit Of Wellness, Llc","123 Girard Blvd Se Albuquerque, NM 87106",(505) 657-2024
"Optimum Human And Southwest Womens Health, 5700 Harper Dr Ne Ste 410 Albuquerque, NM 87109",Optimum Human And Southwest Womens Health,"5700 Harper Dr Ne Ste 410 Albuquerque, NM 87109",(505) 657-1946
"Ortega Wellness, Llc, 7007 Jefferson Street Ne Suite C Albuquerque, NM 87109","Ortega Wellness, Llc","7007 Jefferson Street Ne Suite C Albuquerque, NM 87109",(505) 657-2066
"Restore Med Spa (Juan Tabo), 1901 Juan Tabo Ne Albuquerque, NM 87112",Restore Med Spa (Juan Tabo),"1901 Juan Tabo Ne Albuquerque, NM 87112",(505) 657-2275
"Restore Med Spa- Constitution, 3500 Constitution Ave NE Albuquerque, NM 87106",Restore Med Spa- Constitution,"3500 Constitution Ave NE Albuquerque, NM 87106",(505) 391-4236
"Rio Grande Restorative Health, 3911 4Th Street Nw Albuquerque, NM 87107",Rio Grande Restorative Health,"3911 4Th Street Nw Albuquerque, NM 87107",(505) 657-1890
"Round 2 Wellness, 7500 2ND ST NW Albuquerque, NM 87107",Round 2 Wellness,"7500 2ND ST NW Albuquerque, NM 87107",(505) 596-4722
"Sandia IV and Wellness, 703 Osuna Rd NE Ste 5 Albuquerque, NM 87113",Sandia IV and Wellness,"703 Osuna Rd NE Ste 5 Albuquerque, NM 87113",(505) 588-6617
"Southwest Integrative Health, 5310 Homestead Rd Ne Bdlg 4 Albuquerque, NM 87110",Southwest Integrative Health,"5310 Homestead Rd Ne Bdlg 4 Albuquerque, NM 87110",(505) 657-1975
"Torres Family Care, 1648 Alameda Blvd Nw Albuquerque, NM 87114",Torres Family Care,"1648 Alameda Blvd Nw Albuquerque, NM 87114",(505) 209-8903
"Vessel Health, 10601 4th St NW Albuquerque, NM 87114",Vessel Health,"10601 4th St NW Albuquerque, NM 87114",(505) 448-4147
"Virtus Health Solutions, 1000 Eubank Blvd NE Ste A Albuquerque, NM 87112",Virtus Health Solutions,"1000 Eubank Blvd NE Ste A Albuquerque, NM 87112",(505) 539-2004
"Regina Lanier DNP FNP-C, 2521 Avenida de Mesilla Las Cruces, NM 88005",Regina Lanier DNP FNP-C,"2521 Avenida de Mesilla Las Cruces, NM 88005",(575) 618-3308
"Roland K Sanchez MD, 703 South Christopher Road Belen, NM 87002",Roland K Sanchez MD,"703 South Christopher Road Belen, NM 87002",(505) 591-1073
"Allied Health & Wellness, 201 N Alameda St Carlsbad, NM 88220",Allied Health & Wellness,"201 N Alameda St Carlsbad, NM 88220",(575) 237-4496
"Restore Med Spa (Cedar Crest), 12127 B North Hwy 14 Ste 5 Cedar Crest, NM 87008",Restore Med Spa (Cedar Crest),"12127 B North Hwy 14 Ste 5 Cedar Crest, NM 87008",(505) 207-5566
"Dynamic Healthcare, 912 West 21St Street Clovis, NM 88101",Dynamic Healthcare,"912 West 21St Street Clovis, NM 88101",(575) 825-3634
"The Medispa and Body Shop, 1901 W 21st Street Clovis, NM 88101",The Medispa and Body Shop,"1901 W 21st Street Clovis, NM 88101",(575) 570-3740
"Younique Medical Spa, 203 East Sanger Hobbs, NM 88240",Younique Medical Spa,"203 East Sanger Hobbs, NM 88240",(505) 587-8889
"Pelle Spa Llc, 4337 E Main St Suite 202 Farmington, NM 87402",Pelle Spa Llc,"4337 E Main St Suite 202 Farmington, NM 87402",(505) 421-3604
"SkinsationMD, 4337 E Main St Ste 201 Farmington, NM 87402",SkinsationMD,"4337 E Main St Ste 201 Farmington, NM 87402",(505) 370-4669
"Roosevelt General-Clovis, 2000 W 21St St Ste J-1 Clovis, NM 88101",Roosevelt General-Clovis,"2000 W 21St St Ste J-1 Clovis, NM 88101",(575) 915-1596
"B-Well Balanced Functional Medicine, 755 S Telshor suite E201 Las Cruces, NM 88011",B-Well Balanced Functional Medicine,"755 S Telshor suite E201 Las Cruces, NM 88011",(505) 240-8800
"Restoring Roots, LLC, 2908 Snow Rd Las Cruces, NM 88005","Restoring Roots, LLC","2908 Snow Rd Las Cruces, NM 88005",(575) 639-9813
"High Desert Family Health and Aesthetics, 719 University Ave Las Vegas, NM 87701",High Desert Family Health and Aesthetics,"719 University Ave Las Vegas, NM 87701",(505) 657-2041
"Meadow City Family Clinic, 611 National Ave Las Vegas, NM 87701",Meadow City Family Clinic,"611 National Ave Las Vegas, NM 87701",(505) 657-2947
"Vie Est Belle, 221 Plaza St. Las Vegas, NM 87701",Vie Est Belle,"221 Plaza St. Las Vegas, NM 87701",(505) 390-5884
"Vitality Health & Wellness Clinic, 705 Main St SW Los Lunas, NM 87031",Vitality Health & Wellness Clinic,"705 Main St SW Los Lunas, NM 87031",(505) 569-6187
"Med Sesh, 7528 4Th St Nw Ste A Los Ranchos, NM 87107",Med Sesh,"7528 4Th St Nw Ste A Los Ranchos, NM 87107",(505) 926-5967
"Selah Wellness Studio LLC, 6501 4Th St Nw Ste D Los Ranchos, NM 87107",Selah Wellness Studio LLC,"6501 4Th St Nw Ste D Los Ranchos, NM 87107",(505) 448-7678
"Soar Wellness, 6855 4th St NW Ste B2 Los Ranchos, NM 87107",Soar Wellness,"6855 4th St NW Ste B2 Los Ranchos, NM 87107",(505) 657-2320
"Restore Medical Spa (Moriarty), 1108 US 66 Moriarty, NM 87035",Restore Medical Spa (Moriarty),"1108 US 66 Moriarty, NM 87035",(505) 209-8161
"Roosevelt General Hospital, 42121 Us Hwy 70 Portales, NM 88130",Roosevelt General Hospital,"42121 Us Hwy 70 Portales, NM 88130",(575) 216-7078
"Mirage Wellness Center & Medspa, 1400 Barbara Loop SE Suite A Rio Rancho, NM 87124",Mirage Wellness Center & Medspa,"1400 Barbara Loop SE Suite A Rio Rancho, NM 87124",(575) 255-6967
"Ortega Wellness - Rio Rancho, 1400 Jackie Road SE Ste 105 Rio Rancho, NM 87124",Ortega Wellness - Rio Rancho,"1400 Jackie Road SE Ste 105 Rio Rancho, NM 87124",(505) 392-3869
"Ridge Family Wellness, 1409 Luisa St Ste F Santa Fe, NM 87505",Ridge Family Wellness,"1409 Luisa St Ste F Santa Fe, NM 87505",(505) 551-0696
"Mayedel A San Jose PC, 1245 Country Club Rd. Ste. 200 Santa Teresa, NM 88008",Mayedel A San Jose PC,"1245 Country Club Rd. Ste. 200 Santa Teresa, NM 88008",(575) 573-6560
"One Complete Care Aesthetics, 5290 McNutt Rd. Ste. 103 Santa Teresa, NM 88008",One Complete Care Aesthetics,"5290 McNutt Rd. Ste. 103 Santa Teresa, NM 88008",(915) 666-3968
"Santa Teresa Health Hormone Clinic, 103 Livingston Loop Ste B4 Santa Teresa, NM 88008",Santa Teresa Health Hormone Clinic,"103 Livingston Loop Ste B4 Santa Teresa, NM 88008",(915) 621-5150
"Sandia View Family Practice, 4200 Meadowlark Lane Southeast Rio Rancho, NM 87124",Sandia View Family Practice,"4200 Meadowlark Lane Southeast Rio Rancho, NM 87124",(575) 255-6110
"Forever Young MD Spa, 896 W Nye Ln Ste 102 Carson City, NV 89703",Forever Young MD Spa,"896 W Nye Ln Ste 102 Carson City, NV 89703",(775) 297-7029
"The Nevada Center Of Alt & Anti-Aging, 1231 Country Club Dr Carson City, NV 89703",The Nevada Center Of Alt & Anti-Aging,"1231 Country Club Dr Carson City, NV 89703",(775) 245-3803
"Accelerated Medical, 1810 Pinion Rd Elko, NV 89801",Accelerated Medical,"1810 Pinion Rd Elko, NV 89801",(775) 258-7977
"Maxithealth Consultants, 1512 US Highway 395 N Ste 2 Gardnerville, NV 89410",Maxithealth Consultants,"1512 US Highway 395 N Ste 2 Gardnerville, NV 89410",(775) 227-5573
"Allcare for Women, 9053 S. Pecos Road Ste 2900 Henderson, NV 89074",Allcare for Women,"9053 S. Pecos Road Ste 2900 Henderson, NV 89074",(702) 819-9567
"Bertoli Health & Wellness, 3039 W Horizon Ridge Pkwy Ste 100 Henderson, NV 89052",Bertoli Health & Wellness,"3039 W Horizon Ridge Pkwy Ste 100 Henderson, NV 89052",(725) 214-2610
"Complete Care OBGYN, 1528 W Warm Springs Rd Ste 100 Henderson, NV 89014",Complete Care OBGYN,"1528 W Warm Springs Rd Ste 100 Henderson, NV 89014",(702) 935-6693
"Enrich Wellness, 2405 W Horizon Ridge Pkwy Ste 100 Henderson, NV 89052",Enrich Wellness,"2405 W Horizon Ridge Pkwy Ste 100 Henderson, NV 89052",(725) 444-4591
"Lightning VIP, 2920 N Green Valley Pkwy Ste 812 Bldg 8 Henderson, NV 89014",Lightning VIP,"2920 N Green Valley Pkwy Ste 812 Bldg 8 Henderson, NV 89014",(725) 726-8392
"Wellness Weightloss & Bioidentical HRT, 10624 South Eastern Avenue Suite H Henderson, NV 89052",Wellness Weightloss & Bioidentical HRT,"10624 South Eastern Avenue Suite H Henderson, NV 89052",(725) 444-9985
"Xena Health, LLC, 301 N. Pecos Road Suite F Henderson, NV 89074","Xena Health, LLC","301 N. Pecos Road Suite F Henderson, NV 89074",(725) 266-8821
"AP Medical Group Iroha PLLC, 2110 E Flamingo Rd Ste 100 Las Vegas, NV 89119",AP Medical Group Iroha PLLC,"2110 E Flamingo Rd Ste 100 Las Vegas, NV 89119",(702) 842-2143
"Asbury and Associates Health Care LLC, 2400 W. Charleston Blvd Suite Las Vegas, NV 89102",Asbury and Associates Health Care LLC,"2400 W. Charleston Blvd Suite Las Vegas, NV 89102",(702) 819-9901
"Atlas Health Institute, 6930 S. Cimarron Rd Suite 220 Las Vegas, NV 89113",Atlas Health Institute,"6930 S. Cimarron Rd Suite 220 Las Vegas, NV 89113",(725) 223-1207
"Center for Wellness and Pain Care, 6930 S Cimarron Rd STE 260 Las Vegas, NV 89113",Center for Wellness and Pain Care,"6930 S Cimarron Rd STE 260 Las Vegas, NV 89113",(725) 213-9037
"Dr Guita Tabassi OB/GYN, 6970 S. Cimarron Rd. Ste 230 Las Vegas, NV 89113",Dr Guita Tabassi OB/GYN,"6970 S. Cimarron Rd. Ste 230 Las Vegas, NV 89113",(702) 935-6412
"Dr. K Beauty Lv, 7710 W Sahara Ave Ste 102C Las Vegas, NV 89117",Dr. K Beauty Lv,"7710 W Sahara Ave Ste 102C Las Vegas, NV 89117",(725) 208-5006
"Elever Aesthetics and Wellness, 365 E Windmill Ln Ste 200 Las Vegas, NV 89123",Elever Aesthetics and Wellness,"365 E Windmill Ln Ste 200 Las Vegas, NV 89123",(725) 666-1243
"EverReady Health, 8828 Mohawk St Ste 100 Las Vegas, NV 89139",EverReady Health,"8828 Mohawk St Ste 100 Las Vegas, NV 89139",(725) 529-9409
"Malama Wellness, 4020 E Russell Rd Las Vegas, NV 89120",Malama Wellness,"4020 E Russell Rd Las Vegas, NV 89120",(725) 373-2924
"Medicis Primary Care, 750 N Eastern Ave # 100 Las Vegas, NV 89101",Medicis Primary Care,"750 N Eastern Ave # 100 Las Vegas, NV 89101",(702) 905-1293
"Nurse Navi Tox Shop, 2620 Regatta Dr #218 Las Vegas, NV 89128",Nurse Navi Tox Shop,"2620 Regatta Dr #218 Las Vegas, NV 89128",(916) 237-8203
"Ortho Las Vegas, 9159 W Flamingo Rd Ste 100 Las Vegas, NV 89147",Ortho Las Vegas,"9159 W Flamingo Rd Ste 100 Las Vegas, NV 89147",(725) 800-7450
"Synaptic Sports & Longevity, 3090 S Durango Dr Ste 200A Las Vegas, NV 89117",Synaptic Sports & Longevity,"3090 S Durango Dr Ste 200A Las Vegas, NV 89117",(973) 604-4337
"Turtle Healing Band Clinic, 2121 East Flamingo Rd Ste 112 Las Vegas, NV 89119",Turtle Healing Band Clinic,"2121 East Flamingo Rd Ste 112 Las Vegas, NV 89119",(702) 996-3126
"Rejuve Hormone Balancing and Wellness, 190 E Mesquite Blvd Unit P Mesquite, NV 89027",Rejuve Hormone Balancing and Wellness,"190 E Mesquite Blvd Unit P Mesquite, NV 89027",(775) 571-6307
"Estevez Aesthetics, 4020 Pecos McLeod Las Vegas, NV 89121",Estevez Aesthetics,"4020 Pecos McLeod Las Vegas, NV 89121",(725) 228-8450
"Advanced Wellness Solutions, 305 W. Moana Lane STE B3 Reno, NV 89509",Advanced Wellness Solutions,"305 W. Moana Lane STE B3 Reno, NV 89509",(775) 413-2313
"Anora Beauty, 577 S Meadows Pkwy Ste 200 Sp 3 Reno, NV 89521",Anora Beauty,"577 S Meadows Pkwy Ste 200 Sp 3 Reno, NV 89521",(775) 363-6665
"DECON- Diabetes and Endocrine Ctr of NV, 5444 Reno Corporate Dr Reno, NV 89511",DECON- Diabetes and Endocrine Ctr of NV,"5444 Reno Corporate Dr Reno, NV 89511",(775) 382-3323
"Ideal Medical Advanced Hormone Therapy, 150 Country Estates Cr Ste 102 Reno, NV 89511",Ideal Medical Advanced Hormone Therapy,"150 Country Estates Cr Ste 102 Reno, NV 89511",(775) 382-7337
"Modern Aesthetics and Wellness, 770 Smithridge Dr Ste 200 Reno, NV 89502",Modern Aesthetics and Wellness,"770 Smithridge Dr Ste 200 Reno, NV 89502",(775) 256-8180
"Reno Integrative Health and Wellness, 343 Elm St Ste 401 Reno, NV 89503",Reno Integrative Health and Wellness,"343 Elm St Ste 401 Reno, NV 89503",(775) 380-8485
"Reno Tahoe Plastic Surgery & Mspa, 5530 Kietzke Ln Reno, NV 89511",Reno Tahoe Plastic Surgery & Mspa,"5530 Kietzke Ln Reno, NV 89511",(775) 347-7704
"Sage & Sol Wellness, 9333 Double R Blvd Ste 100 Reno, NV 89521",Sage & Sol Wellness,"9333 Double R Blvd Ste 100 Reno, NV 89521",(775) 269-5456
"Serenity Family Healthcare, 239 Linden St Reno, NV 89502",Serenity Family Healthcare,"239 Linden St Reno, NV 89502",(775) 510-3382
"The Swift Institute, 9480 Double Diamond Pkwy Ste 200 Reno, NV 89521",The Swift Institute,"9480 Double Diamond Pkwy Ste 200 Reno, NV 89521",(775) 593-7710
"Comprehensive Family Wellness, 2321 Pyramid Way Suite A Sparks, NV 89431",Comprehensive Family Wellness,"2321 Pyramid Way Suite A Sparks, NV 89431",(775) 526-3790
"TLC Family Wellness, 1001 Pyramid Highway Suite 206 Sparks, NV 89431",TLC Family Wellness,"1001 Pyramid Highway Suite 206 Sparks, NV 89431",(775) 618-9567
"Robbie Grant, Do, 395 West Minor St Winnemucca, NV 89446","Robbie Grant, Do","395 West Minor St Winnemucca, NV 89446",(775) 587-1968
"Carmelina Iasillo NP In Family Health, 77 Pondfield Rd Ste 2F3 Bronxville, NY 10708",Carmelina Iasillo NP In Family Health,"77 Pondfield Rd Ste 2F3 Bronxville, NY 10708",(845) 523-6623
"Renaissance Medical, 220 East 63rd Street Apt LH New York, NY 10065",Renaissance Medical,"220 East 63rd Street Apt LH New York, NY 10065",(646) 652-7368
"Sarah Schwartz M.D., PLLC, 484 W Main St Babylon, NY 11702","Sarah Schwartz M.D., PLLC","484 W Main St Babylon, NY 11702",(631) 823-7032
"Amaks Beauty Labs, 1934A Williamsbridge Rd Bronx, NY 10461",Amaks Beauty Labs,"1934A Williamsbridge Rd Bronx, NY 10461",(984) 257-4111
"Alexander Golberg Physician PC, 2361 East 14th Street Brooklyn, NY 11229",Alexander Golberg Physician PC,"2361 East 14th Street Brooklyn, NY 11229",(551) 214-1592
"Forever Iuvenis Corp, 517 53rd St Brooklyn, NY 11220",Forever Iuvenis Corp,"517 53rd St Brooklyn, NY 11220",(929) 560-2631
"L'Elite MediSpa, 754 Nostrand Ave Brooklyn, NY 11216",L'Elite MediSpa,"754 Nostrand Ave Brooklyn, NY 11216",(908) 460-5331
"Seven Hills Medical Services PC, 1184 E 87th St Brooklyn, NY 11236",Seven Hills Medical Services PC,"1184 E 87th St Brooklyn, NY 11236",(862) 766-6841
"Wei Yan Tan Physician, 5521 8th Ave Ste 3F Brooklyn, NY 11220",Wei Yan Tan Physician,"5521 8th Ave Ste 3F Brooklyn, NY 11220",(551) 305-4576
"NuWave Medical PLLC, 283 Commack Road STE 115 Commack, NY 11725",NuWave Medical PLLC,"283 Commack Road STE 115 Commack, NY 11725",(631) 206-5278
"A Nu U Aesthetics, 128 Ashford Avenue Ste 14 Dobbs Ferry, NY 10522",A Nu U Aesthetics,"128 Ashford Avenue Ste 14 Dobbs Ferry, NY 10522",(845) 712-4988
"Leva Medical P.C., 9406 59Th Ave Ste E-9 Elmhurst, NY 11373",Leva Medical P.C.,"9406 59Th Ave Ste E-9 Elmhurst, NY 11373",(973) 406-4177
"Serenova Wellness LLC, 253 Main Street Suite 7 East Aurora, NY 14052",Serenova Wellness LLC,"253 Main Street Suite 7 East Aurora, NY 14052",(716) 703-1759
"Form & Function Aesthetics and Wellness, 325 Merrick Ave Suite 200 East Meadow, NY 11554",Form & Function Aesthetics and Wellness,"325 Merrick Ave Suite 200 East Meadow, NY 11554",(516) 219-1099
"Aveil Medical, P.C., 1031 Oyster Bay Rd East Norwich, NY 11732","Aveil Medical, P.C.","1031 Oyster Bay Rd East Norwich, NY 11732",(914) 690-7872
"Ortho Med Spa, 729 Elmont Rd Elmont, NY 11003",Ortho Med Spa,"729 Elmont Rd Elmont, NY 11003",(631) 206-6023
"Cura Health P.C., 24912 Jericho Turnpike Suite 200 Floral Park, NY 11001",Cura Health P.C.,"24912 Jericho Turnpike Suite 200 Floral Park, NY 11001",(631) 212-1549
"Advanced Women's Health OBGYN, 13-347 Sanford Ave Sanford Tower Ste 1B Flushing, NY 11355",Advanced Women's Health OBGYN,"13-347 Sanford Ave Sanford Tower Ste 1B Flushing, NY 11355",(631) 201-5882
"Claudia and Steven Ravins M.D., P.C., 7010 Austin St Ste 200 Forest Hills, NY 11375","Claudia and Steven Ravins M.D., P.C.","7010 Austin St Ste 200 Forest Hills, NY 11375",(551) 250-6378
"The Beauty Cellar NY, 7125 171ST ST Fresh Meadows, NY 11365",The Beauty Cellar NY,"7125 171ST ST Fresh Meadows, NY 11365",(934) 300-5487
"Artistry Wellness & MedSpa, 1615 Northern Blvd Suite GR8 Manhasset, NY 11030",Artistry Wellness & MedSpa,"1615 Northern Blvd Suite GR8 Manhasset, NY 11030",(646) 917-9504
"Garden City Medical & Wellness Spa, 317C Nassau Blvd Garden City, NY 11530",Garden City Medical & Wellness Spa,"317C Nassau Blvd Garden City, NY 11530",(475) 252-5292
"SD Medical Arts Great Neck, 1000 Northern Blvd Ste 240 Great Neck, NY 11021",SD Medical Arts Great Neck,"1000 Northern Blvd Ste 240 Great Neck, NY 11021",(516) 928-6183
"Vibrance 360, 25 Northern Blvd Ste 2 Greenvale, NY 11548",Vibrance 360,"25 Northern Blvd Ste 2 Greenvale, NY 11548",(934) 300-5180
"Rejuv Aesthetics & Wellness Spa, 536 Route 111 Hauppauge, NY 11788",Rejuv Aesthetics & Wellness Spa,"536 Route 111 Hauppauge, NY 11788",(631) 998-7095
"Blaine Plastic Surgery, 775 Park Avenue, Suite 205 Huntington, NY 11743",Blaine Plastic Surgery,"775 Park Avenue, Suite 205 Huntington, NY 11743",(631) 502-5095
"CosmoPlastic Surgery, 500 N. Broadway Suite 200 Jericho, NY 11753",CosmoPlastic Surgery,"500 N. Broadway Suite 200 Jericho, NY 11753",(516) 973-2144
"Virtual Skinspa, 500 N Broadway Suite 142A Jericho, NY 11753",Virtual Skinspa,"500 N Broadway Suite 142A Jericho, NY 11753",(631) 646-1465
"Tuscan Sun - Latham, 982 Loudon Road Latham, NY 12110",Tuscan Sun - Latham,"982 Loudon Road Latham, NY 12110",(518) 684-7428
"Wellness Physician PC – Forest Hills, 7111 110th Street Lobby LL Forest Hills, NY 11375",Wellness Physician PC – Forest Hills,"7111 110th Street Lobby LL Forest Hills, NY 11375",(718) 808-6439
"Serenity Medical Consulting, 9 Oyster Bay Rd Locust Valley, NY 11560",Serenity Medical Consulting,"9 Oyster Bay Rd Locust Valley, NY 11560",(516) 518-7928
"Sii Bello Beauty Bar, 543 B Main St Medina, NY 14103",Sii Bello Beauty Bar,"543 B Main St Medina, NY 14103",(585) 501-2165
"Ideal Esthetics, 900 Walt Whitman Rd Suite 308 Melville, NY 11747",Ideal Esthetics,"900 Walt Whitman Rd Suite 308 Melville, NY 11747",(631) 237-9502
"Gerald Acker MD:Boost Your Beauty Medispa, 2159 Merrick Road Merrick, NY 11566",Gerald Acker MD:Boost Your Beauty Medispa,"2159 Merrick Road Merrick, NY 11566",(631) 337-8024
"Vital Medical Care Aesthetics PC., 2209 Merrick Road Ste 202 Merrick, NY 11566",Vital Medical Care Aesthetics PC.,"2209 Merrick Road Ste 202 Merrick, NY 11566",(914) 677-1935
"Impact Health, 1133 Westchester Ave Ste N-010 White Plains, NY 10604",Impact Health,"1133 Westchester Ave Ste N-010 White Plains, NY 10604",(551) 296-7048
"ADVITAM Metabolic Medicine, 535 5th Ave 33rd Floor New York, NY 10017",ADVITAM Metabolic Medicine,"535 5th Ave 33rd Floor New York, NY 10017",(646) 793-9735
"Alexander Golberg PC - Manhattan, 910 Park Avenue New York, NY 10075",Alexander Golberg PC - Manhattan,"910 Park Avenue New York, NY 10075",(646) 718-5509
"BESO Management, LLC - BESO Aesthetics, 1049 5th Ave Suite 1A New York, NY 10028","BESO Management, LLC - BESO Aesthetics","1049 5th Ave Suite 1A New York, NY 10028",(862) 684-4912
"Calla Women's Health, 162 E. 78Th Street Floor 3 New York, NY 10075",Calla Women's Health,"162 E. 78Th Street Floor 3 New York, NY 10075",(332) 239-6607
"Liondale Medical, 10 W 74TH STREET STE 1E Suite 1E New York, NY 10023",Liondale Medical,"10 W 74TH STREET STE 1E Suite 1E New York, NY 10023",(862) 800-2534
"Midtown Medical Solutions, 111 John Street Ste 1450 New York, NY 10038",Midtown Medical Solutions,"111 John Street Ste 1450 New York, NY 10038",(914) 530-0329
"SD Medical Arts New York, 16 East 52Nd Street Ste 801 New York, NY 10022",SD Medical Arts New York,"16 East 52Nd Street Ste 801 New York, NY 10022",(917) 540-7343
"Wellness Physician PC, 22215 Northern Blvd, Lobby A Bayside, NY 11361",Wellness Physician PC,"22215 Northern Blvd, Lobby A Bayside, NY 11361",(718) 395-2653
"FJP Family Health Nurse Practitioner, 351 Dennis Street Oceanside, NY 11572",FJP Family Health Nurse Practitioner,"351 Dennis Street Oceanside, NY 11572",(516) 206-6913
"Oasis Integrative Medicine, 716 Patchogue Rd Route 112 Port Jefferson Station, NY 11776",Oasis Integrative Medicine,"716 Patchogue Rd Route 112 Port Jefferson Station, NY 11776",(631) 910-6251
"Adirondack Total Care, 5 Main Street Suite #6 Queensbury, NY 12804",Adirondack Total Care,"5 Main Street Suite #6 Queensbury, NY 12804",(518) 632-7080
"Dr Madonna Tomani, 1815 S Clinton Ave Ste 450 Rochester, NY 14618",Dr Madonna Tomani,"1815 S Clinton Ave Ste 450 Rochester, NY 14618",(315) 791-1513
"Nicole Frontera Family Health, 104-02 Rockaway Beach Blvd Rockaway Park, NY 11694",Nicole Frontera Family Health,"104-02 Rockaway Beach Blvd Rockaway Park, NY 11694",(862) 253-0142
"Greenwich Medical Spa - Scarsdale, 1132 Wilmot Rd Scarsdale, NY 10583",Greenwich Medical Spa - Scarsdale,"1132 Wilmot Rd Scarsdale, NY 10583",(845) 712-4147
"Healthwell Family Health PC, 6860 108Th Street Ste Sl1 Forest Hills, NY 11375",Healthwell Family Health PC,"6860 108Th Street Ste Sl1 Forest Hills, NY 11375",(845) 643-2239
"Liquid Luxury Aesthetics, 1030 W Jericho Tpke. Suite 6 Smithtown, NY 11787",Liquid Luxury Aesthetics,"1030 W Jericho Tpke. Suite 6 Smithtown, NY 11787",(631) 430-5723
"Sono Med Spa, 329 East Main Street Ste 2 Smithtown, NY 11787",Sono Med Spa,"329 East Main Street Ste 2 Smithtown, NY 11787",(631) 710-7526
"360Med, 31 Tioga St Staten Island, NY 10301",360Med,"31 Tioga St Staten Island, NY 10301",(908) 460-8066
"Chi Aesthetics Medspa and Wellness, 720 Forest Avenue Staten Island, NY 10310",Chi Aesthetics Medspa and Wellness,"720 Forest Avenue Staten Island, NY 10310",(631) 651-6135
"Reforma, 2955 Veterans Rd W Ste 2F Staten Island, NY 10309",Reforma,"2955 Veterans Rd W Ste 2F Staten Island, NY 10309",(848) 274-2894
"Total Wellness Medical Services, LLC, 115 Eileen Way Syosset, NY 11791","Total Wellness Medical Services, LLC","115 Eileen Way Syosset, NY 11791",(631) 817-3060
"Shapiro Md Health & Wellness, 4 Westchester Park Dr Ste 210 West Harrison, NY 10604",Shapiro Md Health & Wellness,"4 Westchester Park Dr Ste 210 West Harrison, NY 10604",(914) 219-6822
"Alluring Age Anti-Aging & Wellness Center, 400 Montauk Highway Suite 106 West Islip, NY 11795",Alluring Age Anti-Aging & Wellness Center,"400 Montauk Highway Suite 106 West Islip, NY 11795",(631) 529-1379
"Elite Beauty by Michelle LLC, 392 Mamaroneck Avenue White Plains, NY 10605",Elite Beauty by Michelle LLC,"392 Mamaroneck Avenue White Plains, NY 10605",(551) 250-6195
"Pur Life Medical - Woodbury, 116 Woodbury Rd Woodbury, NY 11797",Pur Life Medical - Woodbury,"116 Woodbury Rd Woodbury, NY 11797",(516) 212-7703
"Lotus Wellness And Medspa, 251 W Garfield Rd Suite 290 Aurora, OH 44202",Lotus Wellness And Medspa,"251 W Garfield Rd Suite 290 Aurora, OH 44202",(440) 493-1497
"Radiant Divine Llc (Avon), 33568 Detroit Rd Avon, OH 44011",Radiant Divine Llc (Avon),"33568 Detroit Rd Avon, OH 44011",(440) 586-3587
"Radiant Divine Medical Spa (Brecksville), 7005 S Edgerton Rd Ste 100 Brecksville, OH 44141",Radiant Divine Medical Spa (Brecksville),"7005 S Edgerton Rd Ste 100 Brecksville, OH 44141",(440) 671-1681
"Be Well Be Beautiful, 4853 Darbyshire Ct Canfield, OH 44406",Be Well Be Beautiful,"4853 Darbyshire Ct Canfield, OH 44406",(878) 222-3557
"Beautibar, 27 W 2Nd St Ste 103 Chillicothe, OH 45601",Beautibar,"27 W 2Nd St Ste 103 Chillicothe, OH 45601",(937) 365-9548
"Chillicothe Medical Solutions, 220 N Plaza Boulevard Chillicothe, OH 45601",Chillicothe Medical Solutions,"220 N Plaza Boulevard Chillicothe, OH 45601",(740) 675-8707
"Elevate IV Hydration & Aesthetics, 20 E 2nd St Chillicothe, OH 45601",Elevate IV Hydration & Aesthetics,"20 E 2nd St Chillicothe, OH 45601",(740) 495-6668
"Cornerstone Integrated Health & Wellness, 24 Compton Road Ste 205C Cincinnati, OH 45216",Cornerstone Integrated Health & Wellness,"24 Compton Road Ste 205C Cincinnati, OH 45216",(812) 577-9677
"Nuiq Wellness, Llc, 5450 Detroit Ave Cleveland, OH 44102","Nuiq Wellness, Llc","5450 Detroit Ave Cleveland, OH 44102",(440) 740-3728
"Akribis Veins & Vitality, 121 W Wilson Bridge Rd Ste 310 Columbus, OH 43085",Akribis Veins & Vitality,"121 W Wilson Bridge Rd Ste 310 Columbus, OH 43085",(614) 591-7216
"MediMorph - Columbus Ohio, 2054 Polaris Pkwy Columbus, OH 43240",MediMorph - Columbus Ohio,"2054 Polaris Pkwy Columbus, OH 43240",(937) 721-2515
"Elevate You, LLC, 3313 Seajay Drive Dayton, OH 45430","Elevate You, LLC","3313 Seajay Drive Dayton, OH 45430",(859) 484-8718
"4 You Llc., 562 W. Central Ave. Delaware, OH 43015",4 You Llc.,"562 W. Central Ave. Delaware, OH 43015",(220) 666-0147
"Simply Sculpt, 121 Mill St Ste 128 Gahanna, OH 43230",Simply Sculpt,"121 Mill St Ste 128 Gahanna, OH 43230",(740) 720-5712
"Astria Aesthetics, 2045 Stringtown Rd Grove City, OH 43123",Astria Aesthetics,"2045 Stringtown Rd Grove City, OH 43123",(380) 270-2285
"Frontier Wellness LLC, 3763 Hamilton Cleves Rd Hamilton, OH 45013",Frontier Wellness LLC,"3763 Hamilton Cleves Rd Hamilton, OH 45013",(765) 253-6473
"Medical Spa Np, Llc (Lancaster, Oh), 2686 N Columbus St Ste 101 Lancaster, OH 43130","Medical Spa Np, Llc (Lancaster, Oh)","2686 N Columbus St Ste 101 Lancaster, OH 43130",(740) 276-2925
"RYLA Health, 2323 Allentown Rd. Suite H Lima, OH 45805",RYLA Health,"2323 Allentown Rd. Suite H Lima, OH 45805",(419) 408-4853
"The Vitality House, 3643 Shawnee Rd Lima, OH 45806",The Vitality House,"3643 Shawnee Rd Lima, OH 45806",(419) 863-3496
"Renew Wellness and Aesthetics, LLC, 7 S Main St London, OH 43140","Renew Wellness and Aesthetics, LLC","7 S Main St London, OH 43140",(740) 273-6097
"4 You Llc. - Marion, 1112 Mount Vernon Ave Marion, OH 43302",4 You Llc. - Marion,"1112 Mount Vernon Ave Marion, OH 43302",(567) 908-2704
"Functional Endocrinology (FUNCDE, LLC), 969 Reading Rd Ste N Mason, OH 45040","Functional Endocrinology (FUNCDE, LLC)","969 Reading Rd Ste N Mason, OH 45040",(513) 586-6021
"Medimorph, Llc - Mason, 9313 S Mason Montgomery Rd Ste 250 Mason, OH 45040","Medimorph, Llc - Mason","9313 S Mason Montgomery Rd Ste 250 Mason, OH 45040",(513) 433-3581
"Radiant Divine Llc (Medina), 2736 Medina Rd Ste 211C Medina, OH 44256",Radiant Divine Llc (Medina),"2736 Medina Rd Ste 211C Medina, OH 44256",(330) 304-4363
"Lucy's Laser & Medspa, 8806 Mentor Ave Unit G Mentor, OH 44060",Lucy's Laser & Medspa,"8806 Mentor Ave Unit G Mentor, OH 44060",(440) 750-2858
"Modern Beauty Aesthetics and Wellness, 115 North Main Bellefontaine, OH 43311",Modern Beauty Aesthetics and Wellness,"115 North Main Bellefontaine, OH 43311",(937) 984-2042
"The Cru Clinic, 2153 Stumbo Rd Ontario, OH 44906",The Cru Clinic,"2153 Stumbo Rd Ontario, OH 44906",(419) 871-4739
"Astria Aesthetics - Pickerington, 1505 Stonecreek Dr S Ste 104 Pickerington, OH 43147",Astria Aesthetics - Pickerington,"1505 Stonecreek Dr S Ste 104 Pickerington, OH 43147",(380) 666-4113
"Vitality Aesthetics and Wellness, 200 E Main St Pomeroy, OH 45769",Vitality Aesthetics and Wellness,"200 E Main St Pomeroy, OH 45769",(740) 875-2948
"Southern Ohio Medical Center, 1735 27th St Waller Bldg - Suite 308 Portsmouth, OH 45662",Southern Ohio Medical Center,"1735 27th St Waller Bldg - Suite 308 Portsmouth, OH 45662",(740) 715-3933
"Central Ohio Aesthetics Clinic Llc, 7500 Sawmill Pkwy Powell, OH 43065",Central Ohio Aesthetics Clinic Llc,"7500 Sawmill Pkwy Powell, OH 43065",(740) 690-3651
"Med Spa At Sandusky Wellness, Llc, 3703 Columbus Ave Suite B Sandusky, OH 44870","Med Spa At Sandusky Wellness, Llc","3703 Columbus Ave Suite B Sandusky, OH 44870",(419) 853-8411
"Unmasked Aesthetics, 415 Glensprings Dr. Suite 102 Springdale, OH 45246",Unmasked Aesthetics,"415 Glensprings Dr. Suite 102 Springdale, OH 45246",(513) 877-6335
"The Bowen Center for Women's Health, 11317 Springfield Pike Springdale, OH 45246",The Bowen Center for Women's Health,"11317 Springfield Pike Springdale, OH 45246",(812) 496-2225
"Brilliant Aesthetics LLC, 11221 Pearl Rd Ste 8 Strongsville, OH 44136",Brilliant Aesthetics LLC,"11221 Pearl Rd Ste 8 Strongsville, OH 44136",(234) 803-9502
"EVOLV Plastic Surgery & Medical Aesthetic, 2000 Regency Court Ste 204 Toledo, OH 43623",EVOLV Plastic Surgery & Medical Aesthetic,"2000 Regency Court Ste 204 Toledo, OH 43623",(567) 402-5969
"The Vitality Heallth And Wellness Center, 3400 Meijer Dr Toledo, OH 43617",The Vitality Heallth And Wellness Center,"3400 Meijer Dr Toledo, OH 43617",(419) 451-4554
"Advanced Health And Wellness Center, Llc, 201 Great Oaks Trail Wadsworth, OH 44281","Advanced Health And Wellness Center, Llc","201 Great Oaks Trail Wadsworth, OH 44281",(330) 325-4804
"The Sanctuary on Second, 800 W Second Street Waverly, OH 45690",The Sanctuary on Second,"800 W Second Street Waverly, OH 45690",(614) 304-3551
"Impact Health & Wellness, 193  West Schrock Rd. Westerville, OH 43081",Impact Health & Wellness,"193  West Schrock Rd. Westerville, OH 43081",(614) 881-2984
"Ada Aesthetics, 1414 Arlington Ste 1500 Ada, OK 74820",Ada Aesthetics,"1414 Arlington Ste 1500 Ada, OK 74820",(918) 842-3432
"Clear Skin Solutions, 808 16th Ave NW Ardmore, OK 73401",Clear Skin Solutions,"808 16th Ave NW Ardmore, OK 73401",(580) 316-6206
"Remedy Health - Bartlesville, 3027 SE Washington Blvd Bartlesville, OK 74006",Remedy Health - Bartlesville,"3027 SE Washington Blvd Bartlesville, OK 74006",(918) 818-3244
"Campbell Medical Wellness, 227 West Gentry Ave Checotah, OK 74426",Campbell Medical Wellness,"227 West Gentry Ave Checotah, OK 74426",(918) 276-8767
"Rock-Well, 1108 W Main St Collinsville, OK 74021",Rock-Well,"1108 W Main St Collinsville, OK 74021",(539) 233-9286
"Fusion MD, 5472 Main St Ste 101 Del City, OK 73115",Fusion MD,"5472 Main St Ste 101 Del City, OK 73115",(405) 925-1282
"Brookwood Medical Clinic, 1515 N Brookwood Dr. Duncan, OK 73533",Brookwood Medical Clinic,"1515 N Brookwood Dr. Duncan, OK 73533",(580) 422-4121
"Bargas Wellness, 3839 S. Boulevard St Ste 100 Edmond, OK 73013",Bargas Wellness,"3839 S. Boulevard St Ste 100 Edmond, OK 73013",(572) 220-2925
"Encompass Wellness, 2925 Astoria Way Edmond, OK 73034",Encompass Wellness,"2925 Astoria Way Edmond, OK 73034",(405) 963-3870
"Metabolic Center of Oklahoma, 200 N Bryant Ave Ste 120 Edmond, OK 73034",Metabolic Center of Oklahoma,"200 N Bryant Ave Ste 120 Edmond, OK 73034",(405) 876-5200
"NP2GO, 800 W 18Th St Suite 220 Edmond, OK 73013",NP2GO,"800 W 18Th St Suite 220 Edmond, OK 73013",(405) 592-5863
"PS Aesthetics Wellness & Skinbar, 1225 E 9th St Edmond, OK 73034",PS Aesthetics Wellness & Skinbar,"1225 E 9th St Edmond, OK 73034",(572) 221-6918
"Pristine Health, 1709 W 33rd St Edmond, OK 73013",Pristine Health,"1709 W 33rd St Edmond, OK 73013",(405) 855-9530
"Pristine Health - North, 3109 N Sooner Rd Edmond, OK 73034",Pristine Health - North,"3109 N Sooner Rd Edmond, OK 73034",(572) 218-2990
"Resurgence Vitality, 2901 Fairfax Dr Ste 100 Edmond, OK 73034",Resurgence Vitality,"2901 Fairfax Dr Ste 100 Edmond, OK 73034",(405) 451-5693
"The Fatigue  Center, 800 W 18th St Ste 100 Edmond, OK 73013",The Fatigue  Center,"800 W 18th St Ste 100 Edmond, OK 73013",(405) 784-4077
"The Fitz Aesthetics & Wellness, 14201 N Santa Fe Ave Ste 107 Edmond, OK 73013",The Fitz Aesthetics & Wellness,"14201 N Santa Fe Ave Ste 107 Edmond, OK 73013",(405) 731-3264
"The Lamkin Clinic, 4001 E. Covell Rd Ste 100 Edmond, OK 73034",The Lamkin Clinic,"4001 E. Covell Rd Ste 100 Edmond, OK 73034",(405) 267-8193
"The Refinery Wellness & Aesthetics, 17800 Knox Farm Rd #100 Edmond, OK 73012",The Refinery Wellness & Aesthetics,"17800 Knox Farm Rd #100 Edmond, OK 73012",(572) 220-2783
"Vita Wellness, 2117 N Kelly Ave Edmond, OK 73003",Vita Wellness,"2117 N Kelly Ave Edmond, OK 73003",(405) 583-7105
"A+ Wellness, LLC, 3201 N Van Buren St, Ste 400 Enid, OK 73703","A+ Wellness, LLC","3201 N Van Buren St, Ste 400 Enid, OK 73703",(580) 247-2249
"Aesthetic State of Mind, 702 Legacy Trl Ponca City, OK 74604",Aesthetic State of Mind,"702 Legacy Trl Ponca City, OK 74604",(580) 952-2412
"ART Medical Spa, 1130 S Main Grove, OK 74344",ART Medical Spa,"1130 S Main Grove, OK 74344",(918) 723-7541
"The Skin Company Med Spa, 23 E Choctaw Ave McAlester, OK 74501",The Skin Company Med Spa,"23 E Choctaw Ave McAlester, OK 74501",(918) 302-2824
"Red Key Wellness, 1301 Magnolia Ct STE 113 Moore, OK 73160",Red Key Wellness,"1301 Magnolia Ct STE 113 Moore, OK 73160",(405) 261-1814
"Karen Barbalace Aesthetics, 1636 West Lindsey St. Norman, OK 73069",Karen Barbalace Aesthetics,"1636 West Lindsey St. Norman, OK 73069",(405) 704-4038
"Margaret Hall, MD, 11200 N Portland 2Nd Floor Okc, OK 73120","Margaret Hall, MD","11200 N Portland 2Nd Floor Okc, OK 73120",(405) 877-6158
"Advantage Home Medical, 1514 SW 119th St Oklahoma City, OK 73170",Advantage Home Medical,"1514 SW 119th St Oklahoma City, OK 73170",(405) 817-5381
"Belle Ame Med Spa, 8 SW 89th St Ste 101 Oklahoma City, OK 73139",Belle Ame Med Spa,"8 SW 89th St Ste 101 Oklahoma City, OK 73139",(405) 451-1761
"Cosmetic Surgery Affiliates, 2100 Nw 63Rd St Oklahoma City, OK 73116",Cosmetic Surgery Affiliates,"2100 Nw 63Rd St Oklahoma City, OK 73116",(405) 369-5036
"Integrative Health and Wellness, 1211 N Shartel Ave Ste 908 Oklahoma City, OK 73103",Integrative Health and Wellness,"1211 N Shartel Ave Ste 908 Oklahoma City, OK 73103",(572) 213-4770
"Kashok MD PC - DBA Complete Healthcare, 1211 N Shartel Ave Ste 208 Oklahoma City, OK 73103",Kashok MD PC - DBA Complete Healthcare,"1211 N Shartel Ave Ste 208 Oklahoma City, OK 73103",(405) 450-7701
"Longevity Health & Wellness, 3110 Sw 89Th  Ste 102 Oklahoma City, OK 73159",Longevity Health & Wellness,"3110 Sw 89Th  Ste 102 Oklahoma City, OK 73159",(405) 450-7113
"Modern Endocrine, 850 NW 58th St Oklahoma City, OK 73118",Modern Endocrine,"850 NW 58th St Oklahoma City, OK 73118",(405) 286-1571
"Prime Wellness, 12344 Market Dr Oklahoma City, OK 73114",Prime Wellness,"12344 Market Dr Oklahoma City, OK 73114",(572) 212-4131
"Saving Grace Health, 4416 N Western Ave Ste 206 Oklahoma City, OK 73118",Saving Grace Health,"4416 N Western Ave Ste 206 Oklahoma City, OK 73118",(405) 358-4740
"Valerie Engelbrecht, MD, 11200 N Portland Ave Fl 2 Oklahoma City, OK 73120","Valerie Engelbrecht, MD","11200 N Portland Ave Fl 2 Oklahoma City, OK 73120",(405) 963-4355
"VitruviaMD, 809 NW 57th St Oklahoma City, OK 73118",VitruviaMD,"809 NW 57th St Oklahoma City, OK 73118",(405) 477-1802
"Wheeler Med Spa, 1723 Spoke Street Oklahoma City, OK 73109",Wheeler Med Spa,"1723 Spoke Street Oklahoma City, OK 73109",(405) 877-6143
"Remedy Health - Owasso, 8551 N 125Th East Ave Ste 175 Owasso, OK 74055",Remedy Health - Owasso,"8551 N 125Th East Ave Ste 175 Owasso, OK 74055",(539) 233-3442
"Alleviate Pain Specialists, 115 Patton Dr Ponca City, OK 74601",Alleviate Pain Specialists,"115 Patton Dr Ponca City, OK 74601",(539) 214-2626
"Hoffman's APRN-CNP Medical Clinic, PLLC, 102 Smith Ave Poteau, OK 74953","Hoffman's APRN-CNP Medical Clinic, PLLC","102 Smith Ave Poteau, OK 74953",(479) 255-2697
"Pinnacle Health - Poteau, 210 W Robert St Poteau, OK 74953",Pinnacle Health - Poteau,"210 W Robert St Poteau, OK 74953",(539) 245-4111
"Sapulpa Hormone and Weight Loss, 3900 S 113th W Ave Sand Springs, OK 74063",Sapulpa Hormone and Weight Loss,"3900 S 113th W Ave Sand Springs, OK 74063",(918) 771-9059
"Magnolia Clinic, 4409 N Kickapoo Ave. Ste 121 Shawnee, OK 74804",Magnolia Clinic,"4409 N Kickapoo Ave. Ste 121 Shawnee, OK 74804",(405) 704-3869
"Pinnacle Health - Stigler, 205 N Broadway St Stigler, OK 74462",Pinnacle Health - Stigler,"205 N Broadway St Stigler, OK 74462",(539) 216-5231
"Pure Skin and Aesthetics, 121 S Duck Street Suite 1 Stillwater, OK 74074",Pure Skin and Aesthetics,"121 S Duck Street Suite 1 Stillwater, OK 74074",(405) 353-9784
"Taguchi Women's Clinic, 801 S Walnut Street Stillwater, OK 74074",Taguchi Women's Clinic,"801 S Walnut Street Stillwater, OK 74074",(405) 725-2185
"Align Body and Wellness, 11003 S Memorial Dr Tulsa, OK 74133",Align Body and Wellness,"11003 S Memorial Dr Tulsa, OK 74133",(918) 238-7355
"Blank Med Spa, 1135 E 33rd Place Tulsa, OK 74135",Blank Med Spa,"1135 E 33rd Place Tulsa, OK 74135",(918) 387-7161
"Crestone Concierge, 1815 E 15th St Tulsa, OK 74104",Crestone Concierge,"1815 E 15th St Tulsa, OK 74104",(918) 480-8873
"Face and Body Medical, 6304 E. 102nd Street Tulsa, OK 74137",Face and Body Medical,"6304 E. 102nd Street Tulsa, OK 74137",(918) 626-1459
"Glow Medical Aesthetics - Tulsa, 6207 E 61st St Tulsa, OK 74136",Glow Medical Aesthetics - Tulsa,"6207 E 61st St Tulsa, OK 74136",(539) 265-9655
"Grassroots Healthcare, 10100 S Mingo Rd Tulsa, OK 74133",Grassroots Healthcare,"10100 S Mingo Rd Tulsa, OK 74133",(918) 727-8680
"Kinetic Clinic - Kochell, 6901 South Yorktown Avenue Suite D Tulsa, OK 74136",Kinetic Clinic - Kochell,"6901 South Yorktown Avenue Suite D Tulsa, OK 74136",(539) 217-0618
"Kinetic Clinic - Reusser, 6901 S Yorktown Ave Ste D Tulsa, OK 74136",Kinetic Clinic - Reusser,"6901 S Yorktown Ave Ste D Tulsa, OK 74136",(918) 601-5891
"Lifestyle Medicine, Inc., 5801E 41St Street Ste 600 Tulsa, OK 74135","Lifestyle Medicine, Inc.","5801E 41St Street Ste 600 Tulsa, OK 74135",(539) 233-8301
"Magnolia Health, 1919 S. Wheeling Ave Suite 300 Tulsa, OK 74104",Magnolia Health,"1919 S. Wheeling Ave Suite 300 Tulsa, OK 74104",(918) 601-4074
"Priority Health, 5125 E 81St St Suite 1 Tulsa, OK 74137",Priority Health,"5125 E 81St St Suite 1 Tulsa, OK 74137",(918) 372-3411
"Tulsa Oklahoma Plastic Surgery, 2448 East 81st Street Ste 1000 Tulsa, OK 74137",Tulsa Oklahoma Plastic Surgery,"2448 East 81st Street Ste 1000 Tulsa, OK 74137",(539) 666-6511
"Tulsa Surgical Arts, 7322 E 91st St Tulsa, OK 74133",Tulsa Surgical Arts,"7322 E 91st St Tulsa, OK 74133",(918) 380-3263
"Vitallife, 5610 S Memorial Dr Ste D Tulsa, OK 74145",Vitallife,"5610 S Memorial Dr Ste D Tulsa, OK 74145",(539) 265-7618
"BeautyRx Oklahoma, 1123 Main Street Woodward, OK 73801",BeautyRx Oklahoma,"1123 Main Street Woodward, OK 73801",(580) 808-4542
"Wellness & Longevity, 4400 Grant Blvd Suite 108 Yukon, OK 73099",Wellness & Longevity,"4400 Grant Blvd Suite 108 Yukon, OK 73099",(405) 993-4105
"XO Medical Aesthetics & Wellness, 815 E Main Ste 105 Yukon, OK 73099",XO Medical Aesthetics & Wellness,"815 E Main Ste 105 Yukon, OK 73099",(405) 776-1929
"YourCare Yukon, 1029 E Vandament Ave Yukon, OK 73099",YourCare Yukon,"1029 E Vandament Ave Yukon, OK 73099",(405) 870-2286
"Dr Laura Staver, 628 NW York Dr Ste 104 Bend, OR 97703",Dr Laura Staver,"628 NW York Dr Ste 104 Bend, OR 97703",(541) 546-1257
"Wildflower Natural Medicine, 132 SW Crowell Way Ste 101 Bend, OR 97702",Wildflower Natural Medicine,"132 SW Crowell Way Ste 101 Bend, OR 97702",(503) 389-8039
"VIP Medispa, 10001 SE Sunnyside Rd Ste 120 Clackamas, OR 97015",VIP Medispa,"10001 SE Sunnyside Rd Ste 120 Clackamas, OR 97015",(503) 664-9409
"Elevation Health Northwest, 15 82Nd Dr Ste 100 Gladstone, OR 97027",Elevation Health Northwest,"15 82Nd Dr Ste 100 Gladstone, OR 97027",(360) 837-0462
"White Lotus Medical Aesthetics, 2460 NE Division St Gresham, OR 97030",White Lotus Medical Aesthetics,"2460 NE Division St Gresham, OR 97030",(971) 265-6432
"RISE Aesthetics, 13200 SE 172nd Ave Ste 150 Happy Valley, OR 97086",RISE Aesthetics,"13200 SE 172nd Ave Ste 150 Happy Valley, OR 97086",(971) 338-4034
"Citrine Holistic Health, 15962 Boones Ferry Rd Ste 202 Lake Oswego, OR 97035",Citrine Holistic Health,"15962 Boones Ferry Rd Ste 202 Lake Oswego, OR 97035",(971) 293-2452
"PMA MED SPA, 805 N 5Th St Ste D Lebanon, OR 97355",PMA MED SPA,"805 N 5Th St Ste D Lebanon, OR 97355",(541) 644-4574
"Advanced Health & Wellness, 3132 State Street Ste 104 Medford, OR 97504",Advanced Health & Wellness,"3132 State Street Ste 104 Medford, OR 97504",(541) 299-3202
"Synergy Women's Health Care, 2525 NW Lovejoy St Ste 300 Portland, OR 97210",Synergy Women's Health Care,"2525 NW Lovejoy St Ste 300 Portland, OR 97210",(503) 782-8074
"AM Aesthetic Medicine, 3910 Shropshire Way S unit A Salem, OR 97302",AM Aesthetic Medicine,"3910 Shropshire Way S unit A Salem, OR 97302",(971) 715-2209
"Intentional Wellness Center, 1845 Fairgrounds Road NE Salem, OR 97301",Intentional Wellness Center,"1845 Fairgrounds Road NE Salem, OR 97301",(503) 564-7624
"White Lotus Medical Aesthetics - Salem, 1855 Fairgrounds Rd NE Salem, OR 97301",White Lotus Medical Aesthetics - Salem,"1855 Fairgrounds Rd NE Salem, OR 97301",(541) 981-6121
"Oregon Health DPC, 19365 Sw 65Th Ave Suite 209 Tualatin, OR 97062",Oregon Health DPC,"19365 Sw 65Th Ave Suite 209 Tualatin, OR 97062",(503) 710-9862
"Meadows Health and Wellness, 30775 SW Boones Ferry Rd Ste F Wilsonville, OR 97070",Meadows Health and Wellness,"30775 SW Boones Ferry Rd Ste F Wilsonville, OR 97070",(971) 264-2350
"Regen Doctors -Allentown, 2200 Hamilton St Ste 110 Allentown, PA 18104",Regen Doctors -Allentown,"2200 Hamilton St Ste 110 Allentown, PA 18104",(610) 421-1630
"Wellness In The Lehigh Valley Llc, 1275 S Cedar Crest Blvd Ste 5 Allentown, PA 18103",Wellness In The Lehigh Valley Llc,"1275 S Cedar Crest Blvd Ste 5 Allentown, PA 18103",(267) 377-4502
"Regen Doctors-Bethlehem, 163 N Commerce Way Bethlehem, PA 18017",Regen Doctors-Bethlehem,"163 N Commerce Way Bethlehem, PA 18017",(610) 298-9537
"Tuscan Sun Med Spa, 604 W McMurray Rd Canonsburg, PA 15317",Tuscan Sun Med Spa,"604 W McMurray Rd Canonsburg, PA 15317",(878) 231-3650
"YoungerMeMD, 125 East Elm Street Ste 201 Conshohocken, PA 19428",YoungerMeMD,"125 East Elm Street Ste 201 Conshohocken, PA 19428",(215) 585-2216
"True Precision Medicine, 20826 Route 19 Cranberry Twp, PA 16066",True Precision Medicine,"20826 Route 19 Cranberry Twp, PA 16066",(412) 453-7802
"Daniel D Beninati Md, 797 E Lancaster Ave Ste 16 Downingtown, PA 19335",Daniel D Beninati Md,"797 E Lancaster Ave Ste 16 Downingtown, PA 19335",(610) 268-9464
"Regen Doctors - Doylestown, 1715 S Easton Rd Doylestown, PA 18901",Regen Doctors - Doylestown,"1715 S Easton Rd Doylestown, PA 18901",(610) 486-3652
"MidLantic Urology, 325 W Germantown Pike Ste 100 East Norriton, PA 19403",MidLantic Urology,"325 W Germantown Pike Ste 100 East Norriton, PA 19403",(445) 455-1469
"Lifefire Weight & Wellness, 500 W Township Line Road Havertown, PA 19083",Lifefire Weight & Wellness,"500 W Township Line Road Havertown, PA 19083",(610) 947-5013
"Benesque Wellness ENT, 2213  Shenango Valley Fwy Unit 1A Hermitage, PA 16148",Benesque Wellness ENT,"2213  Shenango Valley Fwy Unit 1A Hermitage, PA 16148",(724) 305-3491
"Benesque Wellness LTD, 1599 N Hermitage Rd STE 1 Hermitage, PA 16148",Benesque Wellness LTD,"1599 N Hermitage Rd STE 1 Hermitage, PA 16148",(878) 768-6743
"Hsq, 435 Beech Ave Hershey, PA 17033",Hsq,"435 Beech Ave Hershey, PA 17033",(717) 523-9989
"Body Dojo LLC, 8958 Hill Dr Irwin, PA 15642",Body Dojo LLC,"8958 Hill Dr Irwin, PA 15642",(878) 881-2840
"Horvath Plastic & Cosmetic Surgery Center, 216 Mall Blvd Ste 101 King Of Prussia, PA 19406",Horvath Plastic & Cosmetic Surgery Center,"216 Mall Blvd Ste 101 King Of Prussia, PA 19406",(215) 884-2880
"Medical Group Robinson, 5855 Steubenville Pike Suite 200 Mckees Rocks, PA 15136",Medical Group Robinson,"5855 Steubenville Pike Suite 200 Mckees Rocks, PA 15136",(412) 498-6018
"Legacy Lyfe - McMurray, 3540 Washington Rd Mcmurray, PA 15317",Legacy Lyfe - McMurray,"3540 Washington Rd Mcmurray, PA 15317",(724) 200-8410
"Burick Center For Health And Wellness, 2005 Technology Pkwy Ste 350 Mechanicsburg, PA 17050",Burick Center For Health And Wellness,"2005 Technology Pkwy Ste 350 Mechanicsburg, PA 17050",(717) 853-1701
"Gameday Men’s Health - Media, 280 North Providence Road Media, PA 19063",Gameday Men’s Health - Media,"280 North Providence Road Media, PA 19063",(484) 932-5087
"Philadelphia Urology Associates, 1015 Chestnut St. Ste 405 Philadelphia, PA 19107",Philadelphia Urology Associates,"1015 Chestnut St. Ste 405 Philadelphia, PA 19107",(215) 770-3783
"Philly Wellness Center, 834 South St Philadelphia, PA 19147",Philly Wellness Center,"834 South St Philadelphia, PA 19147",(215) 515-9712
"Viva Care Solutions, 1613 Germantown Ave Suite 106 Philadelphia, PA 19122",Viva Care Solutions,"1613 Germantown Ave Suite 106 Philadelphia, PA 19122",(445) 455-4699
"Prime Life Wellness & Health, 564 Kimberton Rd Phoenixville, PA 19460",Prime Life Wellness & Health,"564 Kimberton Rd Phoenixville, PA 19460",(484) 760-0124
"Legacy Lyfe - Pittsburgh, 9000 Perry Highway Pittsburgh, PA 15237",Legacy Lyfe - Pittsburgh,"9000 Perry Highway Pittsburgh, PA 15237",(412) 214-8779
"Repro Options LLC, 5910 Kirkwood St Pittsburgh, PA 15206",Repro Options LLC,"5910 Kirkwood St Pittsburgh, PA 15206",(412) 528-6886
"KOR Medspa, 200 Spring Ridge Dr Ste 102 Reading, PA 19610",KOR Medspa,"200 Spring Ridge Dr Ste 102 Reading, PA 19610",(717) 883-6195
"Lackawanna Medical Group, 201 Smallacombe Drive Suite 3 Scranton, PA 18508",Lackawanna Medical Group,"201 Smallacombe Drive Suite 3 Scranton, PA 18508",(570) 595-1938
"Aether Medicine, 565 E. Swedesford Rd. Suite 315 Wayne, PA 19087",Aether Medicine,"565 E. Swedesford Rd. Suite 315 Wayne, PA 19087",(484) 348-4103
"Serenity: Hormone Replacement Therapy, 1010 Mount Pleasant Ave Wayne, PA 19087",Serenity: Hormone Replacement Therapy,"1010 Mount Pleasant Ave Wayne, PA 19087",(856) 522-4313
"OptiBalance - Metabolic & Hormone Clinic, 605 Floral Vale Blvd Yardley, PA 19067",OptiBalance - Metabolic & Hormone Clinic,"605 Floral Vale Blvd Yardley, PA 19067",(267) 651-8486
"Neo Derma Medical, 65 Infanteria Calle 67 Ste 104-109 Anasco, PR 00610",Neo Derma Medical,"65 Infanteria Calle 67 Ste 104-109 Anasco, PR 00610",(787) 663-9364
"Sáez Cartagena Medical Services PSC, Carr 722 KM 6.6 Bo Rabanal Aibonito, PR 00705",Sáez Cartagena Medical Services PSC,"Carr 722 KM 6.6 Bo Rabanal Aibonito, PR 00705",(970) 251-7424
"Elite Health Medical, Carretera 130 Km 7.6 Barrio Buena Vista Hatillo, PR 00659",Elite Health Medical,"Carretera 130 Km 7.6 Barrio Buena Vista Hatillo, PR 00659",(786) 347-8663
"Elevate Medical Aesthetics, Ave Aguas Buenas , Blq 1632  A-1 Santa Rosa Bayamon, PR 00959",Elevate Medical Aesthetics,"Ave Aguas Buenas , Blq 1632  A-1 Santa Rosa Bayamon, PR 00959",(787) 497-3049
"Belladonna Medical - Vega Baja, 4253 Carr 2 BO Algarrobo Vega Baja, PR 00693",Belladonna Medical - Vega Baja,"4253 Carr 2 BO Algarrobo Vega Baja, PR 00693",(787) 699-2396
"Moises O. Ramirez, MD, 201 Ave Arterial Hostos San Juan, PR 00918","Moises O. Ramirez, MD","201 Ave Arterial Hostos San Juan, PR 00918",(787) 339-2612
"Paseos Medical Primary Care & Vitality, Avenida Felisa Rincon De Gautier  #349 San Juan, PR 00926",Paseos Medical Primary Care & Vitality,"Avenida Felisa Rincon De Gautier  #349 San Juan, PR 00926",(939) 699-8038
"Andrews Medical and Aesthetics, 1000 Avenida dos Palmas Toa Baja, PR 00949",Andrews Medical and Aesthetics,"1000 Avenida dos Palmas Toa Baja, PR 00949",(787) 965-4643
"Vitaliza Infusions, C-47 Urbanizacion Catalana Carretera 140 Barceloneta, PR 00617",Vitaliza Infusions,"C-47 Urbanizacion Catalana Carretera 140 Barceloneta, PR 00617",(786) 998-3245
"HealthProMed, 2020 Ave Borinquen San Juan, PR 00915",HealthProMed,"2020 Ave Borinquen San Juan, PR 00915",(787) 334-1025
"IV LIFE HOLISTIC CLINIC, 523 Calle Cuevas Bustamante SAN JUAN, PR 00918",IV LIFE HOLISTIC CLINIC,"523 Calle Cuevas Bustamante SAN JUAN, PR 00918",(939) 298-3524
"Avani Aesthetic & Anti-Aging Med, 1308 Calle Dalmacia San Juan, PR 00920",Avani Aesthetic & Anti-Aging Med,"1308 Calle Dalmacia San Juan, PR 00920",(939) 233-6387
"Dr. Emmanuel Soto Primary & Aesthetic Med, 32 Calle Don Chemary Moca, PR 00676",Dr. Emmanuel Soto Primary & Aesthetic Med,"32 Calle Don Chemary Moca, PR 00676",(787) 492-1073
"Lotus Medical Aesthetics PR, LLC, 109 Calle Fernandez Garcia Luquillo, PR 00773","Lotus Medical Aesthetics PR, LLC","109 Calle Fernandez Garcia Luquillo, PR 00773",(787) 965-4822
"Roschia M, Vargas Serrano, J7 Calle Hernandez Carrion Urb, Atenas Manati, PR 00674","Roschia M, Vargas Serrano","J7 Calle Hernandez Carrion Urb, Atenas Manati, PR 00674",(787) 490-2779
"TR Medical Management Group, Hermanas Davila 49 Calle I Bayamon, PR 00959",TR Medical Management Group,"Hermanas Davila 49 Calle I Bayamon, PR 00959",(787) 301-0853
"ROS Wellness Center, LLC, 50 Calle Jose J Acosta Vega Baja, PR 00693","ROS Wellness Center, LLC","50 Calle Jose J Acosta Vega Baja, PR 00693",(787) 302-3293
"Arlene Torres Montesinos, G24  Calle Magda Urb Levittown Toa Baja, PR 00949",Arlene Torres Montesinos,"G24  Calle Magda Urb Levittown Toa Baja, PR 00949",(787) 592-2393
"Instituto Ginecologico - Domingo, 4 Calle Rvdo Domingo Marrero San Juan, PR 00925",Instituto Ginecologico - Domingo,"4 Calle Rvdo Domingo Marrero San Juan, PR 00925",(939) 320-7403
"Instituto Ginecologico, 29 Calle Washington LBBY San Juan, PR 00907",Instituto Ginecologico,"29 Calle Washington LBBY San Juan, PR 00907",(787) 305-3369
"Modern OB Gyn Care, 310 Ave De Diego Plaza De Diego #303A San Juan, PR 00917",Modern OB Gyn Care,"310 Ave De Diego Plaza De Diego #303A San Juan, PR 00917",(970) 713-9167
"Biologique, 107 Ave Ortegon Ste 207 Guaynabo, PR 00966",Biologique,"107 Ave Ortegon Ste 207 Guaynabo, PR 00966",(787) 495-3287
"Nefer Aesthetic Clinic, 1353 Ave. Luis Vigoreaux PMB 331 Guaynabo, PR 00966",Nefer Aesthetic Clinic,"1353 Ave. Luis Vigoreaux PMB 331 Guaynabo, PR 00966",(787) 968-3028
"Cruzado & Cruzado MD Group, Ave Cesar Gonzalez #576 Suite 408 Hato Rey, PR 00918",Cruzado & Cruzado MD Group,"Ave Cesar Gonzalez #576 Suite 408 Hato Rey, PR 00918",(787) 965-4708
"DeSoto Internal Medicine Services, PSC, 9 Calle Rafael Arroyo Rios N Humacao, PR 00791","DeSoto Internal Medicine Services, PSC","9 Calle Rafael Arroyo Rios N Humacao, PR 00791",(939) 320-7703
"K&R Wellness, LLC, 1910 Ave. Jesus T Pinero San Juan, PR 00920","K&R Wellness, LLC","1910 Ave. Jesus T Pinero San Juan, PR 00920",(787) 663-6656
"Health Med Care CSP, Cordova Davila 158 Carr 668 Manati, PR 00674",Health Med Care CSP,"Cordova Davila 158 Carr 668 Manati, PR 00674",(787) 305-3513
"Womens Health and Aesthetic Center, Carr 2 KM 47.4 Edificio Medico Dr Pedro Blanco Lugo Oficina 207 Manati, PR 00674",Womens Health and Aesthetic Center,"Carr 2 KM 47.4 Edificio Medico Dr Pedro Blanco Lugo Oficina 207 Manati, PR 00674",(970) 251-7401
"Huesos Chicos CSP, Torre Medica II Pedro Blanco Lugo  Suite 151 Manatí, PR 00674",Huesos Chicos CSP,"Torre Medica II Pedro Blanco Lugo  Suite 151 Manatí, PR 00674",(939) 221-3060
"E|C Health & Body Care, Calle Mendez Vigo 25 W Suite 100 Mayaguez, PR 00680",E|C Health & Body Care,"Calle Mendez Vigo 25 W Suite 100 Mayaguez, PR 00680",(787) 822-8076
"Jose L Cintron Herrera, 151 Ave Osvaldo Molina Fajardo, PR 00738",Jose L Cintron Herrera,"151 Ave Osvaldo Molina Fajardo, PR 00738",(787) 468-6111
"Dorado Wellness and Medicine Institute, 349 Calle Mendez Vigo STE 6 Pabellon Rafael Hernandez Colon Dorado, PR 00646",Dorado Wellness and Medicine Institute,"349 Calle Mendez Vigo STE 6 Pabellon Rafael Hernandez Colon Dorado, PR 00646",(787) 482-3622
"Centro Ararat, Inc., 700 Calle Dr. M.Pavia Esq. Fdez Juncos, Edif. Europa Ste 301 San Juan, PR 00919","Centro Ararat, Inc.","700 Calle Dr. M.Pavia Esq. Fdez Juncos, Edif. Europa Ste 301 San Juan, PR 00919",(787) 592-3181
"Dr Nicolas Casellas, 655 Calle Dr Pavia Fernandez Suite 302 San Juan, PR 00909",Dr Nicolas Casellas,"655 Calle Dr Pavia Fernandez Suite 302 San Juan, PR 00909",(787) 496-2790
"Dr. Rolando N. Alvarado Melendez, 221 Ave Ponce De Leon  Ste 1404 San Juan, PR 00917",Dr. Rolando N. Alvarado Melendez,"221 Ave Ponce De Leon  Ste 1404 San Juan, PR 00917",(970) 251-7435
"Jorge A. Negron-Casasnovas, MD FACOG, 650 Calle Lloveras Centro Plaza Suite 203 San Juan, PR 00909","Jorge A. Negron-Casasnovas, MD FACOG","650 Calle Lloveras Centro Plaza Suite 203 San Juan, PR 00909",(787) 476-3633
"Physiatric and Emergency Health Services, #735 Ponce de Leon Ave Ste 816 San Juan, PR 00918",Physiatric and Emergency Health Services,"#735 Ponce de Leon Ave Ste 816 San Juan, PR 00918",(970) 251-8359
"Ricardo Hernandez, 1910 Av Jesus T PiÃƒÂ±eiro Local 13 San Juan, PR 00921",Ricardo Hernandez,"1910 Av Jesus T PiÃƒÂ±eiro Local 13 San Juan, PR 00921",(939) 229-3768
"Senorial OBGYN, PSC, 200 AVE. Winston Churchill Suite 303 San Juan, PR 00926","Senorial OBGYN, PSC","200 AVE. Winston Churchill Suite 303 San Juan, PR 00926",(939) 220-4580
"June Medical Aesthetics, 258 Calle Convento San Jorge Medical Bld  Suite 403 Santurce, PR 00912",June Medical Aesthetics,"258 Calle Convento San Jorge Medical Bld  Suite 403 Santurce, PR 00912",(787) 518-6374
"Belladonna Medical - Bayamon, Calle 1 Solar 46 5TA Seccion HNAS Davila Bayamon, PR 00960",Belladonna Medical - Bayamon,"Calle 1 Solar 46 5TA Seccion HNAS Davila Bayamon, PR 00960",(787) 558-2918
"Belladonna Medical Wellness, Calle 1 Solar 46 5Ta Seccion Hnas Davila Bayamon, PR 00961",Belladonna Medical Wellness,"Calle 1 Solar 46 5Ta Seccion Hnas Davila Bayamon, PR 00961",(787) 468-6142
"Rodriguez Ginorio, Henry, 735 Ave Ponce De Leon, Ste 405 Torre Auxilio Mutio San Juan, PR 00917","Rodriguez Ginorio, Henry","735 Ave Ponce De Leon, Ste 405 Torre Auxilio Mutio San Juan, PR 00917",(787) 699-3168
"Dr. Luis A Cruz, Ponce De Leon 735, Ste 505 Torre Auxilio Mutuo Hato Rey San Juan, PR 00917",Dr. Luis A Cruz,"Ponce De Leon 735, Ste 505 Torre Auxilio Mutuo Hato Rey San Juan, PR 00917",(787) 699-3198
"Roxabella Torres-Baez, MD, 68 Calle Santa Cruz Ste 803B Torre De San Pablo Bayamon, PR 00961","Roxabella Torres-Baez, MD","68 Calle Santa Cruz Ste 803B Torre De San Pablo Bayamon, PR 00961",(970) 251-7743
"Ostolaza Bey, CSP, 735 Ponce De Leon Ave, Ste 205 Torre Medica Auxilio Mutuo San Juan, PR 00917","Ostolaza Bey, CSP","735 Ponce De Leon Ave, Ste 205 Torre Medica Auxilio Mutuo San Juan, PR 00917",(787) 491-0338
"Dr. Edgar Hernandez Viera, 369 Ave De Diego, STE 607 Torre San Francisco San Juan, PR 00923",Dr. Edgar Hernandez Viera,"369 Ave De Diego, STE 607 Torre San Francisco San Juan, PR 00923",(787) 339-2485
"Clinica Medica Avanzada/Transsalud, Local # 2, Carr. 21 # U3-1, Urb. Las Lomas San Juan, PR 00921",Clinica Medica Avanzada/Transsalud,"Local # 2, Carr. 21 # U3-1, Urb. Las Lomas San Juan, PR 00921",(787) 497-0487
"Beaumedics, 961 FD Roosevelt Avenue URB Puerto Nueva San Juan, PR 00920",Beaumedics,"961 FD Roosevelt Avenue URB Puerto Nueva San Juan, PR 00920",(787) 490-1283
"Dr. Carlos Cruz Martinez, 143 Ave Universidad Interamericana San German, PR 00683",Dr. Carlos Cruz Martinez,"143 Ave Universidad Interamericana San German, PR 00683",(939) 205-1882
"ageNwellness, Urb Celina E-17 Calle Teodoro Medina Ceiba, PR 00735",ageNwellness,"Urb Celina E-17 Calle Teodoro Medina Ceiba, PR 00735",(787) 496-2114
"Atlantic Wellness, I-26 Calle 3 Urb. Flamboyan Manati, PR 00674",Atlantic Wellness,"I-26 Calle 3 Urb. Flamboyan Manati, PR 00674",(787) 592-2142
"Illuminate, Carr 2 KM 29.4 Bo Espinosa Nunez Plaza 5 Vega Alta, PR 00692",Illuminate,"Carr 2 KM 29.4 Bo Espinosa Nunez Plaza 5 Vega Alta, PR 00692",(939) 294-3927
"Alexandra Pujols Villegas, Secotr La Vega 13 Calle 4 Yauco, PR 00698",Alexandra Pujols Villegas,"Secotr La Vega 13 Calle 4 Yauco, PR 00698",(787) 417-8706
"Yabucoamed, calle Baldorioty #4 el sapo Barrio Calabazas Yabucoa, PR 00767",Yabucoamed,"calle Baldorioty #4 el sapo Barrio Calabazas Yabucoa, PR 00767",(939) 229-3407
"Viva Med Spa & Wellness, 1125 Pontiac Ave Cranston, RI 02920",Viva Med Spa & Wellness,"1125 Pontiac Ave Cranston, RI 02920",(401) 360-5838
"Revive Aesthetics & Wellness, 175 Main Street East Greenwich, RI 02818",Revive Aesthetics & Wellness,"175 Main Street East Greenwich, RI 02818",(401) 386-9275
"Firm MD, 130 Touro St Newport, RI 02840",Firm MD,"130 Touro St Newport, RI 02840",(401) 289-1567
"Newport Medical Aesthetics, 55 Memorial Blvd Ste 3 Newport, RI 02840",Newport Medical Aesthetics,"55 Memorial Blvd Ste 3 Newport, RI 02840",(774) 500-3962
"PureBeautyNP Aesthetics, 1150 Stafford Road Tiverton, RI 02878",PureBeautyNP Aesthetics,"1150 Stafford Road Tiverton, RI 02878",(774) 273-7616
"Palmetto Wellness and Weight Loss, 210 High Gate Loop Aiken, SC 29803",Palmetto Wellness and Weight Loss,"210 High Gate Loop Aiken, SC 29803",(803) 866-7674
"Awesome Body Medicine Beaufort, 10 A Marshellen Dr Beaufort, SC 29902",Awesome Body Medicine Beaufort,"10 A Marshellen Dr Beaufort, SC 29902",(843) 483-5171
"Compass Rose Health and Wellness, 4 Clark Summit Dr Suite 100 Bluffton, SC 29910",Compass Rose Health and Wellness,"4 Clark Summit Dr Suite 100 Bluffton, SC 29910",(912) 468-1645
"Refine Aesthetics, 132 Bluffton Rd Ste 102 Bluffton, SC 29910",Refine Aesthetics,"132 Bluffton Rd Ste 102 Bluffton, SC 29910",(912) 468-1648
"VIP Cosmetic Surgery and Med Spa, 10 William Pope Dr Suite #4 Bluffton, SC 29909",VIP Cosmetic Surgery and Med Spa,"10 William Pope Dr Suite #4 Bluffton, SC 29909",(912) 600-2849
"About Face Aesthetics and Wellness Chapin, 113 Virginia St. Chapin, SC 29036",About Face Aesthetics and Wellness Chapin,"113 Virginia St. Chapin, SC 29036",(864) 661-6793
"Cooper House Wellness and Aesthetics, 846 Piccadilly Cir Charleston, SC 29412",Cooper House Wellness and Aesthetics,"846 Piccadilly Cir Charleston, SC 29412",(854) 202-9622
"Luminus Aesthetics, 1525 Ashley River Road Ste A Charleston, SC 29407",Luminus Aesthetics,"1525 Ashley River Road Ste A Charleston, SC 29407",(843) 560-5527
"Palmetto Beauty and Balance, LLC, 2467 Savannah Hwy Unit 530 Charleston, SC 29414","Palmetto Beauty and Balance, LLC","2467 Savannah Hwy Unit 530 Charleston, SC 29414",(854) 777-0252
"Aeternum Aesthetics & Wellness, 534 Nautical Dr. Suite 3 Clover, SC 29710",Aeternum Aesthetics & Wellness,"534 Nautical Dr. Suite 3 Clover, SC 29710",(864) 763-6203
"Sculpted by WH Aesthetics, 701 Lady St Ste B Columbia, SC 29201",Sculpted by WH Aesthetics,"701 Lady St Ste B Columbia, SC 29201",(803) 403-2591
"Carolina Express and Infusion Care, 1321 Fourth Ave Conway, SC 29526",Carolina Express and Infusion Care,"1321 Fourth Ave Conway, SC 29526",(843) 417-9862
"Ro Wellness, 2843 W Palmetto St. Suite A Florence, SC 29501",Ro Wellness,"2843 W Palmetto St. Suite A Florence, SC 29501",(854) 400-1451
"Modern Hormone and Wellness LLC, 4416 Augusta Hwy Gilbert, SC 29054",Modern Hormone and Wellness LLC,"4416 Augusta Hwy Gilbert, SC 29054",(803) 303-8325
"Blume Wellness, LLC, 320 W Stone Ave Greenville, SC 29609","Blume Wellness, LLC","320 W Stone Ave Greenville, SC 29609",(864) 326-0077
"Primegevity Medicine, 114 Knollwood Ln Greenville, SC 29607",Primegevity Medicine,"114 Knollwood Ln Greenville, SC 29607",(864) 668-3048
"RMI Consultants, 503 Roper Creek Dr Greenville, SC 29615",RMI Consultants,"503 Roper Creek Dr Greenville, SC 29615",(877) 573-3737
"Flourish Health and Wellness, 211 Waller Ave Greenwood, SC 29646",Flourish Health and Wellness,"211 Waller Ave Greenwood, SC 29646",(864) 713-5797
"Imperial Healthcare, 1610 B Calhoun Rd Greenwood, SC 29649",Imperial Healthcare,"1610 B Calhoun Rd Greenwood, SC 29649",(864) 618-2360
"Renew The Med Spa, 701 Medical Park Dr Ste 103 Hartsville, SC 29550",Renew The Med Spa,"701 Medical Park Dr Ste 103 Hartsville, SC 29550",(843) 938-4750
"Lindle Family Medicine & Wellness Clinic, 512-B East Greer Street Honea Path, SC 29654",Lindle Family Medicine & Wellness Clinic,"512-B East Greer Street Honea Path, SC 29654",(864) 712-9986
"Younger You Aesthetics and Wellness, 1022 Carolina Blvd # 301 Isle of Palms, SC 29451",Younger You Aesthetics and Wellness,"1022 Carolina Blvd # 301 Isle of Palms, SC 29451",(854) 227-3945
"Charleston Direct Primary Care, 501 Hayes Park Blvd Johns Island, SC 29455",Charleston Direct Primary Care,"501 Hayes Park Blvd Johns Island, SC 29455",(854) 220-9617
"Altranais Wellness, 435 Potter Rd. Suite 800 Lancaster, SC 29720",Altranais Wellness,"435 Potter Rd. Suite 800 Lancaster, SC 29720",(803) 887-3556
"Mackey Family Practice, 1025 W. Meeting St. Suite 200 Lancaster, SC 29720",Mackey Family Practice,"1025 W. Meeting St. Suite 200 Lancaster, SC 29720",(980) 294-4056
"Alpha Male Clinic, 4999 Carolina Forest Dr STE 9 Myrtle Beach, SC 29579",Alpha Male Clinic,"4999 Carolina Forest Dr STE 9 Myrtle Beach, SC 29579",(843) 428-5568
"Milovia Aesthetics & Wellness, 3573 Saint James Ave Myrtle Beach, SC 29577",Milovia Aesthetics & Wellness,"3573 Saint James Ave Myrtle Beach, SC 29577",(854) 600-4097
"Posh Aesthetics, 926 Iris St Unit D Myrtle Beach, SC 29577",Posh Aesthetics,"926 Iris St Unit D Myrtle Beach, SC 29577",(843) 429-6574
"Charleston Pain Relief Center, 2294 Otranto Rd North Charleston, SC 29406",Charleston Pain Relief Center,"2294 Otranto Rd North Charleston, SC 29406",(843) 823-1179
"Carolina Hormone & Hlth-Mtplsant, 300 West Coleman Blvd. Ste 101 Mt. Pleasant, SC 29464",Carolina Hormone & Hlth-Mtplsant,"300 West Coleman Blvd. Ste 101 Mt. Pleasant, SC 29464",(843) 396-2258
"Charleston Men's Clinic, 1300 Hospital Drive Suite 310 Mt Pleasant, SC 29464",Charleston Men's Clinic,"1300 Hospital Drive Suite 310 Mt Pleasant, SC 29464",(843) 508-2176
"Soulshine Aesthetics, 664 Long Point Rd Unit D Mt Pleasant, SC 29464",Soulshine Aesthetics,"664 Long Point Rd Unit D Mt Pleasant, SC 29464",(854) 205-2649
"Holy City Wellness Center, 2206b Mossy Oaks Rd Suite 7 Port Royal, SC 29945",Holy City Wellness Center,"2206b Mossy Oaks Rd Suite 7 Port Royal, SC 29945",(854) 212-5186
"Miriam Medical Center, 1926 India Hook Rd Rock Hill, SC 29732",Miriam Medical Center,"1926 India Hook Rd Rock Hill, SC 29732",(980) 446-3489
"Rumor Medical Aesthetics, 430 South Herlong Avenue Suite 103 Rock Hill, SC 29732",Rumor Medical Aesthetics,"430 South Herlong Avenue Suite 103 Rock Hill, SC 29732",(803) 752-8756
"Health Core Medical & Aesthetics, 2660 Reidville Rd. Suite 5 Suite 5 Spartanburg, SC 29301",Health Core Medical & Aesthetics,"2660 Reidville Rd. Suite 5 Suite 5 Spartanburg, SC 29301",(864) 714-8618
"Baldoni Aesthetic, 118 W. Richardson Ave St. 100 Summerville, SC 29483",Baldoni Aesthetic,"118 W. Richardson Ave St. 100 Summerville, SC 29483",(854) 300-5783
"Luminus Aesthetics - Summerville, 1229 Nexton Parkway Unit A Summerville, SC 29486",Luminus Aesthetics - Summerville,"1229 Nexton Parkway Unit A Summerville, SC 29486",(854) 300-6634
"Women's Health Partners (WHP) OBGYN, 75 Springview Ln Summerville, SC 29485",Women's Health Partners (WHP) OBGYN,"75 Springview Ln Summerville, SC 29485",(854) 888-9924
"Women's Health Partners - Front St, 5500 Front Street Suite 430 Summerville, SC 29486",Women's Health Partners - Front St,"5500 Front Street Suite 430 Summerville, SC 29486",(803) 759-8315
"About Face Aesthetics and Wellness, 112 E. Main St Union, SC 29379",About Face Aesthetics and Wellness,"112 E. Main St Union, SC 29379",(864) 613-6818
"Carolina Hormone & Hlth-Columbia, 3231 Sunset Blvd Ste C West Columbia, SC 29169",Carolina Hormone & Hlth-Columbia,"3231 Sunset Blvd Ste C West Columbia, SC 29169",(803) 454-8500
"Conklin Clinics, 2120 8Th Ave Ne Aberdeen, SD 57401",Conklin Clinics,"2120 8Th Ave Ne Aberdeen, SD 57401",(605) 309-8597
"Rejuvenating Remedies Med Spa, 102 South Main St Chamberlain, SD 57325",Rejuvenating Remedies Med Spa,"102 South Main St Chamberlain, SD 57325",(605) 853-8377
"Well Beyond Personalized Medicine, 3808 Sheridan Lake Rd. Suite 101 Rapid City, SD 57702",Well Beyond Personalized Medicine,"3808 Sheridan Lake Rd. Suite 101 Rapid City, SD 57702",(605) 674-6410
"Radiant Health and Hormone Therapy, 4928 E Rosa Parks Pl Sioux Falls, SD 57110",Radiant Health and Hormone Therapy,"4928 E Rosa Parks Pl Sioux Falls, SD 57110",(605) 467-7213
"Balanced Beauty Aesthetics & Wellness, 203 East Washington Avenue Athens, TN 37303",Balanced Beauty Aesthetics & Wellness,"203 East Washington Avenue Athens, TN 37303",(865) 346-3506
"Body for Life Bartlett, 8046 N Brother Blvd Suite 103 Bartlett, TN 38133",Body for Life Bartlett,"8046 N Brother Blvd Suite 103 Bartlett, TN 38133",(901) 668-8397
"Integrative Health Clinic, 317 Seven Springs Way Ste 205 Brentwood, TN 37027",Integrative Health Clinic,"317 Seven Springs Way Ste 205 Brentwood, TN 37027",(615) 703-4577
"Next Level Health, 1646 Westgate Circle Suite 106 Brentwood, TN 37027",Next Level Health,"1646 Westgate Circle Suite 106 Brentwood, TN 37027",(615) 283-9705
"Pazona MD - Brentwood, 301 Seven Springs Way Suite 250 Brentwood, TN 37027",Pazona MD - Brentwood,"301 Seven Springs Way Suite 250 Brentwood, TN 37027",(615) 527-4700
"REGEN Society Aesthetics + Wellness, 8119 Isabella Lane Ste 100 Brentwood, TN 37027",REGEN Society Aesthetics + Wellness,"8119 Isabella Lane Ste 100 Brentwood, TN 37027",(615) 903-8534
"Restore Hormonal Health, 1612 Westgate Circle Suite 214 Brentwood, TN 37027",Restore Hormonal Health,"1612 Westgate Circle Suite 214 Brentwood, TN 37027",(615) 939-9325
"Tennessee Wellness Collective, 116 Wilson Pike Circle Suite 102 Brentwood, TN 37027",Tennessee Wellness Collective,"116 Wilson Pike Circle Suite 102 Brentwood, TN 37027",(629) 205-4858
"Magnolia Health and Wellness, 516 Main St N # A Carthage, TN 37030",Magnolia Health and Wellness,"516 Main St N # A Carthage, TN 37030",(629) 226-7441
"Flawless Aesthetics, 6216 Airpark Dr Chattanooga, TN 37421",Flawless Aesthetics,"6216 Airpark Dr Chattanooga, TN 37421",(706) 954-7215
"Kenz Aesthetics and Skin Co., 2115 Gunbarrel Road Ste 26 Chattanooga, TN 37421",Kenz Aesthetics and Skin Co.,"2115 Gunbarrel Road Ste 26 Chattanooga, TN 37421",(762) 760-5202
"Lavender Medi Spa, PLLC, 1334 MACKEY BRANCH DRIVE, SUITE 103 Unit 103 Chattanooga, TN 37421","Lavender Medi Spa, PLLC","1334 MACKEY BRANCH DRIVE, SUITE 103 Unit 103 Chattanooga, TN 37421",(762) 209-3375
"Magnolia Health, PLLC, 6404 E Brainerd Rd Chattanooga, TN 37421","Magnolia Health, PLLC","6404 E Brainerd Rd Chattanooga, TN 37421",(423) 556-6397
"Moore Road Medical Weight Loss & Medispa, 1425 S. Moore Rd Ste F Chattanooga, TN 37412",Moore Road Medical Weight Loss & Medispa,"1425 S. Moore Rd Ste F Chattanooga, TN 37412",(706) 397-4234
"Re/Balance Medical Aesthetics, LLC, 7305 Jarnigan Road Chattanooga, TN 37421","Re/Balance Medical Aesthetics, LLC","7305 Jarnigan Road Chattanooga, TN 37421",(762) 760-0368
"ReShapesRX &Wellness, 3211 Cummings Hwy Chattanooga, TN 37419",ReShapesRX &Wellness,"3211 Cummings Hwy Chattanooga, TN 37419",(256) 703-7654
"Renaissance Health - Chattanooga, 1030 E 4Th St Chattanooga, TN 37403",Renaissance Health - Chattanooga,"1030 E 4Th St Chattanooga, TN 37403",(706) 954-8356
"Hillcrest Medical Weight Loss and Hormone, 230 HILLCREST DRIVE Clarksville, TN 37043",Hillcrest Medical Weight Loss and Hormone,"230 HILLCREST DRIVE Clarksville, TN 37043",(270) 633-4810
"Riverside Spine and Physical Medicine, 121 W. Dunbar Cave Rd. Clarksville, TN 37040",Riverside Spine and Physical Medicine,"121 W. Dunbar Cave Rd. Clarksville, TN 37040",(931) 651-8009
"931 Skin + Co Aesthetics & Wellness, 1324 Trotwood Ave Suite 1 Columbia, TN 38401",931 Skin + Co Aesthetics & Wellness,"1324 Trotwood Ave Suite 1 Columbia, TN 38401",(931) 281-8930
"Highland Institute, 929 W Jackson St Ste A Cookeville, TN 38501",Highland Institute,"929 W Jackson St Ste A Cookeville, TN 38501",(931) 651-9367
"Memphis Aesthetics and Wellness, 310 S Walnut Bend Rd STE 8 Cordova, TN 38018",Memphis Aesthetics and Wellness,"310 S Walnut Bend Rd STE 8 Cordova, TN 38018",(662) 863-3626
"Vitality Hydration and Wellness, 865 Willow Tree Cir Ste 100 Cordova, TN 38018",Vitality Hydration and Wellness,"865 Willow Tree Cir Ste 100 Cordova, TN 38018",(662) 850-9200
"Hamilton Health and Wellness, 111 S Munford St Covington, TN 38019",Hamilton Health and Wellness,"111 S Munford St Covington, TN 38019",(731) 324-4807
"The Nurse Wellness Collective, 375 2nd Ave Dayton, TN 37321",The Nurse Wellness Collective,"375 2nd Ave Dayton, TN 37321",(423) 370-9438
"Restoration Clinic, 16850 State Highway 58 S Ste A Decatur, TN 37322",Restoration Clinic,"16850 State Highway 58 S Ste A Decatur, TN 37322",(423) 454-2993
"Lake Med Health & Wellness, 1852 Decherd Blvd Decherd, TN 37324",Lake Med Health & Wellness,"1852 Decherd Blvd Decherd, TN 37324",(256) 663-4889
"Thrive Hormone Specialist, 100 Academy St. Dickson, TN 37055",Thrive Hormone Specialist,"100 Academy St. Dickson, TN 37055",(931) 442-4590
"Brooke’s Beyond Beauty, 1510 Woodlawn Ave Dyersburg, TN 38024",Brooke’s Beyond Beauty,"1510 Woodlawn Ave Dyersburg, TN 38024",(731) 260-8313
"A Prestige Aesthetics & Wellness, 504 Autumn Springs Ct #19 Franklin, TN 37067",A Prestige Aesthetics & Wellness,"504 Autumn Springs Ct #19 Franklin, TN 37067",(629) 209-5880
"Elegant Aesthetics, 214 2nd Ave S Franklin, TN 37064",Elegant Aesthetics,"214 2nd Ave S Franklin, TN 37064",(931) 671-1329
"Findi Longevity & Wellness, PLLC, 99 E Main Street Ste 23 Franklin, TN 37064","Findi Longevity & Wellness, PLLC","99 E Main Street Ste 23 Franklin, TN 37064",(931) 499-5933
"Level Wellness PLLC, 512 Autumn Springs Court Franklin, TN 37067",Level Wellness PLLC,"512 Autumn Springs Court Franklin, TN 37067",(615) 535-6673
"Rewind Medical Solutions, 1025 Westhaven Blvd Suite 210 Franklin, TN 37064",Rewind Medical Solutions,"1025 Westhaven Blvd Suite 210 Franklin, TN 37064",(615) 307-8442
"Advanced Rehab and Medical, 149 North Star Dr Jackson, TN 38305",Advanced Rehab and Medical,"149 North Star Dr Jackson, TN 38305",(731) 513-6397
"Rejuvenation, 455 High Cliff Rd Jellico, TN 37762",Rejuvenation,"455 High Cliff Rd Jellico, TN 37762",(865) 800-8287
"Aspire Health Md, 915 North Kentucky Street Kingston, TN 37763",Aspire Health Md,"915 North Kentucky Street Kingston, TN 37763",(865) 270-5731
"Adam Eve Medispa, 135 W End Ave Knoxville, TN 37934",Adam Eve Medispa,"135 W End Ave Knoxville, TN 37934",(865) 234-4262
"Arabella Medical Aesthetics, 240 S Peters Rd Ste 102 Knoxville, TN 37923",Arabella Medical Aesthetics,"240 S Peters Rd Ste 102 Knoxville, TN 37923",(865) 234-9711
"Precision Health, 9325 S Northshore Dr Knoxville, TN 37922",Precision Health,"9325 S Northshore Dr Knoxville, TN 37922",(865) 359-0762
"Valencia Med Spa, 10321 Kingston Pike Ste 104 Knoxville, TN 37922",Valencia Med Spa,"10321 Kingston Pike Ste 104 Knoxville, TN 37922",(865) 346-2970
"LUMI Aesthetics, 1670 W Main St Ste 140 Lebanon, TN 37087",LUMI Aesthetics,"1670 W Main St Ste 140 Lebanon, TN 37087",(629) 226-6216
"Magnolia Clinic - Martin, 215 Hawks Rd Ste 6 Martin, TN 38237",Magnolia Clinic - Martin,"215 Hawks Rd Ste 6 Martin, TN 38237",(731) 224-4686
"TruYou Aesthetics, 1732 W Broadway Ave Maryville, TN 37801",TruYou Aesthetics,"1732 W Broadway Ave Maryville, TN 37801",(865) 276-7915
"South Gibson Family Care, 589 Highway 45 Byp S Medina, TN 38355",South Gibson Family Care,"589 Highway 45 Byp S Medina, TN 38355",(731) 202-4063
"Ruch OBGYN, 6215 Humphreys Blvd # 500 Memphis, TN 38120",Ruch OBGYN,"6215 Humphreys Blvd # 500 Memphis, TN 38120",(901) 682-0630
"Wallace Plastic Surgery Group, 6215 Humphreys Blvd Ste 201 Memphis, TN 38120",Wallace Plastic Surgery Group,"6215 Humphreys Blvd Ste 201 Memphis, TN 38120",(901) 763-6897
"Balance Medical and Rehab, 1133 S Main St Milan, TN 38358",Balance Medical and Rehab,"1133 S Main St Milan, TN 38358",(731) 330-2724
"Body for Life Millington, 8370 US Highway 51 N Ste 106 Millington, TN 38053",Body for Life Millington,"8370 US Highway 51 N Ste 106 Millington, TN 38053",(901) 403-7365
"Valor Medical Group - Morristown, 1121 W 1ST North ST Morristown, TN 37814",Valor Medical Group - Morristown,"1121 W 1ST North ST Morristown, TN 37814",(423) 373-7400
"Inspire Medical, 151 Adams Ln Ste 8A Mount Juliet, TN 37122",Inspire Medical,"151 Adams Ln Ste 8A Mount Juliet, TN 37122",(615) 488-5374
"Speight Family Medical, 76 Tabb Dr Ste E Munford, TN 38058",Speight Family Medical,"76 Tabb Dr Ste E Munford, TN 38058",(870) 410-4149
"Core Wellness and Longevity, 210 25Th Ave. North Suite 25 Nashville, TN 37203",Core Wellness and Longevity,"210 25Th Ave. North Suite 25 Nashville, TN 37203",(615) 535-5119
"Menopause Health Institute, LLC, 4205 Hillsboro Pike Ste 218 Nashville, TN 37215","Menopause Health Institute, LLC","4205 Hillsboro Pike Ste 218 Nashville, TN 37215",(629) 231-6091
"Profiles Laser and Medical, 1184 Nashville Pike Gallatin, TN 37066",Profiles Laser and Medical,"1184 Nashville Pike Gallatin, TN 37066",(615) 822-6800
"Cryo & Contour, 7180 Nolensville Rd Ste 2E Nolensville, TN 37135",Cryo & Contour,"7180 Nolensville Rd Ste 2E Nolensville, TN 37135",(629) 529-4835
"Atomic Aesthetics and Wellness, LLC, 226 A Jackson Square Ste A Oak Ridge, TN 37830","Atomic Aesthetics and Wellness, LLC","226 A Jackson Square Ste A Oak Ridge, TN 37830",(865) 328-3953
"Associates in Women's Health, 6845 Mountain View Rd Ooltewah, TN 37405",Associates in Women's Health,"6845 Mountain View Rd Ooltewah, TN 37405",(762) 760-2469
"Flourish Wellness, 1008 Pickwick St Savannah, TN 38372",Flourish Wellness,"1008 Pickwick St Savannah, TN 38372",(731) 316-0411
"Greenbrier Medical, 1110 Village Dr. Sevierville, TN 37862",Greenbrier Medical,"1110 Village Dr. Sevierville, TN 37862",(865) 328-7399
"Faith Family Wellness Clinic, 2012 N Main St Shelbyville, TN 37160",Faith Family Wellness Clinic,"2012 N Main St Shelbyville, TN 37160",(931) 293-6417
"Refined Health and Wellness, 317 Ault Rd Ste 217 Signal Mountain, TN 37377",Refined Health and Wellness,"317 Ault Rd Ste 217 Signal Mountain, TN 37377",(762) 760-3159
"Renaissance Health & Surgical Associates, 325 South Cedar Ave Suite 2 South Pittsburgh, TN 37380",Renaissance Health & Surgical Associates,"325 South Cedar Ave Suite 2 South Pittsburgh, TN 37380",(706) 956-2624
"Thompson Family Health and Wellness, 502 West Main St Waverly, TN 37185",Thompson Family Health and Wellness,"502 West Main St Waverly, TN 37185",(931) 281-8009
"Level Wellness White House PLLC, 2823 U.S. 31W Ste 200 White House, TN 37188",Level Wellness White House PLLC,"2823 U.S. 31W Ste 200 White House, TN 37188",(270) 813-2372
"The Collective, 2090 Cowan Hwy Winchester, TN 37398",The Collective,"2090 Cowan Hwy Winchester, TN 37398",(423) 403-3765
"Northlake Obstetrics & Gynecology Frisco, 12500 Dallas Pkwy Ste 4.200 Frisco, TX 75033",Northlake Obstetrics & Gynecology Frisco,"12500 Dallas Pkwy Ste 4.200 Frisco, TX 75033",(214) 643-8217
"Abilene Primary Care, 6743 Memorial Dr Abilene, TX 79606",Abilene Primary Care,"6743 Memorial Dr Abilene, TX 79606",(325) 225-5947
"Anahata Wellness Center West, 702 Hickory St Ste D Abilene, TX 79601",Anahata Wellness Center West,"702 Hickory St Ste D Abilene, TX 79601",(432) 216-4706
"MARS Wellness - Abilene, 3226 Buffalo Gap Rd Abilene, TX 79605",MARS Wellness - Abilene,"3226 Buffalo Gap Rd Abilene, TX 79605",(325) 230-2618
"Restore Wellness Centre, 1702 S. Clack St Abilene, TX 79605",Restore Wellness Centre,"1702 S. Clack St Abilene, TX 79605",(325) 440-6007
"The Beauty Bus, 642 Sayles Blvd Abilene, TX 79605",The Beauty Bus,"642 Sayles Blvd Abilene, TX 79605",(325) 399-7042
"Ohana Health, 11355 US Hwy 87 E Ste 2 Adkins, TX 78101",Ohana Health,"11355 US Hwy 87 E Ste 2 Adkins, TX 78101",(830) 251-4472
"KLP Medical Aesthetics and Consulting, 9899 E Bankhead Hwy Unit 600 Aledo, TX 76008",KLP Medical Aesthetics and Consulting,"9899 E Bankhead Hwy Unit 600 Aledo, TX 76008",(682) 243-4825
"The Bridge Clinic of Alice, 63 N Reynolds St Alice, TX 78332",The Bridge Clinic of Alice,"63 N Reynolds St Alice, TX 78332",(325) 308-8478
"Allen Midwifery & Family Wellness, 406 W Main St Allen, TX 75013",Allen Midwifery & Family Wellness,"406 W Main St Allen, TX 75013",(903) 551-6341
"Express Family Clinic & Celebrity MediSpa, 940 Ridgeview Dr Ste 150 Allen, TX 75013",Express Family Clinic & Celebrity MediSpa,"940 Ridgeview Dr Ste 150 Allen, TX 75013",(972) 833-7340
"Low Testosterone and Wellness Center, 945 W Stacy Rd Ste 120 Allen, TX 75013",Low Testosterone and Wellness Center,"945 W Stacy Rd Ste 120 Allen, TX 75013",(903) 551-7969
"Nu Med Spa, 1511 W Mcdermott Dr Ste 300 Allen, TX 75013",Nu Med Spa,"1511 W Mcdermott Dr Ste 300 Allen, TX 75013",(469) 388-0602
"Salveo Family Clinic, 614 S. Watters Rd. Suite  101 Allen, TX 75013",Salveo Family Clinic,"614 S. Watters Rd. Suite  101 Allen, TX 75013",(214) 393-4732
"Silhouette Health And Wellness (Allen), 261 W Exchange Parkway Allen, TX 75013",Silhouette Health And Wellness (Allen),"261 W Exchange Parkway Allen, TX 75013",(972) 472-2049
"Full Circle Aesthetics & Wellness, 113 Jephson St Alvin, TX 77511",Full Circle Aesthetics & Wellness,"113 Jephson St Alvin, TX 77511",(832) 481-6008
"Panhandle Wellness, 7620 Wallace Blvd. Amarillio, TX 79124",Panhandle Wellness,"7620 Wallace Blvd. Amarillio, TX 79124",(806) 350-6571
"Amaro Integrative Medicine, 1901 Medi-Park Dr Ste 1048 Amarillo, TX 79106",Amaro Integrative Medicine,"1901 Medi-Park Dr Ste 1048 Amarillo, TX 79106",(806) 605-1545
"Amy Upton Family Practice, 1731 Hagy Blvd Amarillo, TX 79106",Amy Upton Family Practice,"1731 Hagy Blvd Amarillo, TX 79106",(806) 420-3550
"BazzazMD, 600 S. Tyler Suite 2901 Amarillo, TX 79101",BazzazMD,"600 S. Tyler Suite 2901 Amarillo, TX 79101",(806) 557-3925
"Blush Beaute and Wellness, 3712 Olsen Blvd Amarillo, TX 79109",Blush Beaute and Wellness,"3712 Olsen Blvd Amarillo, TX 79109",(806) 639-4521
"Creek Stone Integrated Medicine, 3501 Sw 45Th Ave Ste T Amarillo, TX 79109",Creek Stone Integrated Medicine,"3501 Sw 45Th Ave Ste T Amarillo, TX 79109",(806) 639-4505
"Family Care Clinic of Bushland, 1600 S S Farm To Market Rd 2381 Amarillo, TX 79124",Family Care Clinic of Bushland,"1600 S S Farm To Market Rd 2381 Amarillo, TX 79124",(806) 256-6562
"Generation Wellness, 1901 Medi Park Dr Suite 1068 Amarillo, TX 79106",Generation Wellness,"1901 Medi Park Dr Suite 1068 Amarillo, TX 79106",(806) 670-9738
"Panhandle Plastic Surgery, 1750 Point West Parkway Ste 201 Amarillo, TX 79124",Panhandle Plastic Surgery,"1750 Point West Parkway Ste 201 Amarillo, TX 79124",(806) 677-7004
"Wellness First, 8201 SW 34th Ave Ste C Amarillo, TX 79121",Wellness First,"8201 SW 34th Ave Ste C Amarillo, TX 79121",(806) 615-3331
"West TX Valor Pain & Spine Wellness Inst, 24 Care Cir Amarillo, TX 79124",West TX Valor Pain & Spine Wellness Inst,"24 Care Cir Amarillo, TX 79124",(806) 513-5778
"Women's Healthcare Assoc - CA, 1301 S. Coulter St Suite 300 Amarillo, TX 79106",Women's Healthcare Assoc - CA,"1301 S. Coulter St Suite 300 Amarillo, TX 79106",(806) 591-3216
"Women's Healthcare Assoc - JEN, 1301 S. Coulter, Suite 300 Amarillo, TX 79106",Women's Healthcare Assoc - JEN,"1301 S. Coulter, Suite 300 Amarillo, TX 79106",(806) 590-1580
"Women's Healthcare Assoc - JG, 1301 S. Coulter, Suite 300 Amarillo, TX 79106",Women's Healthcare Assoc - JG,"1301 S. Coulter, Suite 300 Amarillo, TX 79106",(806) 590-1592
"Women's Healthcare Assoc - KT, 1301 S. Coulter Ste 300 Amarillo, TX 79106",Women's Healthcare Assoc - KT,"1301 S. Coulter Ste 300 Amarillo, TX 79106",(806) 541-4481
"Waldrop Aesthetic and Wellness, PLLC, 319 West Broadway Street Suite A Andrews, TX 79714","Waldrop Aesthetic and Wellness, PLLC","319 West Broadway Street Suite A Andrews, TX 79714",(432) 226-7179
"Argyle Medspa & Wellness Center, 1490 Commons Circle Suite 200 Argyle, TX 76226",Argyle Medspa & Wellness Center,"1490 Commons Circle Suite 200 Argyle, TX 76226",(940) 204-5448
"Clarity Health Direct Primary Care, 5901 S Cooper St Ste 101 Arlington, TX 76017",Clarity Health Direct Primary Care,"5901 S Cooper St Ste 101 Arlington, TX 76017",(817) 618-7267
"PrimeCare Family Practice, 1001 N. Waldrop Drive Suite 801 Arlington, TX 76012",PrimeCare Family Practice,"1001 N. Waldrop Drive Suite 801 Arlington, TX 76012",(817) 623-4199
"Jonathan D. Edwards, MD, 212 W. Cayuga Dr. Athens, TX 75751","Jonathan D. Edwards, MD","212 W. Cayuga Dr. Athens, TX 75751",(903) 494-6561
"Advanced Functional Medicine of Austin, 3305 Northland Dr #205 Austin, TX 78731",Advanced Functional Medicine of Austin,"3305 Northland Dr #205 Austin, TX 78731",(512) 991-0826
"Beyond Healthy MD, 2808 Bee Caves Ste D Austin, TX 78746",Beyond Healthy MD,"2808 Bee Caves Ste D Austin, TX 78746",(512) 361-5488
"Brookside Womens Medical Center, 1902 S Interstate 35 Austin, TX 78704",Brookside Womens Medical Center,"1902 S Interstate 35 Austin, TX 78704",(737) 271-6362
"Feel Your Prime HRT Clinic, 1033 La Posada Dr Ste 210 Austin, TX 78752",Feel Your Prime HRT Clinic,"1033 La Posada Dr Ste 210 Austin, TX 78752",(512) 877-4507
"PUR LIFE Medical Steiner Ranch, 2900 N Quinlan Park Rd, Suite 430 Austin, TX 78732",PUR LIFE Medical Steiner Ranch,"2900 N Quinlan Park Rd, Suite 430 Austin, TX 78732",(737) 232-3147
"Richard Family Chiropractic, PA, 3006 Bee Caves Road Suite A300 Austin, TX 78746","Richard Family Chiropractic, PA","3006 Bee Caves Road Suite A300 Austin, TX 78746",(737) 265-6933
"Roberto Miranda, MD, PA, 1508 Dessau Ridge Lane #602 Austin, TX 78754","Roberto Miranda, MD, PA","1508 Dessau Ridge Lane #602 Austin, TX 78754",(512) 746-7278
"Tru Life Medspa & Wellness, 911 W Fm 1626 Suite 101 Austin, TX 78748",Tru Life Medspa & Wellness,"911 W Fm 1626 Suite 101 Austin, TX 78748",(737) 232-5323
"Vik Medical Concierge, 6836 FM 2244 Rd Ste 103 Austin, TX 78746",Vik Medical Concierge,"6836 FM 2244 Rd Ste 103 Austin, TX 78746",(737) 265-4214
"Wiseman Family - Westlake, 3006 Bee Caves Rd Ste B180 Austin, TX 78746",Wiseman Family - Westlake,"3006 Bee Caves Rd Ste B180 Austin, TX 78746",(512) 600-9898
"Wiseman Practice - Central Austin, 2911 Medical Arts St Ste 1B Austin, TX 78705",Wiseman Practice - Central Austin,"2911 Medical Arts St Ste 1B Austin, TX 78705",(512) 222-1380
"Eagle Mountain Healthcare, 807 Southeast Parkway Azle, TX 76020",Eagle Mountain Healthcare,"807 Southeast Parkway Azle, TX 76020",(817) 663-1683
"Truly U Aesthetics & Wellness, 813 Boyd Rd Azle, TX 76020",Truly U Aesthetics & Wellness,"813 Boyd Rd Azle, TX 76020",(682) 432-0810
"Your Functional Edge PLLC, 26202 Oak Ridge Dr Ste B-208 The Woodlands, TX 77380",Your Functional Edge PLLC,"26202 Oak Ridge Dr Ste B-208 The Woodlands, TX 77380",(936) 297-6100
"PineyWoods Aesthetics, 102 Commercial Dr Bastrop, TX 78602",PineyWoods Aesthetics,"102 Commercial Dr Bastrop, TX 78602",(361) 203-5801
"Soulage Wellness and Aesthetic Center, 3101 Highway 71 E Ste 100 Bastrop, TX 78602",Soulage Wellness and Aesthetic Center,"3101 Highway 71 E Ste 100 Bastrop, TX 78602",(361) 203-8990
"The Aesthetic Collective, 909 Main St Bastrop, TX 78602",The Aesthetic Collective,"909 Main St Bastrop, TX 78602",(737) 727-4736
"Mary Ann Shimek FNP-C, 1120 Avenue G Bay City, TX 77414",Mary Ann Shimek FNP-C,"1120 Avenue G Bay City, TX 77414",(979) 310-5022
"Medical Leaders and Associates, PLLC, 740 12th Street Bay City, TX 77414","Medical Leaders and Associates, PLLC","740 12th Street Bay City, TX 77414",(979) 459-7444
"Neret Medical Clinic, 1809 Merlin St Bay City, TX 77414",Neret Medical Clinic,"1809 Merlin St Bay City, TX 77414",(979) 459-1445
"Rhomak's Rejuvenation Bar, 1701 Golden Ave Bay City, TX 77414",Rhomak's Rejuvenation Bar,"1701 Golden Ave Bay City, TX 77414",(979) 399-7149
"Bloom Aesthetics Med Spa Baker Rd, 1674 W Baker Rd Ste A Baytown, TX 77521",Bloom Aesthetics Med Spa Baker Rd,"1674 W Baker Rd Ste A Baytown, TX 77521",(346) 567-5190
"Bloom Aesthetics Med Spa Garth Rd, 6051 Garth Rd Ste 700 Baytown, TX 77521",Bloom Aesthetics Med Spa Garth Rd,"6051 Garth Rd Ste 700 Baytown, TX 77521",(409) 797-6449
"Monarch Wellness & Aesthetics Studios, 3407 Winter Ln Baytown, TX 77521",Monarch Wellness & Aesthetics Studios,"3407 Winter Ln Baytown, TX 77521",(936) 277-9870
"Shelbi Aesthetics and Wellness, 803 Massey Tompkins Rd Baytown, TX 77521",Shelbi Aesthetics and Wellness,"803 Massey Tompkins Rd Baytown, TX 77521",(346) 258-8266
"Solace MedSpa, 7520 Fm 3180 Rd Ste 500 Baytown, TX 77523",Solace MedSpa,"7520 Fm 3180 Rd Ste 500 Baytown, TX 77523",(346) 616-1805
"The Salt Ranch, Inc., 4319 N FM 565 Rd Baytown, TX 77523","The Salt Ranch, Inc.","4319 N FM 565 Rd Baytown, TX 77523",(832) 501-1665
"Trinity Family Medical, 507 Rollingbrook Street Baytown, TX 77521",Trinity Family Medical,"507 Rollingbrook Street Baytown, TX 77521",(281) 984-6410
"Elite Wellness (Beaumont, Tx), 2700 Toccoa St Beaumont, TX 77703","Elite Wellness (Beaumont, Tx)","2700 Toccoa St Beaumont, TX 77703",(409) 219-5250
"Enhance Wellness, 2684 Calder St Beaumont, TX 77702",Enhance Wellness,"2684 Calder St Beaumont, TX 77702",(409) 407-5297
"Kenneth D Wilgers Md Pa, 3129 College St Ste 200 Beaumont, TX 77701",Kenneth D Wilgers Md Pa,"3129 College St Ste 200 Beaumont, TX 77701",(409) 710-5004
"Texas Center For Health, 3610 Stagg Dr Beaumont, TX 77701",Texas Center For Health,"3610 Stagg Dr Beaumont, TX 77701",(409) 245-5693
"Medi-Elite Health & Wellness Plus, 2721 Central Drive Bedford, TX 76021",Medi-Elite Health & Wellness Plus,"2721 Central Drive Bedford, TX 76021",(682) 253-8755
"Bruce E Maniet, DO, PA, 101 S Broadway St Bells, TX 75414","Bruce E Maniet, DO, PA","101 S Broadway St Bells, TX 75414",(903) 627-4459
"Anahata Wellness Center - Big Lake, 800 N. Main Avenue Suite 1 Big Lake, TX 76932",Anahata Wellness Center - Big Lake,"800 N. Main Avenue Suite 1 Big Lake, TX 76932",(432) 237-3312
"King & Hardin Rejuvination Hub, 800 North Main Ave Ste 1 Big Lake, TX 76932",King & Hardin Rejuvination Hub,"800 North Main Ave Ste 1 Big Lake, TX 76932",(325) 400-3037
"Boerne Family Medicine, 112 Herff Rd Ste 110 Boerne, TX 78006",Boerne Family Medicine,"112 Herff Rd Ste 110 Boerne, TX 78006",(830) 356-2305
"Dr. Aldon B Williams, MD, 916 River Road Ste 100 Boerne, TX 78006","Dr. Aldon B Williams, MD","916 River Road Ste 100 Boerne, TX 78006",(830) 971-0804
"Primary Care Medical Associates, 9091 Fair Oaks Parkway Suite 301 Boerne, TX 78015",Primary Care Medical Associates,"9091 Fair Oaks Parkway Suite 301 Boerne, TX 78015",(726) 227-0242
"Sports & Family Medicine of Boerne, 905  N Main Street Ste 105 Boerne, TX 78006",Sports & Family Medicine of Boerne,"905  N Main Street Ste 105 Boerne, TX 78006",(830) 582-7706
"Bogata Health Clinic, 106 2Nd St Nw Bogata, TX 75417",Bogata Health Clinic,"106 2Nd St Nw Bogata, TX 75417",(903) 225-8724
"Healthy Aging And Wellness Center, 1912 W Walker St Breckenridge, TX 76424",Healthy Aging And Wellness Center,"1912 W Walker St Breckenridge, TX 76424",(432) 200-9250
"J'Allure Primary Care & Medispa, 215 W Commerce St Brenham, TX 77833",J'Allure Primary Care & Medispa,"215 W Commerce St Brenham, TX 77833",(979) 493-5940
"Golden Triangle Family Care Ctr, 615 W Round Bunch Rd Bridge City, TX 77611",Golden Triangle Family Care Ctr,"615 W Round Bunch Rd Bridge City, TX 77611",(409) 735-7305
"Rayburn Family Medicine, 4031 Sam Rayburn Pkwy Brookeland, TX 75931",Rayburn Family Medicine,"4031 Sam Rayburn Pkwy Brookeland, TX 75931",(409) 509-7320
"Harmony Health Spa & Wellness, 434 Branchwood Ln Brookshire, TX 77423",Harmony Health Spa & Wellness,"434 Branchwood Ln Brookshire, TX 77423",(346) 277-0558
"Renewal Spa & Wellness, 705 E. Felt Street Brownfield, TX 79316",Renewal Spa & Wellness,"705 E. Felt Street Brownfield, TX 79316",(806) 425-1369
"NexGen Longevity, 500 E. Morrison Rd Suite E Brownsville, TX 78526",NexGen Longevity,"500 E. Morrison Rd Suite E Brownsville, TX 78526",(956) 374-2756
"Wiseman Family - Brownwood, 118 South Park Drive Ste F Brownwood, TX 76801",Wiseman Family - Brownwood,"118 South Park Drive Ste F Brownwood, TX 76801",(325) 488-4583
"Adaptations Wellness, 32665 US HWY 281 N Ste 202 Bulverde, TX 78163",Adaptations Wellness,"32665 US HWY 281 N Ste 202 Bulverde, TX 78163",(830) 587-3826
"Approach & Achieve Wellness, 32665 US HWY 281 N Suite 100 Bulverde, TX 78163",Approach & Achieve Wellness,"32665 US HWY 281 N Suite 100 Bulverde, TX 78163",(830) 402-5334
"88 Aesthetic & Wellness, 1314 NW John Jones Dr Burleson, TX 76028",88 Aesthetic & Wellness,"1314 NW John Jones Dr Burleson, TX 76028",(817) 904-9461
"Integrative Health Solutions, 304 S Main St Burnet, TX 78611",Integrative Health Solutions,"304 S Main St Burnet, TX 78611",(512) 790-3140
"CR Wellness - Cameron, 201 N Fannin Ave Cameron, TX 76520",CR Wellness - Cameron,"201 N Fannin Ave Cameron, TX 76520",(512) 859-7834
"Diverse Care Clinic of Canton, 658 S Trade Days Blvd Canton, TX 75103",Diverse Care Clinic of Canton,"658 S Trade Days Blvd Canton, TX 75103",(903) 560-9340
"Expressions Med Spa, 237 S. Trade days Blvd Canton, TX 75103",Expressions Med Spa,"237 S. Trade days Blvd Canton, TX 75103",(903) 568-3500
"Hormonal Balance and Restoration, 3012 E Hebron Pkwy Ste 110 Carrollton, TX 75010",Hormonal Balance and Restoration,"3012 E Hebron Pkwy Ste 110 Carrollton, TX 75010",(972) 820-6900
"Kuraoka Clinic, 3012 E Hebron Pkwy Ste. 104 Carrollton, TX 75010",Kuraoka Clinic,"3012 E Hebron Pkwy Ste. 104 Carrollton, TX 75010",(940) 290-7711
"Live Young Wellness Spa, 4541 N Josey Lane Ste 120 Carrollton, TX 75010",Live Young Wellness Spa,"4541 N Josey Lane Ste 120 Carrollton, TX 75010",(972) 807-7801
"Trinity Intregated Medical, 1629 W Hebron Pkwy Carrollton, TX 75010",Trinity Intregated Medical,"1629 W Hebron Pkwy Carrollton, TX 75010",(940) 373-7720
"VitaleHEALTH Carrollton, 4217 Marsh Ridge Rd Ste 110 Carrollton, TX 75010",VitaleHEALTH Carrollton,"4217 Marsh Ridge Rd Ste 110 Carrollton, TX 75010",(940) 373-5606
"Women's Premier Ob/Gyn, 4333 N Josey Ln Ste 200 Carrollton, TX 75010",Women's Premier Ob/Gyn,"4333 N Josey Ln Ste 200 Carrollton, TX 75010",(972) 480-6084
"Duran Aesthetics, 112 South St Mary Street Carthage, TX 75633",Duran Aesthetics,"112 South St Mary Street Carthage, TX 75633",(903) 226-7190
"B+A Medical Aesthetics and Wellness, 1410 Medical Pkwy Ste 1 Cedar Park, TX 78613",B+A Medical Aesthetics and Wellness,"1410 Medical Pkwy Ste 1 Cedar Park, TX 78613",(737) 510-2963
"B1 Men's Health, 3000 Polar Lane Ste 901 Cedar Park, TX 78613",B1 Men's Health,"3000 Polar Lane Ste 901 Cedar Park, TX 78613",(254) 970-3637
"Cedar Park Women's Center, 1401 Medical Pkwy Ste 120 Bldg B Cedar Park, TX 78613",Cedar Park Women's Center,"1401 Medical Pkwy Ste 120 Bldg B Cedar Park, TX 78613",(512) 260-3636
"Genetic Weight Loss, LLC, 601 E Whitestone Blvd Ste 230 Cedar Park, TX 78613","Genetic Weight Loss, LLC","601 E Whitestone Blvd Ste 230 Cedar Park, TX 78613",(737) 245-0224
"Opus Wellness Center, 201 S. Lakeline Blvd  Ste 402 Cedar Park, TX 78613",Opus Wellness Center,"201 S. Lakeline Blvd  Ste 402 Cedar Park, TX 78613",(512) 729-8195
"Wiseman Family Practice, PLLC, 2500 S Lakeline Blvd Ste 100 Cedar Park, TX 78613","Wiseman Family Practice, PLLC","2500 S Lakeline Blvd Ste 100 Cedar Park, TX 78613",(512) 345-8970
"Youthful Solutions Medispa, 2901 Caballo Ranch Blvd, Ste 12B Cedar Park, TX 78641",Youthful Solutions Medispa,"2901 Caballo Ranch Blvd, Ste 12B Cedar Park, TX 78641",(512) 632-4490
"Align Hormonal Health and Wellness, 3925 South Preston Road #108 Celina, TX 75009",Align Hormonal Health and Wellness,"3925 South Preston Road #108 Celina, TX 75009",(903) 627-4939
"REVIVALL Holistic Health, 3925 S Preston Rd ste 105 Celina, TX 75009",REVIVALL Holistic Health,"3925 S Preston Rd ste 105 Celina, TX 75009",(682) 432-7931
"Cline Family Practice (Center), 630 Hurst St Center, TX 75935",Cline Family Practice (Center),"630 Hurst St Center, TX 75935",(936) 213-6319
"Downtown Esthetics and Medical PLLC, 117 N College Ave. Cleveland, TX 77327",Downtown Esthetics and Medical PLLC,"117 N College Ave. Cleveland, TX 77327",(713) 999-6484
"Brazos Valley Holistic Wellness Clinic, 406 Tarrow St Ste B College Station, TX 77840",Brazos Valley Holistic Wellness Clinic,"406 Tarrow St Ste B College Station, TX 77840",(346) 818-3266
"Breathe Integrative & Lifestyle Medicine, 2911 Texas Ave S Ste 202 College Station, TX 77845",Breathe Integrative & Lifestyle Medicine,"2911 Texas Ave S Ste 202 College Station, TX 77845",(979) 310-6584
"Calista Skin & Laser Center, 6100 Colleyville Blvd Ste. 165 Colleyville, TX 76034",Calista Skin & Laser Center,"6100 Colleyville Blvd Ste. 165 Colleyville, TX 76034",(817) 488-3838
"Revive Primary Care & Med Spa, 1124 Glade Road Suite 140 Colleyville, TX 76034",Revive Primary Care & Med Spa,"1124 Glade Road Suite 140 Colleyville, TX 76034",(940) 373-7205
"Svelte Wellness, LLC, 104 Nelson Dr Comanche, TX 76442","Svelte Wellness, LLC","104 Nelson Dr Comanche, TX 76442",(325) 748-8454
"Facial Aesthetic Care & Enhancement, 1909 Longmire Road Conroe, TX 77304",Facial Aesthetic Care & Enhancement,"1909 Longmire Road Conroe, TX 77304",(936) 297-5342
"Radiant Skin and Health, 4015 I45 N. Ste 220 Conroe, TX 77304",Radiant Skin and Health,"4015 I45 N. Ste 220 Conroe, TX 77304",(936) 227-5945
"Sandstone Wellness, 1803 W White Oak Ter Ste AB Conroe, TX 77304",Sandstone Wellness,"1803 W White Oak Ter Ste AB Conroe, TX 77304",(936) 259-2051
"TransMed, 2510 S loop 336 W Suite 135 Conroe, TX 77304",TransMed,"2510 S loop 336 W Suite 135 Conroe, TX 77304",(936) 441-8999
"Be Whole, 6820 S Interstate 35 E Ste 125 Corinth, TX 76210",Be Whole,"6820 S Interstate 35 E Ste 125 Corinth, TX 76210",(940) 412-9431
"Broussard Primary Care, 3301 S Alameda Street Ste 212 Corpus Christi, TX 78411",Broussard Primary Care,"3301 S Alameda Street Ste 212 Corpus Christi, TX 78411",(361) 306-9606
"Corpus Care Family Medicine, 4710 Everhart Rd Ste 100 Corpus Christi, TX 78411",Corpus Care Family Medicine,"4710 Everhart Rd Ste 100 Corpus Christi, TX 78411",(361) 470-8801
"Mark Dodson, Md, Pllc, 1521 S Staples street #605 Corpus Christi, TX 78404","Mark Dodson, Md, Pllc","1521 S Staples street #605 Corpus Christi, TX 78404",(361) 491-2983
"Oceana Luxe Medspa LLC, 5242 Holly Rd Corpus Christi, TX 78411",Oceana Luxe Medspa LLC,"5242 Holly Rd Corpus Christi, TX 78411",(361) 315-7114
"Taylor Med Spa, 3636 A. Alameda St. Ste L Corpus Christi, TX 78411",Taylor Med Spa,"3636 A. Alameda St. Ste L Corpus Christi, TX 78411",(361) 203-8011
"Texas Family Wellness Clinic, INC, 6326 Yorktown Blvd Ste 8 Corpus Christi, TX 78414","Texas Family Wellness Clinic, INC","6326 Yorktown Blvd Ste 8 Corpus Christi, TX 78414",(361) 266-4242
"The Better Weigh Center, 5826 Esplanade Dr Ste 102 Corpus Christi, TX 78414",The Better Weigh Center,"5826 Esplanade Dr Ste 102 Corpus Christi, TX 78414",(361) 500-2898
"The Bridge Clinic Corpus Christi, 15217 S Padre Island Dr. Ste B Corpus Christi, TX 78418",The Bridge Clinic Corpus Christi,"15217 S Padre Island Dr. Ste B Corpus Christi, TX 78418",(325) 230-6237
"The G Spa, 6202 Yorktown Boulevard Ste 106 Corpus Christi, TX 78414",The G Spa,"6202 Yorktown Boulevard Ste 106 Corpus Christi, TX 78414",(361) 266-3063
"Vijay Bindingnavele, MD, 5642 Esplanade Dr Corpus Christi, TX 78414","Vijay Bindingnavele, MD","5642 Esplanade Dr Corpus Christi, TX 78414",(361) 238-5043
"Corrigan Medical Clinic, 207 W. Ben Franklin St Corrigan, TX 75939",Corrigan Medical Clinic,"207 W. Ben Franklin St Corrigan, TX 75939",(936) 259-3197
"Health Dynamix, 3100 W. State Hwy 22 Corsicana, TX 75110",Health Dynamix,"3100 W. State Hwy 22 Corsicana, TX 75110",(903) 282-3136
"Hometown Medical Associates, 115 W Collin St Corsicana, TX 75110",Hometown Medical Associates,"115 W Collin St Corsicana, TX 75110",(903) 945-4605
"The Eve Center, 701 W. 7th Avenue Corsicana, TX 75110",The Eve Center,"701 W. 7th Avenue Corsicana, TX 75110",(903) 587-5093
"Basu Aesthetics & Plastic Surgery, 9899 Towne Lake Parkway STE 100 Cypress, TX 77433",Basu Aesthetics & Plastic Surgery,"9899 Towne Lake Parkway STE 100 Cypress, TX 77433",(346) 706-5860
"Complete Midlife - Cypress, 21212 Northwest Fwy STE 335 Cypress, TX 77429",Complete Midlife - Cypress,"21212 Northwest Fwy STE 335 Cypress, TX 77429",(713) 497-5727
"Creekside Wellness, 13145 Spring Cypress Rd Bldg 1 Ste B Cypress, TX 77429",Creekside Wellness,"13145 Spring Cypress Rd Bldg 1 Ste B Cypress, TX 77429",(281) 246-1571
"Creole Contour Aesthetics, 15030 N. Eldridge Pkwy Suite B Cypress, TX 77429",Creole Contour Aesthetics,"15030 N. Eldridge Pkwy Suite B Cypress, TX 77429",(936) 251-4257
"Mintbody Med Spa and Wellness, 14131 Mueschke Rd. Ste 203 Cypress, TX 77433",Mintbody Med Spa and Wellness,"14131 Mueschke Rd. Ste 203 Cypress, TX 77433",(936) 236-9664
"New Beginnings Women's Care & Aesthetics, 10242 Greenhouse Road Ste 801 Cypress, TX 77433",New Beginnings Women's Care & Aesthetics,"10242 Greenhouse Road Ste 801 Cypress, TX 77433",(346) 423-2964
"Real Nurturing Family Practice, 17920 Huffmeister Rd Ste 220 Cypress, TX 77429",Real Nurturing Family Practice,"17920 Huffmeister Rd Ste 220 Cypress, TX 77429",(346) 600-9236
"Premier Primary Clinic, 1387 George Dieter Dr Ste D-103 El Paso, TX 79936",Premier Primary Clinic,"1387 George Dieter Dr Ste D-103 El Paso, TX 79936",(915) 223-7900
"Atria Health, 3005 S Lamar Blvd Ste D-112 Austin, TX 78704",Atria Health,"3005 S Lamar Blvd Ste D-112 Austin, TX 78704",(737) 265-7697
"Dallam Hartley Counties Hospital District, 206 E 16th St Dalhart, TX 79022",Dallam Hartley Counties Hospital District,"206 E 16th St Dalhart, TX 79022",(806) 602-9765
"Aspera Medical Group, 5422 Alpha Rd Dallas, TX 75240",Aspera Medical Group,"5422 Alpha Rd Dallas, TX 75240",(214) 544-9128
"Comadre Health, 1151 North Buckner Blvd STE 408 Dallas, TX 75218",Comadre Health,"1151 North Buckner Blvd STE 408 Dallas, TX 75218",(469) 523-5603
"Complete Woman, 4224 Swiss Ave Dallas, TX 75204",Complete Woman,"4224 Swiss Ave Dallas, TX 75204",(214) 821-9938
"Dallas Health Partners, 3600 Gaston Ave Suite 755 Dallas, TX 75246",Dallas Health Partners,"3600 Gaston Ave Suite 755 Dallas, TX 75246",(682) 345-8054
"Deelightfully Beautiful, 6210 Campbell Rd Ste 225 Dallas, TX 75248",Deelightfully Beautiful,"6210 Campbell Rd Ste 225 Dallas, TX 75248",(972) 640-9771
"Entice Intimate Wellness, 8201 Preston Rd Ste 520 Dallas, TX 75225",Entice Intimate Wellness,"8201 Preston Rd Ste 520 Dallas, TX 75225",(214) 774-2025
"GHD, 7777 Forest Ln Bldg-B Ste 416 Dallas, TX 75230",GHD,"7777 Forest Ln Bldg-B Ste 416 Dallas, TX 75230",(972) 843-7757
"Higher Level Skin & Beauty Dallas, 218 W 10th St Dallas, TX 75208",Higher Level Skin & Beauty Dallas,"218 W 10th St Dallas, TX 75208",(469) 991-9304
"Infinity Functional Performance (Dallas), 1925 E Levee St Dallas, TX 75207",Infinity Functional Performance (Dallas),"1925 E Levee St Dallas, TX 75207",(682) 356-2725
"KLP Medspa, 12900 Preston Rd. Ste 730 Dallas, TX 75230",KLP Medspa,"12900 Preston Rd. Ste 730 Dallas, TX 75230",(940) 240-6689
"LOTUS Healthcare + Wellness, 1212 Tavaros Ave Dallas, TX 75218",LOTUS Healthcare + Wellness,"1212 Tavaros Ave Dallas, TX 75218",(214) 751-2827
"Livwell Method, 12720 Hillcrest Rd. Suite 207 Dallas, TX 75230",Livwell Method,"12720 Hillcrest Rd. Suite 207 Dallas, TX 75230",(469) 206-1946
"Neighborhood Medical Center, 5917 Belt Line Rd Dallas, TX 75254",Neighborhood Medical Center,"5917 Belt Line Rd Dallas, TX 75254",(972) 433-5795
"Reform Regenerative Health, 16600 Dallas Pkwy Ste 100 Dallas, TX 75248",Reform Regenerative Health,"16600 Dallas Pkwy Ste 100 Dallas, TX 75248",(940) 326-5980
"Regen Wellness, 5510 Abrams Rd Ste 126 Dallas, TX 75214",Regen Wellness,"5510 Abrams Rd Ste 126 Dallas, TX 75214",(214) 393-4625
"Resurrect Skin MD, 8226 Douglas Ave Ste. 104 Dallas, TX 75225",Resurrect Skin MD,"8226 Douglas Ave Ste. 104 Dallas, TX 75225",(219) 400-8165
"Revive Primary Care - Highland Park, 3330 Douglas Ave Dallas, TX 75219",Revive Primary Care - Highland Park,"3330 Douglas Ave Dallas, TX 75219",(469) 382-4270
"Sanctum Med + Wellness, 5600 W Lovers Lane Suite 220 Dallas, TX 75209",Sanctum Med + Wellness,"5600 W Lovers Lane Suite 220 Dallas, TX 75209",(469) 694-2495
"Saving Grace Health Texas, 12700 Hillcrest Rd. Suite 128 Dallas, TX 75230",Saving Grace Health Texas,"12700 Hillcrest Rd. Suite 128 Dallas, TX 75230",(940) 326-7948
"Skin Damsel, 4801 Spring Valley Rd Suite 80 Dallas, TX 75244",Skin Damsel,"4801 Spring Valley Rd Suite 80 Dallas, TX 75244",(469) 589-5832
"Specialty Care Clinic- Dallas, 4211 Cedar Springs Rd Ste 200 Dallas, TX 75219",Specialty Care Clinic- Dallas,"4211 Cedar Springs Rd Ste 200 Dallas, TX 75219",(817) 552-4431
"The Science of Beauty Med Spa, 4101 Bryan Street #100 Dallas, TX 75204",The Science of Beauty Med Spa,"4101 Bryan Street #100 Dallas, TX 75204",(469) 402-0777
"Marshal Family Practice, 601 S Winfree St Dayton, TX 77535",Marshal Family Practice,"601 S Winfree St Dayton, TX 77535",(936) 262-6904
"Seoul Glow Clinic, 605 West Clayton Street Suite F Dayton, TX 77535",Seoul Glow Clinic,"605 West Clayton Street Suite F Dayton, TX 77535",(936) 681-7538
"Array Healthcare, 1821 S FM 51 STE A Decatur, TX 76234",Array Healthcare,"1821 S FM 51 STE A Decatur, TX 76234",(940) 267-2905
"Restoration Haus, LLC, 101 S Trinity St Decatur, TX 76234","Restoration Haus, LLC","101 S Trinity St Decatur, TX 76234",(940) 302-1236
"Cura Aesthetics, 508 W Hondo Ave Unit B Devine, TX 78016",Cura Aesthetics,"508 W Hondo Ave Unit B Devine, TX 78016",(830) 264-1791
"Renew at Ease, 402 W Wheatland Rd Ste 140 Duncanville, TX 75116",Renew at Ease,"402 W Wheatland Rd Ste 140 Duncanville, TX 75116",(469) 747-0128
"Sunrise Infusion, 1397 George Dieter Dr. Ste. E&F El Paso, TX 79936",Sunrise Infusion,"1397 George Dieter Dr. Ste. E&F El Paso, TX 79936",(915) 995-5961
"Permian Basin Wellness, 600 Interstate 20 East Stanton, TX 79782",Permian Basin Wellness,"600 Interstate 20 East Stanton, TX 79782",(432) 300-7314
"Champion Healthcare, 2850 Eastex Freeway #100 Beaumont, TX 77703",Champion Healthcare,"2850 Eastex Freeway #100 Beaumont, TX 77703",(409) 207-8677
"Adira Health, 200 South Sugar Rd Suite 1B Edinburg, TX 78539",Adira Health,"200 South Sugar Rd Suite 1B Edinburg, TX 78539",(956) 567-9571
"Heriberto Rodriguez-Ayala, MD, 5419 S. McColl Rd Edinburg, TX 78539","Heriberto Rodriguez-Ayala, MD","5419 S. McColl Rd Edinburg, TX 78539",(956) 952-7427
"New Day Associates, 2717 Cornerstone Blvd Edinburg, TX 78539",New Day Associates,"2717 Cornerstone Blvd Edinburg, TX 78539",(956) 707-1573
"Women's Clinic of South Texas, 910 S. Closner Blvd Edinburg, TX 78539",Women's Clinic of South Texas,"910 S. Closner Blvd Edinburg, TX 78539",(956) 567-9189
"Landmark Family Medicine, 108 McKinney St Farmersville, TX 75442",Landmark Family Medicine,"108 McKinney St Farmersville, TX 75442",(469) 908-4209
"Farwell Family Healthcare, 405 Ave A Farwell, TX 79325",Farwell Family Healthcare,"405 Ave A Farwell, TX 79325",(806) 203-5876
"Beauty Fix Aesthetics & Wellness, 6021 Morriss Rd Ste 112 Flower Mound, TX 75028",Beauty Fix Aesthetics & Wellness,"6021 Morriss Rd Ste 112 Flower Mound, TX 75028",(940) 286-3299
"Flower Mound Plastic Surgery, 2931 Long Prairie Rd Ste 100 Flower Mound, TX 75022",Flower Mound Plastic Surgery,"2931 Long Prairie Rd Ste 100 Flower Mound, TX 75022",(972) 318-2648
"VitaleHEALTH Flower Mound, 1020 Flower Mound Rd Ste 100 Flower Mound, TX 75028",VitaleHEALTH Flower Mound,"1020 Flower Mound Rd Ste 100 Flower Mound, TX 75028",(940) 326-4359
"Collins Family Planning Clinic, 1100 Bridgewood Drive Suite 120 Fort Worth, TX 76112",Collins Family Planning Clinic,"1100 Bridgewood Drive Suite 120 Fort Worth, TX 76112",(817) 839-3167
"DFW Spine Joint & Pain Care, 7235 Boat Club Rd. Fort Worth, TX 76179",DFW Spine Joint & Pain Care,"7235 Boat Club Rd. Fort Worth, TX 76179",(940) 479-3591
"Hulen Total Care PA, 6049 South Hulen Street Fort Worth, TX 76132",Hulen Total Care PA,"6049 South Hulen Street Fort Worth, TX 76132",(972) 640-1212
"Livwell Method Fort Worth, 6913 Camp Bowie Blvd Ste 141 Fort Worth, TX 76116",Livwell Method Fort Worth,"6913 Camp Bowie Blvd Ste 141 Fort Worth, TX 76116",(469) 306-1585
"North Tarrant Surgical & Aesthetics, 3848 N Tarrant Pkwy Ste 100 Fort Worth, TX 76244",North Tarrant Surgical & Aesthetics,"3848 N Tarrant Pkwy Ste 100 Fort Worth, TX 76244",(817) 646-4299
"Park Place Health Solutions, 904 Lexington St Fort Worth, TX 76102",Park Place Health Solutions,"904 Lexington St Fort Worth, TX 76102",(817) 396-7259
"Seed Wellness Co, 5408 Birchman Ave Fort Worth, TX 76107",Seed Wellness Co,"5408 Birchman Ave Fort Worth, TX 76107",(817) 609-8324
"Skin Balance, 5130 Camp Bowie Blvd Fort Worth, TX 76107",Skin Balance,"5130 Camp Bowie Blvd Fort Worth, TX 76107",(817) 612-6645
"Texas Healthcare Priviamedical Group N TX, 1250 8Th Ave Ste 445 Fort Worth, TX 76140",Texas Healthcare Priviamedical Group N TX,"1250 8Th Ave Ste 445 Fort Worth, TX 76140",(972) 640-5764
"Jason Peet, Md, Pa, 110 East Live Oak St. Fredericksburg, TX 78624","Jason Peet, Md, Pa","110 East Live Oak St. Fredericksburg, TX 78624",(830) 307-5920
"Ata Healthcare And Wellness, 8501 Wade Blvd Ste 1160 Frisco, TX 75034",Ata Healthcare And Wellness,"8501 Wade Blvd Ste 1160 Frisco, TX 75034",(214) 380-1380
"Evolve Health Sciences, 12530 Lebanon Rd Ste 205 Frisco, TX 75035",Evolve Health Sciences,"12530 Lebanon Rd Ste 205 Frisco, TX 75035",(972) 433-5748
"Village Health Partners FMV, 9990 Dallas Parkway Ste. 200 Frisco, TX 75033",Village Health Partners FMV,"9990 Dallas Parkway Ste. 200 Frisco, TX 75033",(214) 949-8627
"Vita10 Therapy, 11500 State Highway 121 Ste 320 Frisco, TX 75035",Vita10 Therapy,"11500 State Highway 121 Ste 320 Frisco, TX 75035",(940) 310-6339
"Vital Care Family Practice, 801 N Main St  Ste G-1 Andrews, TX 79714",Vital Care Family Practice,"801 N Main St  Ste G-1 Andrews, TX 79714",(432) 287-5820
"Georgetown OB-Gyn - Montiville, 602 High Tech Dr Georgetown, TX 78626",Georgetown OB-Gyn - Montiville,"602 High Tech Dr Georgetown, TX 78626",(512) 771-4054
"Georgetown OB-Gyn, LLP, 602 High Tech Dr Georgetown, TX 78626","Georgetown OB-Gyn, LLP","602 High Tech Dr Georgetown, TX 78626",(512) 771-4054
"Georgetown Plastic Surgery, 3201 S Austin Ave Ste 305 Georgetown, TX 78626",Georgetown Plastic Surgery,"3201 S Austin Ave Ste 305 Georgetown, TX 78626",(512) 548-3577
"JK Medical, 2951 Fm 1460 Unit 204 Georgetown, TX 78626",JK Medical,"2951 Fm 1460 Unit 204 Georgetown, TX 78626",(512) 883-0008
"Prime Wellness And Longevity, 4871-2 Williams Drive #207 Georgetown, TX 78633",Prime Wellness And Longevity,"4871-2 Williams Drive #207 Georgetown, TX 78633",(512) 240-4456
"Re-Gen-U, 3613 Williams Dr Ste 702 Georgetown, TX 78628",Re-Gen-U,"3613 Williams Dr Ste 702 Georgetown, TX 78628",(254) 249-4836
"Renew Spa, 4859 Williams Drive Ste 111 Georgetown, TX 78633",Renew Spa,"4859 Williams Drive Ste 111 Georgetown, TX 78633",(737) 265-8259
"Trinity Balanced Wellness Center, 101 Cooperative Way Ste 110 Georgetown, TX 78626",Trinity Balanced Wellness Center,"101 Cooperative Way Ste 110 Georgetown, TX 78626",(512) 733-5800
"Wiseman Family - Georgetown, 1502 Blue Ridge Dr Ste 100 Georgetown, TX 78626",Wiseman Family - Georgetown,"1502 Blue Ridge Dr Ste 100 Georgetown, TX 78626",(512) 345-3530
"Youth Revitalized Health and Wellness, 602 Titus St Ste 120 Gilmer, TX 75644",Youth Revitalized Health and Wellness,"602 Titus St Ste 120 Gilmer, TX 75644",(903) 329-2314
"Renew, 618 Oak Street Graham, TX 76450",Renew,"618 Oak Street Graham, TX 76450",(940) 204-0864
"Lake Granbury Internal Med & Peds, Pa, 2005 Rockview Dr Granbury, TX 76049","Lake Granbury Internal Med & Peds, Pa","2005 Rockview Dr Granbury, TX 76049",(817) 241-5084
"Medicure Family Clinic, 1038 N Carrier Pkwy Grand Prairie, TX 75050",Medicure Family Clinic,"1038 N Carrier Pkwy Grand Prairie, TX 75050",(682) 350-5036
"IntraCare Grapevine, 1604 Lancaster Dr Grapevine, TX 76051",IntraCare Grapevine,"1604 Lancaster Dr Grapevine, TX 76051",(817) 587-1997
"LaComb Health and Wellness, 6000 39th Street Suite B Groves, TX 77619",LaComb Health and Wellness,"6000 39th Street Suite B Groves, TX 77619",(409) 216-0627
"Stone and Oak Integrative Medicine, 302 S. Central St. STE C8 Hallsville, TX 75650",Stone and Oak Integrative Medicine,"302 S. Central St. STE C8 Hallsville, TX 75650",(903) 668-0491
"Posh Aesthetics & Wellness, 443 S. Central Ave Hamlin, TX 79520",Posh Aesthetics & Wellness,"443 S. Central Ave Hamlin, TX 79520",(325) 715-8513
"Central Texas Holistic Care, 2025 Memory Lane #300 Harker Heights, TX 76548",Central Texas Holistic Care,"2025 Memory Lane #300 Harker Heights, TX 76548",(254) 589-4257
"Christopher Guadarrama, PLLC, 222 E Van Buren Ave Harlingen, TX 78550","Christopher Guadarrama, PLLC","222 E Van Buren Ave Harlingen, TX 78550",(956) 567-9487
"Next Level Medical Clinic, 604 South 77 Sunshine Strip Ste C Harlingen, TX 78550",Next Level Medical Clinic,"604 South 77 Sunshine Strip Ste C Harlingen, TX 78550",(956) 660-9430
"Optimum Wellness & Medical Spa, 2121 Pease St Ste 305 Harlingen, TX 78550",Optimum Wellness & Medical Spa,"2121 Pease St Ste 305 Harlingen, TX 78550",(956) 300-0533
"Rio Grande Medicine, 5505 S. Expressway 77 Ste 205 Harlingen, TX 78550",Rio Grande Medicine,"5505 S. Expressway 77 Ste 205 Harlingen, TX 78550",(956) 436-5274
"Les T. Sandknop, DO, PA, 6785 Horizon Rd  Ste 100 Heath, TX 75032","Les T. Sandknop, DO, PA","6785 Horizon Rd  Ste 100 Heath, TX 75032",(972) 782-5515
"San Antonio Family Physicians - Helotes, 12274 Bandera Rd Ste 108 Helotes, TX 78023",San Antonio Family Physicians - Helotes,"12274 Bandera Rd Ste 108 Helotes, TX 78023",(726) 237-3738
"The Lotus | Aesthetics And Wellness, 14743 Old Bandera Rd  Unit 11 Ste 101 Helotes, TX 78023",The Lotus | Aesthetics And Wellness,"14743 Old Bandera Rd  Unit 11 Ste 101 Helotes, TX 78023",(210) 750-6804
"Family Care of Henderson, 321 Wilson Street Henderson, TX 75652",Family Care of Henderson,"321 Wilson Street Henderson, TX 75652",(903) 568-0824
"Henderson Family Medicine, 105 N High St Henderson, TX 75652",Henderson Family Medicine,"105 N High St Henderson, TX 75652",(903) 567-9591
"Holland Health Spa, LLC, 205 S Franklin St Holland, TX 76534","Holland Health Spa, LLC","205 S Franklin St Holland, TX 76534",(254) 284-5435
"St. Andrews Family Medicine Clinic, 494 N. Kenazo Ave Ste I Horizon City, TX 79925",St. Andrews Family Medicine Clinic,"494 N. Kenazo Ave Ste I Horizon City, TX 79925",(915) 900-8346
"ACPS - The Surgicentre, 12727 Kimberley Ln Ste 300 Houston, TX 77024",ACPS - The Surgicentre,"12727 Kimberley Ln Ste 300 Houston, TX 77024",(346) 616-9715
"Burt L. Forgason, M.D., 14441 Memorial Dr Ste 6 Houston, TX 77079","Burt L. Forgason, M.D.","14441 Memorial Dr Ste 6 Houston, TX 77079",(281) 595-9260
"Champion Health and Wellness Clinics, 4295 San Felipe St Ste 235 Houston, TX 77027",Champion Health and Wellness Clinics,"4295 San Felipe St Ste 235 Houston, TX 77027",(281) 603-9916
"Complete Midlife - Binz, 1200 Binz Street Ste 650 Houston, TX 77004",Complete Midlife - Binz,"1200 Binz Street Ste 650 Houston, TX 77004",(346) 787-1518
"Complete Midlife - Tanglewood, 7700 San Felipe St Ste 330 Houston, TX 77063",Complete Midlife - Tanglewood,"7700 San Felipe St Ste 330 Houston, TX 77063",(346) 263-0103
"EMRLD Aesthetics, 2401 N Shepherd Dr. Suite 235 Houston, TX 77008",EMRLD Aesthetics,"2401 N Shepherd Dr. Suite 235 Houston, TX 77008",(346) 594-6992
"FACEMAKER, 16000 Park Ten Pl Suite 202 Houston, TX 77084",FACEMAKER,"16000 Park Ten Pl Suite 202 Houston, TX 77084",(936) 213-6967
"Gessner Medical Center, 5704 S Gessner Rd Ste D Houston, TX 77036",Gessner Medical Center,"5704 S Gessner Rd Ste D Houston, TX 77036",(346) 271-1075
"Houston Cosmetic Surgery - Cypress, TX, 22215 Cypresswood Drive Suite 113 Houston, TX 77433","Houston Cosmetic Surgery - Cypress, TX","22215 Cypresswood Drive Suite 113 Houston, TX 77433",(936) 310-4331
"Houston Cosmetic Surgery Center, 110 Vintage Park Blvd Ste 280 Houston, TX 77070",Houston Cosmetic Surgery Center,"110 Vintage Park Blvd Ste 280 Houston, TX 77070",(281) 957-3025
"Houston OG, 1415 North Loop W Ste 750 Houston, TX 77008",Houston OG,"1415 North Loop W Ste 750 Houston, TX 77008",(346) 233-1431
"Juvan MD, 2795 Katy Freeway, Ste 210 Houston, TX 77007",Juvan MD,"2795 Katy Freeway, Ste 210 Houston, TX 77007",(346) 680-1481
"Kristin Leigh Wellness, 200 Westcott St Houston, TX 77007",Kristin Leigh Wellness,"200 Westcott St Houston, TX 77007",(573) 763-2144
"Kristin Schmidt MD & Aesthetics, 2222 Greenhouse Rd  Ste 2000 Houston, TX 77084-7855",Kristin Schmidt MD & Aesthetics,"2222 Greenhouse Rd  Ste 2000 Houston, TX 77084-7855",(832) 702-3828
"Linly Medspa and Wellness, 2054 W Main St Houston, TX 77098",Linly Medspa and Wellness,"2054 W Main St Houston, TX 77098",(832) 786-5488
"Magnolia Health & Wellness, 18333 Egret Bay Boulevard Ste 148 Houston, TX 77058",Magnolia Health & Wellness,"18333 Egret Bay Boulevard Ste 148 Houston, TX 77058",(346) 423-2829
"Minnow Wellness PLLC, 3334 Richmond Ave Ste 208 Houston, TX 77098",Minnow Wellness PLLC,"3334 Richmond Ave Ste 208 Houston, TX 77098",(832) 532-9030
"NeuMed San Felipe, 5706 San Felipe St Ste A300 Houston, TX 77057",NeuMed San Felipe,"5706 San Felipe St Ste A300 Houston, TX 77057",(832) 621-4627
"Performance Pain & Sports Medicine-TX, 4126 Southwest Freeway Ste 1700 Houston, TX 77027",Performance Pain & Sports Medicine-TX,"4126 Southwest Freeway Ste 1700 Houston, TX 77027",(346) 707-2856
"Renew Body Contouring & Medspa, 1811 Bering Dr #310 Houston, TX 77057",Renew Body Contouring & Medspa,"1811 Bering Dr #310 Houston, TX 77057",(281) 247-6759
"Renew You MD, 950 Threadneedle St Ste 280 Houston, TX 77079",Renew You MD,"950 Threadneedle St Ste 280 Houston, TX 77079",(281) 937-8157
"Spa 146 By Dr. Theresa Harring, 2000 North Loop W Suite 220 Houston, TX 77016",Spa 146 By Dr. Theresa Harring,"2000 North Loop W Suite 220 Houston, TX 77016",(281) 426-0376
"Specialized Medical, PLLC, 2401 N Shepherd Dr Ste 235 Houston, TX 77008","Specialized Medical, PLLC","2401 N Shepherd Dr Ste 235 Houston, TX 77008",(346) 616-1722
"THRIVE Medicine, PLLC, 802 W 18th St Houston, TX 77008","THRIVE Medicine, PLLC","802 W 18th St Houston, TX 77008",(832) 957-0692
"Vanguard Spine & Sport, 8800 Katy Fwy Ste 201 Houston, TX 77024",Vanguard Spine & Sport,"8800 Katy Fwy Ste 201 Houston, TX 77024",(832) 539-7810
"Willowbrook Wellness Center, 13215 Dotson Rd Suite 200 Houston, TX 77070",Willowbrook Wellness Center,"13215 Dotson Rd Suite 200 Houston, TX 77070",(281) 524-2062
"Core Health, 300 W Haning St Ste A Howe, TX 75459",Core Health,"300 W Haning St Ste A Howe, TX 75459",(903) 419-4298
"Harmony Aesthetics - West Lake, 1710 W Lake Houston Pkwy STE 260B Humble, TX 77339",Harmony Aesthetics - West Lake,"1710 W Lake Houston Pkwy STE 260B Humble, TX 77339",(713) 590-7388
"Julie Bernell, MD - elev8HRT, LLC, 18835 McKay Dr ste 300 Humble, TX 77338","Julie Bernell, MD - elev8HRT, LLC","18835 McKay Dr ste 300 Humble, TX 77338",(281) 319-4111
"Luminous Health & Wellness, 13531 Will Clayton Pkwy Ste 700 Humble, TX 77346",Luminous Health & Wellness,"13531 Will Clayton Pkwy Ste 700 Humble, TX 77346",(832) 979-0163
"Venus Tan & Body Spa, 5444 Atascocita Rd Ste 104 Humble, TX 77346",Venus Tan & Body Spa,"5444 Atascocita Rd Ste 104 Humble, TX 77346",(936) 681-7345
"Pulse Physician Organization-Huntsville, 119 Medical Park Lane Ste D Huntsville, TX 77340",Pulse Physician Organization-Huntsville,"119 Medical Park Lane Ste D Huntsville, TX 77340",(936) 209-7479
"Elite Care Clinic, 1173 W John Carpenter Fwy Ste 102 Irving, TX 75039",Elite Care Clinic,"1173 W John Carpenter Fwy Ste 102 Irving, TX 75039",(469) 949-1873
"McNair Aesthetics, 5901 High Point Dr # 19 Irving, TX 75038",McNair Aesthetics,"5901 High Point Dr # 19 Irving, TX 75038",(972) 440-2429
"Beeline Health, 305 W Rusk St Jacksonville, TX 75766",Beeline Health,"305 W Rusk St Jacksonville, TX 75766",(903) 400-1968
"Complete Healthcare Services, Pa, 315 W Houston St Jasper, TX 75951","Complete Healthcare Services, Pa","315 W Houston St Jasper, TX 75951",(409) 254-4979
"Rodriguez Health, LLC, 1405 E Hwy 97 Jourdanton, TX 78026","Rodriguez Health, LLC","1405 E Hwy 97 Jourdanton, TX 78026",(830) 429-5842
"Impact Medical And Chiropractic, 11180 FM 156 S Suite 303 Justin, TX 76247",Impact Medical And Chiropractic,"11180 FM 156 S Suite 303 Justin, TX 76247",(940) 242-5621
"Advanced Integrative Metabolic Institute, 1325 Main St Ste 803 Katy, TX 77494",Advanced Integrative Metabolic Institute,"1325 Main St Ste 803 Katy, TX 77494",(979) 472-6586
"Jenkins OBGYN & Reproductive Medicine, 23535 Kingsland Boulevard Katy, TX 77494",Jenkins OBGYN & Reproductive Medicine,"23535 Kingsland Boulevard Katy, TX 77494",(281) 957-6462
"Jenkins Wellness Center and Med Spa, 21769 Merchants Way Katy, TX 77449",Jenkins Wellness Center and Med Spa,"21769 Merchants Way Katy, TX 77449",(832) 924-7664
"Katy Women's Pelvic Health, 410 W. Grand Parkway S Suite 320 Katy, TX 77494",Katy Women's Pelvic Health,"410 W. Grand Parkway S Suite 320 Katy, TX 77494",(409) 684-2918
"Keller WellCare, 25140 Kingsland Blvd Suite 200 Katy, TX 77494",Keller WellCare,"25140 Kingsland Blvd Suite 200 Katy, TX 77494",(346) 742-0268
"Premier Gastroenterology & Wellness, 521 W Grand Pkwy S Katy, TX 77494",Premier Gastroenterology & Wellness,"521 W Grand Pkwy S Katy, TX 77494",(936) 310-4520
"Pro-Elite Management Services Corp, 21685 Kingsland Blvd Katy, TX 77450",Pro-Elite Management Services Corp,"21685 Kingsland Blvd Katy, TX 77450",(346) 559-2561
"Ascension Point Wellness, 1530 Keller Pkwy Ste A Rm 11 Keller, TX 76248",Ascension Point Wellness,"1530 Keller Pkwy Ste A Rm 11 Keller, TX 76248",(817) 270-6445
"Best Life Healthcare, 903 FM 518 RD Ste A Kemah, TX 77565",Best Life Healthcare,"903 FM 518 RD Ste A Kemah, TX 77565",(346) 209-9787
"Hometown Health and Wellness, PLLC, 395 Columbia Memorial Parkway STE C Kemah, TX 77565","Hometown Health and Wellness, PLLC","395 Columbia Memorial Parkway STE C Kemah, TX 77565",(346) 233-1393
"Hill Country Health and Hormones, 708 Hill Country Dr. Ste 300A Kerrville, TX 78028",Hill Country Health and Hormones,"708 Hill Country Dr. Ste 300A Kerrville, TX 78028",(830) 590-1522
"Aesthetics by Allyson, 401 E. Lantrip St. Kilgore, TX 75662",Aesthetics by Allyson,"401 E. Lantrip St. Kilgore, TX 75662",(903) 329-6686
"Dermaplus Aesthetics, 3036 Northpark Dr Kingwood, TX 77339",Dermaplus Aesthetics,"3036 Northpark Dr Kingwood, TX 77339",(281) 800-7468
"Texas Advanced Spine, 201 Kingwood Medical Drive #A-350 Kingwood, TX 77339",Texas Advanced Spine,"201 Kingwood Medical Drive #A-350 Kingwood, TX 77339",(281) 666-9108
"El Paso Family Medicine and Mental Health, 8929 Viscount Suite LL-B El Paso, TX 79925",El Paso Family Medicine and Mental Health,"8929 Viscount Suite LL-B El Paso, TX 79925",(915) 621-5837
"Brazosport Women's Health, 208 Oak Drive South Suite 300 Lake Jackson, TX 77566",Brazosport Women's Health,"208 Oak Drive South Suite 300 Lake Jackson, TX 77566",(979) 266-9544
"Crystal Outpatient Surgery Center, 215 Oak Drive South Suite J Lake Jackson, TX 77566",Crystal Outpatient Surgery Center,"215 Oak Drive South Suite J Lake Jackson, TX 77566",(979) 310-4572
"Celadine Wellbeing, 1017 Ranch Road 620 S Ste 101 Lakeway, TX 78734",Celadine Wellbeing,"1017 Ranch Road 620 S Ste 101 Lakeway, TX 78734",(737) 252-3458
"Thrive Hormonal Health & Wellness, 1017 Ranch Road 620 S Ste 101 Lakeway, TX 78734",Thrive Hormonal Health & Wellness,"1017 Ranch Road 620 S Ste 101 Lakeway, TX 78734",(737) 242-6722
"Versatile Health, PMA, 1307 Lubbock Hwy Lamesa, TX 79331","Versatile Health, PMA","1307 Lubbock Hwy Lamesa, TX 79331",(806) 666-6450
"The Wellness Refinery, 510 E. 4th St  STE B Lampasas, TX 76550",The Wellness Refinery,"510 E. 4th St  STE B Lampasas, TX 76550",(254) 345-4422
"Axis Direct Care, 7110 Rocio Dr Unit 10 Laredo, TX 78041",Axis Direct Care,"7110 Rocio Dr Unit 10 Laredo, TX 78041",(956) 477-5014
"Obgyn Associates Of Laredo P A, 7109 N Bartlett Ave Ste 101 Laredo, TX 78041",Obgyn Associates Of Laredo P A,"7109 N Bartlett Ave Ste 101 Laredo, TX 78041",(956) 717-5775
"The Body Lab Med Spa, 3502 E Del Mar Blvd Ste #5 Laredo, TX 78045",The Body Lab Med Spa,"3502 E Del Mar Blvd Ste #5 Laredo, TX 78045",(956) 363-4805
"Essence Aesthetics - League City, 3725 E League City Pkwy Ste 240 League City, TX 77573",Essence Aesthetics - League City,"3725 E League City Pkwy Ste 240 League City, TX 77573",(346) 617-2995
"League City Family Clinic, 1930 State Highway 3 S Ste 200 League City, TX 77573",League City Family Clinic,"1930 State Highway 3 S Ste 200 League City, TX 77573",(409) 572-0312
"League City Spine & Sports Med, 1216 East Main Street League City, TX 77573",League City Spine & Sports Med,"1216 East Main Street League City, TX 77573",(281) 332-3428
"Frontier Direct Care, 11840 Hero Way W Ste 200 Leander, TX 78641",Frontier Direct Care,"11840 Hero Way W Ste 200 Leander, TX 78641",(737) 252-6521
"Vital Hormone Health, 14300 Ronald W Reagan Blvd Ste 803 Leander, TX 78641",Vital Hormone Health,"14300 Ronald W Reagan Blvd Ste 803 Leander, TX 78641",(737) 345-0772
"West Texas Optimal Health, 915 Austin St Levelland, TX 79336",West Texas Optimal Health,"915 Austin St Levelland, TX 79336",(806) 602-0643
"Maya Medical Management-Lewisville, 1850 Lakepointe Dr Ste 700 Lewisville, TX 75057",Maya Medical Management-Lewisville,"1850 Lakepointe Dr Ste 700 Lewisville, TX 75057",(469) 331-4797
"The Lady Lounge Aesthetics, 8541 N US Highway 77 Lexington, TX 78947",The Lady Lounge Aesthetics,"8541 N US Highway 77 Lexington, TX 78947",(979) 271-5714
"Aspire Family Medical, 14875 W State Highway 29 Liberty Hill, TX 78642",Aspire Family Medical,"14875 W State Highway 29 Liberty Hill, TX 78642",(254) 970-0235
"Signature Aesthetics & IV Lounge, 201 St Joseph Ct Ste 410 Liberty Hill, TX 78642",Signature Aesthetics & IV Lounge,"201 St Joseph Ct Ste 410 Liberty Hill, TX 78642",(737) 234-2067
"VitaLuxe Wellness & Aesthetics, 104 S Kickapoo Suite 202 Lipan, TX 76462",VitaLuxe Wellness & Aesthetics,"104 S Kickapoo Suite 202 Lipan, TX 76462",(940) 468-1221
"Joint Pain Specialists, 2601 Little Elm Parkway Suite 203 Little Elm, TX 75068",Joint Pain Specialists,"2601 Little Elm Parkway Suite 203 Little Elm, TX 75068",(682) 223-4992
"Specialty Care Clinic- Little Elm, 1395 E Eldorado Pkwy Ste 400 Little Elm, TX 75068",Specialty Care Clinic- Little Elm,"1395 E Eldorado Pkwy Ste 400 Little Elm, TX 75068",(903) 228-4791
"Aurora OBGYN, 12500 Judson Rd  Ste 210 Live Oak, TX 78233",Aurora OBGYN,"12500 Judson Rd  Ste 210 Live Oak, TX 78233",(210) 964-5199
"New You Medical Center, 5550 Long Prairie Trace Richmond, TX 77407",New You Medical Center,"5550 Long Prairie Trace Richmond, TX 77407",(936) 282-5752
"Ageless Medical Clinic, 103 W Loop 281 Ste 472 Longview, TX 75605",Ageless Medical Clinic,"103 W Loop 281 Ste 472 Longview, TX 75605",(903) 500-7250
"Optimal Aesthetics, 1106 N. 6Th Street Longview, TX 75601",Optimal Aesthetics,"1106 N. 6Th Street Longview, TX 75601",(903) 225-8744
"Renew Aesthetics and Weight Loss, 1106 North Sixth Street Longview, TX 75601",Renew Aesthetics and Weight Loss,"1106 North Sixth Street Longview, TX 75601",(903) 600-9675
"Total Testosterone, 405 W Loop 281 Ste J Longview, TX 75605",Total Testosterone,"405 W Loop 281 Ste J Longview, TX 75605",(903) 304-1706
"10611 Medical Associates, 10611 Quaker Ave Lubbock, TX 79424",10611 Medical Associates,"10611 Quaker Ave Lubbock, TX 79424",(806) 304-6409
"Arledge Aesthetics & Plastic Surgery, 2719 81st St Lubbock, TX 79423",Arledge Aesthetics & Plastic Surgery,"2719 81st St Lubbock, TX 79423",(806) 541-4872
"Aspire Primary Care Partners, 4903 82nd Street Unit 10 Lubbock, TX 79424",Aspire Primary Care Partners,"4903 82nd Street Unit 10 Lubbock, TX 79424",(806) 404-1605
"Balance and Restore, 12402 Slide Rd Ste 402 Lubbock, TX 79424",Balance and Restore,"12402 Slide Rd Ste 402 Lubbock, TX 79424",(806) 878-9687
"Beauty Bar Health & Wellness Lubbock, 6302 70th St. Lubbock, TX 79424",Beauty Bar Health & Wellness Lubbock,"6302 70th St. Lubbock, TX 79424",(806) 606-0946
"Cornerstone OBGYN, 3715 21st St Lubbock, TX 79410",Cornerstone OBGYN,"3715 21st St Lubbock, TX 79410",(806) 607-8552
"Corona Concierge Care, 6418 98th St Ste 100 Lubbock, TX 79424",Corona Concierge Care,"6418 98th St Ste 100 Lubbock, TX 79424",(806) 835-5787
"Elite Primary Care and Wellness, 8713 Milwaukee Ave Ste 100 Lubbock, TX 79424",Elite Primary Care and Wellness,"8713 Milwaukee Ave Ste 100 Lubbock, TX 79424",(806) 630-0479
"Estrada Health & Wellness, 11915 Frankford Ave Ste 200 Lubbock, TX 79424",Estrada Health & Wellness,"11915 Frankford Ave Ste 200 Lubbock, TX 79424",(806) 450-5666
"IV League, 4715 w Loop 289 Lubbock, TX 79414",IV League,"4715 w Loop 289 Lubbock, TX 79414",(806) 515-4520
"Interventional Pain & Regenerative Med, 4642 N Loop 289 Ste 209 Lubbock, TX 79424",Interventional Pain & Regenerative Med,"4642 N Loop 289 Ste 209 Lubbock, TX 79424",(806) 203-5651
"Lubbock Advanced Physical Medicine, 2230 Indiana Avenue Lubbock, TX 79410",Lubbock Advanced Physical Medicine,"2230 Indiana Avenue Lubbock, TX 79410",(806) 515-2036
"Lubbock Cooper Health Center, 12115 Indiana Ave Lubbock, TX 79423",Lubbock Cooper Health Center,"12115 Indiana Ave Lubbock, TX 79423",(806) 429-4937
"Lubbock Family Medicine, 7008 Indiana Ave Ste A Lubbock, TX 79413",Lubbock Family Medicine,"7008 Indiana Ave Ste A Lubbock, TX 79413",(806) 606-0948
"Lubbock Primary Care, 11007 Quaker Ave Lubbock, TX 79424",Lubbock Primary Care,"11007 Quaker Ave Lubbock, TX 79424",(806) 203-6077
"Lubbock Primary Care Milwaukee, 10709 Milwaukee Ave Lubbock, TX 79424",Lubbock Primary Care Milwaukee,"10709 Milwaukee Ave Lubbock, TX 79424",(806) 607-6552
"Lubbock Primary Care North, 1120 West Loop 289 Lubbock, TX 79416",Lubbock Primary Care North,"1120 West Loop 289 Lubbock, TX 79416",(806) 606-0255
"Lubbock Primary Care University, 5015 University Ave B1 Lubbock, TX 79413",Lubbock Primary Care University,"5015 University Ave B1 Lubbock, TX 79413",(806) 835-5235
"My Urgent Care Clinic Lubbock, 2424 Quaker Ave Lubbock, TX 79410",My Urgent Care Clinic Lubbock,"2424 Quaker Ave Lubbock, TX 79410",(806) 602-0885
"Pure Health LLC, 8004 Quaker Avenue Lubbock, TX 79424",Pure Health LLC,"8004 Quaker Avenue Lubbock, TX 79424",(806) 298-6849
"Quantum Wellness, 5252 114th St Lubbock, TX 79424",Quantum Wellness,"5252 114th St Lubbock, TX 79424",(806) 515-2184
"Rejuvenate, 6205 43rd Street Lubbock, TX 79407",Rejuvenate,"6205 43rd Street Lubbock, TX 79407",(806) 230-4432
"Rhiannon Newsom, Np-C, 3519 22Nd Place Lubbock, TX 79410","Rhiannon Newsom, Np-C","3519 22Nd Place Lubbock, TX 79410",(806) 792-3715
"Sozo Health, 6405 107th St. #200 Lubbock, TX 79424",Sozo Health,"6405 107th St. #200 Lubbock, TX 79424",(806) 878-0254
"The Bridge Clinics of Texas Lubbock, 6701 Aberdeen Ave Ste 9 Lubbock, TX 79424",The Bridge Clinics of Texas Lubbock,"6701 Aberdeen Ave Ste 9 Lubbock, TX 79424",(325) 313-3545
"The Spa by Sheena, 8713 Milwaukee Ave Ste 200 Lubbock, TX 79424",The Spa by Sheena,"8713 Milwaukee Ave Ste 200 Lubbock, TX 79424",(806) 515-4571
"Women's Health Associates, 4501 50th St Ste 200 Lubbock, TX 79414",Women's Health Associates,"4501 50th St Ste 200 Lubbock, TX 79414",(806) 605-0424
"First Choice Family Medicine - Hill, 818 W Frank Ave Lufkin, TX 75904",First Choice Family Medicine - Hill,"818 W Frank Ave Lufkin, TX 75904",(936) 226-0481
"First Choice Family Medicine - Whitley, 818 W Frank Ave Lufkin, TX 75904",First Choice Family Medicine - Whitley,"818 W Frank Ave Lufkin, TX 75904",(936) 342-7914
"Lufkin Family Medicine  Center, 3804 S Medford Dr Lufkin, TX 75901",Lufkin Family Medicine  Center,"3804 S Medford Dr Lufkin, TX 75901",(936) 417-1165
"MediSlim Lufkin, 3806 S. Medford Drive Lufkin, TX 75901",MediSlim Lufkin,"3806 S. Medford Drive Lufkin, TX 75901",(936) 292-3527
"Revive Integrative Medicine, 105 Westside Medical Blvd Lufkin, TX 75904",Revive Integrative Medicine,"105 Westside Medical Blvd Lufkin, TX 75904",(936) 289-9186
"Rima Kittley MD Family Medicine, 1501 Hanks St # B Lufkin, TX 75904",Rima Kittley MD Family Medicine,"1501 Hanks St # B Lufkin, TX 75904",(936) 410-4583
"Texas Urological Clinic, 1704 E Denman Ave Lufkin, TX 75901",Texas Urological Clinic,"1704 E Denman Ave Lufkin, TX 75901",(936) 255-2744
"Balanced Health, 313 N Lhs Dr Lumberton, TX 77657",Balanced Health,"313 N Lhs Dr Lumberton, TX 77657",(409) 348-3585
"The Wellness Firm, 100 Canyon Lake Cir Lumberton, TX 77657",The Wellness Firm,"100 Canyon Lake Cir Lumberton, TX 77657",(409) 730-7005
"Biometric Profile Health, 506 Honea Egypt Rd  Ste 104 Magnolia, TX 77354",Biometric Profile Health,"506 Honea Egypt Rd  Ste 104 Magnolia, TX 77354",(281) 607-4105
"Davam Family Medicine, 6018 Fm 1488 Rd Magnolia, TX 77354",Davam Family Medicine,"6018 Fm 1488 Rd Magnolia, TX 77354",(346) 375-7522
"Joon Medical Corp, 1316 Sendera Ranch Drive Ste. A Magnolia, TX 77354",Joon Medical Corp,"1316 Sendera Ranch Drive Ste. A Magnolia, TX 77354",(832) 698-8676
"Beauty Bar Health & Wellness Denver City, 521 N Main Denver City, TX 79323",Beauty Bar Health & Wellness Denver City,"521 N Main Denver City, TX 79323",(806) 203-5979
"260 THMA MNS OBGYN, 2302 Lone Star Rd Ste 260 Mansfield, TX 76063",260 THMA MNS OBGYN,"2302 Lone Star Rd Ste 260 Mansfield, TX 76063",(682) 281-5421
"Premier Women's Health, 1758 Broad Park Cir. S Mansfield, TX 76063",Premier Women's Health,"1758 Broad Park Cir. S Mansfield, TX 76063",(972) 503-4630
"TX Center for Urology - Mansfield, 1759 Broad Park Circle South Suite 101 Mansfield, TX 76063",TX Center for Urology - Mansfield,"1759 Broad Park Circle South Suite 101 Mansfield, TX 76063",(817) 769-3370
"East Texas Health & Wellness, 1600 S Washington Ave Marshall, TX 75670",East Texas Health & Wellness,"1600 S Washington Ave Marshall, TX 75670",(903) 225-8476
"Apricity Wellness and Aesthetics PLLC, 2507 Buddy Owens Blvd McAllen, TX 78504",Apricity Wellness and Aesthetics PLLC,"2507 Buddy Owens Blvd McAllen, TX 78504",(956) 446-2636
"Beautified By Veronica Aesth & Wellness, 6401 N 10 th St Suite 100 McAllen, TX 78504",Beautified By Veronica Aesth & Wellness,"6401 N 10 th St Suite 100 McAllen, TX 78504",(956) 707-1228
"Beauty and Health by Dr. Rashid, 801 E Nolana Ave Ste 7 McAllen, TX 78504",Beauty and Health by Dr. Rashid,"801 E Nolana Ave Ste 7 McAllen, TX 78504",(956) 297-0244
"Compassionate Care Family Clinic, LLC, 5408 N 10th St McAllen, TX 78504","Compassionate Care Family Clinic, LLC","5408 N 10th St McAllen, TX 78504",(956) 306-1114
"Cosmetic Laser Center, 715 Savannah Ave W McAllen, TX 78503",Cosmetic Laser Center,"715 Savannah Ave W McAllen, TX 78503",(956) 758-8414
"Family Medicine Clinic, 5800 N. 23rd Street McAllen, TX 78504",Family Medicine Clinic,"5800 N. 23rd Street McAllen, TX 78504",(956) 305-1459
"Mother & Child Health Consultants, 5305 N McColl Rd McAllen, TX 78504",Mother & Child Health Consultants,"5305 N McColl Rd McAllen, TX 78504",(956) 633-4080
"Optimal Lifestyle Medicine, 520 E Dove Ave McAllen, TX 78504",Optimal Lifestyle Medicine,"520 E Dove Ave McAllen, TX 78504",(956) 663-4297
"Revive Skin Group, 4703 N 10th St McAllen, TX 78504",Revive Skin Group,"4703 N 10th St McAllen, TX 78504",(956) 396-0102
"Uptown Medical Wellness & Anti-Aging Ctr, 801 E Nolana Ave Ste 4 McAllen, TX 78504",Uptown Medical Wellness & Anti-Aging Ctr,"801 E Nolana Ave Ste 4 McAllen, TX 78504",(956) 903-2854
"Women's Center Of Excellence, 4324 N McColl Rd McAllen, TX 78504",Women's Center Of Excellence,"4324 N McColl Rd McAllen, TX 78504",(956) 474-3132
"Women's Clinic of South Texas - McAllen, 316 Linberg Ave McAllen, TX 78501",Women's Clinic of South Texas - McAllen,"316 Linberg Ave McAllen, TX 78501",(956) 300-3879
"Ellen Mehta Advanced Practice, 7701 Stacy Rd Ste 800 McKinney, TX 75070",Ellen Mehta Advanced Practice,"7701 Stacy Rd Ste 800 McKinney, TX 75070",(248) 218-9941
"Hartwater Wellness, 7200 W University Dr Ste 170 McKinney, TX 75071",Hartwater Wellness,"7200 W University Dr Ste 170 McKinney, TX 75071",(903) 776-4854
"Doctor's Choice Medical & Rehab, 4900 N. 10Th St Ste D2 Mcallen, TX 78504",Doctor's Choice Medical & Rehab,"4900 N. 10Th St Ste D2 Mcallen, TX 78504",(956) 663-3482
"Elite Functional Health, Pllc, 2215 W Fern Ave Ste B Mcallen, TX 78501","Elite Functional Health, Pllc","2215 W Fern Ave Ste B Mcallen, TX 78501",(956) 253-1151
"Gholam A Kiani, MD, PA - Jackson Rd, 5121 N Jackson Rd Ste 10 Mcallen, TX 78504","Gholam A Kiani, MD, PA - Jackson Rd","5121 N Jackson Rd Ste 10 Mcallen, TX 78504",(956) 394-0267
"Hero Family Medicine Pllc, 1200 E Savannah Ave Suite 8 Mcallen, TX 78503",Hero Family Medicine Pllc,"1200 E Savannah Ave Suite 8 Mcallen, TX 78503",(956) 450-7044
"Revive Primary Care & Med Spa - Mckinney, 4987 W University Dr Ste 150 Mckinney, TX 75071",Revive Primary Care & Med Spa - Mckinney,"4987 W University Dr Ste 150 Mckinney, TX 75071",(903) 989-3250
"Village Health Partners MMV, 7300 Eldorado Parkway Ste 200 Mckinney, TX 75070",Village Health Partners MMV,"7300 Eldorado Parkway Ste 200 Mckinney, TX 75070",(214) 833-6613
"Amarillo Urology Associates, LLP, 1900 Medi Park Dr, Amarillo, TX 79106","Amarillo Urology Associates, LLP","1900 Medi Park Dr, Amarillo, TX 79106",(806) 602-8121
"Texas Hormonal Replacement Wellness, 1650 Republic Pkwy Ste 140 Mesquite, TX 75150",Texas Hormonal Replacement Wellness,"1650 Republic Pkwy Ste 140 Mesquite, TX 75150",(469) 290-3175
"Doll Aesthetics, LLC, 3300 N A St Ste 107 Midland, TX 79705","Doll Aesthetics, LLC","3300 N A St Ste 107 Midland, TX 79705",(432) 237-3947
"Elite Family Practice, 1900 W Wall St Ste A Midland, TX 79701",Elite Family Practice,"1900 W Wall St Ste A Midland, TX 79701",(432) 300-6639
"EnviouSkin Aesthetics, 1028 Andrews Hwy STE H Midland, TX 79701",EnviouSkin Aesthetics,"1028 Andrews Hwy STE H Midland, TX 79701",(432) 237-4615
"P. Douglas Cochran, Md, 15 Smith Road Suite 3004 Midland, TX 79705","P. Douglas Cochran, Md","15 Smith Road Suite 3004 Midland, TX 79705",(432) 237-3604
"Vitality Lifestyle & Wellness, 5105 Sunmore Cr Ste A Midland, TX 79707",Vitality Lifestyle & Wellness,"5105 Sunmore Cr Ste A Midland, TX 79707",(432) 216-4707
"Wild Roots Wellness Center, PLLC, 1030 Andrews Highway Ste 108 Midland, TX 79701","Wild Roots Wellness Center, PLLC","1030 Andrews Highway Ste 108 Midland, TX 79701",(432) 287-5739
"Frontline Health & Wellness, 200 S 14th St Ste 110 Midlothian, TX 76065",Frontline Health & Wellness,"200 S 14th St Ste 110 Midlothian, TX 76065",(817) 587-9060
"Four Points Wellness, 108 SW 6th Ave Mineral Wells, TX 76067",Four Points Wellness,"108 SW 6th Ave Mineral Wells, TX 76067",(817) 631-1801
"Aesthetics by Liz, 2134 E Griffin Pkwy Mission, TX 78572",Aesthetics by Liz,"2134 E Griffin Pkwy Mission, TX 78572",(956) 305-0289
"Beautilase Med Spa, 1500 S Bryan Rd Mission, TX 78572",Beautilase Med Spa,"1500 S Bryan Rd Mission, TX 78572",(956) 405-7277
"Mission Doctor's Group, 910 S. Bryan Rd. Suite 104 Mission, TX 78572",Mission Doctor's Group,"910 S. Bryan Rd. Suite 104 Mission, TX 78572",(956) 277-9103
"Mission Family Clinic, 1512 E Griffin Pkwy Ste 12A Mission, TX 78572",Mission Family Clinic,"1512 E Griffin Pkwy Ste 12A Mission, TX 78572",(956) 903-2245
"Gretchen M Velasco, MD, PA, 910 S. Bryan Rd  Ste 204 Misson, TX 78572","Gretchen M Velasco, MD, PA","910 S. Bryan Rd  Ste 204 Misson, TX 78572",(956) 797-7534
"Mont Belvieu Family Wellness, 11316 Eagle Dr Mont Belvieu, TX 77523",Mont Belvieu Family Wellness,"11316 Eagle Dr Mont Belvieu, TX 77523",(936) 256-2434
"Advanced Hormone Therapy Of Montgomery, 19782 Highway 105 W Ste 111 Montgomery, TX 77356",Advanced Hormone Therapy Of Montgomery,"19782 Highway 105 W Ste 111 Montgomery, TX 77356",(334) 409-6870
"Simply Creative Aesthetics, 920 Pine Market Ave Suite 100 Montgomery, TX 77316",Simply Creative Aesthetics,"920 Pine Market Ave Suite 100 Montgomery, TX 77316",(936) 237-6599
"Woodlands Medical (Montgomery), 18001 TX 105 Suite 208 Montgomery, TX 77356",Woodlands Medical (Montgomery),"18001 TX 105 Suite 208 Montgomery, TX 77356",(936) 273-9053
"NEWU by Bello Med Spa, 120 E 3rd street Mount Pleasant, TX 75455",NEWU by Bello Med Spa,"120 E 3rd street Mount Pleasant, TX 75455",(817) 623-5361
"Muenster Family Medical, 134 S Mesquite St Muenster, TX 76252",Muenster Family Medical,"134 S Mesquite St Muenster, TX 76252",(940) 736-9743
"Cline Family Medicine (Nacogdoches), 3900 NE Stallings Drive Ste 101 Nacogdoches, TX 75965",Cline Family Medicine (Nacogdoches),"3900 NE Stallings Drive Ste 101 Nacogdoches, TX 75965",(936) 209-7165
"MediSlim Nacogdoches, 4415 North Street Suite 107 Nacogdoches, TX 75965",MediSlim Nacogdoches,"4415 North Street Suite 107 Nacogdoches, TX 75965",(936) 301-1172
"My MD Select, 3618 N. University Dr. Nacogdoches, TX 75965",My MD Select,"3618 N. University Dr. Nacogdoches, TX 75965",(936) 247-0565
"Aesthetics of Central Texas, 2115 Stephens Pl Ste 900 New Braunfels, TX 78130",Aesthetics of Central Texas,"2115 Stephens Pl Ste 900 New Braunfels, TX 78130",(830) 271-3991
"Glam House Aesthetics & Wellness, 1108 W Coll St New Braunfels, TX 78130",Glam House Aesthetics & Wellness,"1108 W Coll St New Braunfels, TX 78130",(830) 463-6954
"Neighborhood Wellness Clinic (New Braunf), 1551 N Walnut Ave Suite 42 New Braunfels, TX 78130",Neighborhood Wellness Clinic (New Braunf),"1551 N Walnut Ave Suite 42 New Braunfels, TX 78130",(830) 327-0153
"Newman & Company, 125 S Business IH 35 New Braunfels, TX 78130",Newman & Company,"125 S Business IH 35 New Braunfels, TX 78130",(830) 498-0567
"Strive IV and Wellness, 1260 River Acres Dr New Braunfels, TX 78130",Strive IV and Wellness,"1260 River Acres Dr New Braunfels, TX 78130",(830) 406-4799
"Unique Health and Body, 349 Creekside Way Ste 14 New Braunfels, TX 78130",Unique Health and Body,"349 Creekside Way Ste 14 New Braunfels, TX 78130",(830) 402-4032
"Dustin Pratt, Md, 1001 Highway 83 North Childress, TX 79201","Dustin Pratt, Md","1001 Highway 83 North Childress, TX 79201",(940) 461-7018
"Primary Care Simplified, Pllc, 8376 Davis Blvd Ste 262 North Richland Hills, TX 76182","Primary Care Simplified, Pllc","8376 Davis Blvd Ste 262 North Richland Hills, TX 76182",(817) 482-0935
"Rockport Wellness, 1121 Hwy 35 North Rockport, TX 78382",Rockport Wellness,"1121 Hwy 35 North Rockport, TX 78382",(361) 450-3807
"OccuMed Kacee Dunavan, FNP, 5000 E University Blvd Ste 6 Odessa, TX 79762","OccuMed Kacee Dunavan, FNP","5000 E University Blvd Ste 6 Odessa, TX 79762",(432) 249-3905
"Pandeia, 501 Bernice Ave Odessa, TX 79763",Pandeia,"501 Bernice Ave Odessa, TX 79763",(432) 302-4725
"Simply Gorgeous Aesthetics, 5000 Ne Loop 338 Ste 108 Odessa, TX 79762",Simply Gorgeous Aesthetics,"5000 Ne Loop 338 Ste 108 Odessa, TX 79762",(432) 777-3203
"Trinity Family Medicine, 6100 Eastridge Rd. Odessa, TX 79762",Trinity Family Medicine,"6100 Eastridge Rd. Odessa, TX 79762",(432) 272-1072
"Vive Wellness and Medical Aesthetics, 6005 Eastridge Rd Ste 255 Odessa, TX 79762",Vive Wellness and Medical Aesthetics,"6005 Eastridge Rd Ste 255 Odessa, TX 79762",(432) 614-9663
"Bella Vita Health and Wellness, 514 E Orange  Ste A Orange Grove, TX 78372",Bella Vita Health and Wellness,"514 E Orange  Ste A Orange Grove, TX 78372",(361) 203-2345
"Family Care Clinic of Panhandle, 102 E. HW 60 Panhandle, TX 79086",Family Care Clinic of Panhandle,"102 E. HW 60 Panhandle, TX 79086",(806) 298-6205
"Complete Care Clinic, 2745 Ne Loop 286 Paris, TX 75460",Complete Care Clinic,"2745 Ne Loop 286 Paris, TX 75460",(430) 444-5231
"Regenesis Med Spa, 1122 East Austin St. Paris, TX 75460",Regenesis Med Spa,"1122 East Austin St. Paris, TX 75460",(430) 444-5189
"Rejuvenation Laser Spa, LLC, 5119 Fairmont Pkwy Suite A Pasadena, TX 77505","Rejuvenation Laser Spa, LLC","5119 Fairmont Pkwy Suite A Pasadena, TX 77505",(346) 567-8346
"Adi Medspa, 11331 James Watt Dr Bldg 100 El Paso, TX 79936",Adi Medspa,"11331 James Watt Dr Bldg 100 El Paso, TX 79936",(915) 465-9178
"Amare Wellness Center, 5860 N Mesa St Ste 111 El Paso, TX 79912",Amare Wellness Center,"5860 N Mesa St Ste 111 El Paso, TX 79912",(575) 619-7554
"Bio Drip Wellness & Longevity, 935 Sunland Park Dr Ste 102 El Paso, TX 79922",Bio Drip Wellness & Longevity,"935 Sunland Park Dr Ste 102 El Paso, TX 79922",(915) 221-8615
"Cares Medical Clinic, 3130 Lee Trevino  Ste 114A El Paso, TX 79936",Cares Medical Clinic,"3130 Lee Trevino  Ste 114A El Paso, TX 79936",(915) 621-5863
"Diabetes & Thyroid Metabolic Clinic, 6955 N. Mesa St Ste. 108 El Paso, TX 79912",Diabetes & Thyroid Metabolic Clinic,"6955 N. Mesa St Ste. 108 El Paso, TX 79912",(915) 995-5620
"Dr. Galo Rodarte, 400 E Robinson Ave Ste A El Paso, TX 79902",Dr. Galo Rodarte,"400 E Robinson Ave Ste A El Paso, TX 79902",(575) 448-9817
"El Paso Wellness Associates, LLC, 1600 N Lee Trevino DR  St A2 El Paso, TX 79936","El Paso Wellness Associates, LLC","1600 N Lee Trevino DR  St A2 El Paso, TX 79936",(915) 233-6674
"Ep Preventive Care, 154 North Festival Drive Ste. A El Paso, TX 79912",Ep Preventive Care,"154 North Festival Drive Ste. A El Paso, TX 79912",(575) 448-9735
"GALMed Family Clinic, 11125 La Quinta Pl Ste B El Paso, TX 79936",GALMed Family Clinic,"11125 La Quinta Pl Ste B El Paso, TX 79936",(915) 312-0275
"Garcia Family Medicine, 11355 Montwood Dr Ste A El Paso, TX 79936",Garcia Family Medicine,"11355 Montwood Dr Ste A El Paso, TX 79936",(915) 292-7883
"Higher Level Skin & Beauty El Paso, 9398 Viscount Blvd Bldg 5A El Paso, TX 79925",Higher Level Skin & Beauty El Paso,"9398 Viscount Blvd Bldg 5A El Paso, TX 79925",(915) 223-6705
"Injury Medical Clinic PA, 11860 Vista Del Sol Dr El Paso, TX 79936",Injury Medical Clinic PA,"11860 Vista Del Sol Dr El Paso, TX 79936",(575) 448-9542
"Lauro I. Ortega, MD, PA, 5915 Silver Springs Dr Bldg 6A El Paso, TX 79912","Lauro I. Ortega, MD, PA","5915 Silver Springs Dr Bldg 6A El Paso, TX 79912",(915) 221-9240
"Northeast Family Clinic and Pediatrics, 9740 Dyer St Ste 111 El Paso, TX 79924",Northeast Family Clinic and Pediatrics,"9740 Dyer St Ste 111 El Paso, TX 79924",(915) 621-5043
"Oasis Integrated Health Solutions, 11206 Montwood Drive Ste 203 El Paso, TX 79936",Oasis Integrated Health Solutions,"11206 Montwood Drive Ste 203 El Paso, TX 79936",(915) 221-9508
"Una Vida, 7470 Cimarron Plaza Bldg 13; Ste 100 El Paso, TX 79911",Una Vida,"7470 Cimarron Plaza Bldg 13; Ste 100 El Paso, TX 79911",(915) 233-6524
"Xavier Munoz, 7812 Gateway East Blvd Ste 230 El Paso, TX 79915",Xavier Munoz,"7812 Gateway East Blvd Ste 230 El Paso, TX 79915",(915) 615-3183
"CC Wellness And Aesthetics, 2640 East Broadway suite 107 Pearland, TX 77581",CC Wellness And Aesthetics,"2640 East Broadway suite 107 Pearland, TX 77581",(346) 215-1385
"Blasthetics, 2309 S Cedar St Perryton, TX 79070",Blasthetics,"2309 S Cedar St Perryton, TX 79070",(806) 216-6670
"LuxeMe Aesthetics, 701 FM 685 Ste 520 Pflugerville, TX 78660",LuxeMe Aesthetics,"701 FM 685 Ste 520 Pflugerville, TX 78660",(737) 259-4512
"Magic Valley Medical Care Clinic & MedSpa, 306 West Park Ave Pharr, TX 78577",Magic Valley Medical Care Clinic & MedSpa,"306 West Park Ave Pharr, TX 78577",(956) 269-9466
"Optimum Womens Health Rio Grande Valley, 1106 W Sam Houston Blvd Pharr, TX 78577",Optimum Womens Health Rio Grande Valley,"1106 W Sam Houston Blvd Pharr, TX 78577",(956) 300-2109
"Medical Associates of Pilot Point, 1235 S Highway 377 Ste A Pilot Point, TX 76258",Medical Associates of Pilot Point,"1235 S Highway 377 Ste A Pilot Point, TX 76258",(903) 551-7155
"Aesthetic Collective - Plano, 7800 Dallas Pkwy Ste 100 Plano, TX 75024",Aesthetic Collective - Plano,"7800 Dallas Pkwy Ste 100 Plano, TX 75024",(940) 326-4789
"B Well Med Spa, 6300 Stonewood Dr Ste 110 Plano, TX 75024",B Well Med Spa,"6300 Stonewood Dr Ste 110 Plano, TX 75024",(972) 519-1600
"Bates Wellness Center, 6300 Stonewood Dr Ste 302 Plano, TX 75024",Bates Wellness Center,"6300 Stonewood Dr Ste 302 Plano, TX 75024",(972) 943-8597
"Elase MedSpa Plano, 7501 Lone Star Drive B140 Plano, TX 75024",Elase MedSpa Plano,"7501 Lone Star Drive B140 Plano, TX 75024",(940) 240-3253
"Genesis Health & Wellness Center, 3415 Custer Road Suite 116 Plano, TX 75023",Genesis Health & Wellness Center,"3415 Custer Road Suite 116 Plano, TX 75023",(940) 326-5442
"Healing Hands Holistic Health, 3028 Communications Parkway Ste 200 Plano, TX 75093",Healing Hands Holistic Health,"3028 Communications Parkway Ste 200 Plano, TX 75093",(214) 751-7746
"KTK2 Wellness, 700 E Park Blvd  STE 206 Plano , TX  75074-5472",KTK2 Wellness,"700 E Park Blvd  STE 206 Plano , TX  75074-5472",(469) 529-7393
"Northlake Obstetrics & Gynecology Plano, 6124 West Parker Road Bldg. 3-Suite 136 Plano, TX 75093",Northlake Obstetrics & Gynecology Plano,"6124 West Parker Road Bldg. 3-Suite 136 Plano, TX 75093",(817) 796-9043
"Plano Womens Healthcare - Feltman, 1600 Coit Road Ste 202 Plano, TX 75075",Plano Womens Healthcare - Feltman,"1600 Coit Road Ste 202 Plano, TX 75075",(972) 596-2470
"Plano Womens Healthcare DaVolio, 1600 Coit Road Ste 202 Plano, TX 75075",Plano Womens Healthcare DaVolio,"1600 Coit Road Ste 202 Plano, TX 75075",(972) 596-2470
"Plano Womens Healthcare Jacobs, 1600 Coit Rd Ste 202 Plano, TX 75075",Plano Womens Healthcare Jacobs,"1600 Coit Rd Ste 202 Plano, TX 75075",(972) 596-2470
"Plano Womens Healthcare Li, 1600 Coit Road Ste 202 Plano, TX 75075",Plano Womens Healthcare Li,"1600 Coit Road Ste 202 Plano, TX 75075",(972) 596-2470
"Plano Womens Healthcare Lopez, 1600 Coit Road Ste 202 Plano, TX 75075",Plano Womens Healthcare Lopez,"1600 Coit Road Ste 202 Plano, TX 75075",(972) 596-2470
"Plano Womens Healthcare Means, 1600 Coit Road Ste 202 Plano, TX 75075",Plano Womens Healthcare Means,"1600 Coit Road Ste 202 Plano, TX 75075",(972) 596-2470
"Plano Womens Healthcare Mos, 1600 Coit Rd Ste 202 Plano, TX 75075",Plano Womens Healthcare Mos,"1600 Coit Rd Ste 202 Plano, TX 75075",(972) 596-6526
"Southwest Pain Management, 6957 W Plano Pkwy Ste 2100 Plano, TX 75093",Southwest Pain Management,"6957 W Plano Pkwy Ste 2100 Plano, TX 75093",(214) 989-3912
"TruGevity Health and Wellness, 6853 Coit Rd Ste 100 Plano, TX 75024",TruGevity Health and Wellness,"6853 Coit Rd Ste 100 Plano, TX 75024",(972) 402-6327
"Village Health Partners - WPMV, 5655 West Spring Creek Parkway Ste 200 Plano, TX 75024",Village Health Partners - WPMV,"5655 West Spring Creek Parkway Ste 200 Plano, TX 75024",(972) 382-5689
"Village Health Partners IMV, 8080 Independence Parkway Ste. 200 Plano, TX 75025",Village Health Partners IMV,"8080 Independence Parkway Ste. 200 Plano, TX 75025",(972) 947-9923
"BSZ Medical, 1746 W. Goodwin St. Pleasanton, TX 78064",BSZ Medical,"1746 W. Goodwin St. Pleasanton, TX 78064",(830) 532-8582
"Restore + Revive, 2501 Jimmy Johnson Blvd Ste 302 Port Arthur, TX 77640",Restore + Revive,"2501 Jimmy Johnson Blvd Ste 302 Port Arthur, TX 77640",(409) 245-5365
"Grayce Hudson Aesthetics & Wellness, 402 Broadway Street Port Lavaca, TX 77979",Grayce Hudson Aesthetics & Wellness,"402 Broadway Street Port Lavaca, TX 77979",(361) 314-7087
"Skin Essentials Luxury Spa, 10122 N L ST La Porte, TX 77571",Skin Essentials Luxury Spa,"10122 N L ST La Porte, TX 77571",(281) 501-6140
"Lotus Med Spa, 1630 W. Prosper Trail Suite 540 Prosper, TX 75078",Lotus Med Spa,"1630 W. Prosper Trail Suite 540 Prosper, TX 75078",(361) 203-5868
"Advanced Hormone Management, 3201 E President George Bush Hwy Ste 107 Richardson, TX 75082",Advanced Hormone Management,"3201 E President George Bush Hwy Ste 107 Richardson, TX 75082",(972) 787-2270
"Comfort Procedures, PLLC, 3013 E Renner Rd Ste 120 Richardson, TX 75082","Comfort Procedures, PLLC","3013 E Renner Rd Ste 120 Richardson, TX 75082",(940) 290-8251
"Sinang Medical and Associates, 3634 Glenn Lakes Ln Ste 200 Richmond, TX 77459",Sinang Medical and Associates,"3634 Glenn Lakes Ln Ste 200 Richmond, TX 77459",(281) 984-6844
"Trinity Integrative Health Solutions, 735 Plantation Dr. Ste 304 Richmond, TX 77406",Trinity Integrative Health Solutions,"735 Plantation Dr. Ste 304 Richmond, TX 77406",(936) 282-5765
"D Oro Wellness & Medical Aesthetics, 2790 Pharmacy Rd Ste B Rio Grande City, TX 78582",D Oro Wellness & Medical Aesthetics,"2790 Pharmacy Rd Ste B Rio Grande City, TX 78582",(956) 303-8998
"We Care Clinic - Qasim, 1011 Roberts Cut-Off Rd River Oaks, TX 76114",We Care Clinic - Qasim,"1011 Roberts Cut-Off Rd River Oaks, TX 76114",(817) 934-4379
"Cornerstone Health & Wellbeing, 351 W Byron Nelson Blvd Ste 110 Roanoke, TX 76262",Cornerstone Health & Wellbeing,"351 W Byron Nelson Blvd Ste 110 Roanoke, TX 76262",(817) 672-9314
"Texas Family Wellness Clinic - Robstown, 15406 Northwest Blvd Ste B Robstown, TX 78380",Texas Family Wellness Clinic - Robstown,"15406 Northwest Blvd Ste B Robstown, TX 78380",(361) 315-7022
"CR Wellness, 602 N Main St Ste D Rockdale, TX 76567",CR Wellness,"602 N Main St Ste D Rockdale, TX 76567",(737) 225-6531
"Rockport Physical Medicine Pa, 2011 Highway 35 N Rockport, TX 78382",Rockport Physical Medicine Pa,"2011 Highway 35 N Rockport, TX 78382",(361) 203-5297
"BeSpoke Health and Beauty, 5713 Horizon Rd Rockwall, TX 75032",BeSpoke Health and Beauty,"5713 Horizon Rd Rockwall, TX 75032",(682) 732-7711
"Bella Skin & Wellness Clinic, 6800 Heritage Pkwy Ste 102 Rockwall, TX 75087",Bella Skin & Wellness Clinic,"6800 Heritage Pkwy Ste 102 Rockwall, TX 75087",(469) 769-5837
"Evexias Medical Centers - Rockwall, 1207 Arista Dr Suite 103 Rockwall, TX 75032",Evexias Medical Centers - Rockwall,"1207 Arista Dr Suite 103 Rockwall, TX 75032",(817) 242-9104
"Living Springs Natural Health, 251 Harker Trail Rockwall, TX 75087",Living Springs Natural Health,"251 Harker Trail Rockwall, TX 75087",(469) 769-5844
"Metroplex Women's Health Care, 1020 West Ralph Hall Parkway Suite 101 Rockwall, TX 75032",Metroplex Women's Health Care,"1020 West Ralph Hall Parkway Suite 101 Rockwall, TX 75032",(972) 789-4163
"Round Rock Obgyn, 1490 Rusk Road Ste 202 Round Rock, TX 78665",Round Rock Obgyn,"1490 Rusk Road Ste 202 Round Rock, TX 78665",(737) 234-8221
"Cline Family Medicine (Rusk), 1400 N Dickinson Dr Rusk, TX 75785",Cline Family Medicine (Rusk),"1400 N Dickinson Dr Rusk, TX 75785",(903) 205-9320
"Wellness Code - Sachse, 7900 Woodbridge Pkwy Ste 130 Sachse, TX 75048",Wellness Code - Sachse,"7900 Woodbridge Pkwy Ste 130 Sachse, TX 75048",(469) 402-9917
"MARS Wellness, 3224 College Hills Blvd. Silo Salon Room 13 San Angelo, TX 76904",MARS Wellness,"3224 College Hills Blvd. Silo Salon Room 13 San Angelo, TX 76904",(325) 442-5241
"Skin Bliss Beauty Bar San Angelo, 12 E. Twohig Ave #200 San Angelo, TX 76903",Skin Bliss Beauty Bar San Angelo,"12 E. Twohig Ave #200 San Angelo, TX 76903",(719) 623-5126
"Wiseman Family - San Angelo, 115 S Randolph St Ste 101 San Angelo, TX 76903",Wiseman Family - San Angelo,"115 S Randolph St Ste 101 San Angelo, TX 76903",(325) 617-4583
"Advanced Wellness Clinic, 4242 Medical Dr Ste 6100 San Antonio, TX 78229",Advanced Wellness Clinic,"4242 Medical Dr Ste 6100 San Antonio, TX 78229",(210) 796-2376
"Alamo Ranch Integrative Medicine, 11345 Alamo Ranch Pkwy Ste 103 San Antonio, TX 78253",Alamo Ranch Integrative Medicine,"11345 Alamo Ranch Pkwy Ste 103 San Antonio, TX 78253",(726) 227-0150
"Amore Life Healthcare, PLLC, 8006 West Ave Ste 1 San Antonio, TX 78213","Amore Life Healthcare, PLLC","8006 West Ave Ste 1 San Antonio, TX 78213",(210) 972-2921
"Arijai Aesthetics, 250 E. Basse Road Suite 205 San Antonio, TX 78209",Arijai Aesthetics,"250 E. Basse Road Suite 205 San Antonio, TX 78209",(952) 260-8749
"Believe Aesthetics, 1407 W. Bitters Suite 103 San Antonio, TX 78248",Believe Aesthetics,"1407 W. Bitters Suite 103 San Antonio, TX 78248",(726) 216-2579
"Comprehensive Primary Care, 22250 Bulverde Rd Ste 111 San Antonio, TX 78261",Comprehensive Primary Care,"22250 Bulverde Rd Ste 111 San Antonio, TX 78261",(726) 237-4890
"Cool Med Integrative Medicine, 525 Oak Centre Dr Suite 230 San Antonio, TX 78258",Cool Med Integrative Medicine,"525 Oak Centre Dr Suite 230 San Antonio, TX 78258",(830) 227-2094
"Crown Health & Wellness, 4499 Medical Dr Ste 250 San Antonio, TX 78229",Crown Health & Wellness,"4499 Medical Dr Ste 250 San Antonio, TX 78229",(210) 934-9168
"Evolve Texas Medical Group, 20627 Huebner Rd  Suite 101 San Antonio, TX 78258",Evolve Texas Medical Group,"20627 Huebner Rd  Suite 101 San Antonio, TX 78258",(726) 201-0848
"Glow Up at Dawn, 4241 Woodcock Drive Suite C110 San Antonio, TX 78228",Glow Up at Dawn,"4241 Woodcock Drive Suite C110 San Antonio, TX 78228",(830) 538-0502
"Heart Healthy Family Practice, 1840 Lockhill Selma Road Suite 101 San Antonio, TX 78213",Heart Healthy Family Practice,"1840 Lockhill Selma Road Suite 101 San Antonio, TX 78213",(726) 227-2568
"Institute for Functional Health, 1602 McCullough Ave San Antonio, TX 78212",Institute for Functional Health,"1602 McCullough Ave San Antonio, TX 78212",(726) 227-4870
"Jovem, 23535 W Interstate 10 Frontage Road #3003 San Antonio, TX 78257",Jovem,"23535 W Interstate 10 Frontage Road #3003 San Antonio, TX 78257",(726) 232-1078
"Leon Springs Family Practice, PA, 24165 W Interstate 10 Ste 118 San Antonio, TX 78257","Leon Springs Family Practice, PA","24165 W Interstate 10 Ste 118 San Antonio, TX 78257",(210) 972-7160
"Marcos Med Aesthetics & Wellness, 503 Med Ct ste 102 San Antonio, TX 78258",Marcos Med Aesthetics & Wellness,"503 Med Ct ste 102 San Antonio, TX 78258",(210) 256-9053
"Med Spa Bar + Wellness Center, 3126 N St Mary's St suite 201  San Antonio, TX 78212",Med Spa Bar + Wellness Center,"3126 N St Mary's St suite 201  San Antonio, TX 78212",(726) 200-5262
"My Personal Physician, 903 Austin Hwy San Antonio, TX 78209",My Personal Physician,"903 Austin Hwy San Antonio, TX 78209",(830) 402-4911
"Neera Bhatia MD PA, 1303 McCullough Avenue Suite 237 San Antonio, TX 78212",Neera Bhatia MD PA,"1303 McCullough Avenue Suite 237 San Antonio, TX 78212",(210) 222-2694
"New Era Wellness Center, 1205 N Loop 1604 W Ste 225 San Antonio, TX 78258",New Era Wellness Center,"1205 N Loop 1604 W Ste 225 San Antonio, TX 78258",(726) 227-1582
"Radiance MedSpa, 1624 Lockhill Selma Road San Antonio, TX 78213",Radiance MedSpa,"1624 Lockhill Selma Road San Antonio, TX 78213",(726) 227-1765
"Restore Primary Care and Wellness, 8414 Fountain Circle San Antonio, TX 78229",Restore Primary Care and Wellness,"8414 Fountain Circle San Antonio, TX 78229",(210) 879-6887
"Revify Med Spa, 20658 Stone Oak Pkwy Ste 108 San Antonio, TX 78258",Revify Med Spa,"20658 Stone Oak Pkwy Ste 108 San Antonio, TX 78258",(210) 941-2932
"San Antonio Family Physicians, 5230 Rogers Rd Bldg 2 San Antonio, TX 78251",San Antonio Family Physicians,"5230 Rogers Rd Bldg 2 San Antonio, TX 78251",(726) 232-5454
"San Antonio Med Spa, 22015 W I-10 Ste 204 San Antonio, TX 78257",San Antonio Med Spa,"22015 W I-10 Ste 204 San Antonio, TX 78257",(830) 357-7513
"Seger MD Wellness & Weight Management, 8038 Wurzbach Road Suite 250 San Antonio, TX 78229",Seger MD Wellness & Weight Management,"8038 Wurzbach Road Suite 250 San Antonio, TX 78229",(830) 355-3139
"Texas Oaks Skin & Wellness, 8299 Fredericksburg Rd San Antonio, TX 78229",Texas Oaks Skin & Wellness,"8299 Fredericksburg Rd San Antonio, TX 78229",(830) 355-0387
"Turquoise Springs Medical Spa, 14800 San Pedro Ave Ste 202 San Antonio, TX 78232",Turquoise Springs Medical Spa,"14800 San Pedro Ave Ste 202 San Antonio, TX 78232",(830) 402-6965
"XIA Aesthetics & Wellness, 17000 San Pedro Ave Ste 1101 San Antonio, TX 78232",XIA Aesthetics & Wellness,"17000 San Pedro Ave Ste 1101 San Antonio, TX 78232",(726) 227-3212
"Rich Medical Aesthetics, 4517 Santa Rosa Midland, TX 79707",Rich Medical Aesthetics,"4517 Santa Rosa Midland, TX 79707",(432) 535-0521
"Glam House Aesthetics TX, 1996 Schertz Parkway, Suite 301 Schertz, TX 78154",Glam House Aesthetics TX,"1996 Schertz Parkway, Suite 301 Schertz, TX 78154",(726) 227-4248
"Neighborhood Wellness Clinic (Schertz), 6051 Fm 3009 Ste 255 Schertz, TX 78154",Neighborhood Wellness Clinic (Schertz),"6051 Fm 3009 Ste 255 Schertz, TX 78154",(210) 791-0239
"Passion Health Primary Care Seven Points, 606 S. Seven Points Dr. Ste 9 Seven Points, TX 75143",Passion Health Primary Care Seven Points,"606 S. Seven Points Dr. Ste 9 Seven Points, TX 75143",(903) 418-4780
"Sleek Laser & Skin Center, INC, 260 Ed English Drive Ste D Shenandoah, TX 77385","Sleek Laser & Skin Center, INC","260 Ed English Drive Ste D Shenandoah, TX 77385",(281) 576-8989
"Advance Medical Group, 2416 Swamy Dr #110 Sherman, TX 75090",Advance Medical Group,"2416 Swamy Dr #110 Sherman, TX 75090",(903) 476-6702
"Allure Laser & Medical Spa, 240 E Evergreen St Sherman, TX 75090",Allure Laser & Medical Spa,"240 E Evergreen St Sherman, TX 75090",(903) 957-3409
"Full Life MedSpa, 600 East Taylor St. Ste 201 Sherman, TX 75090",Full Life MedSpa,"600 East Taylor St. Ste 201 Sherman, TX 75090",(903) 403-2054
"Select Wellness - Deborah Fisher, MD, PA, 3401 N Calais Dr Sherman, TX 75090","Select Wellness - Deborah Fisher, MD, PA","3401 N Calais Dr Sherman, TX 75090",(903) 487-4549
"Snyder Family Healthcare, 1912 6th St. Snyder, TX 79549",Snyder Family Healthcare,"1912 6th St. Snyder, TX 79549",(325) 309-5780
"Iglesias Family Medicine, 9895 Alameda Avenue Ste 118 Socorro, TX 79927",Iglesias Family Medicine,"9895 Alameda Avenue Ste 118 Socorro, TX 79927",(915) 223-2902
"McCamey County Hospital Rural Hlth Clinic, 2500 Hwy 305 South McCamey, TX 79752",McCamey County Hospital Rural Hlth Clinic,"2500 Hwy 305 South McCamey, TX 79752",(432) 389-0769
"Evexias Medical Centers - Southlake, 920 S Kimball Ave Suite 140 Southlake, TX 76092",Evexias Medical Centers - Southlake,"920 S Kimball Ave Suite 140 Southlake, TX 76092",(469) 769-5451
"Feel Ideal 360, 660 W Southlake Blvd Ste 100 Southlake, TX 76092",Feel Ideal 360,"660 W Southlake Blvd Ste 100 Southlake, TX 76092",(972) 656-1200
"Sedo Laser, 750 N Carroll Ave Southlake, TX 76092",Sedo Laser,"750 N Carroll Ave Southlake, TX 76092",(817) 934-4293
"Southlake Physical Medicine, 1500 W Southlake Blvd Ste 120 Southlake, TX 76092",Southlake Physical Medicine,"1500 W Southlake Blvd Ste 120 Southlake, TX 76092",(817) 934-4388
"Timarron Family Medicine Pa, 200 Pecan Creek Dr. Southlake, TX 76092",Timarron Family Medicine Pa,"200 Pecan Creek Dr. Southlake, TX 76092",(817) 518-3655
"BCARED4LIFE Health and Wellness, LLC, 5037b Fm 2920 Rd Spring, TX 77388","BCARED4LIFE Health and Wellness, LLC","5037b Fm 2920 Rd Spring, TX 77388",(346) 423-4796
"Balanced Body and Wellness, PLLC, 2530 Old Louetta Loop Suite 110 Spring, TX 77388","Balanced Body and Wellness, PLLC","2530 Old Louetta Loop Suite 110 Spring, TX 77388",(346) 258-7474
"Elite Medical Skin & Laser Center, 25501 Richards Rd Ste 102 Spring, TX 77386",Elite Medical Skin & Laser Center,"25501 Richards Rd Ste 102 Spring, TX 77386",(281) 801-9779
"Foundation Healthcare, PLLC, 7109 Fm 2920 Rd Ste 600 Spring, TX 77379","Foundation Healthcare, PLLC","7109 Fm 2920 Rd Ste 600 Spring, TX 77379",(936) 297-5950
"Harmony Aesthetics, 3466 Discovery Creek Blvd Suite 600 Spring, TX 77386",Harmony Aesthetics,"3466 Discovery Creek Blvd Suite 600 Spring, TX 77386",(832) 551-1800
"New Wave Physicians Group, 5220 Fm 2920 Rd Ste 110 Spring, TX 77388",New Wave Physicians Group,"5220 Fm 2920 Rd Ste 110 Spring, TX 77388",(936) 202-3312
"Spine Rehab Affiliates-Spring, 19510 Kuykendahl Road Ste A Spring, TX 77379",Spine Rehab Affiliates-Spring,"19510 Kuykendahl Road Ste A Spring, TX 77379",(346) 273-2238
"Perfect You Health & Wellness, 3727 Greenbriar Dr Ste 115 Stafford, TX 77477",Perfect You Health & Wellness,"3727 Greenbriar Dr Ste 115 Stafford, TX 77477",(346) 375-5077
"Eddie L Cerday MD, 14019 Southwest Fwy Ste 201 Sugar Land, TX 77478",Eddie L Cerday MD,"14019 Southwest Fwy Ste 201 Sugar Land, TX 77478",(281) 801-4715
"Elite Doc Health and Beauty, 4665 Sweetwater Blvd Ste 200 Sugar Land, TX 77479",Elite Doc Health and Beauty,"4665 Sweetwater Blvd Ste 200 Sugar Land, TX 77479",(979) 398-3899
"Renew Wellness Center - Sugar Land, 210 Century Square Blvd Ste 100 Sugar Land, TX 77478",Renew Wellness Center - Sugar Land,"210 Century Square Blvd Ste 100 Sugar Land, TX 77478",(346) 279-0731
"Dusty Rhoades, 601 Airport Rd STE 150 Sulphur Springs, TX 75482",Dusty Rhoades,"601 Airport Rd STE 150 Sulphur Springs, TX 75482",(903) 400-4988
"Pierce Md (Sulpher Springs), 1240 E Shannon Rd Ste. 100 Sulphur Springs, TX 75482",Pierce Md (Sulpher Springs),"1240 E Shannon Rd Ste. 100 Sulphur Springs, TX 75482",(903) 225-8251
"Tiffany Gebel MD PA, 601 Airport Rd Suite 170 Sulphur Springs, TX 75482",Tiffany Gebel MD PA,"601 Airport Rd Suite 170 Sulphur Springs, TX 75482",(903) 827-5316
"Wellness Code - Sunnyvale, 3501 N Belt Line Rd Ste 105 Sunnyvale, TX 75182",Wellness Code - Sunnyvale,"3501 N Belt Line Rd Ste 105 Sunnyvale, TX 75182",(972) 846-0773
"Sweetwater Family Clinic, 1500 Lamar St Sweetwater, TX 79556",Sweetwater Family Clinic,"1500 Lamar St Sweetwater, TX 79556",(325) 335-1444
"Sparta Wellness Clinic, 2990 TX-66 Caddo Mills, TX 75135",Sparta Wellness Clinic,"2990 TX-66 Caddo Mills, TX 75135",(972) 764-8367
"Fowler Medical Group, 213 Paloma Dr Temple, TX 76502",Fowler Medical Group,"213 Paloma Dr Temple, TX 76502",(254) 295-0732
"Exceed Health Clinic, 3725 Mall Ln Texarkana, TX 75501",Exceed Health Clinic,"3725 Mall Ln Texarkana, TX 75501",(903) 501-3282
"LoneStar Health & Wellness, 1724 Galleria Oak Dr Texarkana, TX 75503",LoneStar Health & Wellness,"1724 Galleria Oak Dr Texarkana, TX 75503",(903) 321-2248
"Valiant Health, 3003 Richmond Rd Texarkana, TX 75503",Valiant Health,"3003 Richmond Rd Texarkana, TX 75503",(903) 459-8927
"Aida Aesthetics, 10000 Emmett F Lowry Expy Suite 5000 B Texas City, TX 77591",Aida Aesthetics,"10000 Emmett F Lowry Expy Suite 5000 B Texas City, TX 77591",(409) 220-4975
"Avante Laser & Medi Spa, 8708 Technology Forest Pl Ste 125 The Woodlands, TX 77381",Avante Laser & Medi Spa,"8708 Technology Forest Pl Ste 125 The Woodlands, TX 77381",(346) 488-1205
"Hazem M Elzufari, MD PA, 9000 Forest Crossing Drive The Woodlands, TX 77381","Hazem M Elzufari, MD PA","9000 Forest Crossing Drive The Woodlands, TX 77381",(346) 248-3479
"SGK Plastic Surgery, 10080 Research Forest Dr The Woodlands, TX 77354",SGK Plastic Surgery,"10080 Research Forest Dr The Woodlands, TX 77354",(346) 423-2059
"Spine Rehab Affiliates, 3101 College Park Drive The Woodlands, TX 77384",Spine Rehab Affiliates,"3101 College Park Drive The Woodlands, TX 77384",(936) 236-4951
"Woodlands Gynecology, 17350 St Lukes Way Medical Arts Center 2, Suite 390 The Woodlands, TX 77384",Woodlands Gynecology,"17350 St Lukes Way Medical Arts Center 2, Suite 390 The Woodlands, TX 77384",(346) 220-3112
"Woodlands Medical Aesthetics, 17350 St. Luke'S Way Suite 380 The Woodlands, TX 77384",Woodlands Medical Aesthetics,"17350 St. Luke'S Way Suite 380 The Woodlands, TX 77384",(346) 258-8251
"ReNu Hormone and Wellness, 6530 West Us Highway 377 Suite 100 Tolar, TX 76476",ReNu Hormone and Wellness,"6530 West Us Highway 377 Suite 100 Tolar, TX 76476",(254) 269-4577
"Essence Aesthetics, 24721 State Hwy 249 Tomball, TX 77375",Essence Aesthetics,"24721 State Hwy 249 Tomball, TX 77375",(346) 361-1592
"Harmony Aesthetics - Creekside, 26940 Kuykendahl Rd Ste 106 Tomball, TX 77375",Harmony Aesthetics - Creekside,"26940 Kuykendahl Rd Ste 106 Tomball, TX 77375",(832) 232-5568
"New You Wellness Center, 11617 Spring Cypress Road Suite C Tomball, TX 77377",New You Wellness Center,"11617 Spring Cypress Road Suite C Tomball, TX 77377",(936) 310-4359
"Pulse Physicians Organization-Tomball, 25420 Kuykendahl Rd  STE E700 Tomball, TX 77375",Pulse Physicians Organization-Tomball,"25420 Kuykendahl Rd  STE E700 Tomball, TX 77375",(346) 423-2254
"QLMD Direct Primary Care, 24914 Kuykendahl Rd Suite C Tomball, TX 77375",QLMD Direct Primary Care,"24914 Kuykendahl Rd Suite C Tomball, TX 77375",(936) 310-3824
"The Cell Spa, 2800 East Tx Highway 114 Ste 130 Trophy Club, TX 76262",The Cell Spa,"2800 East Tx Highway 114 Ste 130 Trophy Club, TX 76262",(469) 716-6934
"Rose City Urology, 4293 Kinsey Dr Tyler, TX 75703",Rose City Urology,"4293 Kinsey Dr Tyler, TX 75703",(903) 437-9597
"Smart Choice Medical Clinic, 3347 Old Jacksonville Rd # 100 Tyler, TX 75701",Smart Choice Medical Clinic,"3347 Old Jacksonville Rd # 100 Tyler, TX 75701",(903) 300-6876
"Stephen C Spain, Md, 5040 Kinsey Dr Ste 300 Tyler, TX 75703","Stephen C Spain, Md","5040 Kinsey Dr Ste 300 Tyler, TX 75703",(430) 205-8865
"Valley View Family Medical Clinic, 909 N Frontage Rd Valley View, TX 76272",Valley View Family Medical Clinic,"909 N Frontage Rd Valley View, TX 76272",(940) 291-3224
"North Texas Family Health, 980 W Van Alstyne Pkwy Van Alstyne, TX 75495",North Texas Family Health,"980 W Van Alstyne Pkwy Van Alstyne, TX 75495",(903) 476-6250
"Revive Wellness - Texas, 102 S Fm 1346 Ste 1 La Vernia, TX 78121",Revive Wellness - Texas,"102 S Fm 1346 Ste 1 La Vernia, TX 78121",(210) 880-6069
"Adi Med Spa - Vinton, 141 Vinton Road Vinton, TX 79821",Adi Med Spa - Vinton,"141 Vinton Road Vinton, TX 79821",(915) 221-9663
"Inspired Skin+Wellness, 7125 New Sanger Ave Ste 502 Waco, TX 76712",Inspired Skin+Wellness,"7125 New Sanger Ave Ste 502 Waco, TX 76712",(254) 323-8866
"Uncommon Healthcare, 1000 W State Hwy 6 Ste 100 Waco, TX 76712",Uncommon Healthcare,"1000 W State Hwy 6 Ste 100 Waco, TX 76712",(254) 457-3767
"Elan Med Spa & Clinic, 1795 N  Hwy 77 Ste 101 Waxahachie, TX 75165",Elan Med Spa & Clinic,"1795 N  Hwy 77 Ste 101 Waxahachie, TX 75165",(469) 716-6187
"Quantum Energy Holistic Medspa, PLLC, 6497 Granbury Hwy Weatherford, TX 76087","Quantum Energy Holistic Medspa, PLLC","6497 Granbury Hwy Weatherford, TX 76087",(817) 382-3533
"Rx4Change Health & Wellness, 104 W Russell St Weatherford, TX 76086",Rx4Change Health & Wellness,"104 W Russell St Weatherford, TX 76086",(817) 660-7671
"Star Med Spa, 929 Hilltop Dr Weatherford, TX 76086",Star Med Spa,"929 Hilltop Dr Weatherford, TX 76086",(817) 476-7693
"M Spa Face and Body, 1400 Fm 528 Rd Ste A Webster, TX 77598",M Spa Face and Body,"1400 Fm 528 Rd Ste A Webster, TX 77598",(281) 941-6958
"Pulse Wellness, 921 East Ave Wellington, TX 79095",Pulse Wellness,"921 East Ave Wellington, TX 79095",(806) 216-3564
"Angelic Functional Medicine & Spa, 1311 W Expressway 83 Ste D Weslaco, TX 78596",Angelic Functional Medicine & Spa,"1311 W Expressway 83 Ste D Weslaco, TX 78596",(956) 923-3716
"Annabelle Lopez, MD, PA, 1620 E 8th St Weslaco, TX 78596","Annabelle Lopez, MD, PA","1620 E 8th St Weslaco, TX 78596",(956) 300-2634
"Rio Grande Medicine Weslaco, 902 S Airport Dr Ste 3 Weslaco, TX 78596",Rio Grande Medicine Weslaco,"902 S Airport Dr Ste 3 Weslaco, TX 78596",(956) 628-4016
"Auveau, 4238 Bee Caves Rd Ste B West Lake Hills, TX 78746",Auveau,"4238 Bee Caves Rd Ste B West Lake Hills, TX 78746",(512) 601-5623
"PAK MEDICAL GROUP - HWY 46, 1770 State Highway 46 West New Braunfels, TX 78132",PAK MEDICAL GROUP - HWY 46,"1770 State Highway 46 West New Braunfels, TX 78132",(737) 520-4268
"Midland Primary Care, 1300 West Wall Midland, TX 79701",Midland Primary Care,"1300 West Wall Midland, TX 79701",(432) 400-5307
"White Oak Family Medicine, 491 E Old US Hwy 80 White Oak, TX 75693",White Oak Family Medicine,"491 E Old US Hwy 80 White Oak, TX 75693",(430) 204-2105
"Whitesboro Family Medical Clinic, 304 Charlie St Whitesboro, TX 76273",Whitesboro Family Medical Clinic,"304 Charlie St Whitesboro, TX 76273",(903) 564-3503
"Conroe Willis Family Medicine, 9851 FM 1097 Rd. West Ste 120 Willis, TX 77318",Conroe Willis Family Medicine,"9851 FM 1097 Rd. West Ste 120 Willis, TX 77318",(936) 243-1340
"TX Center for Urology-Willow Park, 136 El Chico Trl Ste 102 Willow Park, TX 76087",TX Center for Urology-Willow Park,"136 El Chico Trl Ste 102 Willow Park, TX 76087",(817) 769-3370
"Wiseman Family - Wimberley, 173 FM 3237 Ste A Wimberley, TX 78676",Wiseman Family - Wimberley,"173 FM 3237 Ste A Wimberley, TX 78676",(512) 600-2870
"Healing Handz Health & Wellness, PLLC, 8940 Fourwinds Drive Suite 210 Windcrest, TX 78239","Healing Handz Health & Wellness, PLLC","8940 Fourwinds Drive Suite 210 Windcrest, TX 78239",(210) 972-5737
"Healthy by Hillary DPC, 403 S Jackson Ave Ste 102 Wylie, TX 75098",Healthy by Hillary DPC,"403 S Jackson Ave Ste 102 Wylie, TX 75098",(214) 972-2239
"Hormone Harmony and Wellness Center, 102 1st Ave Ste B Zapata, TX 78076",Hormone Harmony and Wellness Center,"102 1st Ave Ste B Zapata, TX 78076",(956) 253-2223
"Woywood Integrated Medicine, 12702 Toepperwein Rd Ste 140 live oak, TX 78233",Woywood Integrated Medicine,"12702 Toepperwein Rd Ste 140 live oak, TX 78233",(210) 718-0525
"Embody Health, 46 N Main St Blanding, UT 84511",Embody Health,"46 N Main St Blanding, UT 84511",(435) 485-7490
"Bair Integrative Health, 160 N Main Street Bountiful, UT 84010",Bair Integrative Health,"160 N Main Street Bountiful, UT 84010",(385) 300-0919
"Integrated Med Spa, 458 N 500 W Bountiful, UT 84010",Integrated Med Spa,"458 N 500 W Bountiful, UT 84010",(385) 354-5734
"Westbroek Family Medicine Brigham City, 903 S Main St Suite A Brigham City, UT 84302",Westbroek Family Medicine Brigham City,"903 S Main St Suite A Brigham City, UT 84302",(385) 438-7797
"Tonya Hood, 189 South State Street Suite 245 Clearfield, UT 84015",Tonya Hood,"189 South State Street Suite 245 Clearfield, UT 84015",(385) 462-8856
"Elite ReGen Center, 1844 E Fort Union Blvd Suite 17 Cottonwood Heights, UT 84121",Elite ReGen Center,"1844 E Fort Union Blvd Suite 17 Cottonwood Heights, UT 84121",(832) 906-8033
"Hometown Health and Wellness, 735 East Aspen St Delta, UT 84624",Hometown Health and Wellness,"735 East Aspen St Delta, UT 84624",(435) 292-3890
"Elase Medical Spa - Utah, 131 East 12300 South Ste R200 Draper, UT 84020",Elase Medical Spa - Utah,"131 East 12300 South Ste R200 Draper, UT 84020",(385) 324-6209
"La Belle Vie Medical Care & Aesthetics, 248 E 13800 S Ste 3 Draper, UT 84020",La Belle Vie Medical Care & Aesthetics,"248 E 13800 S Ste 3 Draper, UT 84020",(801) 876-1122
"Summit Medical Spa - Eagle Mountain, 3435 E Pony Express Pkwy Ste 120 Eagle Mountain, UT 84005",Summit Medical Spa - Eagle Mountain,"3435 E Pony Express Pkwy Ste 120 Eagle Mountain, UT 84005",(385) 293-3192
"True Medical Spa, 12276 South 1300 East Draper, UT 84020",True Medical Spa,"12276 South 1300 East Draper, UT 84020",(801) 783-4105
"Advanced Health Clinic, 630 Shepard Ln Ste 102 Farmington, UT 84025",Advanced Health Clinic,"630 Shepard Ln Ste 102 Farmington, UT 84025",(801) 516-4822
"Copper Rock Clinic, 140 N 400 W Ste A2 St George, UT 84770",Copper Rock Clinic,"140 N 400 W Ste A2 St George, UT 84770",(435) 375-4972
"K2 Aesthetics and Wellness, 1276 E George Washington Blvd Suite 4 St George, UT 84790",K2 Aesthetics and Wellness,"1276 E George Washington Blvd Suite 4 St George, UT 84790",(435) 236-2560
"Red River - St George Utah, 1490 Foremaster Lane #130 St. George, UT 84790",Red River - St George Utah,"1490 Foremaster Lane #130 St. George, UT 84790",(435) 236-2962
"The Well Health, 736 South 900 East Suite 104 St George, UT 84790",The Well Health,"736 South 900 East Suite 104 St George, UT 84790",(801) 203-3114
"Elle Aesthetics - Heber City, 136 S Main St Heber City, UT 84032",Elle Aesthetics - Heber City,"136 S Main St Heber City, UT 84032",(435) 253-7417
"Mod Doc - Kaysville, 1188 W Sportsplex Dr Ste 102 Kaysville, UT 84037",Mod Doc - Kaysville,"1188 W Sportsplex Dr Ste 102 Kaysville, UT 84037",(385) 393-0234
"Evoke Regenerative Health, 1330 E Highway 193 Ste C1 Layton, UT 84040",Evoke Regenerative Health,"1330 E Highway 193 Ste C1 Layton, UT 84040",(385) 432-3645
"Sileo Medical Weight Loss & Aesthetics, 880 Heritage Park Blvd Suite 220 Layton, UT 84041",Sileo Medical Weight Loss & Aesthetics,"880 Heritage Park Blvd Suite 220 Layton, UT 84041",(385) 503-7248
"Helix Springs Family Care, 394 W Main St. Ste 209 Lehi, UT 84043",Helix Springs Family Care,"394 W Main St. Ste 209 Lehi, UT 84043",(385) 421-9478
"Ruma Aesthetics, 1850 W Ashton Blvd Ste 100 Lehi, UT 84043",Ruma Aesthetics,"1850 W Ashton Blvd Ste 100 Lehi, UT 84043",(385) 255-7392
"Ultimate Health and Wellness, 230 N 1200 E Ste 202 Lehi, UT 84043",Ultimate Health and Wellness,"230 N 1200 E Ste 202 Lehi, UT 84043",(385) 557-6497
"Bella Lily Wellness and Aesthetics, 353 N 540 W Lindon, UT 84042",Bella Lily Wellness and Aesthetics,"353 N 540 W Lindon, UT 84042",(385) 330-4127
"Top Rated Medical - Lindon, 1971 W 700 N Ste 102 Lindon, UT 84042",Top Rated Medical - Lindon,"1971 W 700 N Ste 102 Lindon, UT 84042",(385) 200-9850
"Revive Wellness & Aesthetics, 1451 N 200 E Suite 190 Logan, UT 84341",Revive Wellness & Aesthetics,"1451 N 200 E Suite 190 Logan, UT 84341",(435) 466-7454
"Elle Aesthetics, 704 S 1600 W, Suite 103 Mapleton, UT 84664",Elle Aesthetics,"704 S 1600 W, Suite 103 Mapleton, UT 84664",(385) 376-2032
"Renasci Med Spa, 6770 S 900 E Ste 100 Midvale, UT 84047",Renasci Med Spa,"6770 S 900 E Ste 100 Midvale, UT 84047",(435) 241-1050
"Elk Ridge Wellness, 265 N main Street Monticello, UT 84535",Elk Ridge Wellness,"265 N main Street Monticello, UT 84535",(970) 512-1052
"Top Rated Medical, 5187 S Ascension Way Ste 250 Murray, UT 84123",Top Rated Medical,"5187 S Ascension Way Ste 250 Murray, UT 84123",(435) 244-6241
"Vespera Vitalis, 4700 S 900 E ste 18 Murray, UT 84117",Vespera Vitalis,"4700 S 900 E ste 18 Murray, UT 84117",(385) 421-9823
"Timeless MedSpa - North Logan, 2245 N. 400 E. Suite 303 North Logan, UT 84341",Timeless MedSpa - North Logan,"2245 N. 400 E. Suite 303 North Logan, UT 84341",(435) 264-4861
"Medical Weight Loss & Hormone Clinic, 3929 Wall Ave Ste 5 Ogden, UT 84405",Medical Weight Loss & Hormone Clinic,"3929 Wall Ave Ste 5 Ogden, UT 84405",(385) 442-4212
"Regeneration Health Of Northern Utah, 2797 North Highway 89 Ste 100 Ogden, UT 84404",Regeneration Health Of Northern Utah,"2797 North Highway 89 Ste 100 Ogden, UT 84404",(385) 492-6452
"Westbroek Family Medicine Ogden, 475 40th St Ogden, UT 84403",Westbroek Family Medicine Ogden,"475 40th St Ogden, UT 84403",(385) 437-6370
"Provo Health - Orem, 980 E 800 N Ste 202 Orem, UT 84097",Provo Health - Orem,"980 E 800 N Ste 202 Orem, UT 84097",(385) 421-9738
"RestoreLife Hormone & Regenerative Medici, 887 West Center Street Suite 102 Orem, UT 84057",RestoreLife Hormone & Regenerative Medici,"887 West Center Street Suite 102 Orem, UT 84057",(385) 247-2311
"Aura Vida Health, 1776 Park Ave Ste 211 Park City, UT 84060",Aura Vida Health,"1776 Park Ave Ste 211 Park City, UT 84060",(541) 813-4117
"Keystone Medical Solutions, 1064 South North County Blvd Suite 460 Pleasant Grove, UT 84062",Keystone Medical Solutions,"1064 South North County Blvd Suite 460 Pleasant Grove, UT 84062",(385) 438-6530
"Royale Aesthetics and Beauty, 805 W Riverdale Rd Riverdale, UT 84405",Royale Aesthetics and Beauty,"805 W Riverdale Rd Riverdale, UT 84405",(435) 292-5335
"Zenith Family Health, 1756 W. Park Avenue Riverton, UT 84065",Zenith Family Health,"1756 W. Park Avenue Riverton, UT 84065",(385) 247-2067
"Southern Utah Medical Clinic, 163 W 1600 S Ste 4 Saint George, UT 84770",Southern Utah Medical Clinic,"163 W 1600 S Ste 4 Saint George, UT 84770",(435) 253-5997
"Hillside Medical Clinic, 118 N Main St Suite B Salem, UT 84653",Hillside Medical Clinic,"118 N Main St Suite B Salem, UT 84653",(385) 422-8632
"House Call Doctors, 466 E 500 S Ste 200 Salt Lake City, UT 84111",House Call Doctors,"466 E 500 S Ste 200 Salt Lake City, UT 84111",(801) 447-1424
"Thrive Aesthetics and Wellness, 6405 S 3000 E Ste 100 Room 10 Salt Lake City, UT 84121",Thrive Aesthetics and Wellness,"6405 S 3000 E Ste 100 Room 10 Salt Lake City, UT 84121",(801) 876-1268
"Genesis Health, 580 East 9400 South Ste 109 Sandy, UT 84070",Genesis Health,"580 East 9400 South Ste 109 Sandy, UT 84070",(385) 354-6753
"Infuse Zen, 1068 N Redwood Rd Unit C Saratoga Springs, UT 84045",Infuse Zen,"1068 N Redwood Rd Unit C Saratoga Springs, UT 84045",(801) 939-3008
"Elevate Wellness & Aesthetics, 10694 S River Front Pkwy South Jordan, UT 84095",Elevate Wellness & Aesthetics,"10694 S River Front Pkwy South Jordan, UT 84095",(385) 265-4023
"Red River-South Jordan, 10965 S River Front Pkwy South Jordan, UT 84095",Red River-South Jordan,"10965 S River Front Pkwy South Jordan, UT 84095",(801) 421-4329
"Pinnacle Preventative Health, 968 Chambers Street Ste 5 South Ogden, UT 84403",Pinnacle Preventative Health,"968 Chambers Street Ste 5 South Ogden, UT 84403",(801) 396-9636
"Timeless Med Spa, 982 Chambers St. South Ogden, UT 84403",Timeless Med Spa,"982 Chambers St. South Ogden, UT 84403",(801) 761-0668
"Golden Oak Aesthetic Lounge, 111 E 300 S Spanish Fork, UT 84660",Golden Oak Aesthetic Lounge,"111 E 300 S Spanish Fork, UT 84660",(385) 438-8086
"Summit Medical Spa, 63 E 800 N Spanish Fork, UT 84660",Summit Medical Spa,"63 E 800 N Spanish Fork, UT 84660",(801) 758-2251
"Athletique Wellness, 655 S 1200 W Ste B Springville , UT 84663",Athletique Wellness,"655 S 1200 W Ste B Springville , UT 84663",(801) 609-9344
"Gemini Glow Med Spa, 6321 S Redwood Rd Suite 102 Taylorsville, UT 84123",Gemini Glow Med Spa,"6321 S Redwood Rd Suite 102 Taylorsville, UT 84123",(385) 354-5772
"Amatoria Wellness PC, 1244 N Main St Ste 101 Tooele, UT 84074",Amatoria Wellness PC,"1244 N Main St Ste 101 Tooele, UT 84074",(435) 268-3988
"Adara Aesthetics, 582 N 1700 W Ste A Vernal, UT 84078",Adara Aesthetics,"582 N 1700 W Ste A Vernal, UT 84078",(970) 548-2077
"Integracare Medical Care and Aesthetics, 773 E. Mill Rd  Ste C Vineyard, UT 84059",Integracare Medical Care and Aesthetics,"773 E. Mill Rd  Ste C Vineyard, UT 84059",(801) 515-3904
"Healing Center of Utah, 2630 W. 3500 S.   Ste B West Valley City, UT 84119",Healing Center of Utah,"2630 W. 3500 S.   Ste B West Valley City, UT 84119",(385) 316-7732
"Longevity Medicine, 1414 S 600 W Woods Cross, UT 84010",Longevity Medicine,"1414 S 600 W Woods Cross, UT 84010",(385) 348-4925
"Living Water Vein Institute & Medical Spa, 107 Cook St Abingdon, VA 24210",Living Water Vein Institute & Medical Spa,"107 Cook St Abingdon, VA 24210",(276) 900-1376
"Metropolitan ENT & Facial Plastic Surgery, 6355 Walker Ln Ste 308 Alexandria, VA 22310",Metropolitan ENT & Facial Plastic Surgery,"6355 Walker Ln Ste 308 Alexandria, VA 22310",(240) 901-9480
"ProMD Health Arlington, 1530 Wilson Blvd Ste 170 Arlington, VA 22209",ProMD Health Arlington,"1530 Wilson Blvd Ste 170 Arlington, VA 22209",(410) 339-8853
"RxWellness Aesthetic & Anti-Aging Ashburn, 43780 Central Station Dr Suite 100 Ashburn, VA 20147",RxWellness Aesthetic & Anti-Aging Ashburn,"43780 Central Station Dr Suite 100 Ashburn, VA 20147",(571) 548-3484
"Forecast Medical Practice, 563 Southpark Blvd Colonial Heights,, VA 23834",Forecast Medical Practice,"563 Southpark Blvd Colonial Heights,, VA 23834",(434) 597-3229
"Washington Aesthetics Med Spa & Wellness, 3998 Fair Ridge Rd Suite 100 Fairfax, VA 22033",Washington Aesthetics Med Spa & Wellness,"3998 Fair Ridge Rd Suite 100 Fairfax, VA 22033",(540) 340-9594
"URBAN Medical, Fishersville, 1707 Jefferson Hwy Fishersville, VA 22939","URBAN Medical, Fishersville","1707 Jefferson Hwy Fishersville, VA 22939",(540) 660-3735
"Forest Wellness MD LLC, 18250 Forest Rd Ste 1 Forest, VA 24551",Forest Wellness MD LLC,"18250 Forest Rd Ste 1 Forest, VA 24551",(434) 608-9794
"Southside Diabetes & Integrated Care, 1337 Armory Dr Franklin, VA 23851",Southside Diabetes & Integrated Care,"1337 Armory Dr Franklin, VA 23851",(757) 780-7778
"Millennium Medical Care - Herndon, 1043 Sterling Rd Suite #104 Herndon, VA 20170",Millennium Medical Care - Herndon,"1043 Sterling Rd Suite #104 Herndon, VA 20170",(240) 817-2957
"RxWellness Aesthetic & Anti-Aging Herndon, 950 Herndon Parkway Suite 130 Herndon, VA 20170",RxWellness Aesthetic & Anti-Aging Herndon,"950 Herndon Parkway Suite 130 Herndon, VA 20170",(571) 583-3523
"Radiant Aesthetics & Lifestyle Medicine, 19415 Deerfield Ave Ste 209 Lansdowne, VA 20176",Radiant Aesthetics & Lifestyle Medicine,"19415 Deerfield Ave Ste 209 Lansdowne, VA 20176",(681) 540-0525
"Living Water Vein Institute - Lebanon, 1283 East Main Street Lebanon, VA 24266",Living Water Vein Institute - Lebanon,"1283 East Main Street Lebanon, VA 24266",(276) 496-6310
"Gen Wellness and Aesthetics, 8 South St Sw Ste B Leesburg, VA 20175",Gen Wellness and Aesthetics,"8 South St Sw Ste B Leesburg, VA 20175",(240) 702-1529
"Endura Wellness Clinic, 4327 Boonsboro Rd Ste 3 Lynchburg, VA 24503",Endura Wellness Clinic,"4327 Boonsboro Rd Ste 3 Lynchburg, VA 24503",(434) 478-3330
"Integrative Medicine & Wellness, 7900 Sudley Road Suite 416 Manassas , VA 20109",Integrative Medicine & Wellness,"7900 Sudley Road Suite 416 Manassas , VA 20109",(240) 244-4913
"Center for Weight Loss Success, 711 Brick Kiln Blvd Ste D Newport News, VA 23602",Center for Weight Loss Success,"711 Brick Kiln Blvd Ste D Newport News, VA 23602",(757) 854-9779
"K.O. Blade & Beauty, 11747 Jefferson Ave Ste 6C Newport News, VA 23606",K.O. Blade & Beauty,"11747 Jefferson Ave Ste 6C Newport News, VA 23606",(757) 960-7143
"The Wellness NPs - Annandale, 4131 Old Columbia Pike Annandale, VA 22003",The Wellness NPs - Annandale,"4131 Old Columbia Pike Annandale, VA 22003",(240) 213-9388
"Integrative Health and Aesthetics, LLC, 5427A Backlick Road Springfield, VA 22151","Integrative Health and Aesthetics, LLC","5427A Backlick Road Springfield, VA 22151",(571) 621-6307
"Millennium Medical Care - Stone Springs, 24430 Stone Springs Blvd Suite 200 Sterling, VA 20166",Millennium Medical Care - Stone Springs,"24430 Stone Springs Blvd Suite 200 Sterling, VA 20166",(681) 540-0229
"Ageless Skin Rejuvenation, 3388 Princess Anne Rd Ste 2000 Virginia Beach, VA 23456",Ageless Skin Rejuvenation,"3388 Princess Anne Rd Ste 2000 Virginia Beach, VA 23456",(757) 720-7234
"Millennium Medical Care - Woodbridge, 13168 Centerpointe Way Suite 101 Woodbridge, VA 22193",Millennium Medical Care - Woodbridge,"13168 Centerpointe Way Suite 101 Woodbridge, VA 22193",(571) 427-0691
"OPTIMAL SLEEP AND WEIGHT LOSS CLINIC, 13000 Harbor Center Drive Suite 212 Woodbridge, VA 22192",OPTIMAL SLEEP AND WEIGHT LOSS CLINIC,"13000 Harbor Center Drive Suite 212 Woodbridge, VA 22192",(703) 349-1522
"Cossmedic Wellness, 4103 Bridgeport Way W Suite B University Place, WA 98466",Cossmedic Wellness,"4103 Bridgeport Way W Suite B University Place, WA 98466",(253) 785-4281
"Habitual Beauty Aesthetics, 33801 1St Way S Suite 211 Federal Way, WA 98003",Habitual Beauty Aesthetics,"33801 1St Way S Suite 211 Federal Way, WA 98003",(253) 364-0794
"Integrity Healthcare Clinic, 4230 Bridgeport Way W  Ste A  University Place, WA 98466",Integrity Healthcare Clinic,"4230 Bridgeport Way W  Ste A  University Place, WA 98466",(253) 528-3251
"Elevate Health and Beauty, 5420 NW 38th Ave Suite 202-20 Camas, WA 98607",Elevate Health and Beauty,"5420 NW 38th Ave Suite 202-20 Camas, WA 98607",(360) 323-6616
"Anacortes Health and Aesthetics, 301 Commercial Ave Anacortes, WA 98221",Anacortes Health and Aesthetics,"301 Commercial Ave Anacortes, WA 98221",(360) 468-8518
"GloAesthetics, 1207 SE Rasmussen Blvd Ste 119 Battle Ground, WA 98604",GloAesthetics,"1207 SE Rasmussen Blvd Ste 119 Battle Ground, WA 98604",(509) 287-4624
"Bellevue Plastic Surgeons, 11820 Northup Way Ste E190 Bellevue, WA 98005",Bellevue Plastic Surgeons,"11820 Northup Way Ste E190 Bellevue, WA 98005",(425) 474-3608
"Holistique Medical Center, 1200 116th Ave NE Ste C Bellevue, WA 98004",Holistique Medical Center,"1200 116th Ave NE Ste C Bellevue, WA 98004",(425) 842-0186
"IAM Center, 1550 140th Ave NE Ste 200 Bellevue, WA 98005",IAM Center,"1550 140th Ave NE Ste 200 Bellevue, WA 98005",(425) 600-7810
"Rogue Healthcare, 4340 Pacific Hwy Unit 102 Bellingham, WA 98226",Rogue Healthcare,"4340 Pacific Hwy Unit 102 Bellingham, WA 98226",(425) 532-5950
"Honey Glow Health, 19651 State Route 410 E Bonney Lake, WA 98391",Honey Glow Health,"19651 State Route 410 E Bonney Lake, WA 98391",(253) 499-7951
"Lake Tapps Beauty Bar & Wellness, 8415 Myers Rd E Bonney Lake, WA 98391",Lake Tapps Beauty Bar & Wellness,"8415 Myers Rd E Bonney Lake, WA 98391",(425) 243-1779
"Optimal Biohealth, 10024 Main Street Suite 2C Bothell, WA 98011",Optimal Biohealth,"10024 Main Street Suite 2C Bothell, WA 98011",(425) 484-7089
"Adorne Medical Aesthetics, 2530 NE Kresky Ave Ste C Chehalis, WA 98532",Adorne Medical Aesthetics,"2530 NE Kresky Ave Ste C Chehalis, WA 98532",(360) 585-4344
"Dr. Rachel Giordano, 111 Sunset Avenue #105 Edmonds, WA 98026",Dr. Rachel Giordano,"111 Sunset Avenue #105 Edmonds, WA 98026",(206) 687-4945
"Mariposa Medical Aesthetics, 309 N Pearl St STE A Ellensburg, WA 98926",Mariposa Medical Aesthetics,"309 N Pearl St STE A Ellensburg, WA 98926",(509) 517-6054
"Pnw Rejuvenation, 860 Cole St. Enumclaw, WA 98022",Pnw Rejuvenation,"860 Cole St. Enumclaw, WA 98022",(253) 300-1361
"Apollo Health, 5401 32Nd Ave Ste 106 Gig Harbor, WA 98335",Apollo Health,"5401 32Nd Ave Ste 106 Gig Harbor, WA 98335",(253) 300-0241
"Le Muse, 13131 120th Ave NE Ste C Kirkland, WA 98034",Le Muse,"13131 120th Ave NE Ste C Kirkland, WA 98034",(425) 522-8583
"Sparrow Health and Wellness, 11707 E Sprague Ave Ste LL101 Spokane, WA 99206",Sparrow Health and Wellness,"11707 E Sprague Ave Ste LL101 Spokane, WA 99206",(509) 778-7655
"Lake Stevens Natural Medicine, 9327 4Th St Ne Ste 9 Lake Stevens, WA 98258",Lake Stevens Natural Medicine,"9327 4Th St Ne Ste 9 Lake Stevens, WA 98258",(360) 803-3619
"Velvet Skyn Aesthetics, 2627 Parkmont Ln SW Ste 101 Olympia, WA 98502",Velvet Skyn Aesthetics,"2627 Parkmont Ln SW Ste 101 Olympia, WA 98502",(360) 667-1696
"Ember Medical Services, 12815 Canyon Rd E STE AB Puyallup, WA 98373",Ember Medical Services,"12815 Canyon Rd E STE AB Puyallup, WA 98373",(253) 600-2118
"PNW Hydration and Wellness, 615 East Pioneer Suite 114 Puyallup, WA 98372",PNW Hydration and Wellness,"615 East Pioneer Suite 114 Puyallup, WA 98372",(253) 465-2050
"Alpine Integrated Medicine, 22635 NE Marketplace Dr Ste 130 Redmond, WA 98053",Alpine Integrated Medicine,"22635 NE Marketplace Dr Ste 130 Redmond, WA 98053",(425) 600-2767
"Natural Medicine of Seattle, 3513 NE 45th St Ste 2W Seattle, WA 98105",Natural Medicine of Seattle,"3513 NE 45th St Ste 2W Seattle, WA 98105",(206) 590-4301
"Purity Med Spa - Seattle, 5235 University Way NE Seattle, WA 98105",Purity Med Spa - Seattle,"5235 University Way NE Seattle, WA 98105",(206) 695-2810
"Northwest Beauty and Wellness, 542 North 5th Ave Ste A Sequim, WA 98382",Northwest Beauty and Wellness,"542 North 5th Ave Ste A Sequim, WA 98382",(360) 858-6871
"Eterna Vein Medical Aesthetics, 1803 South Meridian Puyallup, WA 98371",Eterna Vein Medical Aesthetics,"1803 South Meridian Puyallup, WA 98371",(253) 465-2205
"True Potential MD, 1702 Commercial St Steilacoom, WA 98388",True Potential MD,"1702 Commercial St Steilacoom, WA 98388",(253) 465-4884
"Emerge Natural Health Care, 8513 NE Hazel Dell Ave Suite 201 Vancouver, WA 98665",Emerge Natural Health Care,"8513 NE Hazel Dell Ave Suite 201 Vancouver, WA 98665",(360) 276-9416
"Storm Wellness Northwest, 1309 NE 134th St Suite B Vancouver, WA 98685",Storm Wellness Northwest,"1309 NE 134th St Suite B Vancouver, WA 98685",(971) 290-4819
"Oak Tree Integrative Medicine, 17924 140th Ave NE Suite 203 Woodinville, WA 98072",Oak Tree Integrative Medicine,"17924 140th Ave NE Suite 203 Woodinville, WA 98072",(425) 549-4673
"Woodinville Family Medicine & Skin Clinic, 13110 Ne 177 Pl Unit B102 Woodinville, WA 98072",Woodinville Family Medicine & Skin Clinic,"13110 Ne 177 Pl Unit B102 Woodinville, WA 98072",(425) 474-5931
"Fox Valley Plastic Surgery, SC - Appleton, 2500 E Capitol Dr #1500 Appleton, WI 54911","Fox Valley Plastic Surgery, SC - Appleton","2500 E Capitol Dr #1500 Appleton, WI 54911",(920) 956-9755
"The Center for Aesthetics - Appleton, 2201 E Enterprise Avenue Suite #104 Appleton, WI 54913",The Center for Aesthetics - Appleton,"2201 E Enterprise Avenue Suite #104 Appleton, WI 54913",(920) 516-1931
"MediVerse Health & Wellness, 860 Main St Ste 4 Baldwin, WI 54002",MediVerse Health & Wellness,"860 Main St Ste 4 Baldwin, WI 54002",(715) 716-4206
"Capital City Wellness, 1004 E. Broadway #107 Monona, WI 53716",Capital City Wellness,"1004 E. Broadway #107 Monona, WI 53716",(608) 465-4539
"The Body Shop LLC, 208 Main St Cornell, WI 54732",The Body Shop LLC,"208 Main St Cornell, WI 54732",(715) 288-2445
"Driftless Aesthetics, 3143 State Rd # 200 La Crosse, WI 54601",Driftless Aesthetics,"3143 State Rd # 200 La Crosse, WI 54601",(608) 351-0426
"Optima Medical, 3321 Golf Rd Ste A Eau Claire, WI 54701",Optima Medical,"3321 Golf Rd Ste A Eau Claire, WI 54701",(715) 200-8395
"Elemental Skin & Body Medical Aesthetics, 700 West Walworth Street Elkhorn, WI 53121",Elemental Skin & Body Medical Aesthetics,"700 West Walworth Street Elkhorn, WI 53121",(262) 217-0160
"Lasting Skin Solutions, 2981 Yarmouth Greenway Dr Suite 111 Fitchburg, WI 53711",Lasting Skin Solutions,"2981 Yarmouth Greenway Dr Suite 111 Fitchburg, WI 53711",(608) 591-5980
"Into the Woods Wellness, LLC, 1424 Lynn Ave Fond Du Lac, WI 54937","Into the Woods Wellness, LLC","1424 Lynn Ave Fond Du Lac, WI 54937",(920) 635-2215
"Illume Cosmetic Surgery - Glendale, 6002 N Port Washington Rd Glendale, WI 53217",Illume Cosmetic Surgery - Glendale,"6002 N Port Washington Rd Glendale, WI 53217",(262) 404-2232
"AmbianceMD, 1808 Allouez Ave Ste B Green Bay, WI 54311",AmbianceMD,"1808 Allouez Ave Ste B Green Bay, WI 54311",(920) 280-0548
"Discovery Health Healing Center, 1601 S. Webster Ave Green Bay, WI 54301",Discovery Health Healing Center,"1601 S. Webster Ave Green Bay, WI 54301",(920) 536-4721
"Corelix Wellness, 45 Hilldale Drive Suite A Hartford, WI 53027",Corelix Wellness,"45 Hilldale Drive Suite A Hartford, WI 53027",(920) 315-3407
"Family Medicine and Weight Loss, 6125 Green Bay Rd Ste 600 Kenosha, WI 53142",Family Medicine and Weight Loss,"6125 Green Bay Rd Ste 600 Kenosha, WI 53142",(262) 846-5646
"ANEU Med Spa - Madison, 5231 West Madison University Ave Madison, WI 53705",ANEU Med Spa - Madison,"5231 West Madison University Ave Madison, WI 53705",(608) 975-3225
"ANEU Medical Spa, 4717 Dale Curtin Dr Mcfarland, WI 53558",ANEU Medical Spa,"4717 Dale Curtin Dr Mcfarland, WI 53558",(608) 602-2090
"ReFresh Aesthetic Center, 10404 N Port Washington Rd Mequon, WI 53092",ReFresh Aesthetic Center,"10404 N Port Washington Rd Mequon, WI 53092",(262) 600-2584
"MKE Aesthetics & Wellness, 1233 N. Mayfair Rd Suite 120 Milwaukee, WI 53226",MKE Aesthetics & Wellness,"1233 N. Mayfair Rd Suite 120 Milwaukee, WI 53226",(262) 800-4719
"The Center for Aesthetics - Neenah, 425 S Commercial Street Neenah, WI 54956",The Center for Aesthetics - Neenah,"425 S Commercial Street Neenah, WI 54956",(920) 504-3268
"Fox Valley Plastic Surgery, SC, 2400 Witzel Avenue, Suite A Oshkosh, WI 54904","Fox Valley Plastic Surgery, SC","2400 Witzel Avenue, Suite A Oshkosh, WI 54904",(920) 717-3711
"MKE Aesthetics & Wellness - Pleasant, 9900 Terwall Terrace Pleasant Prairie, WI 53158",MKE Aesthetics & Wellness - Pleasant,"9900 Terwall Terrace Pleasant Prairie, WI 53158",(262) 683-4846
"The Center for Aesthetics - Plover, 1840 Post Road Ste 1 Plover, WI 54467",The Center for Aesthetics - Plover,"1840 Post Road Ste 1 Plover, WI 54467",(715) 462-2785
"Harmony Hormone Solutions, 2021 Cenex Drive Ste L Rice Lake, WI 54868",Harmony Hormone Solutions,"2021 Cenex Drive Ste L Rice Lake, WI 54868",(715) 641-4325
"Nu Start Medical LLC, 275 N Main St Sheboygan Falls, WI 53085",Nu Start Medical LLC,"275 N Main St Sheboygan Falls, WI 53085",(920) 635-3256
"Injectology Aesthetics and Wellness LLC, 601 Ryan St Suites 107/108 Pewaukee, WI 53072",Injectology Aesthetics and Wellness LLC,"601 Ryan St Suites 107/108 Pewaukee, WI 53072",(262) 686-4593
"Reviv Aesthetics & Wellness, LLC, 6951 S Michigan St Three Lakes, WI 54562","Reviv Aesthetics & Wellness, LLC","6951 S Michigan St Three Lakes, WI 54562",(534) 600-1311
"Lakeside Health and Wellness, 10411 WI-27 Hayward, WI 54843",Lakeside Health and Wellness,"10411 WI-27 Hayward, WI 54843",(715) 638-1539
"Illume Cosmetic Surgery- Waukesha, WI, N4w22370 Bluemound Rd Waukesha, WI 53186","Illume Cosmetic Surgery- Waukesha, WI","N4w22370 Bluemound Rd Waukesha, WI 53186",(262) 684-1960
"Moore Lifestyle Medicine, 3014 Champion Drive Barboursville, WV 25504",Moore Lifestyle Medicine,"3014 Champion Drive Barboursville, WV 25504",(304) 576-6381
"Living Well, 828 Oakwood Road Charleston, WV 25314",Living Well,"828 Oakwood Road Charleston, WV 25314",(304) 902-6641
"Tuscan Sun - Clarksburg, 482 Emily Dr Clarksburg, WV 26301",Tuscan Sun - Clarksburg,"482 Emily Dr Clarksburg, WV 26301",(681) 321-7519
"Bo-Tox'd Beauty Company, 1400 Main St Follansbee, WV 26037",Bo-Tox'd Beauty Company,"1400 Main St Follansbee, WV 26037",(724) 623-3033
"The Retreat Aesthetic & Vitality Center, 3515 US Route 60 Huntington, WV 25705",The Retreat Aesthetic & Vitality Center,"3515 US Route 60 Huntington, WV 25705",(606) 781-2821
"Holistic Healing of Hurricane, 3761 Teays Valley Road Hurricane, WV 25526",Holistic Healing of Hurricane,"3761 Teays Valley Road Hurricane, WV 25526",(304) 322-3154
"Sculpted, LLC, 270 Progress Way Hurricane, WV 25526","Sculpted, LLC","270 Progress Way Hurricane, WV 25526",(681) 325-6664
"Valor Medical Group, 150 Morris Ct Hurricane, WV 25526",Valor Medical Group,"150 Morris Ct Hurricane, WV 25526",(629) 209-1988
"Infuse Wellness, 18 Viking Drive Jane Lew, WV 26378",Infuse Wellness,"18 Viking Drive Jane Lew, WV 26378",(304) 317-3082
"Healthy Habits Wellness Center, 258 Hanging Rock Hwy Ste 3 Logan, WV 25601",Healthy Habits Wellness Center,"258 Hanging Rock Hwy Ste 3 Logan, WV 25601",(681) 881-1844
"Living Well - Milton, 1703 US ROUTE 60 W STE C Milton, WV 25541",Living Well - Milton,"1703 US ROUTE 60 W STE C Milton, WV 25541",(304) 501-5202
"Virtual Vitality, 14621 US Route 60 Milton, WV 25541",Virtual Vitality,"14621 US Route 60 Milton, WV 25541",(681) 233-9493
"Busy Moms Healthcare, 10000 Coombs Farm Rd.  Suite 106 Morgantown, WV 26508",Busy Moms Healthcare,"10000 Coombs Farm Rd.  Suite 106 Morgantown, WV 26508",(681) 441-3814
"Tuscan Sun - Morgantown, 401 Boyers Ave Morgantown, WV 26505",Tuscan Sun - Morgantown,"401 Boyers Ave Morgantown, WV 26505",(878) 206-6409
"Faith Family Health, 609 Mercer St Princeton, WV 24740",Faith Family Health,"609 Mercer St Princeton, WV 24740",(276) 322-9702
"Envision Medical Care, LLC, 111 Court St S Ripley, WV 25271","Envision Medical Care, LLC","111 Court St S Ripley, WV 25271",(740) 570-4367
"Trinity Family Health Care, LLC, 1 S Marsham St Romney, WV 26757","Trinity Family Health Care, LLC","1 S Marsham St Romney, WV 26757",(301) 709-9929
"Empire Aesthetics, 21 Armory Drive Wheeling, WV 26003",Empire Aesthetics,"21 Armory Drive Wheeling, WV 26003",(740) 996-5016
"Cheyenne Women's Clinic, 3952 Parkview Drive Cheyenne, WY 82001",Cheyenne Women's Clinic,"3952 Parkview Drive Cheyenne, WY 82001",(307) 207-2382
"True Body, 902 Blackburn Street Cody, WY 82414",True Body,"902 Blackburn Street Cody, WY 82414",(307) 429-3938
"Alpine Functional Wellness L.L.C., 230 Elk Run Alpine, WY 83128",Alpine Functional Wellness L.L.C.,"230 Elk Run Alpine, WY 83128",(307) 249-4176
"Revitalize, Llc, 1206 W 4Th Street Ste 1 Gillette, WY 82716","Revitalize, Llc","1206 W 4Th Street Ste 1 Gillette, WY 82716",(307) 227-4138