Provider Name,Street,City,State,Zip,Full Address,Phone,EvexiPEL Profile URL,Google Business URL
Youngblood Aesthetics and Med Spa LLC,,,,,"7053 Lee Hwy Suite 301-102 Chattanooga, TN 374211822",(762) 760-3476,https://www.evexipel.com/hormone-replacement-therapy-provider/youngblood-aesthetics-and-med-spa-llc-chattanooga-tn/,
Borealis LIFE,2501 E. 42nd. Ave,Anchorage,AK,99508,"2501 E. 42nd. Ave Anchorage, AK 99508",(907) 318-7211,https://www.evexipel.com/hormone-replacement-therapy-provider/borealis-life-anchorage-ak/,
Rejuvenate Health and Wellness,4200 Lake Otis Pkwy Ste 303,Anchorage,AK,99508,"4200 Lake Otis Pkwy Ste 303 Anchorage, AK 99508",(888) 601-5824,https://www.evexipel.com/hormone-replacement-therapy-provider/rejuvenate-health-and-wellness-anchorage-ak/,https://share.google/1g5H5yEBNa9g1snGr
Skin Bliss Beauty Bar,258 Akiak Dr,Bethel,AK,99559,"258 Akiak Dr Bethel, AK 99559",(719) 759-8927,https://www.evexipel.com/hormone-replacement-therapy-provider/skin-bliss-beauty-bar-anchorage-ak/,
Alpine Medical Group,605 Chief Thomas Dr,Fairbanks,AK,99709,"605 Chief Thomas Dr Fairbanks, AK 99709",(989) 499-1187,https://www.evexipel.com/hormone-replacement-therapy-provider/alpine-medical-group-fairbanks-ak/,
The Alaska Medical Spa,1751 E Gardner Way Ste,Wasilla,AK,99654,"1751 E Gardner Way Ste G Wasilla, AK 99654",(888) 546-2204,https://www.evexipel.com/hormone-replacement-therapy-provider/the-alaska-medical-spa-wasilla-ak/,
Trubalance Wellness,2449 Moores Mill Rd Suite 110,Auburn,AL,36830,"2449 Moores Mill Rd Suite 110 Auburn, AL 36830",(334) 377-9047,https://www.evexipel.com/hormone-replacement-therapy-provider/trubalance-wellness-auburn-al/,
After Ours Obgyn & Urgent Care for Women,3419 Colonnade Pkwy Ste 600,Birmingham,AL,35243,"3419 Colonnade Pkwy Ste 600 Birmingham, AL 35243",(205) 894-6488,https://www.evexipel.com/hormone-replacement-therapy-provider/after-ours-obgyn-urgent-care-for-women-birmingham-al/,
Appell & Sorrell Wellness,4704 Cahaba River Rd Ste,Birmingham,AL,35243,"4704 Cahaba River Rd Ste 510Ba Birmingham, AL 35243",(938) 465-3492,https://www.evexipel.com/hormone-replacement-therapy-provider/appell-sorrell-wellness-vestavia-hills-al/,
Birmingham Health,801 Shades Crest Rd,Birmingham,AL,35226,"801 Shades Crest Rd Birmingham, AL 35226",(205) 882-4285,https://www.evexipel.com/hormone-replacement-therapy-provider/birmingham-health-birmingham-al/,
Ross Bridge Medical Center,3635 Market St,Birmingham,AL,35226,"3635 Market St Birmingham, AL 35226",(659) 333-5109,https://www.evexipel.com/hormone-replacement-therapy-provider/ross-bridge-medical-center-hoover-al/,
NP Sadler Health,202 W Orange Ave,Foley,AL,36535,"202 W Orange Ave Foley, AL 36535",(251) 278-2494,https://www.evexipel.com/hormone-replacement-therapy-provider/np-sadler-health-foley-al/,
Revive Medical Center,1728 11th Ave,Haleyville,AL,35565,"1728 11th Ave Haleyville, AL 35565",(205) 479-3979,https://www.evexipel.com/hormone-replacement-therapy-provider/revive-medical-center-haleyville-al/,
MiBella Wellness Center,2807 Greystone Commercial Blvd Ste 38,Hoover,AL,35242,"2807 Greystone Commercial Blvd Ste 38 Hoover, AL 35242",(938) 465-4061,https://www.evexipel.com/hormone-replacement-therapy-provider/mibella-wellness-center-birmingham-al/,
Alabama Women's Health Care,420 Lowell Dr,Huntsville,AL,35801,"420 Lowell Dr #400 Huntsville, AL 35801",(256) 870-2616,https://www.evexipel.com/hormone-replacement-therapy-provider/alabama-womens-health-care-huntsville-al/,
Alison Wellness Clinic,900 Bob Wallace Ave.Sw Suite 111,Huntsville,AL,35801,"900 Bob Wallace Ave.Sw Suite 111 Huntsville, AL 35801",(256) 946-7762,https://www.evexipel.com/hormone-replacement-therapy-provider/alison-wellness-clinic-huntsville-al/,
Biowell Health & Aesthetics,218 Rhett Ave. SW,Huntsville,AL,35801,"218 Rhett Ave. SW Huntsville, AL 35801",(256) 857-3919,https://www.evexipel.com/hormone-replacement-therapy-provider/biowell-health-aesthetics-huntsville-al/,
Pearl Skin Aesthetics,415 Church Street NW Suite,Huntsville,AL,35801,"415 Church Street NW Suite C Huntsville, AL 35801",(256) 368-4031,https://www.evexipel.com/hormone-replacement-therapy-provider/pearl-skin-aesthetics-huntsville-al/,
THE DOCTOR'S OFFICE WINCHESTER ROAD,1671 Winchester Rd NE,Huntsville,AL,35811,"1671 Winchester Rd NE Huntsville, AL 35811",(256) 587-2505,https://www.evexipel.com/hormone-replacement-therapy-provider/the-doctors-office-winchester-road-huntsville-al/,
Hormone House and Aesthetics,3700 B Government Blvd,Mobile,AL,36693,"3700 B Government Blvd Mobile, AL 36693",(251) 318-9193,https://www.evexipel.com/hormone-replacement-therapy-provider/hormone-house-and-aesthetics-mobile-al/,
"Plessala Gynecology & Fertility, PLLC",6701 Airport Blvd Ste,Mobile,AL,36608,"6701 Airport Blvd Ste B229 Mobile, AL 36608",(251) 309-5973,https://www.evexipel.com/hormone-replacement-therapy-provider/plessala-gynecology-fertility-pllc-mobile-al/,
The Wellness Clinic,12 Office Park Circle,Mountain Brook,AL,35223,"12 Office Park Circle Mountain Brook, AL 35223",(659) 201-7043,https://www.evexipel.com/hormone-replacement-therapy-provider/the-wellness-clinic-birmingham-al/,
Avalon Medical Group,2410 Avalon Ave,Muscle Shoals,AL,35661,"2410 Avalon Ave Muscle Shoals, AL 35661",(938) 222-5146,https://www.evexipel.com/hormone-replacement-therapy-provider/avalon-medical-group-muscle-shoals-al/,
Ideal Wellness & Aesthetics,12935 Hwy 231- 431,North Hazel Green,AL,35750,"12935 Hwy 231- 431 North Hazel Green, AL 35750",(256) 800-2729,https://www.evexipel.com/hormone-replacement-therapy-provider/ideal-wellness-aesthetics-hazel-green-al/,
Allegra Wellness of Tuscaloosa,4804 Highway 69 N,Northport,AL,35473,"4804 Highway 69 N Northport, AL 35473",(205) 409-9486,https://www.evexipel.com/hormone-replacement-therapy-provider/allegra-wellness-of-tuscaloosa-northport-al/,
"3:16 Healthcare (Ranburne, AL)",21178 Main St,Ranburne,AL,36273,"21178 Main St Ranburne, AL 36273",(938) 223-2344,https://www.evexipel.com/hormone-replacement-therapy-provider/316-healthcare-ranburne-al-ranburne-al/,
Lush Medspa,516 19th Avenue,Tuscaloosa,AL,35401,"516 19th Avenue Tuscaloosa, AL 35401",(659) 734-1373,https://www.evexipel.com/hormone-replacement-therapy-provider/lush-medspa-tuscaloosa-al/,
Prescription Aesthetic and Wellness Spa,700 Montgomery Hwy Suite 230,Vestavia,AL,35216,"700 Montgomery Hwy Suite 230 Vestavia, AL 35216",(659) 222-5779,https://www.evexipel.com/hormone-replacement-therapy-provider/prescription-aesthetic-and-wellness-spa-vestavia-hills-al/,
Divine Family Wellness,530 Bexar Ave,West Hamilton,AL,35570,"530 Bexar Ave West Hamilton, AL 35570",(205) 839-2255,https://www.evexipel.com/hormone-replacement-therapy-provider/divine-family-wellness-hamilton-al/,
Compass Healthcare,2606 Pine Street,Arkadelphia,AR,71923,"2606 Pine Street Arkadelphia, AR 71923",(870) 709-2679,https://www.evexipel.com/hormone-replacement-therapy-provider/compass-healthcare-arkadelphia-ar/,
Vital Longevity Clinic PLLC,901 E,Beebe Capps Expy Searcy,AR,72143,"901 E Beebe Capps Expy Searcy, AR 72143",(870) 301-2754,https://www.evexipel.com/hormone-replacement-therapy-provider/vital-longevity-clinic-pllc-searcy-ar/,
NJ Health Now,234 W South St,Benton,AR,72015,"234 W South St Benton, AR 72015",(501) 575-1691,https://www.evexipel.com/hormone-replacement-therapy-provider/nj-health-now-benton-ar/,
Revive Lifestyle Medicine - Benton,610 Highway 5 N,Benton,AR,72019,"610 Highway 5 N Benton, AR 72019",(501) 575-9358,https://www.evexipel.com/hormone-replacement-therapy-provider/revive-lifestyle-medicine-benton-ar/,
Vibe Wellness & Weightloss,105 N East St,Benton,AR,72015,"105 N East St Benton, AR 72015",(501) 902-4280,https://www.evexipel.com/hormone-replacement-therapy-provider/vibe-wellness-weightloss-benton-ar/,
Practical Wellness Clinic,6144 Highway 5 N Ste 700,Bryant,AR,72022,"6144 Highway 5 N Ste 700 Bryant, AR 72022",(501) 443-4561,https://www.evexipel.com/hormone-replacement-therapy-provider/practical-wellness-clinic-bryant-ar/,
Sloan Aesthetics - AR,107 Progress Way Suite 501,Bryant,AR,72022,"107 Progress Way Suite 501 Bryant, AR 72022",(623) 663-1131,https://www.evexipel.com/hormone-replacement-therapy-provider/sloan-aesthetics-ar-bryant-ar/,
Taylor Health + Wellness,4430 Highway 5 North Ste 6,Bryant,AR,72022,"4430 Highway 5 North Ste 6 Bryant, AR 72022",(501) 530-9072,https://www.evexipel.com/hormone-replacement-therapy-provider/taylor-health-wellness-bryant-ar/,
The Lewis Clinic,430 Magnolia Rd,Camden,AR,71701,"430 Magnolia Rd Camden, AR 71701",(870) 454-2499,https://www.evexipel.com/hormone-replacement-therapy-provider/the-lewis-clinic-camden-ar/,
Arkansas Urology (Conway),1375 Superior Dr,Conway,AR,72032,"1375 Superior Dr Conway, AR 72032",(501) 236-6645,https://www.evexipel.com/hormone-replacement-therapy-provider/arkansas-urology-conway-ar/,
Core AesthetiX,650 United Dr Ste 210,Conway,AR,72032,"650 United Dr Ste 210 Conway, AR 72032",(501) 382-1698,https://www.evexipel.com/hormone-replacement-therapy-provider/core-aesthetix-conway-ar/,
Healthy Connections - Conway,2425 Dave Ward Dr Ste 102,Conway,AR,72034,"2425 Dave Ward Dr Ste 102 Conway, AR 72034",(501) 697-4474,https://www.evexipel.com/hormone-replacement-therapy-provider/healthy-connections-conway-ar/,
Nova Aesthetics & Medical Wellness,810 Amity Rd Ste 201,Conway,AR,72032,"810 Amity Rd Ste 201 Conway, AR 72032",(501) 300-9476,https://www.evexipel.com/hormone-replacement-therapy-provider/nova-aesthetics-medical-wellness-conway-ar/,
River Valley OBGYN - Dardanelle,507 N 4th St Ste,Dardanelle,AR,72834,"507 N 4th St Ste C Dardanelle, AR 72834",(479) 317-8192,https://www.evexipel.com/hormone-replacement-therapy-provider/river-valley-obgyn-dardanelle-ar/,
Mobley Medical Clinic,708 S Timberlane Dr #,Dorado,AR,71730,"708 S Timberlane Dr # A El Dorado, AR 71730",(870) 639-6465,https://www.evexipel.com/hormone-replacement-therapy-provider/mobley-medical-clinic-el-dorado-ar/,
Body Balance,124 W. Sunbridge Drive Suite 2,Fayetteville,AR,72703,"124 W. Sunbridge Drive Suite 2 Fayetteville, AR 72703",(479) 929-2129,https://www.evexipel.com/hormone-replacement-therapy-provider/body-balance-fayetteville-ar/,
Maverick Male Medical,1420 E. Augustine Ln Unit 7,Fayetteville,AR,72703,"1420 E. Augustine Ln Unit 7 Fayetteville, AR 72703",(479) 305-8206,https://www.evexipel.com/hormone-replacement-therapy-provider/maverick-male-medical-fayetteville-ar/,
Rejuvenated Medical Spa,1438 E. Augustine Ln Ste 2,Fayetteville,AR,72703,"1438 E. Augustine Ln Ste 2 Fayetteville, AR 72703",(479) 335-5777,https://www.evexipel.com/hormone-replacement-therapy-provider/rejuvenated-medical-spa-fayetteville-ar/,
Aspire Medical Aesthetics,3400 South 70th Street Suite,Fort Smith,AR,72903,"3400 South 70th Street Suite C Fort Smith, AR 72903",(479) 239-9886,https://www.evexipel.com/hormone-replacement-therapy-provider/aspire-medical-aesthetics-fort-smith-ar/,
Pinnacle Health - Ft Smith,4034 Rogers Ave Ste,Fort Smith,AR,72903,"4034 Rogers Ave Ste D Fort Smith, AR 72903",(918) 393-8487,https://www.evexipel.com/hormone-replacement-therapy-provider/pinnacle-health-ft-smith-fort-smith-ar/,
Ageless Aesthetics of Arkansas,135 Medical Park Place,Hot Springs,AR,71901,"135 Medical Park Place Hot Springs, AR 71901",(501) 236-4688,https://www.evexipel.com/hormone-replacement-therapy-provider/ageless-aesthetics-of-arkansas-hot-springs-ar/,
Chrysalis Day Spa,4332 Central Ave Ste E,Hot Springs,AR,71913,"4332 Central Ave Ste E Hot Springs, AR 71913",(501) 984-7312,https://www.evexipel.com/hormone-replacement-therapy-provider/chrysalis-day-spa-hot-springs-ar/,
Good Beauty Aesthetics + Wellness,232 Cornerstone Blvd.,Hot Springs,AR,71913,"232 Cornerstone Blvd. Hot Springs, AR 71913",(479) 391-2489,https://www.evexipel.com/hormone-replacement-therapy-provider/good-beauty-aesthetics-wellness-hot-springs-ar/,
Healthy Connections,3604 Central Ave Ste,Hot Springs,AR,71913,"3604 Central Ave Ste D Hot Springs, AR 71913",(501) 443-7805,https://www.evexipel.com/hormone-replacement-therapy-provider/healthy-connections-hot-springs-ar/,
Infinity Wellness,138 McArthur St,Hot Springs,AR,71913,"138 McArthur St Hot Springs, AR 71913",(501) 443-2085,https://www.evexipel.com/hormone-replacement-therapy-provider/infinity-wellness-hot-springs-ar/,
Regenerative Health Solutions,1 Mercy Lane Suite 406,Hot Springs,AR,71913,"1 Mercy Lane Suite 406 Hot Springs, AR 71913",(501) 382-9654,https://www.evexipel.com/hormone-replacement-therapy-provider/regenerative-health-solutions-hot-springs-ar/,
Healthy Connections - Hot Springs Village,4585 N Highway 7 Ste 11,Hot Springs Village,AR,71909,"4585 N Highway 7 Ste 11 Hot Springs Village, AR 71909",(870) 617-5370,https://www.evexipel.com/hormone-replacement-therapy-provider/healthy-connections-hot-springs-village-ar/,
Defyne Med Spa,2217 Woodsprings Rd Ste,Jonesboro,AR,72404,"2217 Woodsprings Rd Ste A Jonesboro, AR 72404",(870) 272-8111,https://www.evexipel.com/hormone-replacement-therapy-provider/defyne-med-spa-jonesboro-ar/,
Jul Aesthetics,1000 S Caraway Rd Ste 110,Jonesboro,AR,72401,"1000 S Caraway Rd Ste 110 Jonesboro, AR 72401",(870) 227-8054,https://www.evexipel.com/hormone-replacement-therapy-provider/jul-aesthetics-jonesboro-ar/,
ToxDoc,410 S Church St Ste,Jonesboro,AR,72401,"410 S Church St Ste A Jonesboro, AR 72401",(870) 558-6810,https://www.evexipel.com/hormone-replacement-therapy-provider/toxdoc-jonesboro-ar/,
Arkansas Urology (Centerview),1300 Centerview Dr,Little Rock,AR,72211,"1300 Centerview Dr Little Rock, AR 72211",(501) 236-5913,https://www.evexipel.com/hormone-replacement-therapy-provider/arkansas-urology-centerview-little-rock-ar/,
Buffy’s Wellness & Revitalization,3801 John F Kennedy Blvd Suite 201,Little Rock,AR,72116,"3801 John F Kennedy Blvd Suite 201 Little Rock, AR 72116",(501) 575-2216,https://www.evexipel.com/hormone-replacement-therapy-provider/buffys-wellness-revitalization-north-little-rock-ar/,https://share.google/fvt6p2qjrd3TBz2fy
Healthy Connections- Little Rock,1100 N University Ave Ste 200,Little Rock,AR,72207,"1100 N University Ave Ste 200 Little Rock, AR 72207",(501) 983-5088,https://www.evexipel.com/hormone-replacement-therapy-provider/healthy-connections-little-rock-ar/,
House of Beauty x KT Aesthetics,13924 Cantrell Rd Ste,Little Rock,AR,72223,"13924 Cantrell Rd Ste B Little Rock, AR 72223",(501) 596-4109,https://www.evexipel.com/hormone-replacement-therapy-provider/house-of-beauty-x-kt-aesthetics-little-rock-ar/,
New Life Wellness Clinic,11219 Financial Centre Pkwy Ste 215,Little Rock,AR,72211,"11219 Financial Centre Pkwy Ste 215 Little Rock, AR 72211",(501) 506-5545,https://www.evexipel.com/hormone-replacement-therapy-provider/new-life-wellness-clinic-little-rock-ar/,
Premier Gastroenterology,10915 North Rodney Parham Rd Ste,Little Rock,AR,72212,"10915 North Rodney Parham Rd Ste F Little Rock, AR 72212",(501) 798-5814,https://www.evexipel.com/hormone-replacement-therapy-provider/premier-gastroenterology-little-rock-ar/,
Revive Lifestyle Medicine,8114 Cantrell Rd Ste 201,Little Rock,AR,72227,"8114 Cantrell Rd Ste 201 Little Rock, AR 72227",(501) 510-8287,https://www.evexipel.com/hormone-replacement-therapy-provider/revive-lifestyle-medicine-little-rock-ar/,
Women First,9600 Baptist Dr. Suite 340,Little Rock,AR,72205,"9600 Baptist Dr. Suite 340 Little Rock, AR 72205",(501) 799-1260,https://www.evexipel.com/hormone-replacement-therapy-provider/women-first-little-rock-ar/,
Healthy Connections - Mena,136 Health Park Dr,Mena,AR,71953,"136 Health Park Dr Mena, AR 71953",(870) 385-5048,https://www.evexipel.com/hormone-replacement-therapy-provider/healthy-connections-mena-ar/,
Women’s Wellness,330 Hwy 5 North Suite 10,Mountain Home,AR,72653,"330 Hwy 5 North Suite 10 Mountain Home, AR 72653",(870) 686-8185,https://www.evexipel.com/hormone-replacement-therapy-provider/womens-wellness-mountain-home-ar/,
North Little Rock Women’s Clinic,2524 Crestwood Rd. Ste 5,North Little Rock,AR,72116,"2524 Crestwood Rd. Ste 5 North Little Rock, AR 72116",(501) 961-4228,https://www.evexipel.com/hormone-replacement-therapy-provider/north-little-rock-womens-clinic-north-little-rock-ar/,
479 Health & Aesthetics,257 Airport Road Suite A Ste,Ozark,AR,72949,"257 Airport Road Suite A Ste A Ozark, AR 72949",(479) 847-1901,https://www.evexipel.com/hormone-replacement-therapy-provider/479-health-aesthetics-ozark-ar/,https://tinyurl.com/479-Health
DeQueen Medical Associates,500 E. Collin Raye Drive,Queen,AR,71832,"500 E. Collin Raye Drive De Queen, AR 71832",(870) 537-9428,https://www.evexipel.com/hormone-replacement-therapy-provider/dequeen-medical-associates-de-queen-ar/,
AR Medical Weight Loss and Wellness,2890 W. Walnut St Suite,Rogers,AR,72756,"2890 W. Walnut St Suite 2A Rogers, AR 72756",(479) 349-4528,https://www.evexipel.com/hormone-replacement-therapy-provider/ar-medical-weight-loss-and-wellness-rogers-ar/,
Rhone Theory,3301 S Market St Ste 112,Rogers,AR,72758,"3301 S Market St Ste 112 Rogers, AR 72758",(417) 541-3081,https://www.evexipel.com/hormone-replacement-therapy-provider/rhone-theory-rogers-ar/,
The SKN & Hair Co.,4100 S. Grand Avenue Suite,Rogers,AR,72758,"4100 S. Grand Avenue Suite B107 Rogers, AR 72758",(417) 541-2596,https://www.evexipel.com/hormone-replacement-therapy-provider/the-skn-hair-co-rogers-ar/,
Voxy Aesthetics,5102 S Pinnacle Hills Pkwy,Rogers,AR,72758,"5102 S Pinnacle Hills Pkwy Rogers, AR 72758",(479) 349-4579,https://www.evexipel.com/hormone-replacement-therapy-provider/voxy-aesthetics-rogers-ar/,
Ziva Aesthetics & Wellness,5212 W. Village Pkwy Ste 6,Rogers,AR,72758,"5212 W. Village Pkwy Ste 6 Rogers, AR 72758",(479) 348-1026,https://www.evexipel.com/hormone-replacement-therapy-provider/ziva-aesthetics-wellness-rogers-ar/,
Healthy Connections - Russellville,3312 W Main St,Russellville,AR,72801,"3312 W Main St Russellville, AR 72801",(479) 307-2371,https://www.evexipel.com/hormone-replacement-therapy-provider/healthy-connections-russellville-ar/,
River Valley ObGyn,2500 W Main Street Suite,Russellville,AR,72801,"2500 W Main Street Suite A Russellville, AR 72801",(479) 398-2932,https://www.evexipel.com/hormone-replacement-therapy-provider/river-valley-obgyn-russellville-ar/,
LG Aesthetics,106 E Pine St,Sheridan,AR,72150,"106 E Pine St Sheridan, AR 72150",(870) 341-6884,https://www.evexipel.com/hormone-replacement-therapy-provider/lg-aesthetics-sheridan-ar/,
NW Gynecology Specialty,5501 Willow Creek Dr. Suite 203,Springdale,AR,72762,"5501 Willow Creek Dr. Suite 203 Springdale, AR 72762",(405) 977-4112,https://www.evexipel.com/hormone-replacement-therapy-provider/nw-gynecology-specialty-springdale-ar/,
Swetnam Cosmetic Surgery,3623 Johnson Mill Blvd Suite 203,Springdale,AR,72762,"3623 Johnson Mill Blvd Suite 203 Springdale, AR 72762",(479) 391-4448,https://www.evexipel.com/hormone-replacement-therapy-provider/swetnam-cosmetic-surgery-springdale-ar/,
Texarkana Family Healthcare,1305 Arkansas Blvd Ste 104,Texarkana,AR,71854,"1305 Arkansas Blvd Ste 104 Texarkana, AR 71854",(870) 621-2923,https://www.evexipel.com/hormone-replacement-therapy-provider/texarkana-family-healthcare-texarkana-ar/,
Limitless Aesthetics & Wellness,7025 E Mayo Blvd Ste,108-110 Pheonix,AZ,85054,"7025 E Mayo Blvd  Ste 108-110 Pheonix, AZ 85054",(602) 666-9477,https://www.evexipel.com/hormone-replacement-therapy-provider/limitless-aesthetics-wellness-phoenix-az/,
Desert Zen Med Spa,2480 W Happy Valley Rd Ste,1205-103 Phoenix,AZ,85085,"2480 W Happy Valley Rd Ste 1205-103 Phoenix, AZ 85085",(480) 878-7862,https://www.evexipel.com/hormone-replacement-therapy-provider/desert-zen-med-spa-phoenix-az/,
Ageless Beauty and Wellness,"8575 E Princess Dr, STE",A-221 Scottsdale,AZ,85255,"8575 E Princess Dr, STE A-221 Scottsdale, AZ 85255",(520) 341-5928,https://www.evexipel.com/hormone-replacement-therapy-provider/ageless-beauty-and-wellness-scottsdale-az/,
Zia Wellness,671 State Route 179 Ste,ACT6 Sedona,AZ,86336,"671 State Route 179 Ste ACT6 Sedona, AZ 86336",(928) 455-8174,https://www.evexipel.com/hormone-replacement-therapy-provider/zia-wellness-sedona-az/,
Sage Hormone Health,42201 N 41st Dr Ste 122,Anthem,AZ,85086,"42201 N 41st Dr Ste 122 Anthem, AZ 85086",(623) 343-7012,https://www.evexipel.com/hormone-replacement-therapy-provider/sage-hormone-health-phoenix-az/,
Vici Aesthetics,42101 N 41ST Dr Ste 148,Anthem,AZ,85086,"42101 N 41ST Dr  Ste 148 Anthem, AZ 85086",(213) 855-2732,https://www.evexipel.com/hormone-replacement-therapy-provider/vici-aesthetics-phoenix-az/,
Verdure Wellness AZ,3654 W Anthem Way STE,B-106 Anthem,AZ,85086,"3654 W Anthem Way STE B-106 Anthem, AZ 85086",(602) 780-2184,https://www.evexipel.com/hormone-replacement-therapy-provider/verdure-wellness-az-anthem-az/,
Walker Family Medicine - Benson,611 W Union St,Benson,AZ,85602,"611 W Union St Benson, AZ 85602",(520) 720-3922,https://www.evexipel.com/hormone-replacement-therapy-provider/walker-family-medicine-benson-az/,
Optima Medical - South Bullhead City,3015 Highway 95 Ste 105,Bullhead City,AZ,86442,"3015 Highway 95 Ste 105 Bullhead City, AZ 86442",(760) 903-5402,https://www.evexipel.com/hormone-replacement-therapy-provider/optima-medical-south-bullhead-city-az/,
Advanced Image Med Spa,7942 W Bell Rd Ste,C-2 Glendale,AZ,85308,"7942 W Bell Rd Ste C-2 Glendale, AZ 85308",(623) 257-8024,https://www.evexipel.com/hormone-replacement-therapy-provider/advanced-image-med-spa-glendale-az/,
Agape Family Health and Wellness,1821 N Trekell Rd Ste 3,Casa Grande,AZ,85122,"1821 N Trekell Rd Ste 3 Casa Grande, AZ 85122",(216) 714-1202,https://www.evexipel.com/hormone-replacement-therapy-provider/agape-family-health-and-wellness-casa-grande-az/,
Revive Health & Wellness,1550 E. Florence Blvd Ste 104,Case Grande,AZ,85122,"1550 E. Florence Blvd Ste 104 Case Grande, AZ 85122",(520) 423-6347,https://www.evexipel.com/hormone-replacement-therapy-provider/revive-health-wellness-casa-grande-az/,
Rejenesis PLLC - Cave Creek,30012 N Cave Creek Rd. Ste 105,Cave Creek,AZ,85331,"30012 N Cave Creek Rd. Ste 105 Cave Creek, AZ 85331",(520) 251-9809,https://www.evexipel.com/hormone-replacement-therapy-provider/rejenesis-pllc-cave-creek-az/,
B Hive IV Wellness,1860 S Alma School Rd Suite 1,Chandler,AZ,85286,"1860 S Alma School Rd Suite 1 Chandler, AZ 85286",(520) 655-7677,https://www.evexipel.com/hormone-replacement-therapy-provider/b-hive-iv-wellness-chandler-az/,
Constitutional Wellness,312 N Alma School Rd Ste 1,Chandler,AZ,85224,"312 N Alma School Rd Ste 1 Chandler, AZ 85224",(480) 531-6863,https://www.evexipel.com/hormone-replacement-therapy-provider/constitutional-wellness-chandler-az/,
CurateMD Skin Bar and Wellness Clinic,2745 S Alma School Rd Ste 3,Chandler,AZ,85286,"2745 S Alma School Rd Ste 3 Chandler, AZ 85286",(623) 257-5916,https://www.evexipel.com/hormone-replacement-therapy-provider/curatemd-skin-bar-and-wellness-clinic-chandler-az/,
Divine Iv & Wellness,3930 S Alma School rd Ste 10,Chandler,AZ,85248,"3930 S Alma School rd Ste 10 Chandler, AZ 85248",(623) 257-8160,https://www.evexipel.com/hormone-replacement-therapy-provider/divine-iv-wellness-chandler-az/,
Longevity Medicine & Sports Therapy,670 N 54th St Ste 1,Chandler,AZ,85226,"670 N 54th St Ste 1 Chandler, AZ 85226",(623) 624-8608,https://www.evexipel.com/hormone-replacement-therapy-provider/longevity-medicine-sports-therapy-chandler-az/,
New Viva MD Weight Loss,2390 W Ray Rd Ste 1,Chandler,AZ,85224,"2390 W Ray Rd Ste 1 Chandler, AZ 85224",(520) 217-7175,https://www.evexipel.com/hormone-replacement-therapy-provider/new-viva-md-weight-loss-chandler-az/,
Wellspring Integrative Medicine,50 S Kyrene Rd Ste 1,Chandler,AZ,85226,"50 S Kyrene Rd Ste 1 Chandler, AZ 85226",(480) 690-2574,https://www.evexipel.com/hormone-replacement-therapy-provider/wellspring-integrative-medicine-chandler-az/,
Alpha Medical AZ,699 N 10th St,Cottonwood,AZ,86326,"699 N 10th St Cottonwood, AZ 86326",(928) 272-6876,https://www.evexipel.com/hormone-replacement-therapy-provider/alpha-medical-az-cottonwood-az/,
Beyoutiful Skin and Wellness,544 S. 6th St Ste 102,Cottonwood,AZ,86326,"544 S. 6th St Ste 102 Cottonwood, AZ 86326",(928) 769-8005,https://www.evexipel.com/hormone-replacement-therapy-provider/beyoutiful-skin-and-wellness-cottonwood-az/,
Revive IV Therapy and Medspa,203 S Candy Ln Ste,Cottonwood,AZ,86326,"203 S Candy Ln Ste 9B Cottonwood, AZ 86326",(928) 451-7116,https://www.evexipel.com/hormone-replacement-therapy-provider/revive-iv-therapy-and-medspa-cottonwood-az/,
Moxi Medical Associates - Scottsdale,8900 E Pinnacle Peak Rd Ste,D-6 Scottsdale,AZ,85255,"8900 E Pinnacle Peak Rd Ste D-6 Scottsdale, AZ 85255",(480) 933-6977,https://www.evexipel.com/hormone-replacement-therapy-provider/moxi-medical-associates-scottsdale-az/,https://share.google/1DKPYNQNYbSbXUzf2
Breckenridge Wellness Clinic,2615 N. Fourth St. Ste 6,Flagstaff,AZ,86004,"2615 N. Fourth St. Ste 6 Flagstaff, AZ 86004",(928) 395-7260,https://www.evexipel.com/hormone-replacement-therapy-provider/breckenridge-wellness-clinic-flagstaff-az/,https://share.google/9Xjw8jbEOiITQhMwY
Aesthetic Elegance and Wellness,16845 E Ave of The Fountain Suite 108,Fountain Hills,AZ,85268,"16845 E Ave of The Fountain Suite 108 Fountain Hills, AZ 85268",(520) 467-5386,https://www.evexipel.com/hormone-replacement-therapy-provider/aesthetic-elegance-and-wellness-fountain-hills-az/,
EKOM Medical,18301 N. 79th Ave Ste,G-190 Glendale,AZ,85308,"18301 N. 79th Ave Ste G-190 Glendale, AZ 85308",(602) 691-6829,https://www.evexipel.com/hormone-replacement-therapy-provider/ekom-medical-glendale-az/,
4Ever Young Anti-Aging Solutions,75 East Rivulon Boulevard Suite 105,Gilbert,AZ,85297,"75 East Rivulon Boulevard Suite 105 Gilbert, AZ 85297",(623) 255-4030,https://www.evexipel.com/hormone-replacement-therapy-provider/4ever-young-anti-aging-solutions-gilbert-az/,
Activated Health And Wellness (Medawar),1485 S Higley Rd Suite 104,Gilbert,AZ,85296,"1485 S Higley Rd Suite 104 Gilbert, AZ 85296",(480) 933-1357,https://www.evexipel.com/hormone-replacement-therapy-provider/activated-health-and-wellness-medawar-gilbert-az/,
Aine Healthcare - Gilbert,732 E Warner Rd Ste 25,Gilbert,AZ,85296,"732 E Warner Rd Ste 25 Gilbert, AZ 85296",(520) 900-8465,https://www.evexipel.com/hormone-replacement-therapy-provider/aine-healthcare-gilbert-az/,
Arizona Prohealth,1400 N Gilbert Rd Unit 1,Gilbert,AZ,85234,"1400 N Gilbert Rd Unit 1 Gilbert, AZ 85234",(928) 813-2079,https://www.evexipel.com/hormone-replacement-therapy-provider/arizona-prohealth-gilbert-az/,
Auri Aesthetics,3875 E. Williams Field Road Ste 301,Gilbert,AZ,85295,"3875 E. Williams Field Road Ste 301 Gilbert, AZ 85295",(520) 436-7581,https://www.evexipel.com/hormone-replacement-therapy-provider/auri-aesthetics-gilbert-az/,
Drops of Beauty Anti-Aging Medical Spa,875 N Greenfield Rd Ste 103,Gilbert,AZ,85234,"875 N Greenfield Rd Ste 103 Gilbert, AZ 85234",(520) 482-3761,https://www.evexipel.com/hormone-replacement-therapy-provider/drops-of-beauty-anti-aging-medical-spa-gilbert-az/,https://share.google/Nh0l5jiN2SRjUKovD
Enhanced Health LLC,613 W Devon Court,Gilbert,AZ,85233,"613 W Devon Court Gilbert, AZ 85233",(623) 257-7206,https://www.evexipel.com/hormone-replacement-therapy-provider/enhanced-health-llc-gilbert-az/,
"Harmony Med Spa, Llc",6318 S Higley Rd Ste 102,Gilbert,AZ,85298,"6318 S Higley Rd Ste 102 Gilbert, AZ 85298",(928) 813-2196,https://www.evexipel.com/hormone-replacement-therapy-provider/harmony-med-spa-llc-gilbert-az/,
HonorHealth,1537 S Higley Rd,Gilbert,AZ,85296,"1537 S Higley Rd Gilbert, AZ 85296",(480) 573-7085,https://www.evexipel.com/hormone-replacement-therapy-provider/honorhealth-gilbert-az/,
"KOR Aesthetics and Wellness, LLC",4936 S Power Rd Ste 130,Gilbert,AZ,85212,"4936 S Power Rd Ste 130 Gilbert, AZ 85212",(623) 263-8489,https://www.evexipel.com/hormone-replacement-therapy-provider/kor-aesthetics-and-wellness-llc-mesa-az/,
LBC Aesthetics and Wellness,428 S Gilbert Rd Ste 104,Gilbert,AZ,85296,"428 S Gilbert Rd Ste 104 Gilbert, AZ 85296",(623) 288-4245,https://www.evexipel.com/hormone-replacement-therapy-provider/lbc-aesthetics-and-wellness-gilbert-az/,
Lifespann Primary Care & Esthetics,2451 E Baseline Rd Ste 310,Gilbert,AZ,85234,"2451 E Baseline Rd Ste 310 Gilbert, AZ 85234",(623) 748-5063,https://www.evexipel.com/hormone-replacement-therapy-provider/lifespann-primary-care-esthetics-gilbert-az/,
Lively Integrated Health,920 E Williams Field Rd Ste 102,Gilbert,AZ,85295,"920 E Williams Field Rd Ste 102 Gilbert, AZ 85295",(623) 462-1465,https://www.evexipel.com/hormone-replacement-therapy-provider/lively-integrated-health-gilbert-az/,
Lutz Get Healthy,3501 S Mercy Rd Suite 101,Gilbert,AZ,85297,"3501 S Mercy Rd Suite 101 Gilbert, AZ 85297",(480) 651-8053,https://www.evexipel.com/hormone-replacement-therapy-provider/lutz-get-healthy-gilbert-az/,
Luxx Aesthetics & Wellness Medicine,4365 E Pecos Rd Ste 113,Gilbert,AZ,85295,"4365 E Pecos Rd Ste 113 Gilbert, AZ 85295",(520) 487-6104,https://www.evexipel.com/hormone-replacement-therapy-provider/luxx-aesthetics-wellness-medicine-gilbert-az/,
Nascent Health,115 E Williams Field Rd Ste 101,Gilbert,AZ,85295,"115 E Williams Field Rd Ste 101 Gilbert, AZ 85295",(602) 755-6079,https://www.evexipel.com/hormone-replacement-therapy-provider/nascent-health-gilbert-az/,
Rise Wellness,3150 E Ray Rd Suite 120,Gilbert,AZ,85296,"3150 E Ray Rd  Suite 120 Gilbert, AZ 85296",(605) 667-5113,https://www.evexipel.com/hormone-replacement-therapy-provider/rise-wellness-gilbert-az/,
The Loft Medspa,1401 E Williamsfield Rd Unit 101 Ste 34,Gilbert,AZ,85295,"1401 E Williamsfield Rd Unit 101 Ste 34 Gilbert, AZ 85295",(928) 589-5505,https://www.evexipel.com/hormone-replacement-therapy-provider/the-loft-medspa-gilbert-az/,
V!BE Integrative Health,633 E. Ray Rd Suite 114,Gilbert,AZ,85296,"633 E. Ray Rd Suite 114 Gilbert, AZ 85296",(602) 497-1123,https://www.evexipel.com/hormone-replacement-therapy-provider/vbe-integrative-health-gilbert-az/,
Bliss Medical Spa and Wellness,5710 W. Bell Road Suite 29,Glendale,AZ,85308,"5710 W. Bell Road Suite 29 Glendale, AZ 85308",(602) 755-6640,https://www.evexipel.com/hormone-replacement-therapy-provider/bliss-medical-spa-and-wellness-glendale-az/,https://share.google/J3tY2O1mIm36UFVGJ
Dr. Rachel Langland Medical Consulting,17244 N. 43rd Ave Suite 101,Glendale,AZ,85308,"17244 N. 43rd Ave Suite 101 Glendale, AZ 85308",(623) 304-5699,https://www.evexipel.com/hormone-replacement-therapy-provider/dr-rachel-langland-medical-consulting-glendale-az/,
Elite Integrative Group,5422 West Thunderbird Road Ste 2,Glendale,AZ,85306,"5422 West Thunderbird Road Ste 2 Glendale, AZ 85306",(623) 343-4793,https://www.evexipel.com/hormone-replacement-therapy-provider/elite-integrative-group-glendale-az/,
Our Way Wellness LLC,5622 W Palmaire Ave,Glendale,AZ,85301,"5622 W Palmaire Ave Glendale, AZ 85301",(623) 439-8968,https://www.evexipel.com/hormone-replacement-therapy-provider/our-way-wellness-llc-glendale-az/,
Papillon Wellness & Longevity-at N Valley,6320 W Union Hills Dr Ste,Glendale,AZ,85308,"6320 W Union Hills Dr  Ste 1600B Glendale, AZ 85308",(623) 263-4624,https://www.evexipel.com/hormone-replacement-therapy-provider/papillon-wellness-longevity-at-n-valley-glendale-az/,https://share.google/IHMGejuBR6FGBYUrf
ReNew Medical Center,17250 North 43rd Ave Ste 5,Glendale,AZ,85308,"17250 North 43rd Ave Ste 5 Glendale, AZ 85308",(928) 588-1520,https://www.evexipel.com/hormone-replacement-therapy-provider/renew-medical-center-glendale-az/,
Transforming Health Solutions,4494 W. Peoria Ave Suite,Glendale,AZ,85302,"4494 W. Peoria Ave Suite 115A Glendale, AZ 85302",(602) 755-9404,https://www.evexipel.com/hormone-replacement-therapy-provider/transforming-health-solutions-glendale-az/,
Valine Medical,6376 W Bell Rd Ste 1,Glendale,AZ,85308,"6376 W Bell Rd Ste 1 Glendale, AZ 85308",(602) 833-5713,https://www.evexipel.com/hormone-replacement-therapy-provider/valine-medical-glendale-az/,
AB Family Medicine,1100 N Broad St Ste,Globe,AZ,85501,"1100 N Broad St Ste D Globe, AZ 85501",(928) 900-0166,https://www.evexipel.com/hormone-replacement-therapy-provider/ab-family-medicine-globe-az/,
Copper Roots Family Care,1100 N Broad St Ste,Globe,AZ,85501,"1100 N Broad St Ste D Globe, AZ 85501",(928) 812-7066,https://www.evexipel.com/hormone-replacement-therapy-provider/copper-roots-family-care-globe-az/,
Enhanced Beauty & Wellness,9860 S Estrella Pkwy Ste,Goodyear,AZ,85338,"9860 S Estrella Pkwy Ste B125 Goodyear, AZ 85338",(480) 637-7323,https://www.evexipel.com/hormone-replacement-therapy-provider/enhanced-beauty-wellness-goodyear-az/,
Estrella Women'S Health Center - Goodyear,35 N Estrella Parkway,Goodyear,AZ,85338,"35 N Estrella Parkway Goodyear, AZ 85338",(623) 404-8437,https://www.evexipel.com/hormone-replacement-therapy-provider/estrella-womens-health-center-goodyear-az/,
Desert Oasis Wellness and Medspa,2010 Injo Dr,Lake Havasu,AZ,86403,"2010 Injo Dr Lake Havasu, AZ 86403",(928) 833-6304,https://www.evexipel.com/hormone-replacement-therapy-provider/desert-oasis-wellness-and-medspa-lake-havasu-city-az/,
Sunrise Family Healthcare,1845 McCulloch Blvd N Ste,Lake Havasu City,AZ,86403,"1845 McCulloch Blvd N Ste D1 Lake Havasu City, AZ 86403",(928) 212-2782,https://www.evexipel.com/hormone-replacement-therapy-provider/sunrise-family-healthcare-lake-havasu-city-az/,
Maricopa Wellness Center,"41600 W Smith Enke Rd Bldg 14, Ste 3",Maricopa,AZ,85138,"41600 W Smith Enke Rd Bldg 14, Ste 3 Maricopa, AZ 85138",(480) 470-7247,https://www.evexipel.com/hormone-replacement-therapy-provider/maricopa-wellness-center-maricopa-az/,
Sonoran Wellness Medispa,21300 N. John Wayne Parkway Ste 112,Maricopa,AZ,85139,"21300 N. John Wayne Parkway Ste 112 Maricopa, AZ 85139",(520) 346-9783,https://www.evexipel.com/hormone-replacement-therapy-provider/sonoran-wellness-medispa-maricopa-az/,
Zuwa Family Care,20046 N John Wayne Parkway Ste 102,Maricopa,AZ,85139,"20046 N John Wayne Parkway Ste 102 Maricopa, AZ 85139",(623) 257-7517,https://www.evexipel.com/hormone-replacement-therapy-provider/zuwa-family-care-maricopa-az/,
AZ Laser Studio & Medspa,1061 N Dobson Rd Ste 109,Mesa,AZ,85201,"1061 N Dobson Rd Ste 109 Mesa, AZ 85201",(602) 536-6370,https://www.evexipel.com/hormone-replacement-therapy-provider/az-laser-studio-medspa-mesa-az/,
Dose Wellness,2204 S Dobson Rd Ste 203,Mesa,AZ,85202,"2204 S Dobson Rd Ste 203 Mesa, AZ 85202",(623) 294-0395,https://www.evexipel.com/hormone-replacement-therapy-provider/dose-wellness-mesa-az/,
Ember Sun LLC,2855 E Brown Rd STE 18,Mesa,AZ,85213,"2855 E Brown Rd STE 18 Mesa, AZ 85213",(520) 582-9877,https://www.evexipel.com/hormone-replacement-therapy-provider/ember-sun-llc-mesa-az/,
Frost Aesthetics and Wellness,4338 E Florian Ave Ste 102,Mesa,AZ,85206,"4338 E Florian Ave Ste 102 Mesa, AZ 85206",(480) 478-9301,https://www.evexipel.com/hormone-replacement-therapy-provider/frost-aesthetics-and-wellness-mesa-az/,
Har V Health,8950 E Germann Rd. Ste 7,Mesa,AZ,85212,"8950 E Germann Rd.  Ste 7 Mesa, AZ 85212",(520) 317-7042,https://www.evexipel.com/hormone-replacement-therapy-provider/har-v-health-mesa-az/,
Infinite Healing Center,2509 South Power Road,Mesa,AZ,85209,"2509 South Power Road #115 Mesa, AZ 85209",(602) 584-0827,https://www.evexipel.com/hormone-replacement-therapy-provider/infinite-healing-center-mesa-az/,https://share.google/mRSqnExSUf1mgfrES
MTAC Medical Services PLLC,560 W Brown Rd Ste 4005,Mesa,AZ,85201,"560 W Brown Rd Ste 4005 Mesa, AZ 85201",(623) 240-9225,https://www.evexipel.com/hormone-replacement-therapy-provider/mtac-medical-services-pllc-mesa-az/,https://share.google/cZJwu9BRkx8I4MQGZ
Memorable Health,6638 E. Baseline Rd Ste 101,Mesa,AZ,85206,"6638 E. Baseline Rd Ste 101 Mesa, AZ 85206",(623) 288-2567,https://www.evexipel.com/hormone-replacement-therapy-provider/memorable-health-mesa-az/,
Mesquite Valley Integrated Health,560 W Brown Rd Ste 1011,Mesa,AZ,85201,"560 W Brown Rd Ste 1011 Mesa, AZ 85201",(623) 462-1848,https://www.evexipel.com/hormone-replacement-therapy-provider/mesquite-valley-integrated-health-mesa-az/,
Soma Vitality Clinic,6944 E Broadway Rd Ste,Mesa,AZ,85208,"6944 E Broadway Rd Ste A Mesa, AZ 85208",(520) 251-9582,https://www.evexipel.com/hormone-replacement-therapy-provider/soma-vitality-clinic-mesa-az/,
Synergy Restorative Medicine,2222 S. Dobson Road Suite 703,Mesa,AZ,85202,"2222 S. Dobson Road Suite 703 Mesa, AZ 85202",(480) 550-5087,https://www.evexipel.com/hormone-replacement-therapy-provider/synergy-restorative-medicine-mesa-az/,
Venus Integrative Medical Center,1910 S. Stapley Dr. Suite 120,Mesa,AZ,85204,"1910 S. Stapley Dr. Suite 120 Mesa, AZ 85204",(520) 645-8036,https://www.evexipel.com/hormone-replacement-therapy-provider/venus-integrative-medical-center-mesa-az/,
Eterna Wellness MD,"8765 W Kelton Ln Bldg C1, Suite",Peoria,AZ,85382,"8765 W Kelton Ln Bldg C1, Suite #101 Peoria, AZ 85382",(623) 745-8554,https://www.evexipel.com/hormone-replacement-therapy-provider/eterna-wellness-md-peoria-az/,
Karibu Family Care,7747 W. Deer Valley Road Ste 235,Peoria,AZ,85382,"7747 W. Deer Valley Road Ste 235 Peoria, AZ 85382",(623) 283-1121,https://www.evexipel.com/hormone-replacement-therapy-provider/karibu-family-care-peoria-az/,
Palm Valley Medical Spa,9824 W Northern Ave - 1800 Ste 101,Peoria,AZ,85345,"9824 W Northern Ave - 1800 Ste 101 Peoria, AZ 85345",(602) 780-2811,https://www.evexipel.com/hormone-replacement-therapy-provider/palm-valley-medical-spa-peoria-az/,
La Relance,16815 S Desert Foothills Pkwy Ste 130,Pheonix,AZ,85048,"16815 S Desert Foothills Pkwy Ste 130 Pheonix, AZ 85048",(480) 613-8386,https://www.evexipel.com/hormone-replacement-therapy-provider/la-relance-phoenix-az/,
AdmireMD Plastic Surgery - Phoenix,4280 E Camelback Rd Ste 150,Phoenix,AZ,85018,"4280 E Camelback Rd Ste 150 Phoenix, AZ 85018",(623) 244-9922,https://www.evexipel.com/hormone-replacement-therapy-provider/admiremd-plastic-surgery-phoenix-az/,
Alma Rx Clinic,5100 N 99th Ave Ste 110,Phoenix,AZ,85037,"5100 N 99th Ave Ste 110 Phoenix, AZ 85037",(928) 668-6464,https://www.evexipel.com/hormone-replacement-therapy-provider/alma-rx-clinic-glendale-az/,
Beso Wellness and Longevity,4731 E Union Hills Dr STE 114,Phoenix,AZ,85050,"4731 E Union Hills Dr STE 114 Phoenix, AZ 85050",(623) 283-2793,https://www.evexipel.com/hormone-replacement-therapy-provider/beso-wellness-and-longevity-phoenix-az/,
Bliss Medical Spa and Wellness - Phoenix,12657 N Tatum Blvd STE.,Phoenix,AZ,85032,"12657 N Tatum Blvd STE. D01 Phoenix, AZ 85032",(520) 666-8829,https://www.evexipel.com/hormone-replacement-therapy-provider/bliss-medical-spa-and-wellness-phoenix-az/,https://share.google/V02MNsL1uTHhEkg4V
Desert Lily Medical Aesthetics and Regen,711 E. Carefree Highway Ste 7,Phoenix,AZ,85085,"711 E. Carefree Highway Ste 7  Phoenix, AZ 85085",(309) 316-7810,https://www.evexipel.com/hormone-replacement-therapy-provider/desert-lily-medical-aesthetics-and-regen-phoenix-az/,
Estrella Women'S Health Center,9930 W Indian School Rd,Phoenix,AZ,85037,"9930 W Indian School Rd Phoenix, AZ 85037",(623) 244-7826,https://www.evexipel.com/hormone-replacement-therapy-provider/estrella-womens-health-center-phoenix-az/,
Four Peaks Primary Care & Internal Med,10214 North Tatum Boulevard,Phoenix,AZ,85028,"10214 North Tatum Boulevard #B300 Phoenix, AZ 85028",(623) 400-2189,https://www.evexipel.com/hormone-replacement-therapy-provider/four-peaks-primary-care-internal-med-phoenix-az/,
Hello Health Services,2040 W Whispering Wind Dr Ste 140 - 4,Phoenix,AZ,85085,"2040 W Whispering Wind Dr Ste 140 - 4 Phoenix, AZ 85085",(623) 335-0426,https://www.evexipel.com/hormone-replacement-therapy-provider/hello-health-services-phoenix-az/,
Modern Day Midwife,1300 N 12th St STE 620,Phoenix,AZ,85006,"1300 N 12th St STE 620 Phoenix, AZ 85006",(623) 887-6601,https://www.evexipel.com/hormone-replacement-therapy-provider/modern-day-midwife-phoenix-az/,
Premier OBGYN,1300 N 12th Street Suite 620,Phoenix,AZ,85006,"1300 N 12th Street Suite 620 Phoenix, AZ 85006",(623) 469-8168,https://www.evexipel.com/hormone-replacement-therapy-provider/premier-obgyn-phoenix-az/,
Rejenesis Aesthetics - Awatukee,12010 S. Warner Elliot Loop Ste. 2,Phoenix,AZ,85044,"12010 S. Warner Elliot Loop Ste. 2 Phoenix, AZ 85044",(520) 217-7828,https://www.evexipel.com/hormone-replacement-therapy-provider/rejenesis-aesthetics-awatukee-phoenix-az/,
Soal Wellness,11209 N Tatum Blvd,Phoenix,AZ,85028,"11209 N Tatum Blvd #140 Phoenix, AZ 85028",(602) 461-8540,https://www.evexipel.com/hormone-replacement-therapy-provider/soal-wellness-phoenix-az/,
Torstveit Medical Aesthetics,4520 N 12th St Ste 103,Phoenix,AZ,85014,"4520 N 12th St Ste 103 Phoenix, AZ 85014",(602) 353-7531,https://www.evexipel.com/hormone-replacement-therapy-provider/torstveit-medical-aesthetics-phoenix-az/,
Western Wellness Center,4545 E Chandler Blvd Ste 110,Phoenix,AZ,85048,"4545 E Chandler Blvd Ste 110 Phoenix, AZ 85048",(928) 813-2047,https://www.evexipel.com/hormone-replacement-therapy-provider/western-wellness-center-phoenix-az/,
All Kind Wellness,371 Garden ST STE,Prescott,AZ,86305,"371 Garden ST  STE A Prescott, AZ 86305",(623) 267-9579,https://www.evexipel.com/hormone-replacement-therapy-provider/all-kind-wellness-prescott-az/,
Aphrodite Aesthetics & Wellness,3619 Crossings Dr Ste,Prescott,AZ,86305,"3619 Crossings Dr Ste A Prescott, AZ 86305",(928) 968-6776,https://www.evexipel.com/hormone-replacement-therapy-provider/aphrodite-aesthetics-wellness-prescott-az/,
Granite Mountain Health,"212 S Montezuma, Suite 3",Prescott,AZ,86303,"212 S Montezuma, Suite 3 Prescott, AZ 86303",(928) 504-5784,https://www.evexipel.com/hormone-replacement-therapy-provider/granite-mountain-health-prescott-az/,
Innate Wellness & Medical,2001 Excellence Way Ste 100,Prescott,AZ,86301,"2001 Excellence Way Ste 100 Prescott, AZ 86301",(928) 770-6384,https://www.evexipel.com/hormone-replacement-therapy-provider/innate-wellness-medical-prescott-az/,
Pate Complete Healthcare,3101 Clearwater Dr Suite,Prescott,AZ,86305,"3101 Clearwater Dr Suite B Prescott, AZ 86305",(928) 272-3924,https://www.evexipel.com/hormone-replacement-therapy-provider/pate-complete-healthcare-prescott-az/,
Prescott Integrative Medicine,3181 Clearwater Dr Ste,Prescott,AZ,86305,"3181 Clearwater Dr Ste B Prescott, AZ 86305",(928) 218-8012,https://www.evexipel.com/hormone-replacement-therapy-provider/prescott-integrative-medicine-prescott-az/,
The Reset Aesthetics and Wellness,1470 W Gurley St,Prescott,AZ,86305,"1470 W Gurley St Prescott, AZ 86305",(928) 628-6866,https://www.evexipel.com/hormone-replacement-therapy-provider/the-reset-aesthetics-and-wellness-prescott-az/,
Hometown Healthcare,3001 N Main St Ste,Prescott Valley,AZ,86314,"3001 N Main St Ste 1B Prescott Valley, AZ 86314",(928) 800-8119,https://www.evexipel.com/hormone-replacement-therapy-provider/hometown-healthcare-prescott-valley-az/,
Rejenesis LLC - Prescott Valley,3196 N Windsong Dr.,Prescott Valley,AZ,86314,"3196 N Windsong Dr. Prescott Valley, AZ 86314",(928) 356-1718,https://www.evexipel.com/hormone-replacement-therapy-provider/rejenesis-llc-prescott-valley-az/,
Yavapai Family Medical,7750 E. Florentine Rd Ste,Prescott Valley,AZ,86314,"7750 E. Florentine Rd Ste A Prescott Valley, AZ 86314",(928) 236-2181,https://www.evexipel.com/hormone-replacement-therapy-provider/yavapai-family-medical-prescott-valley-az/,
Optima Medical - Queen Creek,21321 E Ocotillo Rd Ste 133,Queen Creek,AZ,85142,"21321 E Ocotillo Rd Ste 133 Queen Creek, AZ 85142",(623) 323-6851,https://www.evexipel.com/hormone-replacement-therapy-provider/optima-medical-queen-creek-az/,
Roar Aesthetics and Wellness,22485 E. Queen Creek Rd Ste 103,Queen Creek,AZ,85142,"22485 E. Queen Creek Rd  Ste 103  Queen Creek, AZ 85142",(602) 755-2358,https://www.evexipel.com/hormone-replacement-therapy-provider/roar-aesthetics-and-wellness-queen-creek-az/,
Optima Medical - Safford,1300 S 20th Ave,Safford,AZ,85546,"1300 S 20th Ave Safford, AZ 85546",(928) 985-5976,https://www.evexipel.com/hormone-replacement-therapy-provider/optima-medical-safford-az/,
The Fix Med Spa,1491 W Thatcher Blvd Ste 103,Safford,AZ,85546,"1491 W Thatcher Blvd Ste 103 Safford, AZ 85546",(928) 965-0974,https://www.evexipel.com/hormone-replacement-therapy-provider/the-fix-med-spa-safford-az/,
Acacia Natural Medicine,13951 N Scottsdale Rd N STE 110,Scottsdale,AZ,85254,"13951 N Scottsdale Rd N STE 110 Scottsdale, AZ 85254",(623) 294-3354,https://www.evexipel.com/hormone-replacement-therapy-provider/acacia-natural-medicine-scottsdale-az/,
AdmireMD Plastic Surgery + Skin Clinic,17300 N. Perimeter Dr Suite 175,Scottsdale,AZ,85255,"17300 N. Perimeter Dr Suite 175 Scottsdale, AZ 85255",(520) 779-4818,https://www.evexipel.com/hormone-replacement-therapy-provider/admiremd-plastic-surgery-skin-clinic-scottsdale-az/,
Aesthetic Design and Wellness,7595 E McDonald Dr Ste 134,Scottsdale,AZ,85250,"7595 E McDonald Dr Ste 134 Scottsdale, AZ 85250",(623) 250-3671,https://www.evexipel.com/hormone-replacement-therapy-provider/aesthetic-design-and-wellness-scottsdale-az/,
Aine Healthcare - Scottsdale,7131 E Mercer Ln Suite 12,Scottsdale,AZ,85254,"7131 E Mercer Ln Suite 12 Scottsdale, AZ 85254",(520) 655-7300,https://www.evexipel.com/hormone-replacement-therapy-provider/aine-healthcare-scottsdale-az/,
Alani Skin MD,7246 E First St. STE 102,Scottsdale,AZ,85251,"7246 E First St.  STE 102 Scottsdale, AZ 85251",(562) 669-4307,https://www.evexipel.com/hormone-replacement-therapy-provider/alani-skin-md-scottsdale-az/,
Fusion Medical Care,5900 N Granite Reef Rd Ste 102,Scottsdale,AZ,85250,"5900 N Granite Reef Rd Ste 102 Scottsdale, AZ 85250",(602) 932-7264,https://www.evexipel.com/hormone-replacement-therapy-provider/fusion-medical-care-scottsdale-az/,
Hair 4 Life,8723 E Via De Commercio Ste,Scottsdale,AZ,85258,"8723 E Via De Commercio Ste B102 Scottsdale, AZ 85258",(480) 741-2083,https://www.evexipel.com/hormone-replacement-therapy-provider/hair-4-life-scottsdale-az/,
Honey Glow Wellness,8275 N Pima Rd Ste 6,Scottsdale,AZ,85258,"8275 N Pima Rd Ste 6 Scottsdale, AZ 85258",(520) 527-2555,https://www.evexipel.com/hormone-replacement-therapy-provider/honey-glow-wellness-scottsdale-az/,
Lifestyle Men's Clinic,10752 N 89TH PLACE SUITE,Scottsdale,AZ,85260,"10752 N 89TH PLACE SUITE A202 Scottsdale, AZ 85260",(623) 777-7240,https://www.evexipel.com/hormone-replacement-therapy-provider/lifestyle-mens-clinic-scottsdale-az/,
MDSkin Lounge and Bar,18251 N Pima Rd Ste 125,Scottsdale,AZ,85255,"18251 N Pima Rd Ste 125 Scottsdale, AZ 85255",(602) 932-1369,https://www.evexipel.com/hormone-replacement-therapy-provider/mdskin-lounge-and-bar-scottsdale-az/,
MODE Aesthetics and Wellness,7420 E Pinnacle Peak Rd Ste 120,Scottsdale,AZ,85255,"7420 E Pinnacle Peak Rd Ste 120 Scottsdale, AZ 85255",(623) 323-2515,https://www.evexipel.com/hormone-replacement-therapy-provider/mode-aesthetics-and-wellness-scottsdale-az/,
Modern Medicine AZ,8952 E Desert Cove Ave Ste 203,Scottsdale,AZ,85260,"8952 E Desert Cove Ave Ste 203 Scottsdale, AZ 85260",(623) 263-7325,https://www.evexipel.com/hormone-replacement-therapy-provider/modern-medicine-az-scottsdale-az/,
Natural Results Plastic Surgery,7930 E Thompson Peak Pkwy Suite 101,Scottsdale,AZ,85255,"7930 E Thompson Peak Pkwy Suite 101 Scottsdale, AZ 85255",(520) 666-9534,https://www.evexipel.com/hormone-replacement-therapy-provider/natural-results-plastic-surgery-scottsdale-az/,
Paradise Valley OBGYN,10261 N 92Nd Street Ste 101,Scottsdale,AZ,85258,"10261 N 92Nd Street Ste 101 Scottsdale, AZ 85258",(480) 741-1286,https://www.evexipel.com/hormone-replacement-therapy-provider/paradise-valley-obgyn-scottsdale-az/,
Real Result Medical - Scottsdale,10900 N Scottsdale Rd Suite 608,Scottsdale,AZ,85254,"10900 N Scottsdale Rd Suite 608 Scottsdale, AZ 85254",(520) 666-8496,https://www.evexipel.com/hormone-replacement-therapy-provider/real-result-medical-scottsdale-az/,
Rejuvenate Renew,8415 N Pima Rd Ste 200,Scottsdale,AZ,85258,"8415 N Pima Rd Ste 200 Scottsdale, AZ 85258",(520) 346-3674,https://www.evexipel.com/hormone-replacement-therapy-provider/rejuvenate-renew-scottsdale-az/,
Scottsdale Restorative Medicine,10304 N Hayden Rd Ste 100,Scottsdale,AZ,85258,"10304 N Hayden Rd Ste 100 Scottsdale, AZ 85258",(623) 343-9663,https://www.evexipel.com/hormone-replacement-therapy-provider/scottsdale-restorative-medicine-scottsdale-az/,
Sinclair Skincare LLC (Blush Medical),10601 Hayden Road Suite 108,Scottsdale,AZ,85260,"10601 Hayden Road Suite 108 Scottsdale, AZ 85260",(602) 456-7317,https://www.evexipel.com/hormone-replacement-therapy-provider/sinclair-skincare-llc-blush-medical-scottsdale-az/,
Skindale Medspa,11000 N Scottsdale Rd Ste 160,Scottsdale,AZ,85254,"11000 N Scottsdale Rd Ste 160 Scottsdale, AZ 85254",(602) 560-8325,https://www.evexipel.com/hormone-replacement-therapy-provider/skindale-medspa-scottsdale-az/,https://www.google.com/search?q=skindale+medspa&sca_esv=295c40e6b26b4887&sxsrf=AE3TifOihOrSwtBwts114sjeGzTZlcZEBw%3A1765755814720&source=hp&ei=pks_aaSYKvHNkPIPkrLqsQY&iflsig=AOw8s4IAAAAAaT9ZthC0FW9ITLETW6pxyzLDAFWmnmAS&ved=0ahUKEwikg-GAob6RAxXxJkQIHRKZOmY
Sloan Aesthetics,8151 East Indian Bend Road Suite,Scottsdale,AZ,85250,"8151 East Indian Bend Road Suite 105A Scottsdale, AZ 85250",(623) 432-3047,https://www.evexipel.com/hormone-replacement-therapy-provider/sloan-aesthetics-scottsdale-az/,
Source of Health,10752 N 89th Pl Ste 118,Scottsdale,AZ,85260,"10752 N 89th Pl Ste 118 Scottsdale, AZ 85260",(623) 343-2889,https://www.evexipel.com/hormone-replacement-therapy-provider/source-of-health-scottsdale-az/,
Helios Health Az,210 Sunset Dr Ste,Sedona,AZ,86336,"210 Sunset Dr Ste A Sedona, AZ 86336",(928) 660-6960,https://www.evexipel.com/hormone-replacement-therapy-provider/helios-health-az-sedona-az/,
VitaLife Infusion,4461 S. White Mountain Rd Suite,Show Low,AZ,85901,"4461 S. White Mountain Rd Suite D4 Show Low, AZ 85901",(928) 433-5188,https://www.evexipel.com/hormone-replacement-therapy-provider/vitalife-infusion-show-low-az/,
Beyond Alternative Medicine,41818 N Venture Dr,Ste160 Anthem,AZ,85086,"41818 N Venture Dr Ste160 Anthem, AZ 85086",(480) 690-2853,https://www.evexipel.com/hormone-replacement-therapy-provider/beyond-alternative-medicine-anthem-az/,
Desert Rose Hormone and Wellness,13547 N Litchfield Rd Suite 24,Surprise,AZ,85379,"13547 N Litchfield Rd Suite 24 Surprise, AZ 85379",(623) 400-5530,https://www.evexipel.com/hormone-replacement-therapy-provider/desert-rose-hormone-and-wellness-surprise-az/,
Desert Wildflower Wellness AZ,15543 N Reems Rd Ste 139,Surprise,AZ,85374,"15543 N Reems Rd Ste 139 Surprise, AZ 85374",(623) 887-2076,https://www.evexipel.com/hormone-replacement-therapy-provider/desert-wildflower-wellness-az-surprise-az/,
Papillon Wellness & Longevity-Surprise,14725 W Mountain View Blvd,Surprise,AZ,85374,"14725 W Mountain View Blvd Surprise, AZ 85374",(623) 304-3776,https://www.evexipel.com/hormone-replacement-therapy-provider/papillon-wellness-longevity-surprise-az/,https://share.google/AH2q9aXHM2DJRwOsa
ABD Wellness Center,2155 E University Dr Suite 111,Tempe,AZ,85288,"2155 E University Dr Suite 111 Tempe, AZ 85288",(520) 217-8506,https://www.evexipel.com/hormone-replacement-therapy-provider/abd-wellness-center-tempe-az/,
Angelimage Aesthetics and Wellness,40 W Baseline RD STE 203,Tempe,AZ,85283,"40 W Baseline RD STE 203 Tempe, AZ 85283",(520) 217-1475,https://www.evexipel.com/hormone-replacement-therapy-provider/angelimage-aesthetics-and-wellness-tempe-az/,
Desert Wellness Center,2141 E Warner Rd,Tempe,AZ,85284,"2141 E Warner Rd Tempe, AZ 85284",(480) 361-5188,https://www.evexipel.com/hormone-replacement-therapy-provider/desert-wellness-center-tempe-az/,https://share.google/Sf8u1w4J7UFjDij6V
Real Result Medical & Aesthetics,3200 S Rural Rd Ste 3,Tempe,AZ,85282,"3200 S Rural Rd Ste 3 Tempe, AZ 85282",(480) 418-2070,https://www.evexipel.com/hormone-replacement-therapy-provider/real-result-medical-aesthetics-tempe-az/,
AMG Center for Regenerative - Cholla Blvd,7356 N La Cholla Blvd,Tucson,AZ,85741,"7356 N La Cholla Blvd Tucson, AZ 85741",(520) 214-8328,https://www.evexipel.com/hormone-replacement-therapy-provider/amg-center-for-regenerative-cholla-blvd-tucson-az/,
Andria Pizzato,2900 N Swan Rd Ste 102,Tucson,AZ,85712,"2900 N Swan Rd Ste 102 Tucson, AZ 85712",(623) 343-9624,https://www.evexipel.com/hormone-replacement-therapy-provider/andria-pizzato-tucson-az/,
Be Renewed and Infused,15 W Washington St,Tucson,AZ,85701,"15 W Washington St Tucson, AZ 85701",(520) 339-6934,https://www.evexipel.com/hormone-replacement-therapy-provider/be-renewed-and-infused-tucson-az/,https://share.google/uh70gwMzLJgMGRltr
"Choi Urology, Pllc",3140 N Swan Rd,Tucson,AZ,85712,"3140 N Swan Rd Tucson, AZ 85712",(520) 210-5595,https://www.evexipel.com/hormone-replacement-therapy-provider/choi-urology-pllc-tucson-az/,
ImmediateCare Arizona,5590 E River Rd Suite 150,Tucson,AZ,85750,"5590 E River Rd Suite 150 Tucson, AZ 85750",(520) 467-4867,https://www.evexipel.com/hormone-replacement-therapy-provider/immediatecare-arizona-tucson-az/,
Innovative Wellness of Tucson,"1 W. Wetmore, Ste 107",Tucson,AZ,85705,"1 W. Wetmore, Ste 107 Tucson, AZ 85705",(520) 337-2215,https://www.evexipel.com/hormone-replacement-therapy-provider/innovative-wellness-of-tucson-az/,
Maloney Plastic Surgery,3170 N Swan Rd Ste 150,Tucson,AZ,85712,"3170 N Swan Rd Ste 150 Tucson, AZ 85712",(520) 677-5173,https://www.evexipel.com/hormone-replacement-therapy-provider/maloney-plastic-surgery-tucson-az/,
Rize Above Health Care,5151 N Oracle Rd Ste 123,Tucson,AZ,85704,"5151 N Oracle Rd Ste 123 A Tucson, AZ 85704",(520) 523-6238,https://www.evexipel.com/hormone-replacement-therapy-provider/rize-above-health-care-tucson-az/,
Walker Family Medicine,801 W Rex Allen Dr,Willcox,AZ,85643,"801 W Rex Allen Dr Willcox, AZ 85643",(520) 779-3976,https://www.evexipel.com/hormone-replacement-therapy-provider/walker-family-medicine-willcox-az/,
AlphaMed Clinic,3325 S. Avenue 8E Suite 6,Yuma,AZ,85365,"3325 S. Avenue 8E Suite 6 Yuma, AZ 85365",(928) 985-3547,https://www.evexipel.com/hormone-replacement-therapy-provider/alphamed-clinic-yuma-az/,
Desert Oasis Wellness,1700 South 1St Avenue Ste 202,Yuma,AZ,85364,"1700 South 1St Avenue Ste 202 Yuma, AZ 85364",(928) 504-2358,https://www.evexipel.com/hormone-replacement-therapy-provider/desert-oasis-wellness-yuma-az/,https://share.google/tlHVEPQLrobotl2dk
Elite Medical Spa and Wellness,2851 S Avenue B Lot 5,Yuma,AZ,85364,"2851 S Avenue B  Lot 5 Yuma, AZ 85364",(505) 370-7376,https://www.evexipel.com/hormone-replacement-therapy-provider/elite-medical-spa-and-wellness-yuma-az/,
Enhance Aesthetics & Wellness,330 S Main Street,Yuma,AZ,85364,"330 S Main Street Yuma, AZ 85364",(928) 597-9893,https://www.evexipel.com/hormone-replacement-therapy-provider/enhance-aesthetics-wellness-yuma-az/,
Mary Jacqueline Ronsayro,1773 W 24th St,Yuma,AZ,85364,"1773 W 24th St Yuma, AZ 85364",(928) 285-0509,https://www.evexipel.com/hormone-replacement-therapy-provider/mary-jacqueline-ronsayro-yuma-az/,
Regener8 Wellness + Performance,1207 W 16th St. STE,Yuma,AZ,85364,"1207 W 16th St. STE B. Yuma, AZ 85364",(951) 327-7611,https://www.evexipel.com/hormone-replacement-therapy-provider/regener8-wellness-performance-yuma-az/,
Rejuvenate Wellness & Health Ctr,6025 N Figuroa St Ste,Los Angeles,CA,90042,"6025 N Figuroa St Ste B Los Angeles, CA 90042",(323) 970-2841,https://www.evexipel.com/hormone-replacement-therapy-provider/rejuvenate-wellness-health-ctr-los-angeles-ca/,
Pathway Healthcare,190 S Oak Ave,Oakdale Oakdale,CA,95361,"190 S Oak Ave Oakdale Oakdale, CA 95361",(209) 848-8410,https://www.evexipel.com/hormone-replacement-therapy-provider/pathway-healthcare-oakdale-ca/,
Dr. Howard Aubert,4646 Brockton Ave Ste 202,Riverside,CA,92506,"4646 Brockton Ave Ste 202 Riverside, CA 92506",(951) 683-6370,https://www.evexipel.com/hormone-replacement-therapy-provider/dr-howard-aubert-riverside-ca/,
818GYN,6325 Topanga Canyon Blvd Ste 535,Woodland Hills,CA,91367,"6325 Topanga Canyon Blvd Ste 535 Woodland Hills, CA 91367",(818) 464-4069,https://www.evexipel.com/hormone-replacement-therapy-provider/818gyn-los-angeles-ca/,
"Radiance Aesthetics & Wellness, LLC",5353 W Dartmouth Ave Suite,400-7 Denver,CO,80227,"5353 W Dartmouth Ave Suite 400-7 Denver, CO 80227",(719) 826-6771,https://www.evexipel.com/hormone-replacement-therapy-provider/radiance-aesthetics-wellness-llc-denver-co/,
Rajeunir Medical Spa -Highlands Ranch,2670 E County Line Rd Unit,A-2 Highlands Ranch,CO,80126,"2670 E County Line Rd Unit A-2 Highlands Ranch, CO 80126",(720) 821-1761,https://www.evexipel.com/hormone-replacement-therapy-provider/rajeunir-medical-spa-highlands-ranch-co/,
Thrive Health Solutions,88 Inverness Circle East Suite,A-204 Englewood,CO,80112,"88 Inverness Circle East Suite A-204 Englewood, CO 80112",(720) 428-2387,https://www.evexipel.com/hormone-replacement-therapy-provider/thrive-health-solutions-englewood-co/,
E&O Wellness,12191 W 64th Ave Ste 203,Arvada,CO,80004,"12191 W 64th Ave Ste 203 Arvada, CO 80004",(720) 902-7864,https://www.evexipel.com/hormone-replacement-therapy-provider/eo-wellness-arvada-co/,
The Aspen Institute for Anti-Aging,101 Founders Place Suite 104,Aspen,CO,81611,"101 Founders Place Suite 104 Aspen, CO 81611",(970) 788-3356,https://www.evexipel.com/hormone-replacement-therapy-provider/the-aspen-institute-for-anti-aging-aspen-co/,
Advanced Health Solutions,1550 S Potomac St Suite 110,Aurora,CO,80012,"1550 S Potomac St Suite 110 Aurora, CO 80012",(786) 244-2994,https://www.evexipel.com/hormone-replacement-therapy-provider/advanced-health-solutions-aurora-co/,
Cura Personalis Integrative Health,14901 E Hampden Ave Ste 320,Aurora,CO,80014,"14901 E Hampden Ave Ste 320 Aurora, CO 80014",(720) 408-2481,https://www.evexipel.com/hormone-replacement-therapy-provider/cura-personalis-integrative-health-aurora-co/,
"Restore Osteopathic Medicine, LLC",10555 E Dartmouth Ave Ste 200,Aurora,CO,80014,"10555 E Dartmouth Ave Ste 200 Aurora, CO 80014",(970) 614-0392,https://www.evexipel.com/hormone-replacement-therapy-provider/restore-osteopathic-medicine-llc-aurora-co/,
Amadika Aesthetics,3070 I-70 Business Loop Ste,B-2 Grand Junction,CO,81504,"3070 I-70 Business Loop Ste B-2 Grand Junction, CO 81504",(970) 438-2646,https://www.evexipel.com/hormone-replacement-therapy-provider/amadika-aesthetics-grand-junction-co/,
Thrive Aspen LLC,5 Tree Farm Dr,Basalt,CO,81621,"5 Tree Farm Dr Basalt, CO 81621",(970) 710-3786,https://www.evexipel.com/hormone-replacement-therapy-provider/thrive-aspen-llc-basalt-co/,
Advanced Practice Aesthetics - Berthoud,543 3rd St Unit,Berthoud,CO,80513,"543 3rd St Unit A Berthoud, CO 80513",(970) 480-8416,https://www.evexipel.com/hormone-replacement-therapy-provider/advanced-practice-aesthetics-berthoud-co/,
Silk & Co. Medical Aesthetics & Spa,117 N Main Street Suite,Brighton,CO,80601,"117 N Main Street Suite B Brighton, CO 80601",(970) 598-0596,https://www.evexipel.com/hormone-replacement-therapy-provider/silk-co-medical-aesthetics-spa-brighton-co/,
Luxe Aesthetics & Wellness,307 Main Street,Canon City,CO,81212,"307 Main Street Canon City, CO 81212",(719) 735-8617,https://www.evexipel.com/hormone-replacement-therapy-provider/luxe-aesthetics-wellness-canon-city-co/,
"Wellness, LLC",7360 Serena Dr,Castle Pines,CO,80108,"7360 Serena Dr Castle Pines, CO 80108",(720) 262-9561,https://www.evexipel.com/hormone-replacement-therapy-provider/wellness-llc-englewood-co/,
Precision Health of Castle Rock,755 S. Perry St. Ste. 450,Castle Rock,CO,80104,"755 S. Perry St. Ste. 450 Castle Rock, CO 80104",(720) 776-9125,https://www.evexipel.com/hormone-replacement-therapy-provider/precision-health-of-castle-rock-co/,
Redwood Medical Castle Rock,1001 S Perry St Ste,Castle Rock,CO,80104,"1001 S Perry St Ste 104B Castle Rock, CO 80104",(720) 796-9332,https://www.evexipel.com/hormone-replacement-therapy-provider/redwood-medical-castle-rock-co/,
Renova Medical Aesthetics,1001 S Perry St Ste.,Castle Rock,CO,80104,"1001 S Perry St Ste. 105A Castle Rock, CO 80104",(720) 513-0842,https://www.evexipel.com/hormone-replacement-therapy-provider/renova-medical-aesthetics-castle-rock-co/,
Sozo Integrative Health - CO,3745 Dacoro Lane,Castle Rock,CO,80109,"3745 Dacoro Lane Castle Rock, CO 80109",(970) 614-7731,https://www.evexipel.com/hormone-replacement-therapy-provider/sozo-integrative-health-co-castle-rock-co/,
Tactical Health 100,823 S. Perry St. Ste 200,Castle Rock,CO,80104,"823 S. Perry St. Ste 200 Castle Rock, CO 80104",(720) 734-6730,https://www.evexipel.com/hormone-replacement-therapy-provider/tactical-health-100-castle-rock-co/,
Transcend Beauty & Wellness,120 W Main St Ste,Cedaredge,CO,81413,"120 W Main St Ste A Cedaredge, CO 81413",(970) 296-5495,https://www.evexipel.com/hormone-replacement-therapy-provider/transcend-beauty-wellness-cedaredge-co/,
Invigorate Advanced Aesthetics,6551 S Revere Pkwy Ste 120,Centennial,CO,80111,"6551 S Revere Pkwy Ste 120 Centennial, CO 80111",(720) 580-4493,https://www.evexipel.com/hormone-replacement-therapy-provider/invigorate-advanced-aesthetics-centennial-co/,
OptIn Health & Nutrition,7180 E Orchard Rd Ste 208,Centennial,CO,80111,"7180 E Orchard Rd Ste 208 Centennial, CO 80111",(719) 800-9430,https://www.evexipel.com/hormone-replacement-therapy-provider/optin-health-nutrition-centennial-co/,
Physical Medicine of the Rockies,13111 E Briarwood Ave Suite 100,Centennial,CO,80112,"13111 E Briarwood Ave Suite 100 Centennial, CO 80112",(719) 782-7956,https://www.evexipel.com/hormone-replacement-therapy-provider/physical-medicine-of-the-rockies-centennial-co/,
Zen Aesthetics & Wellness - Centennial,7180 East Orchard Road Ste 300,Centennial,CO,80111,"7180 East Orchard Road Ste 300 Centennial, CO 80111",(970) 509-5731,https://www.evexipel.com/hormone-replacement-therapy-provider/zen-aesthetics-wellness-centennial-co/,
The Skin Spot,11558,Colony Row Broomfield,CO,80021,"11558 Colony Row Broomfield, CO 80021",(970) 601-7624,https://www.evexipel.com/hormone-replacement-therapy-provider/the-skin-spot-broomfield-co/,
3G Medical Consultants,3910 S Carefree Cir Ste,Colorado Springs,CO,80917,"3910 S Carefree Cir Ste F Colorado Springs, CO 80917",(719) 356-3119,https://www.evexipel.com/hormone-replacement-therapy-provider/3g-medical-consultants-colorado-springs-co/,
Barrick Family Practice,104 Pro Rodeo Drive Ste 120,Colorado Springs,CO,80919,"104 Pro Rodeo Drive Ste 120 Colorado Springs, CO 80919",(719) 434-1989,https://www.evexipel.com/hormone-replacement-therapy-provider/barrick-family-practice-colorado-springs-co/,
Cheyenne Mountain Gynecology,2997 Broadmoor Valley Rd UNIT 102,Colorado Springs,CO,80906,"2997 Broadmoor Valley Rd UNIT 102 Colorado Springs, CO 80906",(719) 628-5829,https://www.evexipel.com/hormone-replacement-therapy-provider/cheyenne-mountain-gynecology-colorado-springs-co/,
Cobb Medical,2320 W Colorado Ave Ste 121,Colorado Springs,CO,80904,"2320 W Colorado Ave Ste 121 Colorado Springs, CO 80904",(719) 982-2468,https://www.evexipel.com/hormone-replacement-therapy-provider/cobb-medical-colorado-springs-co/,
Cura Personalis Int Health - CO Springs,4465 Northpark Dr Ste 210,Colorado Springs,CO,80907,"4465 Northpark Dr Ste 210 Colorado Springs, CO 80907",(720) 594-6301,https://www.evexipel.com/hormone-replacement-therapy-provider/cura-personalis-int-health-co-springs-colorado-springs-co/,
Deep Authenticity,7680 Goddard St. Ste 212,Colorado Springs,CO,80920,"7680 Goddard St. Ste 212 Colorado Springs, CO 80920",(719) 824-2534,https://www.evexipel.com/hormone-replacement-therapy-provider/deep-authenticity-colorado-springs-co/,
Dynamic Family Medicine,5715 Kittery Dr,Colorado Springs,CO,80911,"5715 Kittery Dr Colorado Springs, CO 80911",(719) 374-3435,https://www.evexipel.com/hormone-replacement-therapy-provider/dynamic-family-medicine-colorado-springs-co/,
Elite Health Colorado,5925 Lehman Drive Ste 1,Colorado Springs,CO,80918,"5925 Lehman Drive Ste 1 Colorado Springs, CO 80918",(719) 286-5047,https://www.evexipel.com/hormone-replacement-therapy-provider/elite-health-colorado-colorado-springs-co/,
FlyWell Health,6140 Tutt Blvd Ste 120,Colorado Springs,CO,80923,"6140 Tutt Blvd Ste 120 Colorado Springs, CO 80923",(719) 767-7202,https://www.evexipel.com/hormone-replacement-therapy-provider/flywell-health-colorado-springs-co/,
Front Range Family Medicine,3260 E Woodmen Rd Ste 210,Colorado Springs,CO,80920,"3260 E Woodmen Rd Ste 210 Colorado Springs, CO 80920",(719) 772-0866,https://www.evexipel.com/hormone-replacement-therapy-provider/front-range-family-medicine-colorado-springs-co/,
Harmony Aesthetics Center of CO Springs,127 N Cascade Ave,Colorado Springs,CO,80903,"127 N Cascade Ave Colorado Springs, CO 80903",(719) 626-9173,https://www.evexipel.com/hormone-replacement-therapy-provider/harmony-aesthetics-center-of-co-springs-colorado-springs-co/,
Luxus Aesthetics & Wellness,11590 Ridgeline Dr Ste 150,Colorado Springs,CO,80921,"11590 Ridgeline Dr Ste 150 Colorado Springs, CO 80921",(719) 309-3096,https://www.evexipel.com/hormone-replacement-therapy-provider/luxus-aesthetics-wellness-colorado-springs-co/,
MasterMind Clinic PLLC,5225 N Academy Blvd Ste 305,Colorado Springs,CO,80918,"5225 N Academy Blvd Ste 305 Colorado Springs, CO 80918",(719) 888-4183,https://www.evexipel.com/hormone-replacement-therapy-provider/mastermind-clinic-pllc-colorado-springs-co/,
MedSpa by Beauty Bar,1359 Interquest Parkway Ste 120,Colorado Springs,CO,80921,"1359 Interquest Parkway Ste 120 Colorado Springs, CO 80921",(719) 824-2114,https://www.evexipel.com/hormone-replacement-therapy-provider/medspa-by-beauty-bar-colorado-springs-co/,
Newma LLC,2960 N Circle Dr Ste 100,Colorado Springs,CO,80909,"2960 N Circle Dr Ste 100 Colorado Springs, CO 80909",(719) 249-8233,https://www.evexipel.com/hormone-replacement-therapy-provider/newma-llc-colorado-springs-co/,
Pearl Skin & Body Rejuvenation,7035 Campus Dr Ste 903,Colorado Springs,CO,80920,"7035 Campus Dr Ste 903 Colorado Springs, CO 80920",(719) 666-9129,https://www.evexipel.com/hormone-replacement-therapy-provider/pearl-skin-body-rejuvenation-colorado-springs-co/,
Pure Radiance Medspa & Wellness,4830 Rusina Rd Ste,Colorado Springs,CO,80907,"4830 Rusina Rd Ste C Colorado Springs, CO 80907",(719) 631-8786,https://www.evexipel.com/hormone-replacement-therapy-provider/pure-radiance-medspa-wellness-colorado-springs-co/,
Purelee Redefined,12245 Voyager Parkway,Colorado Springs,CO,80921,"12245 Voyager Parkway #142 Colorado Springs, CO 80921",(719) 689-8529,https://www.evexipel.com/hormone-replacement-therapy-provider/purelee-redefined-colorado-springs-co/,https://share.google/OS4Wo98rtrPKgxDSX
Rockhold Wellness,1819 N Circle Dr Suite 15,Colorado Springs,CO,80909,"1819 N Circle Dr Suite 15 Colorado Springs, CO 80909",(719) 249-1305,https://www.evexipel.com/hormone-replacement-therapy-provider/rockhold-wellness-colorado-springs-co/,
Simply MedSpa,1155 Kelly Johnson Blvd Suite 111,Colorado Springs,CO,80920,"1155 Kelly Johnson Blvd  Suite 111 Colorado Springs, CO 80920",(719) 319-8295,https://www.evexipel.com/hormone-replacement-therapy-provider/simply-medspa-colorado-springs-co/,
Summit Health & Pain Colorado Springs,75 Printers Parkway Ste 200,Colorado Springs,CO,80910,"75 Printers Parkway Ste 200 Colorado Springs, CO 80910",(719) 938-1526,https://www.evexipel.com/hormone-replacement-therapy-provider/summit-health-pain-colorado-springs-co/,
Tailoring Family Health & Wellness,8041 Woodmen Center Heights Ste 130,Colorado Springs,CO,80908,"8041 Woodmen Center Heights Ste 130 Colorado Springs, CO 80908",(719) 631-4621,https://www.evexipel.com/hormone-replacement-therapy-provider/tailoring-family-health-wellness-colorado-springs-co/,
The Family Practice,6005 Delmonico Dr Ste 150,Colorado Springs,CO,80919,"6005 Delmonico Dr Ste 150 Colorado Springs, CO 80919",(719) 497-2792,https://www.evexipel.com/hormone-replacement-therapy-provider/the-family-practice-colorado-springs-co/,
Total Care Family Center,2141 Academy Circle Ste 103,Colorado Springs,CO,80909,"2141 Academy Circle  Ste 103 Colorado Springs, CO 80909",(719) 698-0324,https://www.evexipel.com/hormone-replacement-therapy-provider/total-care-family-center-colorado-springs-co/,
Young Luxe Med Spa and Wellness Center,3230 E Woodmen Rd Ste 100,Colorado Springs,CO,80920,"3230 E Woodmen Rd Ste 100 Colorado Springs, CO 80920",(719) 694-0979,https://www.evexipel.com/hormone-replacement-therapy-provider/young-luxe-med-spa-and-wellness-center-colorado-springs-co/,
Innovations Medical Group,2095 North Dolores Road,Cortez,CO,81321,"2095 North Dolores Road Cortez, CO 81321",(970) 676-2812,https://www.evexipel.com/hormone-replacement-therapy-provider/innovations-medical-group-cortez-co/,
Enduring Wellness Health Clinic,570 Columbia Ave,Del Norte,CO,81132,"570 Columbia Ave Del Norte, CO 81132",(719) 631-9189,https://www.evexipel.com/hormone-replacement-therapy-provider/enduring-wellness-health-clinic-del-norte-co/,
Denver Sports Recovery,2242 W. 29th Ave.,Denver,CO,80211,"2242 W. 29th Ave. Denver, CO 80211",(719) 326-2333,https://www.evexipel.com/hormone-replacement-therapy-provider/denver-sports-recovery-denver-co/,
Direct Osteopathic Primary Care,16 Lakeside Ln,Denver,CO,80212,"16 Lakeside Ln Denver, CO 80212",(720) 466-7593,https://www.evexipel.com/hormone-replacement-therapy-provider/direct-osteopathic-primary-care-denver-co/,
Heart Minded Medicine,3955 E. Exposition Ave. Suite 316,Denver,CO,80209,"3955 E. Exposition Ave. Suite 316 Denver, CO 80209",(720) 634-8772,https://www.evexipel.com/hormone-replacement-therapy-provider/heart-minded-medicine-denver-co/,
JuicyFace MedSpa,3000 E 1st Ave Ste 114,Denver,CO,80206,"3000 E 1st Ave Ste 114 Denver, CO 80206",(720) 575-1229,https://www.evexipel.com/hormone-replacement-therapy-provider/juicyface-medspa-denver-co/,
Paramount Health Directions,52 Monroe Street Suite,Denver,CO,80206,"52 Monroe Street Suite B Denver, CO 80206",(720) 807-4691,https://www.evexipel.com/hormone-replacement-therapy-provider/paramount-health-directions-denver-co/,
Project Peptide,3124 N Zuni St,Denver,CO,80211,"3124 N Zuni St Denver, CO 80211",(720) 868-9278,https://www.evexipel.com/hormone-replacement-therapy-provider/project-peptide-denver-co/,
FOY Medical,180 E 12th St Ste 5,Durango,CO,81301,"180 E 12th St Ste 5 Durango, CO 81301",(970) 442-5218,https://www.evexipel.com/hormone-replacement-therapy-provider/foy-medical-durango-co/,
River's Edge Wellness Center,1521 Main Ave. Ste 02,Durango,CO,81301,"1521 Main Ave. Ste 02 Durango, CO 81301",(970) 499-1272,https://www.evexipel.com/hormone-replacement-therapy-provider/rivers-edge-wellness-center-durango-co/,
Bella Health & Wellness,180 E. Hampden Ave. Ste 100,Englewood,CO,80113,"180 E.  Hampden Ave. Ste 100 Englewood, CO 80113",(720) 477-4417,https://www.evexipel.com/hormone-replacement-therapy-provider/bella-health-wellness-englewood-co/,
Summit Health & Pain,300 E Hampden Ave Ste 201,Englewood,CO,80113,"300 E Hampden Ave Ste 201 Englewood, CO 80113",(720) 408-6832,https://www.evexipel.com/hormone-replacement-therapy-provider/summit-health-pain-englewood-co/,
Rocky Mountain Medical Aesthetics,29713 Troutdale Scenic Dr Unit,Evergreen,CO,80439,"29713 Troutdale Scenic Dr Unit A2 Evergreen, CO 80439",(970) 670-7151,https://www.evexipel.com/hormone-replacement-therapy-provider/rocky-mountain-medical-aesthetics-evergreen-co/,
Zen Aesthetics and Wellness LLC,32186 Castle Court Ste 308,Evergreen,CO,80439,"32186 Castle Court Ste 308 Evergreen, CO 80439",(872) 327-4616,https://www.evexipel.com/hormone-replacement-therapy-provider/zen-aesthetics-and-wellness-llc-evergreen-co/,
"A Woman’s Place, LLC",2620 E Prospect Rd Ste 160,Fort Collins,CO,80525,"2620 E Prospect Rd Ste 160 Fort Collins, CO 80525",(970) 548-9884,https://www.evexipel.com/hormone-replacement-therapy-provider/a-womans-place-llc-fort-collins-co/,
ME! Wellness & MedSpa,2580 Harmony RD Ste 101,Fort Collins,CO,80528,"2580 Harmony RD Ste 101 Fort Collins, CO 80528",(719) 631-5877,https://www.evexipel.com/hormone-replacement-therapy-provider/me-wellness-medspa-fort-collins-co/,https://share.google/7mtsjucUmybJXAVzE
Rooted Health Primary Care,1101 Oakridge Drive,Fort Collins,CO,80525,"1101 Oakridge Drive Fort Collins, CO 80525",(970) 680-0373,https://www.evexipel.com/hormone-replacement-therapy-provider/rooted-health-primary-care-fort-collins-co/,
Square One Health,257 Boardwalk Dr,Fort Collins,CO,80525,"257 Boardwalk Dr Fort Collins, CO 80525",(970) 442-9224,https://www.evexipel.com/hormone-replacement-therapy-provider/square-one-health-fort-collins-co/,
Active Integrative Medicine,220 E Beaver Ave,Fort Morgan,CO,80701,"220 E Beaver Ave Fort Morgan, CO 80701",(970) 594-5753,https://www.evexipel.com/hormone-replacement-therapy-provider/active-integrative-medicine-fort-morgan-co/,
Integrative Body & Mind,931 Lincoln St,Fort Morgan,CO,80701,"931 Lincoln St Fort Morgan, CO 80701",(970) 594-8113,https://www.evexipel.com/hormone-replacement-therapy-provider/integrative-body-mind-fort-morgan-co/,
Fountain Valley Healthcare,5115 Fontaine Blvd,Fountain,CO,80817,"5115 Fontaine Blvd Fountain, CO 80817",(719) 437-7941,https://www.evexipel.com/hormone-replacement-therapy-provider/fountain-valley-healthcare-fountain-co/,
The Restorative Wellness Center,2041 N State Highway 83 Ste,Franktown,CO,80116,"2041 N State Highway 83 Ste D Franktown, CO 80116",(720) 477-4783,https://www.evexipel.com/hormone-replacement-therapy-provider/the-restorative-wellness-center-franktown-co/,
Urban Radiance,206 5th St # 210,Frederick,CO,80530,"206 5th St # 210 Frederick, CO 80530",(720) 928-5867,https://www.evexipel.com/hormone-replacement-therapy-provider/urban-radiance-frederick-co/,
Rebis Health,68 School Rd Ste 250,Frisco,CO,80443,"68 School Rd Ste 250 Frisco, CO 80443",(970) 409-1396,https://www.evexipel.com/hormone-replacement-therapy-provider/rebis-health-frisco-co/,
Restorative Health of Colorado,12905 W 40th Ave Ste 105,Golden,CO,80401,"12905 W 40th Ave Ste 105 Golden, CO 80401",(720) 594-6818,https://www.evexipel.com/hormone-replacement-therapy-provider/restorative-health-of-colorado-golden-co/,https://share.google/M9ChJzb77jAMlE4Cx
Best Life Wellness Med Spa LLC,2139 N 12th St Ste 6,Grand Junction,CO,81501,"2139 N 12th St Ste 6 Grand Junction, CO 81501",(970) 676-2419,https://www.evexipel.com/hormone-replacement-therapy-provider/best-life-wellness-med-spa-llc-grand-junction-co/,
ElevateRx MedSpa LLC,300 Main St Ste,Grand Junction,CO,81501,"300 Main St Ste 302A Grand Junction, CO 81501",(970) 438-0677,https://www.evexipel.com/hormone-replacement-therapy-provider/elevaterx-medspa-llc-grand-junction-co/,
Mosaic Biohealth,735 Bookcliff Avenue Unit,Grand Junction,CO,81501,"735 Bookcliff Avenue Unit D Grand Junction, CO 81501",(970) 695-8742,https://www.evexipel.com/hormone-replacement-therapy-provider/mosaic-biohealth-grand-junction-co/,
NOCO Healthcare,1130 38th Ave Unit,Greeley,CO,80634,"1130 38th Ave Unit A Greeley, CO 80634",(970) 425-8437,https://www.evexipel.com/hormone-replacement-therapy-provider/noco-healthcare-greeley-co/,
Restoration Medical Aesthetics,5100 W. 20th st Suite,Greeley,CO,80634,"5100 W. 20th st Suite A Greeley, CO 80634",(970) 463-3429,https://www.evexipel.com/hormone-replacement-therapy-provider/restoration-medical-aesthetics-greeley-co/,
Vida Aesthetics,2525 W 16Th St Ste,Greeley,CO,80634,"2525 W 16Th St Ste C Greeley, CO 80634",(970) 517-5759,https://www.evexipel.com/hormone-replacement-therapy-provider/vida-aesthetics-greeley-co/,
Echelon Integrative Health,5555 Dtc Pkwy ste 325,Greenwood Village,CO,80111,"5555 Dtc Pkwy ste 325 Greenwood Village, CO 80111",(719) 824-4114,https://www.evexipel.com/hormone-replacement-therapy-provider/echelon-integrative-health-highlands-ranch-co/,
Monday Medical,7000 E Belleview Ave Ste 100,Greenwood Village,CO,80111,"7000 E Belleview Ave Ste 100 Greenwood Village, CO 80111",(720) 800-4297,https://www.evexipel.com/hormone-replacement-therapy-provider/monday-medical-greenwood-village-co/,
New Age Aesthetics and Wellness,9251 E. Peakview Ave. Unit,Greenwood Village,CO,80111,"9251 E. Peakview Ave. Unit G Greenwood Village, CO 80111",(719) 417-3935,https://www.evexipel.com/hormone-replacement-therapy-provider/new-age-aesthetics-and-wellness-greenwood-village-co/,
Onus IV - DTC,5425 Landmark Place Suite 103,Greenwood Village,CO,80111,"5425 Landmark Place Suite 103 Greenwood Village, CO 80111",(720) 343-4514,https://www.evexipel.com/hormone-replacement-therapy-provider/onus-iv-dtc-greenwood-village-co/,
The Colorado Center for Health,8200 E Belleview Ave. Suite,Greenwood Village,CO,80111,"8200 E Belleview Ave. Suite 300C Greenwood Village, CO 80111",(303) 221-5400,https://www.evexipel.com/hormone-replacement-therapy-provider/the-colorado-center-for-health-greenwood-village-co/,
The Longevity Lab,8400 E. Prentice Ave. Suite 750,Greenwood Village,CO,80111,"8400 E. Prentice Ave. Suite 750 Greenwood Village, CO 80111",(720) 915-2826,https://www.evexipel.com/hormone-replacement-therapy-provider/the-longevity-lab-greenwood-village-co/,
Ascend Direct Primary Care,"9331 Commerce Center Street Unit A1, Suite 202",Highlands Ranch,CO,80129,"9331 Commerce Center Street Unit A1, Suite 202 Highlands Ranch, CO 80129",(720) 599-5845,https://www.evexipel.com/hormone-replacement-therapy-provider/ascend-direct-primary-care-highlands-ranch-co/,
ICare Medical,104 Anderson Ave,Junta,CO,81050,"104 Anderson Ave La Junta, CO 81050",(719) 652-5855,https://www.evexipel.com/hormone-replacement-therapy-provider/icare-medical-la-junta-co/,
Summit Health & Pain La Junta,2317 San Juan Ave,Junta,CO,81050,"2317 San Juan Ave La Junta, CO 81050",(719) 581-5427,https://www.evexipel.com/hormone-replacement-therapy-provider/summit-health-pain-la-junta-co/,
Pure Homeopathy,600 W Emma St,Lafayette,CO,80026,"600 W Emma St Lafayette, CO 80026",(720) 463-1291,https://www.evexipel.com/hormone-replacement-therapy-provider/pure-homeopathy-lafayette-co/,
Anti-Aging at South Suburban,7720 South Broadway Suite 480,Littleton,CO,80122,"7720 South Broadway Suite 480 Littleton, CO 80122",(720) 605-7350,https://www.evexipel.com/hormone-replacement-therapy-provider/anti-aging-at-south-suburban-littleton-co/,
Artistry Skin and Hormone,7701 Shaffer Pkwy Unit,Littleton,CO,80127,"7701 Shaffer Pkwy Unit A Littleton, CO 80127",(720) 740-1019,https://www.evexipel.com/hormone-replacement-therapy-provider/artistry-skin-and-hormone-littleton-co/,
Biomend Aesthetics And Wellness,5935 South Zang Street Ste 220,Littleton,CO,80127,"5935 South Zang Street Ste 220 Littleton, CO 80127",(352) 280-3583,https://www.evexipel.com/hormone-replacement-therapy-provider/biomend-aesthetics-and-wellness-littleton-co/,
Broadway Family Practice,6169 S Balsam Way Ste 200,Littleton,CO,80123,"6169 S Balsam Way Ste 200 Littleton, CO 80123",(720) 783-2317,https://www.evexipel.com/hormone-replacement-therapy-provider/broadway-family-practice-littleton-co/,
Colorado TRT,7261 S Broadway Ste 103,Littleton,CO,80122,"7261 S Broadway Ste 103 Littleton, CO 80122",(303) 625-6687,https://www.evexipel.com/hormone-replacement-therapy-provider/colorado-trt-littleton-co/,
Lifestyle Health Solutions,9200 W. Cross Dr. Ste. 250,Littleton,CO,80123,"9200 W. Cross Dr. Ste. 250 Littleton, CO 80123",(720) 408-2718,https://www.evexipel.com/hormone-replacement-therapy-provider/lifestyle-health-solutions-littleton-co/,
Mountain Glow Aesthetics and Wellness,6886 S. Sycamore St.,Littleton,CO,80120,"6886 S. Sycamore St. Littleton, CO 80120",(720) 586-4935,https://www.evexipel.com/hormone-replacement-therapy-provider/mountain-glow-aesthetics-and-wellness-littleton-co/,
Pinon Family Practice,9895 W. Remington Place,Littleton,CO,80128,"9895 W. Remington Place Littleton, CO 80128",(720) 706-1203,https://www.evexipel.com/hormone-replacement-therapy-provider/pinon-family-practice-littleton-co/,
RAVE Clinics,8155 Piney River Ave Ste 230,Littleton,CO,80125,"8155 Piney River Ave Ste 230 Littleton, CO 80125",(720) 807-4325,https://www.evexipel.com/hormone-replacement-therapy-provider/rave-clinics-littleton-co/,
Renu Laser & Skincare,1420 W Canal Ct Ste 180,Littleton,CO,80120,"1420 W Canal Ct Ste 180 Littleton, CO 80120",(720) 513-3945,https://www.evexipel.com/hormone-replacement-therapy-provider/renu-laser-skincare-littleton-co/,
Ultimate Health Medical Clinic,7735 W Long Dr Unit 12,Littleton,CO,80123,"7735 W Long Dr Unit 12 Littleton, CO 80123",(720) 575-3775,https://www.evexipel.com/hormone-replacement-therapy-provider/ultimate-health-medical-clinic-littleton-co/,
Advanced Integrative Medicine,"10455 Park Meadows Drive Building 1, Unit 102",Lone Tree,CO,80124,"10455 Park Meadows Drive Building 1, Unit 102 Lone Tree, CO 80124",(719) 356-3339,https://www.evexipel.com/hormone-replacement-therapy-provider/advanced-integrative-medicine-lone-tree-co/,
Atagi Aesthetics & Besana Wellness,10099 Ridgegate Pkwy Ste 430,Lone Tree,CO,80124,"10099 Ridgegate Pkwy Ste 430 Lone Tree, CO 80124",(303) 951-5527,https://www.evexipel.com/hormone-replacement-therapy-provider/atagi-aesthetics-besana-wellness-lone-tree-co/,
Big Life Integrative Health,8683 E. Lincoln Ave Suite 110,Lone Tree,CO,80124,"8683 E. Lincoln Ave Suite 110 Lone Tree, CO 80124",(719) 356-2487,https://www.evexipel.com/hormone-replacement-therapy-provider/big-life-integrative-health-lone-tree-co/,
Evexias Medical Centers - Denver,10107 Ridgegate Pkwy Ste 360,Lone Tree,CO,80124,"10107 Ridgegate Pkwy Ste 360 Lone Tree, CO 80124",(720) 730-3114,https://www.evexipel.com/hormone-replacement-therapy-provider/evexias-medical-centers-denver-lone-tree-co/,
The LaVie Institute,10535 Park Meadows Blvd Ste 350,Lone Tree,CO,80124,"10535 Park Meadows Blvd Ste 350 Lone Tree, CO 80124",(719) 299-3602,https://www.evexipel.com/hormone-replacement-therapy-provider/the-lavie-institute-lone-tree-co/,
Vanguard Integrative Medicine,9218 Kimmer Dr Ste 106,Lone Tree,CO,80124,"9218 Kimmer Dr Ste 106 Lone Tree, CO 80124",(720) 459-9470,https://www.evexipel.com/hormone-replacement-therapy-provider/vanguard-integrative-medicine-lone-tree-co/,
Rebis Health - Longmont,1630 Dry Creek Dr Ste 200,Longmont,CO,80503,"1630 Dry Creek Dr Ste 200 Longmont, CO 80503",(970) 598-5731,https://www.evexipel.com/hormone-replacement-therapy-provider/rebis-health-longmont-co/,
Eliv8 MD,335 W South Boulder Rd Ste 3,Louisville,CO,80027,"335 W South Boulder Rd Ste 3 Louisville, CO 80027",(970) 528-1125,https://www.evexipel.com/hormone-replacement-therapy-provider/eliv8-md-louisville-co/,
Bridge Health Clinic,2026 Blue Mesa Ct,Loveland,CO,80538,"2026 Blue Mesa Ct Loveland, CO 80538",(970) 680-0751,https://www.evexipel.com/hormone-replacement-therapy-provider/bridge-health-clinic-loveland-co/,
NOCO Primary Care,239 W 67th Ct.,Loveland,CO,80538,"239 W 67th Ct. Loveland, CO 80538",(970) 591-5401,https://www.evexipel.com/hormone-replacement-therapy-provider/noco-primary-care-loveland-co/,
Nu-Reflections Medspa,1052 North Cleveland Avenue,Loveland,CO,80537,"1052 North Cleveland Avenue Loveland, CO 80537",(970) 670-9595,https://www.evexipel.com/hormone-replacement-therapy-provider/nu-reflections-medspa-loveland-co/,
Compass Medical Center,2798 Woodgate Rd Unit,Montrose,CO,81401,"2798 Woodgate Rd Unit A Montrose, CO 81401",(970) 579-4728,https://www.evexipel.com/hormone-replacement-therapy-provider/compass-medical-center-montrose-co/,
"Beody, LLC",15854 Jackson Creek Pkwy #,Monument,CO,80132,"15854 Jackson Creek Pkwy # 140B Monument, CO 80132",(719) 689-8716,https://www.evexipel.com/hormone-replacement-therapy-provider/beody-llc-monument-co/,
Glover Family Medicine,1840 Deer Creek Rd Ste 101,Monument,CO,80132,"1840 Deer Creek Rd Ste 101 Monument, CO 80132",(719) 666-5628,https://www.evexipel.com/hormone-replacement-therapy-provider/glover-family-medicine-monument-co/,
Mesa Health & Aesthetics,1730 Lake Woodmoor Dr,Monument,CO,80132,"1730 Lake Woodmoor Dr Monument, CO 80132",(719) 249-0989,https://www.evexipel.com/hormone-replacement-therapy-provider/mesa-health-aesthetics-monument-co/,https://share.google/yuycFdLdPgSleC84S
Columbine Family Care PC,268 W 3rd St,Nederland,CO,80466,"268 W 3rd St Nederland, CO 80466",(970) 627-6681,https://www.evexipel.com/hormone-replacement-therapy-provider/columbine-family-care-pc-nederland-co/,
Elevated Balance Spa - Rifle,151 W Main St Unit 1,New Castle,CO,81647,"151 W Main St Unit 1 New Castle, CO 81647",(970) 840-0451,https://www.evexipel.com/hormone-replacement-therapy-provider/elevated-balance-spa-rifle-new-castle-co/,
Every Body Health and Wellness,11684 Huron Street Suite 104,Northglenn,CO,80234,"11684 Huron Street Suite 104 Northglenn, CO 80234",(720) 664-7043,https://www.evexipel.com/hormone-replacement-therapy-provider/every-body-health-and-wellness-northglenn-co/,
Skin Perfection Aesthetics,11154 Huron St Ste 103,Northglenn,CO,80234,"11154 Huron St Ste 103 Northglenn, CO 80234",(970) 601-4176,https://www.evexipel.com/hormone-replacement-therapy-provider/skin-perfection-aesthetics-northglenn-co/,
Aesthetics 360 Lash & Medspa,19647 Solar Cir,Parker,CO,80134,"19647 Solar Cir B202 Parker, CO 80134",(970) 473-2573,https://www.evexipel.com/hormone-replacement-therapy-provider/aesthetics-360-lash-medspa-parker-co/,
GLO Wellness,11020 S. Pikes Peak Dr. Ste,Parker,CO,80138,"11020 S. Pikes Peak Dr.  Ste 240B Parker, CO 80138",(720) 702-8695,https://www.evexipel.com/hormone-replacement-therapy-provider/glo-wellness-parker-co/,
Intentional Aesthetics & Wellness,19751 E. Mainstreet Suite 331,Parker,CO,80138,"19751 E. Mainstreet Suite 331 Parker, CO 80138",(970) 528-6488,https://www.evexipel.com/hormone-replacement-therapy-provider/intentional-aesthetics-wellness-parker-co/,
Painted Rock Family Medicine,9998 Dransfeldt Road,Parker,CO,80134,"9998 Dransfeldt Road Parker, CO 80134",(720) 740-1064,https://www.evexipel.com/hormone-replacement-therapy-provider/painted-rock-family-medicine-parker-co/,
Marquez Family Medicine,902 W 29th St,Pueblo,CO,81008,"902 W 29th St Pueblo, CO 81008",(719) 415-3524,https://www.evexipel.com/hormone-replacement-therapy-provider/marquez-family-medicine-pueblo-co/,
NP Primary Wellness,805 Eagleridge Blvd Ste 140,Pueblo,CO,81008,"805 Eagleridge Blvd Ste 140 Pueblo, CO 81008",(719) 299-3148,https://www.evexipel.com/hormone-replacement-therapy-provider/np-primary-wellness-pueblo-co/,
"Renew Health Direct Care, LLC",540 E Abriendo Ave Ste,Pueblo,CO,81004,"540 E Abriendo Ave Ste D Pueblo, CO 81004",(719) 423-6253,https://www.evexipel.com/hormone-replacement-therapy-provider/renew-health-direct-care-llc-pueblo-co/,
Summit Health & Pain Pueblo,1120 Minnequa Ave,Pueblo,CO,81004,"1120 Minnequa Ave Pueblo, CO 81004",(719) 800-7625,https://www.evexipel.com/hormone-replacement-therapy-provider/summit-health-pain-pueblo-co/,
Pure Spa & Wellness,279 S. Purcell Blvd Ste 100,Pueblo West,CO,81007,"279 S. Purcell Blvd Ste 100 Pueblo West, CO 81007",(719) 280-4238,https://www.evexipel.com/hormone-replacement-therapy-provider/pure-spa-wellness-pueblo-west-co/,
Radiant Healthcare,1014 Elm Ave,Rocky Ford,CO,81067,"1014 Elm Ave Rocky Ford, CO 81067",(719) 873-6480,https://www.evexipel.com/hormone-replacement-therapy-provider/radiant-healthcare-rocky-ford-co/,
Halcyon Mind & Body,2345 Main St,Superior,CO,80027,"2345 Main St Superior, CO 80027",(970) 528-4912,https://www.evexipel.com/hormone-replacement-therapy-provider/halcyon-mind-body-superior-co/,
Telluride Whole Health,307 E. Colorado Ave Suite 205,Telluride,CO,81435,"307 E. Colorado Ave Suite 205 Telluride, CO 81435",(970) 633-1153,https://www.evexipel.com/hormone-replacement-therapy-provider/telluride-whole-health-telluride-co/,
Coquette Aesthetics and Med Spa,3966 E 120th Ave,Thornton,CO,80233,"3966 E 120th Ave Thornton, CO 80233",(970) 535-8384,https://www.evexipel.com/hormone-replacement-therapy-provider/coquette-aesthetics-and-med-spa-thornton-co/,
Premier Spine & Pain Institute,9351 Grant St Suite 490,Thornton,CO,80229,"9351 Grant St Suite 490 Thornton, CO 80229",(720) 650-7057,https://www.evexipel.com/hormone-replacement-therapy-provider/premier-spine-pain-institute-thornton-co/,
Zzap Health,4650 Signal Tree Dr Unit 400,Timnath,CO,80547,"4650 Signal Tree Dr Unit 400 Timnath, CO 80547",(970) 410-8485,https://www.evexipel.com/hormone-replacement-therapy-provider/zzap-health-timnath-co/,
Lifetime Healthcare and Medical,8155 W. 94th Ave,Westminster,CO,80021,"8155 W. 94th Ave Westminster, CO 80021",(719) 326-1934,https://www.evexipel.com/hormone-replacement-therapy-provider/lifetime-healthcare-and-medical-broomfield-co/,
Rebis Health - Westminster,14190 Orchard Pkwy ste 140,Westminster,CO,80023,"14190 Orchard Pkwy ste 140 Westminster, CO 80023",(970) 528-6498,https://www.evexipel.com/hormone-replacement-therapy-provider/rebis-health-westminster-co/,
Skin Bar MedSpa Colorado,12001 Tejon St. Ste 130,Westminster,CO,80234,"12001 Tejon St.  Ste 130 Westminster, CO 80234",(720) 669-7198,https://www.evexipel.com/hormone-replacement-therapy-provider/skin-bar-medspa-colorado-westminster-co/,
"The Suite, Skin & Body",14694 Orchard Pkwy Ste,Westminster,CO,80023,"14694 Orchard Pkwy Ste 225A Westminster, CO 80023",(720) 640-4864,https://www.evexipel.com/hormone-replacement-therapy-provider/the-suite-skin-body-westminster-co/,
Onus IV,4288 Youngfield St,Wheat Ridge,CO,80033,"4288 Youngfield St Wheat Ridge, CO 80033",(719) 631-5456,https://www.evexipel.com/hormone-replacement-therapy-provider/onus-iv-wheat-ridge-co/,
AesthetiKa Wellness and Med Spa,601 Main St,Windsor,CO,80550,"601 Main St Windsor, CO 80550",(970) 659-1411,https://www.evexipel.com/hormone-replacement-therapy-provider/aesthetika-wellness-and-med-spa-windsor-co/,https://www.google.com/search?q=AesthetiKa+Wellness+and+Med+Spa&stick=H4sIAAAAAAAA_-NgU1I1qLAwN0tNMjRKNE0zS7U0szC2MqgwNUhOBbLTzIwNkw3MDZMXsco7phaXZKSWZHonKoSn5uTkpRYXKyTmpSj4pqYoBBckAgCOSU0zSwAAAA&hl=en&mat=CUBakdlywOxVElYBTVDHnjiOjKF3_xbVSCvn3V5sYLDt8tiC
Tenacity Health,471 S. Baldwin St Suite 302,Woodland Park,CO,80863,"471 S. Baldwin St Suite 302 Woodland Park, CO 80863",(719) 399-5279,https://www.evexipel.com/hormone-replacement-therapy-provider/tenacity-health-woodland-park-co/,
Pure Skin Medical Spa - Branford,1169 Main Street,Branford,CT,06405,"1169 Main Street Branford, CT 06405",(475) 270-9998,https://www.evexipel.com/hormone-replacement-therapy-provider/pure-skin-medical-spa-branford-ct/,
Hailo Aesthetics LLC,246 Federal Rd Unit CL 41 Office 1,Brookfield,CT,06804,"246 Federal Rd Unit CL 41 Office 1 Brookfield, CT 06804",(914) 256-1108,https://www.evexipel.com/hormone-replacement-therapy-provider/hailo-aesthetics-llc-brookfield-ct/,
The Aesthetic Surgery Center,722 Post Road Ste 200,Darien,CT,06820,"722 Post Road Ste 200 Darien, CT 06820",(203) 902-4647,https://www.evexipel.com/hormone-replacement-therapy-provider/the-aesthetic-surgery-center-darien-ct/,
The Shot Shop,841 Enfield St. Suite,Enfield,CT,06082,"841 Enfield St. Suite C Enfield, CT 06082",(860) 905-0306,https://www.evexipel.com/hormone-replacement-therapy-provider/the-shot-shop-enfield-ct/,
Newtown Medical Aesthetics,1499 Post Rd Suite 4,Fairfield,CT,06824,"1499 Post Rd Suite 4 Fairfield, CT 06824",(475) 267-6993,https://www.evexipel.com/hormone-replacement-therapy-provider/newtown-medical-aesthetics-fairfield-ct/,
Privá MedSpa,23 Sherman St Fl 1,Fairfield,CT,06824,"23 Sherman St Fl 1 Fairfield, CT 06824",(631) 528-6961,https://www.evexipel.com/hormone-replacement-therapy-provider/priva-medspa-fairfield-ct/,https://share.google/5fTqr8sDWmJU41mqz
Emerald Restorative Health & Wellness,6 Glenville St.,Greenwich,CT,06831,"6 Glenville St. Greenwich, CT 06831",(845) 581-3577,https://www.evexipel.com/hormone-replacement-therapy-provider/emerald-restorative-health-wellness-greenwich-ct/,
Clarity Medical Aesthetics,50 York Street,Guilford,CT,06437,"50 York Street Guilford, CT 06437",(475) 445-1052,https://www.evexipel.com/hormone-replacement-therapy-provider/clarity-medical-aesthetics-guilford-ct/,
Physicians Med Spa Aesthetics,232 Boston Post Rd Ste 14,Milford,CT,06460,"232 Boston Post Rd Ste 14 Milford, CT 06460",(475) 256-5640,https://www.evexipel.com/hormone-replacement-therapy-provider/physicians-med-spa-aesthetics-milford-ct/,
Newtown Medispa,34 Church Hill Rd Ste 1,Newtown,CT,06470,"34 Church Hill Rd Ste 1 Newtown, CT 06470",(845) 581-8264,https://www.evexipel.com/hormone-replacement-therapy-provider/newtown-medispa-newtown-ct/,
Comprehensive Neuro Pain Ctr Ridgefield,66 Grove Street,Ridgefield,CT,06877,"66 Grove Street Ridgefield, CT 06877",(475) 465-5301,https://www.evexipel.com/hormone-replacement-therapy-provider/comprehensive-neuro-pain-ctr-ridgefield-ct/,
Greenwich Medical Spa - Ridgefield,88 Danbury Road,Ridgefield,CT,06877,"88 Danbury Road Ridgefield, CT 06877",(475) 265-5323,https://www.evexipel.com/hormone-replacement-therapy-provider/greenwich-medical-spa-ridgefield-ct/,
Greenwich Medical Spa - Greenwich,1285 E Putnam Ave,Riverside,CT,06878,"1285 E Putnam Ave Riverside, CT 06878",(631) 837-2955,https://www.evexipel.com/hormone-replacement-therapy-provider/greenwich-medical-spa-greenwich-ct/,
Pure Skin Medical Spa,31 Liberty St Suite 110,Southington,CT,06489,"31 Liberty St Suite 110 Southington, CT 06489",(959) 251-1838,https://www.evexipel.com/hormone-replacement-therapy-provider/pure-skin-medical-spa-southington-ct/,
Dharma Health and Wellness LLC,849 Winsted Rd Ste,Torrington,CT,06790,"849 Winsted Rd Ste B Torrington, CT 06790",(959) 800-0490,https://www.evexipel.com/hormone-replacement-therapy-provider/dharma-health-and-wellness-llc-torrington-ct/,
Pure Skin Medical Spa - Trumbull,948 White Plains Rd Unit,Trumbull,CT,06611,"948 White Plains Rd Unit N2 Trumbull, CT 06611",(631) 349-4365,https://www.evexipel.com/hormone-replacement-therapy-provider/pure-skin-medical-spa-trumbull-ct/,
Comprehensive Neurology And Pain Ctr Ct,67 Masonic Ave Ste 2400,Wallingford,CT,06492,"67 Masonic Ave Ste 2400 Wallingford, CT 06492",(475) 253-5148,https://www.evexipel.com/hormone-replacement-therapy-provider/comprehensive-neurology-and-pain-ctr-ct-wallingford-ct/,
Glow Medical Aesthetics,172 Center St,Wallingford,CT,06492,"172 Center St Wallingford, CT 06492",(860) 579-1205,https://www.evexipel.com/hormone-replacement-therapy-provider/glow-medical-aesthetics-wallingford-ct/,
Connecticut Medical Aesthetics,8 Davis Rd,West Old Lyme,CT,06371,"8 Davis Rd West Old Lyme, CT 06371",(860) 750-8429,https://www.evexipel.com/hormone-replacement-therapy-provider/connecticut-medical-aesthetics-old-lyme-ct/,
Greenwich Medical Spa - Westport,645 Post Rd E,Westport,CT,06880,"645 Post Rd E Westport, CT 06880",(845) 622-5126,https://www.evexipel.com/hormone-replacement-therapy-provider/greenwich-medical-spa-westport-ct/,
ProMD Health Washington DC,1003 K St Nw Suite 835,Washington,DC,20001,"1003 K St Nw Suite 835 Washington, DC 20001",(301) 888-3304,https://www.evexipel.com/hormone-replacement-therapy-provider/promd-health-washington-dc-washington-dc/,
"It Is Well Healthcare, LLC",33 Gooden Ave,Dover,DE,19904,"33 Gooden Ave Dover, DE 19904",(856) 367-5243,https://www.evexipel.com/hormone-replacement-therapy-provider/it-is-well-healthcare-llc-dover-de/,
Wellness by the Sea,35998 Zion Church Road Unit 1,Frankford,DE,19945,"35998 Zion Church Road Unit 1 Frankford, DE 19945",(302) 618-2976,https://www.evexipel.com/hormone-replacement-therapy-provider/wellness-by-the-sea-frankford-de/,https://www.google.com/search?q=wellness+by+the+sea&sca_esv=9bd0e26604fdbc2f&source=hp&ei=iL4gabuvO-OQwbkP9rX_mAQ&iflsig=AOw8s4IAAAAAaSDMmRT8D1I_Ex7LQroI7LGZ7xMFYTBc&ved=0ahUKEwi7k9aa_oORAxVjSDABHfbaH0MQ4dUDCBo&uact=5&oq=wellness+by+the+sea&gs_lp=Egdnd3Mt
Seaside Wellness,17493 Nassau Commons Blvd,Lewes,DE,19958,"17493 Nassau Commons Blvd Lewes, DE 19958",(302) 291-7425,https://www.evexipel.com/hormone-replacement-therapy-provider/seaside-wellness-lewes-de/,https://share.google/FuxNLpN2ByDDr0n5R
Saltwater Aesthetics & Wellness,28467 Dupont Blvd Unit 6,Millsboro,DE,19966,"28467 Dupont Blvd Unit 6 Millsboro, DE 19966",(302) 306-2534,https://www.evexipel.com/hormone-replacement-therapy-provider/saltwater-aesthetics-wellness-millsboro-de/,
Institute of Aesthetic Medicine,28312 Lewes Georgetown Hwy Ste 6,Milton,DE,19968,"28312 Lewes Georgetown Hwy Ste 6 Milton, DE 19968",(302) 924-3356,https://www.evexipel.com/hormone-replacement-therapy-provider/institute-of-aesthetic-medicine-milton-de/,
First State Med Spa,1300 N Franklin St,Wilmington,DE,19806,"1300 N Franklin St Wilmington, DE 19806",(484) 739-7934,https://www.evexipel.com/hormone-replacement-therapy-provider/first-state-med-spa-wilmington-de/,https://www.google.com/search?sca_esv=539c00fc8c0dc83a&sxsrf=ANbL-n4ki2wEQELQKfUwJ9mRoCuIh9UQrA%3A1774292773551&q=First%20State%20Med%20Spa&stick=H4sIAAAAAAAAAONgU1I1qLCwTDZLSzG0NDFPMjA2szC2MqiwtDRNTUsxT0xJtbAwTzRJXsQq7JZZVFyiEFySWJKq4JuaohBckAgA2cApnT8AA
Lifefire Weight & Wellness - Wilmington,23A Trolley Square,Wilmington,DE,19806,"23A Trolley Square Wilmington, DE 19806",(302) 406-4408,https://www.evexipel.com/hormone-replacement-therapy-provider/lifefire-weight-wellness-wilmington-de/,
KNJ Health & Wellness,"2154 Duck Slough Blvd Ste 103B Trinity, FL",,FL,34655,"2154 Duck Slough Blvd  Ste 103B Trinity, FL, FL 34655",(727) 758-2165,https://www.evexipel.com/hormone-replacement-therapy-provider/knj-health-wellness-trinity-fl/,
Bella Vida Family Practice,11327 Okeechobee Blvd. STE,2-3 Royal Palm Beach,FL,33411,"11327 Okeechobee Blvd. STE 2-3 Royal Palm Beach, FL 33411",(561) 726-1883,https://www.evexipel.com/hormone-replacement-therapy-provider/bella-vida-family-practice-royal-palm-beach-fl/,
Bleu Medical Center,7971 SW 40th St Ste,22-23 Miami,FL,33155-6749,"7971 SW 40th St Ste 22-23 Miami, FL 33155-6749",(754) 219-2777,https://www.evexipel.com/hormone-replacement-therapy-provider/bleu-medical-center-miami-fl/,
Gables Med Aesthetics and Wellness,358 San Lorenzo Ave Ste,3225-14 Coral Gables,FL,33146,"358 San Lorenzo Ave Ste 3225-14 Coral Gables, FL 33146",(786) 977-4657,https://www.evexipel.com/hormone-replacement-therapy-provider/gables-med-aesthetics-and-wellness-coral-gables-fl/,
Southtowne Convenient Care Clinic,190 E Intendencia St Ste,A-28 Pensacola,FL,32502,"190 E Intendencia St Ste A-28 Pensacola, FL 32502",(850) 972-1228,https://www.evexipel.com/hormone-replacement-therapy-provider/southtowne-convenient-care-clinic-pensacola-fl/,
Coastal Wellness Family Medicine,5211 S Fletcher Ave Ste 250,Amelia Island,FL,32034,"5211 S Fletcher Ave Ste 250 Amelia Island, FL 32034",(904) 601-1797,https://www.evexipel.com/hormone-replacement-therapy-provider/coastal-wellness-family-medicine-fernandina-beach-fl/,
Thryv Collective,204 13Th St W,Apt A Bradenton,FL,34205,"204 13Th St W Apt A Bradenton, FL 34205",(727) 291-9115,https://www.evexipel.com/hormone-replacement-therapy-provider/thryv-collective-bradenton-fl/,
Your Pinnacle Health,117 Main Street,Auburndal,FL,33823,"117 Main Street Auburndal, FL 33823",(863) 334-3584,https://www.evexipel.com/hormone-replacement-therapy-provider/your-pinnacle-health-auburndale-fl/,
Bailey Health Solutions,224 Southpark Cir E St,Augustine,FL,32086,"224 Southpark Cir E St Augustine, FL 32086",(386) 387-5782,https://www.evexipel.com/hormone-replacement-therapy-provider/bailey-health-solutions-st-augustine-fl/,
Journey to Wellness,145 Land Grant St Suite 5 St.,Augustine,FL,32092,"145 Land Grant St Suite 5 St. Augustine, FL 32092",(386) 222-0132,https://www.evexipel.com/hormone-replacement-therapy-provider/journey-to-wellness-st-augustine-fl/,
Birman Gynecology and Aesthetics,2627 NE 203rd ST STE 115,Aventura,FL,33180,"2627 NE 203rd ST STE 115 Aventura, FL 33180",(954) 710-5241,https://www.evexipel.com/hormone-replacement-therapy-provider/birman-gynecology-and-aesthetics-aventura-fl/,
Liquivida Wellness Center,18999 Biscayne Blvd Suite 105,Aventura,FL,33180,"18999 Biscayne Blvd Suite 105 Aventura, FL 33180",(786) 876-6596,https://www.evexipel.com/hormone-replacement-therapy-provider/liquivida-wellness-center-aventura-fl/,
Miami Primary,15807 Biscayne Blvd Ste 115,Aventura,FL,33160,"15807 Biscayne Blvd Ste 115 Aventura, FL 33160",(754) 219-0021,https://www.evexipel.com/hormone-replacement-therapy-provider/miami-primary-north-miami-beach-fl/,
Sun State Medical,2801 NE 213th St Suite 1001,Aventura,FL,33180,"2801 NE 213th St Suite 1001 Aventura, FL 33180",(954) 335-5592,https://www.evexipel.com/hormone-replacement-therapy-provider/sun-state-medical-aventura-fl/,
Biotech Wellness Center,1111 Kane Concourse Ste 111,Bay Harbor Islands,FL,33154,"1111 Kane Concourse Ste 111 Bay Harbor Islands, FL 33154",(786) 504-7533,https://www.evexipel.com/hormone-replacement-therapy-provider/biotech-wellness-center-bay-harbor-islands-fl/,
Radiance Med Spa,2894 West Bay Dr,Belleair Bluffs,FL,33770,"2894 West Bay Dr Belleair Bluffs, FL 33770",(727) 353-8990,https://www.evexipel.com/hormone-replacement-therapy-provider/radiance-med-spa-belleair-bluffs-fl/,
Rejuve You,9973 SE 58th Ave Unit 104,Belleview,FL,34420,"9973 SE 58th Ave Unit 104 Belleview, FL 34420",(352) 310-8012,https://www.evexipel.com/hormone-replacement-therapy-provider/rejuve-you-belleview-fl/,
Boca Center for Healthy Living,2900 N Military Trl Ste 245,Boca Raton,FL,33431,"2900 N Military Trl Ste 245 Boca Raton, FL 33431",(561) 994-2007,https://www.evexipel.com/hormone-replacement-therapy-provider/boca-center-for-healthy-living-boca-raton-fl/,
Boca Prestige Concierge,1001 NW 13th St Suite 105,Boca Raton,FL,33486,"1001 NW 13th St Suite 105 Boca Raton, FL 33486",(754) 704-2261,https://www.evexipel.com/hormone-replacement-therapy-provider/boca-prestige-concierge-boca-raton-fl/,
MACA Integrative Health and Wellness,7035 Beracasa Way Ste 103,Boca Raton,FL,33433,"7035 Beracasa Way Ste 103 Boca Raton, FL 33433",(754) 704-0671,https://www.evexipel.com/hormone-replacement-therapy-provider/maca-integrative-health-and-wellness-boca-raton-fl/,
The Marcus Institute of Integrative,880 Nw 13Th Street Suite 400,Boca Raton,FL,33486,"880 Nw 13Th Street Suite 400 Boca Raton, FL 33486",(561) 794-2560,https://www.evexipel.com/hormone-replacement-therapy-provider/the-marcus-institute-of-integrative-boca-raton-fl/,
Nuesana Health & Wellness,27180 Bay Landing Dr Ste 2,Bonita Springs,FL,34135,"27180 Bay Landing Dr Ste 2 Bonita Springs, FL 34135",(239) 230-3768,https://www.evexipel.com/hormone-replacement-therapy-provider/nuesana-health-wellness-bonita-springs-fl/,
Restore Regenerative Medicine,25241 Elementary Way Ste 102,Bonita Springs,FL,34135,"25241 Elementary Way  Ste 102 Bonita Springs, FL 34135",(239) 932-8942,https://www.evexipel.com/hormone-replacement-therapy-provider/restore-regenerative-medicine-bonita-springs-fl/,
Andres A Albornoz MD PA,1501 Corporate Dr Ste 100,Boynton Beach,FL,33426,"1501 Corporate Dr Ste 100 Boynton Beach, FL 33426",(561) 903-1035,https://www.evexipel.com/hormone-replacement-therapy-provider/andres-a-albornoz-md-pa-boynton-beach-fl/,
Bradenton East Integrative Medicine Pa,8614 East State Road 70 Ste 200,Bradenton,FL,34202,"8614 East State Road 70 Ste 200 Bradenton, FL 34202",(941) 213-5297,https://www.evexipel.com/hormone-replacement-therapy-provider/bradenton-east-integrative-medicine-pa-bradenton-fl/,
Carla D Chapman Plc,2001 Manatee Ave E Ste 102,Bradenton,FL,34208,"2001 Manatee Ave E Ste 102 Bradenton, FL 34208",(941) 304-1025,https://www.evexipel.com/hormone-replacement-therapy-provider/carla-d-chapman-plc-bradenton-fl/,
Mosaic Medicine,3934 E State Rd 64,Bradenton,FL,34208,"3934 E State Rd 64 Bradenton, FL 34208",(941) 294-3961,https://www.evexipel.com/hormone-replacement-therapy-provider/mosaic-medicine-bradenton-fl/,
West Coast Women's Specialists,5323 4th Ave Cir E,Bradenton,FL,34208,"5323 4th Ave Cir E Bradenton, FL 34208",(727) 297-3764,https://www.evexipel.com/hormone-replacement-therapy-provider/west-coast-womens-specialists-bradenton-fl/,
Womens Care of Bradenton,4216 Cortez Rd W,Bradenton,FL,34210,"4216 Cortez Rd W Bradenton, FL 34210",(727) 292-0131,https://www.evexipel.com/hormone-replacement-therapy-provider/womens-care-of-bradenton-fl/,
Balance Aesthetic and Wellness,1138 Nikki View Dr,Brandon,FL,33511-4868,"1138 Nikki View Dr Brandon, FL 33511-4868",(656) 232-0262,https://www.evexipel.com/hormone-replacement-therapy-provider/balance-aesthetic-and-wellness-brandon-fl/,
Biggers Family Medicine,538 Wilbur St,Brandon,FL,33511,"538 Wilbur St Brandon, FL 33511",(910) 994-8078,https://www.evexipel.com/hormone-replacement-therapy-provider/biggers-family-medicine-brandon-fl/,
Trinity Wellness,201 Lithia Pinecrest Rd.,Brandon,FL,33511,"201 Lithia Pinecrest Rd. Brandon, FL 33511",(727) 594-4956,https://www.evexipel.com/hormone-replacement-therapy-provider/trinity-wellness-brandon-fl/,
JL Wellness iClinic,305,Broadway Kissimmee,FL,34741,"305 Broadway Kissimmee, FL 34741",(689) 336-3454,https://www.evexipel.com/hormone-replacement-therapy-provider/jl-wellness-iclinic-kissimmee-fl/,
Aqua Med Spa & Wellness,4419 Del Prado Blvd S. Unit,Cape Coral,FL,33904,"4419 Del Prado Blvd S. Unit #4 Cape Coral, FL 33904",(239) 426-7389,https://www.evexipel.com/hormone-replacement-therapy-provider/aqua-med-spa-wellness-cape-coral-fl/,
Cape Doc,290 Nicholas Pkwy Nw Suite,Cape Coral,FL,33991,"290 Nicholas Pkwy Nw Suite #1 Cape Coral, FL 33991",(941) 214-3437,https://www.evexipel.com/hormone-replacement-therapy-provider/cape-doc-cape-coral-fl/,
Complete Womens Care,602 SE 16th Pl,Cape Coral,FL,33990,"602 SE 16th Pl Cape Coral, FL 33990",(941) 421-5766,https://www.evexipel.com/hormone-replacement-therapy-provider/complete-womens-care-cape-coral-fl/,
K&M Aesthetics,2301 Del Prado Blvd S Ste 180,Cape Coral,FL,33990,"2301 Del Prado Blvd S Ste 180 Cape Coral, FL 33990",(239) 323-6807,https://www.evexipel.com/hormone-replacement-therapy-provider/km-aesthetics-cape-coral-fl/,
Optimal Wellness,885 SE 47th Ter Ste,Cape Coral,FL,33904,"885 SE 47th Ter Ste C Cape Coral, FL 33904",(239) 666-8020,https://www.evexipel.com/hormone-replacement-therapy-provider/optimal-wellness-cape-coral-fl/,
Thrive by K,4636 SE 9th Place Suite,Cape Coral,FL,33904,"4636 SE 9th Place Suite A Cape Coral, FL 33904",(239) 356-8771,https://www.evexipel.com/hormone-replacement-therapy-provider/thrive-by-k-cape-coral-fl/,
"Health A New, LLC",5023 S Us Highway 17/92 Suite 2,Casselberry,FL,32707,"5023 S Us Highway 17/92 Suite 2 Casselberry, FL 32707",(352) 744-3870,https://www.evexipel.com/hormone-replacement-therapy-provider/health-a-new-llc-casselberry-fl/,
Beachside Medical Center,233 N,Causeway New Smyrna Beach,FL,32169,"233 N Causeway New Smyrna Beach, FL 32169",(386) 282-8984,https://www.evexipel.com/hormone-replacement-therapy-provider/beachside-medical-center-new-smyrna-beach-fl/,
"Dr. Lourdes T. Santiago, MD",1305 S Ft Harrison Ave BLDG,Clearwater,FL,33756,"1305 S Ft Harrison Ave BLDG A Clearwater, FL 33756",(727) 617-3199,https://www.evexipel.com/hormone-replacement-therapy-provider/dr-lourdes-t-santiago-md-clearwater-fl/,
The Grossgold Clinic,609 Lakeview Rd,Clearwater,FL,33756,"609 Lakeview Rd Clearwater, FL 33756",(727) 496-6659,https://www.evexipel.com/hormone-replacement-therapy-provider/the-grossgold-clinic-clearwater-fl/,
Elevate Health Medspa & Gynecology,3190 Citrus Tower Blvd Ste,Clermont,FL,34711,"3190 Citrus Tower Blvd Ste B Clermont, FL 34711",(863) 563-1618,https://www.evexipel.com/hormone-replacement-therapy-provider/elevate-health-medspa-gynecology-clermont-fl/,
FSPI,1804 Oakley Seaver Drive Suite,Clermont,FL,34711,"1804 Oakley Seaver Drive Suite F Clermont, FL 34711",(352) 720-6097,https://www.evexipel.com/hormone-replacement-therapy-provider/fspi-clermont-fl/,
Suncoast Medical of Clermont,1705 E HWY 50,Clermont,FL,34711,"1705 E HWY 50 Clermont, FL 34711",(727) 496-6923,https://www.evexipel.com/hormone-replacement-therapy-provider/suncoast-medical-of-clermont-fl/,
Ivy Wellness and Aesthetics,5542 S Flamingo Road,Cooper City,FL,33330,"5542 S Flamingo Road Cooper City, FL 33330",(314) 451-7623,https://www.evexipel.com/hormone-replacement-therapy-provider/ivy-wellness-and-aesthetics-cooper-city-fl/,
"John J. Martin JR., M.D., P.A.",2912 S Douglas Rd,Coral Gables,FL,33134,"2912 S Douglas Rd Coral Gables, FL 33134",(786) 808-7490,https://www.evexipel.com/hormone-replacement-therapy-provider/john-j-martin-jr-md-pa-coral-gables-fl/,
"Mother Stem Institute, Inc.",2100 Ponce de Leon Blvd Ste 1080,Coral Gables,FL,33134,"2100 Ponce de Leon Blvd Ste 1080 Coral Gables, FL 33134",(754) 219-2414,https://www.evexipel.com/hormone-replacement-therapy-provider/mother-stem-institute-inc-coral-gables-fl/,
VidaVital Medical Coral Gables,2030 S Douglas Rd Ste 201,Coral Gables,FL,33134,"2030 S Douglas Rd Ste 201 Coral Gables, FL 33134",(754) 310-3473,https://www.evexipel.com/hormone-replacement-therapy-provider/vidavital-medical-coral-gables-fl/,
Age to Perfection,7501 Wiles Road Suite 101,Coral Springs,FL,33067,"7501 Wiles Road Suite 101 Coral Springs, FL 33067",(754) 704-4285,https://www.evexipel.com/hormone-replacement-therapy-provider/age-to-perfection-coral-springs-fl/,
Dr CV Wellness and Aesthetic Medicine,5850 Coral Ridge Drive Suite 103,Coral Springs,FL,33076,"5850 Coral Ridge Drive Suite 103 Coral Springs, FL 33076",(754) 254-2613,https://www.evexipel.com/hormone-replacement-therapy-provider/dr-cv-wellness-and-aesthetic-medicine-coral-springs-fl/,
Dr. Katina Health & Wellness,2901 Coral Hills Dr Ste 330,Coral Springs,FL,33065,"2901 Coral Hills Dr Ste 330 Coral Springs, FL 33065",(954) 287-0672,https://www.evexipel.com/hormone-replacement-therapy-provider/dr-katina-health-wellness-coral-springs-fl/,https://share.google/r3jqTkTyx12zURHlc
MD Touch Aesthetics & Wellness,8884 Royal Palm Blvd,Coral Springs,FL,33065,"8884 Royal Palm Blvd Coral Springs, FL 33065",(954) 715-2717,https://www.evexipel.com/hormone-replacement-therapy-provider/md-touch-aesthetics-wellness-coral-springs-fl/,
Signature Rejuvenation MD,9722 Sample Rd.,Coral Springs,FL,33065,"9722 Sample Rd. Coral Springs, FL 33065",(908) 680-0589,https://www.evexipel.com/hormone-replacement-therapy-provider/signature-rejuvenation-md-coral-springs-fl/,
"Main Street Medical Center, LLC",369 N Main St,Crestview,FL,32536,"369 N Main St Crestview, FL 32536",(850) 409-2329,https://www.evexipel.com/hormone-replacement-therapy-provider/main-street-medical-center-llc-crestview-fl/,https://share.google/uzQJnPvZKD0I35zqs
LRI Medical,756 N Suncoast Blvd,Crystal River,FL,34429,"756 N Suncoast Blvd Crystal River, FL 34429",(352) 607-2007,https://www.evexipel.com/hormone-replacement-therapy-provider/lri-medical-crystal-river-fl/,
"Liquid V, Llc",7630 Sw 34Th Mnr Ste 400,Davie,FL,33328,"7630 Sw 34Th Mnr Ste 400 Davie, FL 33328",(754) 273-9551,https://www.evexipel.com/hormone-replacement-therapy-provider/liquid-v-llc-davie-fl/,
Longevity Health DNP,2056 S University Dr,Davie,FL,33324,"2056 S University Dr Davie, FL 33324",(954) 314-2529,https://www.evexipel.com/hormone-replacement-therapy-provider/longevity-health-dnp-davie-fl/,
Medilife Griffin,4705 Volunteer Rd. Suite 102,Davie,FL,33330,"4705 Volunteer Rd. Suite 102 Davie, FL 33330",(954) 645-8183,https://www.evexipel.com/hormone-replacement-therapy-provider/medilife-griffin-southwest-ranches-fl/,
Moxie Wellness Center,12515 Orange Dr Ste 803,Davie,FL,33330,"12515 Orange Dr Ste 803 Davie, FL 33330",(754) 212-9378,https://www.evexipel.com/hormone-replacement-therapy-provider/moxie-wellness-center-davie-fl/,https://www.google.com/search?q=Moxie+Wellness+Center&stick=H4sIAAAAAAAA_-NgU1I1qDBKTjJLNjM2S05OMzQ3STW1MqgwTU1JTE0xT0sySDVKNDdNXsQq6ptfkZmqEJ6ak5OXWlys4JyaV5JaBADOUZweQQAAAA&hl=en&mat=Cas8JdmMQlWRElYBTVDHnu1b-YYja6XjMR64cFM9l6zbNkJ2J8_45R0gBo7lhA3iiijzQu
My Wellness Practice,12555 Orange Drive Suite,Davie,FL,33330,"12555 Orange Drive Suite 100A Davie, FL 33330",(954) 335-0485,https://www.evexipel.com/hormone-replacement-therapy-provider/my-wellness-practice-davie-fl/,
Florida Internal Medical Associates,1899 W Hillsboro Blvd,Deerfield Beach,FL,33442,"1899 W Hillsboro Blvd Deerfield Beach, FL 33442",(754) 812-6867,https://www.evexipel.com/hormone-replacement-therapy-provider/florida-internal-medical-associates-deerfield-beach-fl/,
Intention Health & Wellness -Delray Beach,1690 South Congress Avenue Suite 212,Delray Beach,FL,33445,"1690 South Congress Avenue Suite 212 Delray Beach, FL 33445",(561) 485-4727,https://www.evexipel.com/hormone-replacement-therapy-provider/intention-health-wellness-delray-beach-fl/,
Anchor Injury and Integrative Health,1205 N,Dixie Fwy. New Smyrna Beach,FL,32168,"1205 N Dixie Fwy. New Smyrna Beach, FL 32168",(386) 270-0241,https://www.evexipel.com/hormone-replacement-therapy-provider/anchor-injury-and-integrative-health-new-smyrna-beach-fl/,
Bayshore Womens Healthcare,10305 Northwest 58th Street Suite 501,Doral,FL,33178,"10305 Northwest 58th Street Suite 501 Doral, FL 33178",(786) 953-7651,https://www.evexipel.com/hormone-replacement-therapy-provider/bayshore-womens-healthcare-miami-fl/,
EZ Healthcare Associates Inc.,8205 NW 12th Street Suite 4,Doral,FL,33126,"8205 NW 12th Street Suite 4 Doral, FL 33126",(954) 833-4020,https://www.evexipel.com/hormone-replacement-therapy-provider/ez-healthcare-associates-inc-doral-fl/,
GLANZ Endocrinology Aesthetics Wellness,2000 Northwest 87th Avenue Ste 201,Doral,FL,33172,"2000 Northwest 87th Avenue Ste 201 Doral, FL 33172",(754) 251-1068,https://www.evexipel.com/hormone-replacement-therapy-provider/glanz-endocrinology-aesthetics-wellness-doral-fl/,
H & M Family Center,1705 NW 82nd Ave.,Doral,FL,33126,"1705 NW 82nd Ave. Doral, FL 33126",(786) 551-9274,https://www.evexipel.com/hormone-replacement-therapy-provider/h-m-family-center-doral-fl/,
Sobella Aesthetics and Wellness,3905 NW 107th Avenue Suite 409,Doral,FL,33178,"3905 NW 107th Avenue Suite 409 Doral, FL 33178",(786) 791-7027,https://www.evexipel.com/hormone-replacement-therapy-provider/sobella-aesthetics-and-wellness-doral-fl/,
Velpem Medical Center,4055 Northwest 97th Avenue Fl 1,Doral,FL,33178,"4055 Northwest 97th Avenue Fl 1 Doral, FL 33178",(754) 348-1382,https://www.evexipel.com/hormone-replacement-therapy-provider/velpem-medical-center-doral-fl/,
Artisan Face And Body,"2101 Multrees Xing Unit 103, Suite 123",Dunedin,FL,34698,"2101 Multrees Xing Unit 103, Suite 123 Dunedin, FL 34698",(727) 274-9163,https://www.evexipel.com/hormone-replacement-therapy-provider/artisan-face-and-body-dunedin-fl/,
Bloom IV Hydration & Wellness,1425 Main St Suite,Dunedin,FL,34698,"1425 Main St Suite G Dunedin, FL 34698",(727) 761-7816,https://www.evexipel.com/hormone-replacement-therapy-provider/bloom-iv-hydration-wellness-dunedin-fl/,
Advantage Primary Care,20212 E. Pennsylvania Ave Suite,Dunnellon,FL,34432,"20212 E. Pennsylvania Ave Suite B Dunnellon, FL 34432",(352) 766-5788,https://www.evexipel.com/hormone-replacement-therapy-provider/advantage-primary-care-dunnellon-fl/,
Coastline Primary Care,109 W Knapp Ave,Edgewater,FL,32132,"109 W Knapp Ave Edgewater, FL 32132",(386) 282-5469,https://www.evexipel.com/hormone-replacement-therapy-provider/coastline-primary-care-edgewater-fl/,
Sante Wave Wellness and Aesthetics,3937 South Access Rd Unit,Englewood,FL,34224,"3937 South Access Rd Unit A Englewood, FL 34224",(815) 884-3219,https://www.evexipel.com/hormone-replacement-therapy-provider/sante-wave-wellness-and-aesthetics-englewood-fl/,
Endocrinology Institute of South Florida,22904 Lyden Dr Unit 101,Estero,FL,33928,"22904 Lyden Dr Unit 101 Estero, FL 33928",(239) 350-2239,https://www.evexipel.com/hormone-replacement-therapy-provider/endocrinology-institute-of-south-florida-estero-fl/,
Seadipity Wellness,22455,Flora Parke Crossing Fernandina Beach,FL,32034,"22455 Flora Parke Crossing Fernandina Beach, FL 32034",(985) 304-5377,https://www.evexipel.com/hormone-replacement-therapy-provider/seadipity-wellness-fernandina-beach-fl/,
Pain and Spine Specialists of Florida,4750 N FederalHwy Ste 100,Fort Lauderdale,FL,33308,"4750 N FederalHwy Ste 100 Fort Lauderdale, FL 33308",(561) 678-4398,https://www.evexipel.com/hormone-replacement-therapy-provider/pain-and-spine-specialists-of-florida-fort-lauderdale-fl/,
Sörce Health,717 SE 2nd street,Fort Lauderdale,FL,33301,"717 SE 2nd street #203 Fort Lauderdale, FL 33301",(561) 717-1376,https://www.evexipel.com/hormone-replacement-therapy-provider/sorce-health-fort-lauderdale-fl/,
3D Women's Health,3949 Evans Ave STE 107,Fort Myers,FL,33901,"3949 Evans Ave STE 107 Fort Myers, FL 33901",(239) 241-9648,https://www.evexipel.com/hormone-replacement-therapy-provider/3d-womens-health-fort-myers-fl/,
Rewind Beauty Bar,1815 Fowler St ste 3,Fort Myers,FL,33901,"1815 Fowler St ste 3 Fort Myers, FL 33901",(239) 256-5992,https://www.evexipel.com/hormone-replacement-therapy-provider/rewind-beauty-bar-fort-myers-fl/,
"Timeless Elegance Medicine & Clinic, PLLC",9924 Gulf Coast Main St Ste 8,Fort Myers,FL,33913,"9924 Gulf Coast Main St Ste 8 Fort Myers, FL 33913",(239) 323-7380,https://www.evexipel.com/hormone-replacement-therapy-provider/timeless-elegance-medicine-clinic-pllc-fort-myers-fl/,
West Coast Integrative Wellness Center,12486 Brantley Commons Ct,Fort Myers,FL,33907,"12486 Brantley Commons Ct Fort Myers, FL 33907",(239) 397-2436,https://www.evexipel.com/hormone-replacement-therapy-provider/west-coast-integrative-wellness-center-fort-myers-fl/,
ANewU Aesthetics & Wellness,4965 NW 8th Ave STE E,Gainesville,FL,32605,"4965 NW 8th Ave STE E Gainesville, FL 32605",(386) 588-8418,https://www.evexipel.com/hormone-replacement-therapy-provider/anewu-aesthetics-wellness-gainesville-fl/,
Synergy Medical Group,817 Northwest 56Th Terrace Ste,Gainesville,FL,32605,"817 Northwest 56Th Terrace Ste B Gainesville, FL 32605",(386) 433-8349,https://www.evexipel.com/hormone-replacement-therapy-provider/synergy-medical-group-gainesville-fl/,
NuRemedy Wellness,13131 Kings Lake Dr Unit 103,Gibsonton,FL,33534,"13131 Kings Lake Dr Unit 103 Gibsonton, FL 33534",(727) 607-6543,https://www.evexipel.com/hormone-replacement-therapy-provider/nuremedy-wellness-gibsonton-fl/,
Eternal Beauty Spa,8200 W 33 Avenue Suite 8,Hialeah,FL,33018,"8200 W 33 Avenue Suite 8 Hialeah, FL 33018",(786) 386-1358,https://www.evexipel.com/hormone-replacement-therapy-provider/eternal-beauty-spa-hialeah-fl/,
Sanchez Health Care,260 Hialeah Dr.,Hialeah,FL,33010,"260 Hialeah Dr. Hialeah, FL 33010",(786) 829-7209,https://www.evexipel.com/hormone-replacement-therapy-provider/sanchez-health-care-hialeah-fl/,
Retromoderno Primary Care Corp,8040 NW 95th St Ste 109,Hialeah Gardens,FL,33016,"8040 NW 95th St Ste 109 Hialeah Gardens, FL 33016",(754) 219-3764,https://www.evexipel.com/hormone-replacement-therapy-provider/retromoderno-primary-care-corp-hialeah-gardens-fl/,
Aesthetic Instinct Clinic,3325 Hollywood Blvd Ste 206,Hollywood,FL,33021,"3325 Hollywood Blvd Ste 206 Hollywood, FL 33021",(754) 209-2579,https://www.evexipel.com/hormone-replacement-therapy-provider/aesthetic-instinct-clinic-hollywood-fl/,
Jireh Medical Center,7900 Northwest 33Rd Street Ste 101,Hollywood,FL,33024,"7900 Northwest 33Rd Street Ste 101 Hollywood, FL 33024",(954) 420-8016,https://www.evexipel.com/hormone-replacement-therapy-provider/jireh-medical-center-hollywood-fl/,
South Florida Practitioners & Associates,15600 SW 288th St Ste 105,Homestead,FL,33033,"15600 SW 288th St Ste 105 Homestead, FL 33033",(786) 981-8196,https://www.evexipel.com/hormone-replacement-therapy-provider/south-florida-practitioners-associates-homestead-fl/,
Wellness Imagined,13910 Fivay Rd Ste 12,Hudson,FL,34667,"13910 Fivay Rd Ste 12 Hudson, FL 34667",(727) 761-6163,https://www.evexipel.com/hormone-replacement-therapy-provider/wellness-imagined-hudson-fl/,
CR Health & Wellness,420 4Th Avenue Suite,Indialantic,FL,32903,"420 4Th Avenue Suite A Indialantic, FL 32903",(321) 406-7382,https://www.evexipel.com/hormone-replacement-therapy-provider/cr-health-wellness-indialantic-fl/,
Citrus Infusion & Injection Center,906 Eden Dr,Inverness,FL,34452,"906 Eden Dr Inverness, FL 34452",(352) 697-7351,https://www.evexipel.com/hormone-replacement-therapy-provider/citrus-infusion-injection-center-inverness-fl/,
Amara Med Spa,4853 Big Island Dr,Jacksonville,FL,32246,"4853 Big Island Dr Jacksonville, FL 32246",(904) 822-3787,https://www.evexipel.com/hormone-replacement-therapy-provider/amara-med-spa-jacksonville-fl/,
Coastal Medical Care,13241 Bartram Park Boulevard Unit 713,Jacksonville,FL,32258,"13241 Bartram Park Boulevard Unit 713 Jacksonville, FL 32258",(904) 529-0740,https://www.evexipel.com/hormone-replacement-therapy-provider/coastal-medical-care-jacksonville-fl/,
Go Beyond Aesthetics,9770 Old Baymeadows Rd Suite 117,Jacksonville,FL,32256,"9770 Old Baymeadows Rd Suite 117 Jacksonville, FL 32256",(904) 822-0470,https://www.evexipel.com/hormone-replacement-therapy-provider/go-beyond-aesthetics-jacksonville-fl/,
Integra Concierge Medicine,10175 Fortune Pkwy Unit 204,Jacksonville,FL,32256,"10175 Fortune Pkwy Unit 204 Jacksonville, FL 32256",(904) 585-2250,https://www.evexipel.com/hormone-replacement-therapy-provider/integra-concierge-medicine-jacksonville-fl/,
Limitless Me Wellness,"11555 Central Parkway, Suite 402",Jacksonville,FL,32224,"11555 Central Parkway, Suite 402 Jacksonville, FL 32224",(904) 789-8027,https://www.evexipel.com/hormone-replacement-therapy-provider/limitless-me-wellness-jacksonville-fl/,
Luminess Med Spa,7540 Gate Pkwy Ste 109,Jacksonville,FL,32256,"7540 Gate Pkwy Ste 109 Jacksonville, FL 32256",(904) 456-0212,https://www.evexipel.com/hormone-replacement-therapy-provider/luminess-med-spa-jacksonville-fl/,https://share.google/6kHyJlWTIT8dIFrOD
Northeast Florida Internal Medicine,2065 Herschel St,Jacksonville,FL,32204,"2065 Herschel St Jacksonville, FL 32204",(904) 830-9584,https://www.evexipel.com/hormone-replacement-therapy-provider/northeast-florida-internal-medicine-jacksonville-fl/,
Nuvita Wellness Center,11512 Lake Mead Ave Unit 702,Jacksonville,FL,32256,"11512 Lake Mead Ave Unit 702 Jacksonville, FL 32256",(904) 674-3327,https://www.evexipel.com/hormone-replacement-therapy-provider/nuvita-wellness-center-jacksonville-fl/,
Omega Health & Wellness,8761 Perimeter Park Blvd Suite 101,Jacksonville,FL,32216,"8761 Perimeter Park Blvd Suite 101 Jacksonville, FL 32216",(904) 830-6034,https://www.evexipel.com/hormone-replacement-therapy-provider/omega-health-wellness-jacksonville-fl/,
Rejuvenate Life,8421 Baymeadows Way Ste 116,Jacksonville,FL,32256,"8421 Baymeadows Way Ste 116 Jacksonville, FL 32256",(904) 605-2369,https://www.evexipel.com/hormone-replacement-therapy-provider/rejuvenate-life-jacksonville-fl/,
Reliance Medical Associates of Jax,8833 Perimeter Park Blvd STE 503,Jacksonville,FL,32216,"8833 Perimeter Park Blvd STE 503 Jacksonville, FL 32216",(904) 817-0592,https://www.evexipel.com/hormone-replacement-therapy-provider/reliance-medical-associates-of-jax-jacksonville-fl/,
Slym Wellness Clinic,4241 Baymeadows Rd Suite 16,Jacksonville,FL,32217,"4241 Baymeadows Rd Suite 16 Jacksonville, FL 32217",(904) 506-1288,https://www.evexipel.com/hormone-replacement-therapy-provider/slym-wellness-clinic-jacksonville-fl/,
St Johns Integrated Health,11363 San Jose Blvd Suite,Jacksonville,FL,32223,"11363 San Jose Blvd Suite 102B Jacksonville, FL 32223",(904) 747-6931,https://www.evexipel.com/hormone-replacement-therapy-provider/st-johns-integrated-health-jacksonville-fl/,
Pure Harmony,1198 Beach Blvd Ste 8,Jacksonville Beach,FL,32250,"1198 Beach Blvd Ste 8 Jacksonville Beach, FL 32250",(904) 831-1335,https://www.evexipel.com/hormone-replacement-therapy-provider/pure-harmony-jacksonville-beach-fl/,
Ob/Gyn Specialists - Jupiter,345 Jupiter Lakes Blvd Ste 200,Jupiter,FL,33458,"345 Jupiter Lakes Blvd Ste 200 Jupiter, FL 33458",(561) 838-4243,https://www.evexipel.com/hormone-replacement-therapy-provider/obgyn-specialists-jupiter-fl/,https://share.google/q84be6vxn12i4hySU
Signature Keys Medical,3140 Northside Dr. BLDG,Key West,FL,33040,"3140 Northside Dr. BLDG A Key West, FL 33040",(786) 751-6446,https://www.evexipel.com/hormone-replacement-therapy-provider/signature-keys-medical-key-west-fl/,
Anna's Medical Care,316 W Bass St Unit 203,Kissimmee,FL,34741,"316 W Bass St Unit 203 Kissimmee, FL 34741",(786) 386-2166,https://www.evexipel.com/hormone-replacement-therapy-provider/annas-medical-care-kissimmee-fl/,
Central FL Total Healthcare Kissimmee,1118 Cypress Glen Cir,Kissimmee,FL,34741,"1118 Cypress Glen Cir Kissimmee, FL 34741",(386) 282-5175,https://www.evexipel.com/hormone-replacement-therapy-provider/central-fl-total-healthcare-kissimmee-fl/,
MG Medical Center,1213 N Central Ave,Kissimmee,FL,34741,"1213 N Central Ave Kissimmee, FL 34741",(863) 563-2276,https://www.evexipel.com/hormone-replacement-therapy-provider/mg-medical-center-kissimmee-fl/,
Sunshine Medical & Wellness Center,1001 West Cherry Street Ste,Kissimmee,FL,34741,"1001 West Cherry Street Ste A Kissimmee, FL 34741",(689) 407-2819,https://www.evexipel.com/hormone-replacement-therapy-provider/sunshine-medical-wellness-center-kissimmee-fl/,
RDM Magnolia Practice Care,777 W. Duval Street,Lake City,FL,32055,"777 W. Duval Street Lake City, FL 32055",(386) 272-5104,https://www.evexipel.com/hormone-replacement-therapy-provider/rdm-magnolia-practice-care-lake-city-fl/,
Still Waters Family Healthcare,1840 Forest Hill Blvd STE 201,Lake Clarke Shores,FL,33406,"1840 Forest Hill Blvd STE 201 Lake Clarke Shores, FL 33406",(561) 486-9631,https://www.evexipel.com/hormone-replacement-therapy-provider/still-waters-family-healthcare-lake-clarke-shores-fl/,
Clique Health & Wellness,5315 S Florida Avenue Ste 1,Lakeland,FL,33813,"5315 S Florida Avenue Ste 1 Lakeland, FL 33813",(863) 563-1943,https://www.evexipel.com/hormone-replacement-therapy-provider/clique-health-wellness-lakeland-fl/,https://www.google.com/search?q=Clique+Salon+%26+Med+Spa&stick=H4sIAAAAAAAA_-NgU1I1qLCwSEkxTjNOMzQ1NDYzMTC1MqhIMzFKM7GwtExLTEw1S0k2WsQq5pyTWViaqhCcmJOfp6Cm4JuaohBckAgAgZlvckIAAAA&hl=en&mat=CXMbZlXABa-IElcBTVDHnsgl_XVu2iGEwkFFb4xbRN6CyH0ctMuKQL6x7GoWVSexl8
Enhanced Lifestyle Healthcare,2125 Harden Blvd,Lakeland,FL,33803,"2125 Harden Blvd Lakeland, FL 33803",(863) 576-5309,https://www.evexipel.com/hormone-replacement-therapy-provider/enhanced-lifestyle-healthcare-lakeland-fl/,
Florida Cosmetic Center,4019 US Hwy 98 N STE 121,Lakeland,FL,33809,"4019 US Hwy 98 N STE 121 Lakeland, FL 33809",(352) 227-6448,https://www.evexipel.com/hormone-replacement-therapy-provider/florida-cosmetic-center-lakeland-fl/,
Freedom Family Practice,2929 Lakeland Highlands Rd Ste,Lakeland,FL,33803,"2929 Lakeland Highlands Rd Ste A2 Lakeland, FL 33803",(863) 270-8784,https://www.evexipel.com/hormone-replacement-therapy-provider/freedom-family-practice-lakeland-fl/,
Novus Spine & Pain Center,631 Mid-Florida Dr,Lakeland,FL,33813,"631 Mid-Florida Dr Lakeland, FL 33813",(863) 900-9405,https://www.evexipel.com/hormone-replacement-therapy-provider/novus-spine-pain-center-lakeland-fl/,
Randolph's Family Health and Wellness,3037 Lakeland Hills Blvd Ste,Lakeland,FL,33805,"3037 Lakeland Hills Blvd Ste 7A Lakeland, FL 33805",(863) 474-2769,https://www.evexipel.com/hormone-replacement-therapy-provider/randolphs-family-health-and-wellness-lakeland-fl/,
Age Reversal Technology Center,6968 Professional Pkwy,Lakewood Ranch,FL,34240,"6968 Professional Pkwy Lakewood Ranch, FL 34240",(941) 244-9178,https://www.evexipel.com/hormone-replacement-therapy-provider/age-reversal-technology-center-lakewood-ranch-fl/,
Concierge Health and Aesthetics,9015 Town Center Parkway Unit 112,Lakewood Ranch,FL,34202,"9015 Town Center Parkway Unit 112 Lakewood Ranch, FL 34202",(941) 347-0396,https://www.evexipel.com/hormone-replacement-therapy-provider/concierge-health-and-aesthetics-lakewood-ranch-fl/,
Eros Vitality,6958 Professional Pkwy,Lakewood Ranch,FL,34240,"6958 Professional Pkwy Lakewood Ranch, FL 34240",(941) 207-0355,https://www.evexipel.com/hormone-replacement-therapy-provider/eros-vitality-sarasota-fl/,
Premiere Concierge & Wellness,11505 Palmbrush Trl Ste 200,Lakewood Ranch,FL,34202,"11505 Palmbrush Trl Ste 200 Lakewood Ranch, FL 34202",(941) 946-5418,https://www.evexipel.com/hormone-replacement-therapy-provider/premiere-concierge-wellness-lakewood-ranch-fl/,https://share.google/bZ87VTFDxQQI4Nx25
Gard Wellness Solutions,325 W,"Lantana Rd, Lantana",FL,33462,"325 W Lantana Rd, Lantana, FL 33462",(561) 782-0169,https://www.evexipel.com/hormone-replacement-therapy-provider/gard-wellness-solutions-lantana-fl/,
Optimize Integrative Health,13201 Walsingham Rd Ste 101,Largo,FL,33774,"13201 Walsingham Rd Ste 101 Largo, FL 33774",(727) 312-0148,https://www.evexipel.com/hormone-replacement-therapy-provider/optimize-integrative-health-largo-fl/,
SynthesizedCare,9393 98th Avenue,Largo,FL,33777,"9393 98th Avenue Largo, FL 33777",(505) 370-3121,https://www.evexipel.com/hormone-replacement-therapy-provider/synthesizedcare-largo-fl/,
MedChic Aesthetics,2771 E. Oakland Park Blvd Suite 5,Lauderdale,FL,33306,"2771 E. Oakland Park Blvd Suite 5 Ft Lauderdale, FL 33306",(561) 666-1439,https://www.evexipel.com/hormone-replacement-therapy-provider/medchic-aesthetics-fort-lauderdale-fl/,
"Inspired Functional Medicine, Inc",2349 North Lecanto Hwy Suite,Lecanto,FL,34461,"2349 North Lecanto Hwy Suite B Lecanto, FL 34461",(352) 646-3779,https://www.evexipel.com/hormone-replacement-therapy-provider/inspired-functional-medicine-inc-lecanto-fl/,
Wellness and Preventive Care of SWFL,5598 8th St W Unit 4,Leighi Acres,FL,33971,"5598 8th St W Unit 4 Leighi Acres, FL 33971",(239) 364-7568,https://www.evexipel.com/hormone-replacement-therapy-provider/wellness-and-preventive-care-of-swfl-lehigh-acres-fl/,
Rebuild Regen Medical Clinic,3320 North Federal Highway,Lighthouse Point,FL,33064,"3320 North Federal Highway Lighthouse Point, FL 33064",(754) 253-3039,https://www.evexipel.com/hormone-replacement-therapy-provider/rebuild-regen-medical-clinic-lighthouse-point-fl/,
Reed Medical Group,509 Bay Isles Pkwy,Longboat Key,FL,34228,"509 Bay Isles Pkwy Longboat Key, FL 34228",(941) 541-1953,https://www.evexipel.com/hormone-replacement-therapy-provider/reed-medical-group-longboat-key-fl/,
Evolve Health & Wellness,231 W Bay Ave,Longwood,FL,32750,"231 W Bay Ave Longwood, FL 32750",(689) 204-2853,https://www.evexipel.com/hormone-replacement-therapy-provider/evolve-health-wellness-longwood-fl/,
Ideal Family Practice,12953 Palms W Dr Suite 202,Loxachatchee,FL,33470,"12953 Palms W Dr Suite 202 Loxachatchee, FL 33470",(561) 269-6252,https://www.evexipel.com/hormone-replacement-therapy-provider/ideal-family-practice-royal-palm-beach-fl/,
FAMILY FIRST WELLNESS,16541 Pointe Village Dr Ste 211,Lutz,FL,33558,"16541 Pointe Village Dr Ste 211 Lutz, FL 33558",(727) 746-5323,https://www.evexipel.com/hormone-replacement-therapy-provider/family-first-wellness-lutz-fl/,
London Collective,16541 Pointe Village Dr Ste 207,Lutz,FL,33558,"16541 Pointe Village Dr Ste 207 Lutz, FL 33558",(727) 273-7449,https://www.evexipel.com/hormone-replacement-therapy-provider/london-collective-lutz-fl/,https://share.google/mFy3NGmO39qcZ4MK4
South Beach Wellness Center,2975 Allegra Way,Lutz,FL,33559,"2975 Allegra Way Lutz, FL 33559",(813) 798-4067,https://www.evexipel.com/hormone-replacement-therapy-provider/south-beach-wellness-center-lutz-fl/,
Foundations at Maitland,260 Lookout Place Ste 201,Maitland,FL,32751,"260 Lookout Place Ste 201 Maitland, FL 32751",(407) 214-4502,https://www.evexipel.com/hormone-replacement-therapy-provider/foundations-at-maitland-fl/,
Timeless Interventional Of Naples,606 Bald Eagle Dr Ste 610,Marco Island,FL,34145,"606 Bald Eagle Dr Ste 610 Marco Island, FL 34145",(239) 259-9075,https://www.evexipel.com/hormone-replacement-therapy-provider/timeless-interventional-of-naples-marco-island-fl/,
Families First Physicians,520 E. New Haven Avenue,Melbourne,FL,32901,"520 E. New Haven Avenue Melbourne, FL 32901",(321) 463-4758,https://www.evexipel.com/hormone-replacement-therapy-provider/families-first-physicians-melbourne-fl/,
Holistic Wellness NP,2090 Sarno Rd,Melbourne,FL,32935,"2090 Sarno Rd Melbourne, FL 32935",(321) 334-2479,https://www.evexipel.com/hormone-replacement-therapy-provider/holistic-wellness-np-melbourne-fl/,
Renew You,8045 Spyglass Hill Rd Ste 102,Melbourne,FL,32940,"8045 Spyglass Hill Rd Ste 102 Melbourne, FL 32940",(321) 326-7734,https://www.evexipel.com/hormone-replacement-therapy-provider/renew-you-melbourne-fl/,
Aesthetically Alluring,12914 SW 133rd Ct,Miami,FL,33186,"12914 SW 133rd Ct Miami, FL 33186",(786) 977-4049,https://www.evexipel.com/hormone-replacement-therapy-provider/aesthetically-alluring-miami-fl/,
Angeles Wellness Center,10300 SW 72nd St. Suite 356,Miami,FL,33173,"10300 SW 72nd St. Suite 356 Miami, FL 33173",(754) 254-3169,https://www.evexipel.com/hormone-replacement-therapy-provider/angeles-wellness-center-miami-fl/,
Aventura OBGYN Advanced Care,12550 Biscayne Blvd Ste 906,Miami,FL,33181,"12550 Biscayne Blvd Ste 906 Miami, FL 33181",(786) 833-6895,https://www.evexipel.com/hormone-replacement-therapy-provider/aventura-obgyn-advanced-care-north-miami-fl/,
Bayshore Womens Healthcare- Mercy,3661 South Miami Avenue 704,Miami,FL,33133,"3661 South Miami Avenue 704 Miami, FL 33133",(305) 854-8112,https://www.evexipel.com/hormone-replacement-therapy-provider/bayshore-womens-healthcare-mercy-miami-fl/,
"Body Art Rejuvenation, LLC",13550 SW 88th St Ste 130,Miami,FL,33186,"13550 SW 88th St Ste 130 Miami, FL 33186",(786) 627-5173,https://www.evexipel.com/hormone-replacement-therapy-provider/body-art-rejuvenation-llc-miami-fl/,
Complete Womens Care - Miami,8501 Southwest 124th Avenue,Miami,FL,33183,"8501 Southwest 124th Avenue #206 Miami, FL 33183",(561) 717-7894,https://www.evexipel.com/hormone-replacement-therapy-provider/complete-womens-care-miami-fl/,
D Clinik Inc,7950 NW 53 ST STE 132,Miami,FL,33166,"7950 NW 53 ST STE 132 Miami, FL 33166",(786) 964-4699,https://www.evexipel.com/hormone-replacement-therapy-provider/d-clinik-inc-doral-fl/,
Elly Wellness,8700 W Flagler Street Ste 401,Miami,FL,33174,"8700 W Flagler Street Ste 401 Miami, FL 33174",(786) 461-1790,https://www.evexipel.com/hormone-replacement-therapy-provider/elly-wellness-miami-fl/,https://www.google.com/search?gs_ssp=eJzj4tVP1zc0LCkwNbMwy4s3YLRSNaiwsEixTLI0NrVITDYxTTUwtTKoSEpMNEtJMzFLNTc0STGyTPPiSc3JqSwHEnmpxcUAiREUXw&q=ellywellness&rlz=1C1ONGR_enUS1162US1162&oq=ellywe&gs_lcrp=EgZjaHJvbWUqEAgBEC4YrwEYxwEYgAQYjgUyCQgAEEUYORiABDIQCAE
Excel Aesthetics,15490 NW 7th Ave STE 210,Miami,FL,33169,"15490 NW 7th Ave STE 210 Miami, FL 33169",(786) 957-4537,https://www.evexipel.com/hormone-replacement-therapy-provider/excel-aesthetics-miami-fl/,
"Florida Medical Care Group, Corp.",13190 SW 134 Street Suite 108,Miami,FL,33186,"13190 SW 134 Street Suite 108 Miami, FL 33186",(786) 481-0759,https://www.evexipel.com/hormone-replacement-therapy-provider/florida-medical-care-group-corp-miami-fl/,
"Functional Family Medicine, LLC",3241 NW 7th St,Miami,FL,33125,"3241 NW 7th St Miami, FL 33125",(786) 808-1523,https://www.evexipel.com/hormone-replacement-therapy-provider/functional-family-medicine-llc-miami-fl/,
G-Nouva,2475 NW 95th Ave Unit 2,Miami,FL,33172,"2475 NW 95th Ave Unit 2 Miami, FL 33172",(754) 260-1262,https://www.evexipel.com/hormone-replacement-therapy-provider/g-nouva-miami-fl/,https://share.google/2eyFiHDiY8kEcZa9i
Golden Aesthetics & Wellness,6840 Bird Rd. Ste 207,Miami,FL,33155,"6840 Bird Rd. Ste 207 Miami, FL 33155",(954) 329-0372,https://www.evexipel.com/hormone-replacement-therapy-provider/golden-aesthetics-wellness-miami-fl/,
IV Drop Revival & Glow Inc.,11760 SW 40th St Ste 741,Miami,FL,33175,"11760 SW 40th St Ste 741 Miami, FL 33175",(786) 761-7874,https://www.evexipel.com/hormone-replacement-therapy-provider/iv-drop-revival-glow-inc-miami-fl/,
Infinite Wellness Miami,9280 SW 72nd St # 102,Miami,FL,33173,"9280 SW 72nd St # 102 Miami, FL 33173",(305) 701-5344,https://www.evexipel.com/hormone-replacement-therapy-provider/infinite-wellness-miami-fl/,
International Orthopaedic Specialists,2260 NE 123rd St,Miami,FL,33181,"2260 NE 123rd St Miami, FL 33181",(754) 354-7046,https://www.evexipel.com/hormone-replacement-therapy-provider/international-orthopaedic-specialists-miami-fl/,
"Intyma, llc",11430 N Kendall Drive Suite 108,Miami,FL,33176,"11430 N Kendall Drive Suite 108 Miami, FL 33176",(786) 259-1408,https://www.evexipel.com/hormone-replacement-therapy-provider/intyma-llc-miami-fl/,
LCC Medical Research Institute,1150 NW 72nd Ave Ste 620,Miami,FL,33126,"1150 NW 72nd Ave Ste 620 Miami, FL 33126",(786) 791-2307,https://www.evexipel.com/hormone-replacement-therapy-provider/lcc-medical-research-institute-miami-fl/,
La Perla Med Center,7811 Coral Wayste Ste 130,Miami,FL,33155,"7811 Coral Wayste Ste 130 Miami, FL 33155",(786) 551-4482,https://www.evexipel.com/hormone-replacement-therapy-provider/la-perla-med-center-miami-fl/,
Lely Med,8950 Sw 74Th Ct Ste 1207,Miami,FL,33156,"8950 Sw 74Th Ct Ste 1207 Miami, FL 33156",(754) 208-1625,https://www.evexipel.com/hormone-replacement-therapy-provider/lely-med-miami-fl/,
Life & Wellness Health Center,7949 NW 2ND ST,Miami,FL,33126,"7949 NW 2ND ST Miami, FL 33126",(954) 335-6210,https://www.evexipel.com/hormone-replacement-therapy-provider/life-wellness-health-center-miami-fl/,
Miami Women's Health Associates,3661 S Miami Ave Ste 1005,Miami,FL,33133,"3661 S Miami Ave Ste 1005 Miami, FL 33133",(786) 829-7840,https://www.evexipel.com/hormone-replacement-therapy-provider/miami-womens-health-associates-miami-fl/,
Myami 5050 LLC,2700 North Miami Avenue Suite 404,Miami,FL,33127,"2700 North Miami Avenue Suite 404 Miami, FL 33127",(754) 312-6596,https://www.evexipel.com/hormone-replacement-therapy-provider/myami-5050-llc-miami-fl/,
Nugen Wellness & Aesthetics,10045 SW 72nd St,Miami,FL,33173,"10045 SW 72nd St Miami, FL 33173",(786) 981-9343,https://www.evexipel.com/hormone-replacement-therapy-provider/nugen-wellness-aesthetics-miami-fl/,
Optimal Wellness By Lidi,9595 N Kendall Dr Ste 211,Miami,FL,33176,"9595 N Kendall Dr Ste 211 Miami, FL 33176",(786) 481-0268,https://www.evexipel.com/hormone-replacement-therapy-provider/optimal-wellness-by-lidi-miami-fl/,
"Physician Associates, LLC",10860 SW 88th St Suite 200,Miami,FL,33176,"10860 SW 88th St Suite 200 Miami, FL 33176",(786) 758-5774,https://www.evexipel.com/hormone-replacement-therapy-provider/physician-associates-llc-miami-fl/,
Rejuvenate by Silvia,11440 N. Kendall Drive Suite 106,Miami,FL,33176,"11440 N. Kendall Drive Suite 106 Miami, FL 33176",(786) 377-6722,https://www.evexipel.com/hormone-replacement-therapy-provider/rejuvenate-by-silvia-miami-fl/,
Revive Health & Beauty - Miami,14255 sw 42 ave Suite,Miami,FL,33175,"14255 sw 42 ave Suite 13b Miami, FL 33175",(786) 789-1160,https://www.evexipel.com/hormone-replacement-therapy-provider/revive-health-beauty-miami-fl/,
Serenity Wellness Center,8830 SW 129th Terrace Suite 8828b- 2nd floor,Miami,FL,33176,"8830 SW 129th Terrace Suite 8828b- 2nd floor Miami, FL 33176",(786) 886-1545,https://www.evexipel.com/hormone-replacement-therapy-provider/serenity-wellness-center-miami-fl/,
Somi Hormone Health & Wellness,7000 SW 62nd Ave Ste 400,Miami,FL,33143,"7000 SW 62nd Ave Ste 400 Miami, FL 33143",(754) 219-4327,https://www.evexipel.com/hormone-replacement-therapy-provider/somi-hormone-health-wellness-south-miami-fl/,
Springs Medical & Research,1778 W Flagler St. Ste 100,Miami,FL,33135,"1778 W Flagler St. Ste 100 Miami, FL 33135",(305) 912-0857,https://www.evexipel.com/hormone-replacement-therapy-provider/springs-medical-research-miami-fl/,
Sunvital Healthcare Center,7270 NW 12th St Ste 420,Miami,FL,33126,"7270 NW 12th St Ste 420 Miami, FL 33126",(786) 460-2184,https://www.evexipel.com/hormone-replacement-therapy-provider/sunvital-healthcare-center-miami-fl/,
Vitality Healthcare Group,14873 South Dixie Highway,Miami,FL,33176,"14873 South Dixie Highway Miami, FL 33176",(786) 650-0014,https://www.evexipel.com/hormone-replacement-therapy-provider/vitality-healthcare-group-miami-fl/,
Vive By Dr. G MD,3661 S Miami Ave Ste 106,Miami,FL,33133,"3661 S Miami Ave Ste 106 Miami, FL 33133",(754) 802-2241,https://www.evexipel.com/hormone-replacement-therapy-provider/vive-by-dr-g-md-miami-fl/,
Women's Care Gynecology and Fertility,19300 W Dixie Highway Unit 1,Miami,FL,33180,"19300 W Dixie Highway Unit 1 Miami, FL 33180",(786) 791-2998,https://www.evexipel.com/hormone-replacement-therapy-provider/womens-care-gynecology-and-fertility-aventura-fl/,
Dreams Medical Center,15935 Nw 57 Ave,Miami Lakes,FL,33014,"15935 Nw 57 Ave Miami Lakes, FL 33014",(786) 474-9969,https://www.evexipel.com/hormone-replacement-therapy-provider/dreams-medical-center-miami-lakes-fl/,
82 Magnolia Aesthetics & Wellness,6867 Oak St,Milton,FL,32570,"6867 Oak St Milton, FL 32570",(850) 972-2893,https://www.evexipel.com/hormone-replacement-therapy-provider/82-magnolia-aesthetics-wellness-milton-fl/,
The Hormone Restoration Center,12889 Hwy 98 Suite,Miramar Beach,FL,32550,"12889 Hwy 98 Suite 107B Miramar Beach, FL 32550",(850) 837-1271,https://www.evexipel.com/hormone-replacement-therapy-provider/the-hormone-restoration-center-miramar-beach-fl/,
Dragonfly MedSpa & Hormone Wellness,6909 Old Highway 441 S Ste 221,Mount Dora,FL,32757,"6909 Old Highway 441 S Ste 221 Mount Dora, FL 32757",(321) 351-3409,https://www.evexipel.com/hormone-replacement-therapy-provider/dragonfly-medspa-hormone-wellness-mt-dora-fl/,
Coastal Wellness of Naples,3845 Beck Blvd Ste 807,Naples,FL,34114,"3845 Beck Blvd Ste 807 Naples, FL 34114",(239) 329-8479,https://www.evexipel.com/hormone-replacement-therapy-provider/coastal-wellness-of-naples-fl/,
"Diane Brzezinski, DO",1250 Pine Ridge Rd Ste,Naples,FL,34108,"1250 Pine Ridge Rd Ste 101A Naples, FL 34108",(239) 778-7899,https://www.evexipel.com/hormone-replacement-therapy-provider/diane-brzezinski-do-naples-fl/,
Glowtique Salon & MedSpa,15275 Collier Blvd Ste 206,Naples,FL,34119,"15275 Collier Blvd Ste 206 Naples, FL 34119",(239) 230-4842,https://www.evexipel.com/hormone-replacement-therapy-provider/glowtique-salon-medspa-naples-fl/,
"Goodwin Medical Center, Internal Medicine",12260 Tamiami Trail East Ste 102,Naples,FL,34113,"12260 Tamiami Trail East Ste 102 Naples, FL 34113",(239) 259-7662,https://www.evexipel.com/hormone-replacement-therapy-provider/goodwin-medical-center-internal-medicine-naples-fl/,
Integrative Medicine & Concierge,13240 Tamiami Trail N Suite 204,Naples,FL,34110,"13240 Tamiami Trail N Suite 204 Naples, FL 34110",(239) 388-3517,https://www.evexipel.com/hormone-replacement-therapy-provider/integrative-medicine-concierge-naples-fl/,
NCH,311 Tamiami Trl N Ste 306,Naples,FL,34102,"311 Tamiami Trl N Ste 306 Naples, FL 34102",(940) 340-5736,https://www.evexipel.com/hormone-replacement-therapy-provider/nch-naples-fl/,
Naples Clinic,7385 Radio Rd Ste 104,Naples,FL,34104,"7385 Radio Rd Ste 104 Naples, FL 34104",(239) 688-4179,https://www.evexipel.com/hormone-replacement-therapy-provider/naples-clinic-naples-fl/,
Neuroscience and Spine Associates,130 Tamiami Trail N STE 250,Naples,FL,34102,"130 Tamiami Trail N STE 250 Naples, FL 34102",(239) 388-5816,https://www.evexipel.com/hormone-replacement-therapy-provider/neuroscience-and-spine-associates-naples-fl/,
"Prime MD of Naples, PLLC",2515 Northbrooke Plaza Dr Ste 200,Naples,FL,34119,"2515 Northbrooke Plaza Dr Ste 200 Naples, FL 34119",(239) 259-9887,https://www.evexipel.com/hormone-replacement-therapy-provider/prime-md-of-naples-pllc-naples-fl/,
WVL Synergy,599 Ninth Street North Suite 211,Naples,FL,34102,"599 Ninth Street North Suite 211 Naples, FL 34102",(239) 420-6587,https://www.evexipel.com/hormone-replacement-therapy-provider/wvl-synergy-naples-fl/,
Align Wellspa LLC,8400 Racing Ln,Navarre,FL,32566,"8400 Racing Ln Navarre, FL 32566",(850) 750-4696,https://www.evexipel.com/hormone-replacement-therapy-provider/align-wellspa-llc-navarre-fl/,
"Excel Life Integrative Care, Inc.",4772 US Highway 19,New Port Richey,FL,34652,"4772 US Highway 19 New Port Richey, FL 34652",(727) 351-8805,https://www.evexipel.com/hormone-replacement-therapy-provider/excel-life-integrative-care-inc-new-port-richey-fl/,
Trinity Regenerative & Concierge Medicine,1248 Seven Springs Boulevard Suite,New Port Richey,FL,34655,"1248 Seven Springs Boulevard Suite C New Port Richey, FL 34655",(727) 947-1452,https://www.evexipel.com/hormone-replacement-therapy-provider/trinity-regenerative-concierge-medicine-new-port-richey-fl/,
Comprehensive Medical Aesthetics,650 Nw 120Th St.,North Miami,FL,33168,"650 Nw 120Th St. North Miami, FL 33168",(786) 876-8661,https://www.evexipel.com/hormone-replacement-therapy-provider/comprehensive-medical-aesthetics-north-miami-fl/,
"Botoplace Aventura, LLC",3555 NE 163rd St,North Miami Beach,FL,33160,"3555 NE 163rd St North Miami Beach, FL 33160",(954) 951-8835,https://www.evexipel.com/hormone-replacement-therapy-provider/botoplace-aventura-llc-north-miami-beach-fl/,
House of Hormones and Weight Loss,13325 Tamiami Trl Unit,North Port,FL,34287,"13325 Tamiami Trl  Unit C North Port, FL 34287",(941) 265-7990,https://www.evexipel.com/hormone-replacement-therapy-provider/house-of-hormones-and-weight-loss-north-port-fl/,
Central Florida Total Healthcare,30 Remington Rd Suite 2,Oakland,FL,34787,"30 Remington Rd Suite 2 Oakland, FL 34787",(386) 516-9421,https://www.evexipel.com/hormone-replacement-therapy-provider/central-florida-total-healthcare-oakland-fl/,
Essential Women,1405 SW 6th Avenue,Ocala,FL,34471,"1405 SW 6th Avenue Ocala, FL 34471",(352) 802-2328,https://www.evexipel.com/hormone-replacement-therapy-provider/essential-women-ocala-fl/,
Executive Health & Wellness,500 E Fort King St Ste,Ocala,FL,34471,"500 E Fort King St Ste C Ocala, FL 34471",(352) 780-7939,https://www.evexipel.com/hormone-replacement-therapy-provider/executive-health-wellness-ocala-fl/,
Flawless On The Go,2320 Ne 2Nd St Ste 6,Ocala,FL,34470,"2320 Ne 2Nd St Ste 6 Ocala, FL 34470",(352) 320-2933,https://www.evexipel.com/hormone-replacement-therapy-provider/flawless-on-the-go-ocala-fl/,
"Honest Health, LLC",2631 Se Lake Weir Ave,Ocala,FL,34471,"2631 Se Lake Weir Ave Ocala, FL 34471",(352) 667-6758,https://www.evexipel.com/hormone-replacement-therapy-provider/honest-health-llc-ocala-fl/,
Primary Medical Services,1500 SE Magnolia Ext Ste 204,Ocala,FL,34471,"1500 SE Magnolia Ext Ste 204 Ocala, FL 34471",(786) 386-2800,https://www.evexipel.com/hormone-replacement-therapy-provider/primary-medical-services-ocala-fl/,
Pelvic Laser Institute of Florida,1520 Citrus Medical Ct,Ocoee,FL,34761,"1520 Citrus Medical Ct Ocoee, FL 34761",(689) 600-2507,https://www.evexipel.com/hormone-replacement-therapy-provider/pelvic-laser-institute-of-florida-ocoee-fl/,
PremierMED Family & Sports Medicine,2940 Maguire Rd Ste 200,Ocoee,FL,34761,"2940 Maguire Rd Ste 200 Ocoee, FL 34761",(407) 890-7781,https://www.evexipel.com/hormone-replacement-therapy-provider/premiermed-family-sports-medicine-ocoee-fl/,
Genesis Family Practice,1133 Saxon Boulevard Suite 200,Orange City,FL,32763,"1133 Saxon Boulevard Suite 200 Orange City, FL 32763",(386) 220-8424,https://www.evexipel.com/hormone-replacement-therapy-provider/genesis-family-practice-orange-city-fl/,
Advance Preventive Medicine,1400 E Robinson St,Orlando,FL,32801,"1400 E Robinson St Orlando, FL 32801",(689) 400-7943,https://www.evexipel.com/hormone-replacement-therapy-provider/advance-preventive-medicine-orlando-fl/,
Ageless Health & Aesthetics,4104 Millenia Blvd Ste 111,Orlando,FL,32839,"4104 Millenia Blvd Ste 111 Orlando, FL 32839",(407) 974-6220,https://www.evexipel.com/hormone-replacement-therapy-provider/ageless-health-aesthetics-orlando-fl/,
Aura Medical Wellness,7680 Universal blvd Ste 130,Orlando,FL,32819,"7680 Universal blvd Ste 130 Orlando, FL 32819",(412) 960-6232,https://www.evexipel.com/hormone-replacement-therapy-provider/aura-medical-wellness-orlando-fl/,
Central Florida Total Healthcare Orlando,9430 Turkey Lake Rd STE 216,Orlando,FL,32819,"9430 Turkey Lake Rd STE 216 Orlando, FL 32819",(386) 273-3185,https://www.evexipel.com/hormone-replacement-therapy-provider/central-florida-total-healthcare-orlando-fl/,
Concierge Med Solutions,3902 Millenia Blvd. Suite 200,Orlando,FL,32839,"3902 Millenia Blvd. Suite 200 Orlando, FL 32839",(386) 457-4449,https://www.evexipel.com/hormone-replacement-therapy-provider/concierge-med-solutions-orlando-fl/,
Delta Internal Medicine,220 E Gore St Ste 201,Orlando,FL,32806,"220 E Gore St Ste 201 Orlando, FL 32806",(386) 845-3919,https://www.evexipel.com/hormone-replacement-therapy-provider/delta-internal-medicine-orlando-fl/,
Dr. G Family Medical and Wellness Center,14522 Landstar Boulevard Ste 103,Orlando,FL,32824,"14522 Landstar Boulevard Ste 103 Orlando, FL 32824",(863) 216-1779,https://www.evexipel.com/hormone-replacement-therapy-provider/dr-g-family-medical-and-wellness-center-orlando-fl/,
Florida Center For Hormones And Wellness,7505 West Sand Lake Rd,Orlando,FL,32819,"7505 West Sand Lake Rd Orlando, FL 32819",(407) 305-3738,https://www.evexipel.com/hormone-replacement-therapy-provider/florida-center-for-hormones-and-wellness-orlando-fl/,https://share.google/rXznb6TF4QVk2cu1c
Harding Medical Institute - Orlando,6200 Metrowest Blvd Ste 105,Orlando,FL,32835,"6200 Metrowest Blvd Ste 105 Orlando, FL 32835",(863) 563-2680,https://www.evexipel.com/hormone-replacement-therapy-provider/harding-medical-institute-orlando-fl/,
Internal Medicine & Healthy Lifestyle,7125 Hoffner Avenue Suite 102,Orlando,FL,32822,"7125 Hoffner Avenue Suite 102 Orlando, FL 32822",(689) 215-4311,https://www.evexipel.com/hormone-replacement-therapy-provider/internal-medicine-healthy-lifestyle-orlando-fl/,
Nur Medspa and Wellness,12617 Narcoossee Rd Ste 111,Orlando,FL,32832,"12617 Narcoossee Rd Ste 111 Orlando, FL 32832",(352) 720-6583,https://www.evexipel.com/hormone-replacement-therapy-provider/nur-medspa-and-wellness-orlando-fl/,
Pan American Medical Group,7359 Lake Underhill Rd,Orlando,FL,32822,"7359 Lake Underhill Rd Orlando, FL 32822",(689) 407-6483,https://www.evexipel.com/hormone-replacement-therapy-provider/pan-american-medical-group-orlando-fl/,
Rejuvenate Wellness Center,14050 Town Loop Blvd Ste 202,Orlando,FL,32837,"14050 Town Loop Blvd Ste 202 Orlando, FL 32837",(321) 471-5934,https://www.evexipel.com/hormone-replacement-therapy-provider/rejuvenate-wellness-center-orlando-fl/,
Restora Medical,1515 Park Center Dr Unit,Orlando,FL,32835,"1515 Park Center Dr Unit J Orlando, FL 32835",(689) 400-8517,https://www.evexipel.com/hormone-replacement-therapy-provider/restora-medical-orlando-fl/,
The Palm Med Spa,12301 Lake Underhill Rd Ste 105,Orlando,FL,32828,"12301 Lake Underhill Rd Ste 105 Orlando, FL 32828",(407) 305-9167,https://www.evexipel.com/hormone-replacement-therapy-provider/the-palm-med-spa-orlando-fl/,
Vida Functional Aesthetics,6900 Tavistock Lakes Blvd Ste 110,Orlando,FL,32827,"6900 Tavistock Lakes Blvd Ste 110 Orlando, FL 32827",(407) 305-7996,https://www.evexipel.com/hormone-replacement-therapy-provider/vida-functional-aesthetics-orlando-fl/,
Wound Therapeutics of Florida,100 W Gore St Ste 302,Orlando,FL,32806,"100 W Gore St Ste 302 Orlando, FL 32806",(786) 550-3085,https://www.evexipel.com/hormone-replacement-therapy-provider/wound-therapeutics-of-florida-orlando-fl/,
Abundant Life Health and Wellness,266 North Nova Road Ste. 101,Ormond Beach,FL,32174,"266 North Nova Road Ste. 101 Ormond Beach, FL 32174",(941) 206-3525,https://www.evexipel.com/hormone-replacement-therapy-provider/abundant-life-health-and-wellness-ormond-beach-fl/,https://share.google/iButmRuZ3W474tHGp
Ormond Family Medical Center,545 W Granada Blvd,Ormond Beach,FL,32174,"545 W Granada Blvd Ormond Beach, FL 32174",(386) 273-1898,https://www.evexipel.com/hormone-replacement-therapy-provider/ormond-family-medical-center-ormond-beach-fl/,
Family Tree Primary Care,872 Executive Dr,Oviedo,FL,32765,"872 Executive Dr Oviedo, FL 32765",(386) 516-5993,https://www.evexipel.com/hormone-replacement-therapy-provider/family-tree-primary-care-oviedo-fl/,
First Coast Obstetrics and Gynecology,7000 Old Wolf Bay Rd,Palatka,FL,32177,"7000 Old Wolf Bay Rd Palatka, FL 32177",(386) 284-3406,https://www.evexipel.com/hormone-replacement-therapy-provider/first-coast-obstetrics-and-gynecology-palatka-fl/,
Institute For Optimum Health,620 Malabar Rd. SE,Palm Bay,FL,32907,"620 Malabar Rd. SE Palm Bay, FL 32907",(321) 237-3666,https://www.evexipel.com/hormone-replacement-therapy-provider/institute-for-optimum-health-palm-bay-fl/,
Ob/Gyn Specialists - Palm Beaches,2979 Pga Blvd Ste 100,Palm Beach Gardens,FL,33410,"2979 Pga Blvd Ste 100 Palm Beach Gardens, FL 33410",(561) 838-4243,https://www.evexipel.com/hormone-replacement-therapy-provider/obgyn-specialists-palm-beaches-palm-beach-gardens-fl/,
All New U,6 Florida Park Drive N Ste,Palm Coast,FL,32137,"6 Florida Park Drive N Ste B Palm Coast, FL 32137",(386) 800-2753,https://www.evexipel.com/hormone-replacement-therapy-provider/all-new-u-palm-coast-fl/,
Circle Of Health,10 Florida Park Dr North Suite,Palm Coast,FL,32137,"10 Florida Park Dr North Suite B Palm Coast, FL 32137",(386) 200-9965,https://www.evexipel.com/hormone-replacement-therapy-provider/circle-of-health-palm-coast-fl/,
Beauty Bar & Med Spa,33295 Us Highway 19 N Ste 116,Palm Harbor,FL,34684,"33295 Us Highway 19 N Ste 116 Palm Harbor, FL 34684",(656) 261-0795,https://www.evexipel.com/hormone-replacement-therapy-provider/beauty-bar-med-spa-palm-harbor-fl/,https://share.google/kMyGmtqWuAstWWbge
Rejuve Health Plus,31109 Us Highway 19 N.,Palm Harbor,FL,34684,"31109 Us Highway 19 N. Palm Harbor, FL 34684",(727) 435-1680,https://www.evexipel.com/hormone-replacement-therapy-provider/rejuve-health-plus-palm-harbor-fl/,
Castillo and Torres MD PA,2328 S Congress Ave Ste,Palm Springs,FL,33406,"2328 S Congress Ave Ste 1E Palm Springs, FL 33406",(561) 448-7814,https://www.evexipel.com/hormone-replacement-therapy-provider/castillo-and-torres-md-pa-palm-springs-fl/,
"Dr Jenn Burg, LLC",219 Harrison Ave,Panama City,FL,32401,"219 Harrison Ave Panama City, FL 32401",(448) 230-8841,https://www.evexipel.com/hormone-replacement-therapy-provider/dr-jenn-burg-llc-panama-city-fl/,
Sugar and Sand Wellness,17208 Panama City Beach Pkwy,Panama City Beach,FL,32413,"17208 Panama City Beach Pkwy Panama City Beach, FL 32413",(850) 399-5956,https://www.evexipel.com/hormone-replacement-therapy-provider/sugar-and-sand-wellness-panama-city-beach-fl/,
Younger Aesthetics,21903 Panama City Beach Pkwy,Panama City Beach,FL,32413,"21903 Panama City Beach Pkwy Panama City Beach, FL 32413",(448) 231-6146,https://www.evexipel.com/hormone-replacement-therapy-provider/younger-aesthetics-panama-city-beach-fl/,
Hollywood Primary Care,2301 N University Drive Suite 104,Pembroke Pines,FL,33024,"2301 N University Drive Suite 104 Pembroke Pines, FL 33024",(954) 231-3799,https://www.evexipel.com/hormone-replacement-therapy-provider/hollywood-primary-care-pembroke-pines-fl/,
Medilife Taft,12301 Taft St. Suite 100,Pembroke Pines,FL,33026,"12301 Taft St. Suite 100 Pembroke Pines, FL 33026",(954) 787-4617,https://www.evexipel.com/hormone-replacement-therapy-provider/medilife-taft-pembroke-pines-fl/,
Olam Med Spa,17901 NW 5th Street Suite 201,Pembroke Pines,FL,33029,"17901 NW 5th Street Suite 201 Pembroke Pines, FL 33029",(754) 666-7044,https://www.evexipel.com/hormone-replacement-therapy-provider/olam-med-spa-pembroke-pines-fl/,
Southeast Fla Urology,500 N. Hiatus Rd Suite 107,Pembroke Pines,FL,33026,"500 N. Hiatus Rd Suite 107 Pembroke Pines, FL 33026",(954) 833-0287,https://www.evexipel.com/hormone-replacement-therapy-provider/southeast-fla-urology-pembroke-pines-fl/,
Touch of Life MedSpa,17874 NW 2nd St,Pembroke Pines,FL,33029,"17874 NW 2nd St Pembroke Pines, FL 33029",(954) 738-4289,https://www.evexipel.com/hormone-replacement-therapy-provider/touch-of-life-medspa-pembroke-pines-fl/,
The Skin Care Center at Gulf Coast,540 Brent Ln,Pensacola,FL,32503,"540 Brent Ln Pensacola, FL 32503",(850) 780-8280,https://www.evexipel.com/hormone-replacement-therapy-provider/the-skin-care-center-at-gulf-coast-pensacola-fl/,
Thrive Hormone and Longevity Institute,5599 N W Street,Pensacola,FL,32505,"5599 N W Street Pensacola, FL 32505",(850) 407-8746,https://www.evexipel.com/hormone-replacement-therapy-provider/thrive-hormone-and-longevity-institute-pensacola-fl/,
Enduring Beauty,155 8th St North St,Petersburg,FL,33701,"155 8th St North St Petersburg, FL 33701",(772) 227-1493,https://www.evexipel.com/hormone-replacement-therapy-provider/enduring-beauty-st-petersburg-fl/,
Glamorize Med Spa,3924 Central Ave St.,Petersburg,FL,33711,"3924 Central Ave St. Petersburg, FL 33711",(727) 910-2157,https://www.evexipel.com/hormone-replacement-therapy-provider/glamorize-med-spa-st-petersburg-fl/,
Indulgence Medical Day Spa,9210 4th St N St,Petersburg,FL,33702,"9210 4th St N St Petersburg, FL 33702",(656) 218-3788,https://www.evexipel.com/hormone-replacement-therapy-provider/indulgence-medical-day-spa-st-petersburg-fl/,
ST PETE WELLNESS & MEDSPA,111 2nd Ave NE Ste 1405 St,Petersburg,FL,33701,"111 2nd Ave NE Ste 1405 St Petersburg, FL 33701",(727) 295-1370,https://www.evexipel.com/hormone-replacement-therapy-provider/st-pete-wellness-medspa-st-petersburg-fl/,
Dermaspalogy,8517 SW 136th Street,Pinecrest,FL,33156,"8517 SW 136th Street Pinecrest, FL 33156",(786) 686-7857,https://www.evexipel.com/hormone-replacement-therapy-provider/dermaspalogy-pinecrest-fl/,
OASIS Obstetrics and Gynecology,220 SW 84th Ave STE 105,Plantation,FL,33324,"220 SW 84th Ave STE 105 Plantation, FL 33324",(954) 998-0709,https://www.evexipel.com/hormone-replacement-therapy-provider/oasis-obstetrics-and-gynecology-plantation-fl/,
South Florida Family Health Center,6971 W Sunrise Blvd Ste 102,Plantation,FL,33313,"6971 W Sunrise Blvd Ste 102 Plantation, FL 33313",(754) 219-5297,https://www.evexipel.com/hormone-replacement-therapy-provider/south-florida-family-health-center-plantation-fl/,
Welbeauty LLC,201 NW 70th ave Suite,Plantation,FL,33317,"201 NW 70th ave Suite C Plantation, FL 33317",(954) 268-1132,https://www.evexipel.com/hormone-replacement-therapy-provider/welbeauty-llc-plantation-fl/,
Ketamine Clinic of South Florida,41 N Federal Hwy Ste,Pompano Beach,FL,33062,"41 N Federal Hwy  Ste A Pompano Beach, FL 33062",(954) 280-3137,https://www.evexipel.com/hormone-replacement-therapy-provider/ketamine-clinic-of-south-florida-pompano-beach-fl/,
Lighthouse Medical Center,4 NE 4th Ave,Pompano Beach,FL,33060,"4 NE 4th Ave Pompano Beach, FL 33060",(754) 354-9928,https://www.evexipel.com/hormone-replacement-therapy-provider/lighthouse-medical-center-pompano-beach-fl/,
NuEra Wellness,820 A1A N Suite,Ponte Vedra,FL,32082,"820 A1A N Suite W21 Ponte Vedra, FL 32082",(904) 664-5879,https://www.evexipel.com/hormone-replacement-therapy-provider/nuera-wellness-palm-valley-fl/,
DERMAGNIFY,100 Executive Way Ste 114,Ponte Vedra Beach,FL,32082,"100 Executive Way Ste 114 Ponte Vedra Beach, FL 32082",(904) 372-1228,https://www.evexipel.com/hormone-replacement-therapy-provider/dermagnify-sawgrass-fl/,
Aesthetics & Wellness by Monic Menard,20020 Veterans Blvd Unit 17,Port Charlotte,FL,33954,"20020 Veterans Blvd Unit 17 Port Charlotte, FL 33954",(941) 208-0938,https://www.evexipel.com/hormone-replacement-therapy-provider/aesthetics-wellness-by-monic-menard-port-charlotte-fl/,
Rooted Welness,16954 Toledo Blade Blvd,Port Charlotte,FL,33954,"16954 Toledo Blade Blvd Port Charlotte, FL 33954",(941) 269-6353,https://www.evexipel.com/hormone-replacement-therapy-provider/rooted-welness-port-charlotte-fl/,
Beauty Lounge Port Orange,731 Dunlawton Avenue,Port Orange,FL,32127,"731 Dunlawton Avenue Port Orange, FL 32127",(386) 384-9622,https://www.evexipel.com/hormone-replacement-therapy-provider/beauty-lounge-port-orange-fl/,
Excellence Health,224 Dunlawton Ave,Port Orange,FL,32127,"224 Dunlawton Ave Port Orange, FL 32127",(386) 999-4576,https://www.evexipel.com/hormone-replacement-therapy-provider/excellence-health-port-orange-fl/,
Age Well NP,25166 E Marion Ave Ste 1,Punta Gorda,FL,33950,"25166 E Marion Ave  Ste 1  Punta Gorda, FL 33950",(941) 239-3476,https://www.evexipel.com/hormone-replacement-therapy-provider/age-well-np-punta-gorda-fl/,
Equilibri Health and Wellness,10841 Park Dr,Riverview,FL,33569,"10841 Park Dr Riverview, FL 33569",(910) 390-8390,https://www.evexipel.com/hormone-replacement-therapy-provider/equilibri-health-and-wellness-riverview-fl/,
KC Wellness & Medspa,10036 Water Works Lane,Riverview,FL,33578,"10036 Water Works Lane Riverview, FL 33578",(727) 955-2838,https://www.evexipel.com/hormone-replacement-therapy-provider/kc-wellness-medspa-riverview-fl/,
Bella MedSpa & Wellness Clinique,106 Ponce De Leon St Suite,Royal Palm Beach,FL,33411,"106 Ponce De Leon St Suite B Royal Palm Beach, FL 33411",(561) 559-9363,https://www.evexipel.com/hormone-replacement-therapy-provider/bella-medspa-wellness-clinique-royal-palm-beach-fl/,
Cobblestone Spine & Joint Institute,10233 Okeechobee Boulevard,Royal Palm Beach,FL,33411,"10233 Okeechobee Boulevard B6 Royal Palm Beach, FL 33411",(561) 332-1818,https://www.evexipel.com/hormone-replacement-therapy-provider/cobblestone-spine-joint-institute-royal-palm-beach-fl/,
Horizon Family Medical Practice,1236 Royal Palm Beach Blvd Suite 108,Royal Palm Beach,FL,33411,"1236 Royal Palm Beach Blvd Suite 108 Royal Palm Beach, FL 33411",(561) 788-7953,https://www.evexipel.com/hormone-replacement-therapy-provider/horizon-family-medical-practice-royal-palm-beach-fl/,
Impact MD,11917 Southern Boulevard,Royal Palm Beach,FL,33411,"11917 Southern Boulevard #300 Royal Palm Beach, FL 33411",(561) 652-5205,https://www.evexipel.com/hormone-replacement-therapy-provider/impact-md-royal-palm-beach-fl/,https://share.google/8yEhfED0i5VXnTSHO
Palm Beach Health Center,1011 Fl-7 Suite,Royal Palm Beach,FL,33411,"1011 Fl-7 Suite D Royal Palm Beach, FL 33411",(561) 960-4923,https://www.evexipel.com/hormone-replacement-therapy-provider/palm-beach-health-center-royal-palm-beach-fl/,
Royal Palm Beach Medical Group,11903 Southern Blvd Ste 108,Royal Palm Beach,FL,33411,"11903 Southern Blvd Ste 108 Royal Palm Beach, FL 33411",(561) 475-5239,https://www.evexipel.com/hormone-replacement-therapy-provider/royal-palm-beach-medical-group-royal-palm-beach-fl/,
Core Wellness,531 Main St Ste,Safety Harbor,FL,34695,"531 Main St Ste K Safety Harbor, FL 34695",(656) 216-3257,https://www.evexipel.com/hormone-replacement-therapy-provider/core-wellness-safety-harbor-fl/,
HCTB Health Care Trend Beginnings,1575 Budinger Ave,Saint Cloud,FL,34769,"1575 Budinger Ave Saint Cloud, FL 34769",(407) 863-9183,https://www.evexipel.com/hormone-replacement-therapy-provider/hctb-health-care-trend-beginnings-st-cloud-fl/,
Belle Ame Wellness,712 W 25th St,Sanford,FL,32771,"712 W 25th St Sanford, FL 32771",(386) 845-3468,https://www.evexipel.com/hormone-replacement-therapy-provider/belle-ame-wellness-sanford-fl/,
Reed Medical Group LWR,5284 Paylor Lane,Saraosta,FL,34240,"5284 Paylor Lane Saraosta, FL 34240",(941) 213-5301,https://www.evexipel.com/hormone-replacement-therapy-provider/reed-medical-group-lwr-lakewood-ranch-fl/,
Aven Clinic Functional Medicine,1219 S East Ave Ste 308,Sarasota,FL,34239,"1219 S East Ave Ste 308 Sarasota, FL 34239",(941) 214-2436,https://www.evexipel.com/hormone-replacement-therapy-provider/aven-clinic-functional-medicine-sarasota-fl/,
Beach Glo Medspa and Wellness,7244 Beneva Rd,Sarasota,FL,34238,"7244 Beneva Rd Sarasota, FL 34238",(941) 239-4132,https://www.evexipel.com/hormone-replacement-therapy-provider/beach-glo-medspa-and-wellness-sarasota-fl/,
Beauty Lounge Lakewood Ranch,1900 Lakewood Ranch Blvd,Sarasota,FL,34240,"1900 Lakewood Ranch Blvd #140 Sarasota, FL 34240",(941) 231-3755,https://www.evexipel.com/hormone-replacement-therapy-provider/beauty-lounge-lakewood-ranch-sarasota-fl/,
Beauty Lounge Sarasota,2650 South Tamiami Trail Suite 3,Sarasota,FL,34239,"2650 South Tamiami Trail Suite 3 Sarasota, FL 34239",(941) 500-5930,https://www.evexipel.com/hormone-replacement-therapy-provider/beauty-lounge-sarasota-fl/,
Center for Regenerative Wellness,3534 Fruitville Rd,Sarasota,FL,34237,"3534 Fruitville Rd Sarasota, FL 34237",(941) 269-6796,https://www.evexipel.com/hormone-replacement-therapy-provider/center-for-regenerative-wellness-sarasota-fl/,
Covalence Medical & Aesthetics,2639 Fruitville Rd Ste 303,Sarasota,FL,34237,"2639 Fruitville Rd Ste 303 Sarasota, FL 34237",(941) 253-3180,https://www.evexipel.com/hormone-replacement-therapy-provider/covalence-medical-aesthetics-sarasota-fl/,
Elevated Medical Aesthetics,5630 Marquesas Circle,Sarasota,FL,34233,"5630 Marquesas Circle Sarasota, FL 34233",(941) 207-6138,https://www.evexipel.com/hormone-replacement-therapy-provider/elevated-medical-aesthetics-sarasota-fl/,
Harmony Med Spa,2184 Gulf Gate Dr STE,Sarasota,FL,34231,"2184 Gulf Gate Dr STE B Sarasota, FL 34231",(941) 960-7341,https://www.evexipel.com/hormone-replacement-therapy-provider/harmony-med-spa-sarasota-fl/,
Health & Beauty Integrative Center,4370 S Tamiami Trl Ste 151,Sarasota,FL,34231,"4370 S Tamiami Trl Ste 151 Sarasota, FL 34231",(941) 269-1553,https://www.evexipel.com/hormone-replacement-therapy-provider/health-beauty-integrative-center-sarasota-fl/,
Renew Health & Wellness LLC,5929 Approach Rd,Sarasota,FL,34238,"5929 Approach Rd Sarasota, FL 34238",(941) 491-0493,https://www.evexipel.com/hormone-replacement-therapy-provider/renew-health-wellness-llc-sarasota-fl/,
Reveal Vitality & Longevity Institute,1990 Main St Unit 800,Sarasota,FL,34236,"1990 Main St Unit 800 Sarasota, FL 34236",(941) 269-3833,https://www.evexipel.com/hormone-replacement-therapy-provider/reveal-vitality-longevity-institute-sarasota-fl/,
Swor Women's Care,1900 S Tuttle Ave,Sarasota,FL,34239,"1900 S Tuttle Ave Sarasota, FL 34239",(941) 220-0481,https://www.evexipel.com/hormone-replacement-therapy-provider/swor-womens-care-sarasota-fl/,
The Miley Clinic,3333 Clark Road Ste 100,Sarasota,FL,34231,"3333 Clark Road  Ste 100 Sarasota, FL 34231",(941) 271-7646,https://www.evexipel.com/hormone-replacement-therapy-provider/the-miley-clinic-sarasota-fl/,
eHealth Provisions,1435 S Osprey Ave STE 200,Sarasota,FL,34239,"1435 S Osprey Ave STE 200 Sarasota, FL 34239",(313) 351-8887,https://www.evexipel.com/hormone-replacement-therapy-provider/ehealth-provisions-sarasota-fl/,
Redefine ME Wellness and Aesthetics,"1103 Us Hwy 1, Ste 2",Sebastian,FL,32958,"1103 Us Hwy 1, Ste 2 Sebastian, FL 32958",(321) 216-9945,https://www.evexipel.com/hormone-replacement-therapy-provider/redefine-me-wellness-and-aesthetics-sebastian-fl/,
Lavish Grace Wellness Med Spa,2221 Us Hwy 27 S,Sebring,FL,33870,"2221 Us Hwy 27 S Sebring, FL 33870",(863) 270-3625,https://www.evexipel.com/hormone-replacement-therapy-provider/lavish-grace-wellness-med-spa-sebring-fl/,
NU YU Laser and Medspa,9555 Seminole Blvd Ste 103,Seminole,FL,33772,"9555 Seminole Blvd Ste 103 Seminole, FL 33772",(727) 202-5315,https://www.evexipel.com/hormone-replacement-therapy-provider/nu-yu-laser-and-medspa-seminole-fl/,
Castellanos & Associates,6295 Sunset Dr,South Miami,FL,33143,"6295 Sunset Dr South Miami, FL 33143",(754) 260-1877,https://www.evexipel.com/hormone-replacement-therapy-provider/castellanos-associates-south-miami-fl/,
Femme Aesthetics & Health,7800 SW 57TH Ave Suite 100,South Miami,FL,33143,"7800 SW 57TH Ave Suite 100  South Miami, FL 33143",(786) 692-8361,https://www.evexipel.com/hormone-replacement-therapy-provider/femme-aesthetics-health-south-miami-fl/,
"Luis E. Mendez, MD",6705 SW 57th Ave Ste 416,South Miami,FL,33143,"6705 SW 57th Ave Ste 416 South Miami, FL 33143",(305) 391-4942,https://www.evexipel.com/hormone-replacement-therapy-provider/luis-e-mendez-md-coral-gables-fl/,
Appelt Aesthetics and Wellness,10551 Spring Hill Dr,Spring Hill,FL,34608,"10551 Spring Hill Dr Spring Hill, FL 34608",(727) 758-7817,https://www.evexipel.com/hormone-replacement-therapy-provider/appelt-aesthetics-and-wellness-spring-hill-fl/,
Divinity Med Spa,13248 Spring Hill Dr,Spring Hill,FL,34609,"13248 Spring Hill Dr Spring Hill, FL 34609",(863) 694-1475,https://www.evexipel.com/hormone-replacement-therapy-provider/divinity-med-spa-spring-hill-fl/,
Pinnacle Health and Weight Loss Center,5999 Central Ave # 301,St.Petersburg,FL,33710,"5999 Central Ave # 301 St.Petersburg, FL 33710",(727) 705-2726,https://www.evexipel.com/hormone-replacement-therapy-provider/pinnacle-health-and-weight-loss-center-st-petersburg-fl/,
Charys Medical Boutique,719 S Colorado Ave,Stuart,FL,34994,"719 S Colorado Ave Stuart, FL 34994",(727) 910-5946,https://www.evexipel.com/hormone-replacement-therapy-provider/charys-medical-boutique-stuart-fl/,
Momentum Integrative Wellness,2440 Southeast Federal Highway Ste 600,Stuart,FL,34994,"2440 Southeast Federal Highway Ste 600 Stuart, FL 34994",(772) 291-0075,https://www.evexipel.com/hormone-replacement-therapy-provider/momentum-integrative-wellness-stuart-fl/,
Medical Specialist of South Florida,4960 N. Pine Island Rd,Sunrise,FL,33351,"4960 N. Pine Island Rd Sunrise, FL 33351",(954) 266-0935,https://www.evexipel.com/hormone-replacement-therapy-provider/medical-specialist-of-south-florida-lauderhill-fl/,
Square One Aesthetics & Wellness,863 E. Park Ave,Tallahassee,FL,32301,"863 E. Park Ave Tallahassee, FL 32301",(912) 465-2403,https://www.evexipel.com/hormone-replacement-therapy-provider/square-one-aesthetics-wellness-tallahassee-fl/,
JP Medical and Wellness Center,6215 N University Drive,Tamarac,FL,33321,"6215 N University Drive Tamarac, FL 33321",(754) 239-2488,https://www.evexipel.com/hormone-replacement-therapy-provider/jp-medical-and-wellness-center-tamarac-fl/,
After Glow,330 S Falkenburg Rd,Tampa,FL,33619,"330 S Falkenburg Rd Tampa, FL 33619",(813) 652-0280,https://www.evexipel.com/hormone-replacement-therapy-provider/after-glow-tampa-fl/,
Ageless Vitality Center,4730 N Habana Ave Ste 101,Tampa,FL,33614,"4730 N Habana Ave Ste 101 Tampa, FL 33614",(727) 306-2278,https://www.evexipel.com/hormone-replacement-therapy-provider/ageless-vitality-center-tampa-fl/,
Alonso Aesthetics & Wellness,2915 N Boulevard,Tampa,FL,33602,"2915 N Boulevard Tampa, FL 33602",(727) 677-9717,https://www.evexipel.com/hormone-replacement-therapy-provider/alonso-aesthetics-wellness-tampa-fl/,
Bella Excellence Westchase,10116 Montague St Ste 8,Tampa,FL,33626,"10116 Montague St Ste 8 Tampa, FL 33626",(813) 437-4269,https://www.evexipel.com/hormone-replacement-therapy-provider/bella-excellence-westchase-fl/,
BioDesign Clinic + MedSpa,3200 Henderson Blvd,Tampa,FL,33609,"3200 Henderson Blvd Tampa, FL 33609",(656) 218-7821,https://www.evexipel.com/hormone-replacement-therapy-provider/biodesign-clinic-medspa-tampa-fl/,
Dr Hero Medical,6424 N Armenia Ave,Tampa,FL,33604,"6424 N Armenia Ave Tampa, FL 33604",(727) 334-7308,https://www.evexipel.com/hormone-replacement-therapy-provider/dr-hero-medical-tampa-fl/,
E&Y Medical Clinic -Rehabilitation Center,6718 N. Himes Ave Suite,Tampa,FL,33614,"6718 N. Himes Ave Suite B Tampa, FL 33614",(656) 216-3880,https://www.evexipel.com/hormone-replacement-therapy-provider/ey-medical-clinic-rehabilitation-center-tampa-fl/,
Elase MedSpa Westchase,11663 Countryway Blvd,Tampa,FL,33626,"11663 Countryway Blvd Tampa, FL 33626",(727) 378-9301,https://www.evexipel.com/hormone-replacement-therapy-provider/elase-medspa-westchase-fl/,
Embodhi Integrative Wellness and Medspa,13145 N DALE MABRY HWY STE 32,Tampa,FL,33625,"13145 N DALE MABRY HWY  STE 32 Tampa, FL 33625",(220) 666-4148,https://www.evexipel.com/hormone-replacement-therapy-provider/embodhi-integrative-wellness-and-medspa-lutz-fl/,
Emerys Med Spa for Women & Sexual Health,2919 W Swann Ave Suite 404,Tampa,FL,33609,"2919 W Swann Ave  Suite 404 Tampa, FL 33609",(727) 591-7165,https://www.evexipel.com/hormone-replacement-therapy-provider/emerys-med-spa-for-women-sexual-health-tampa-fl/,
Erasable Med Spa,4103 N Armenia Ave,Tampa,FL,33607,"4103 N Armenia Ave Tampa, FL 33607",(727) 339-2328,https://www.evexipel.com/hormone-replacement-therapy-provider/erasable-med-spa-tampa-fl/,
Family Medical Group of Tampa INC,8011 N Himes Ave Ste 4,Tampa,FL,33614,"8011 N Himes Ave Ste 4 Tampa, FL 33614",(656) 240-3462,https://www.evexipel.com/hormone-replacement-therapy-provider/family-medical-group-of-tampa-inc-tampa-fl/,
GYN Solutions & Aesthetics,13638 W Hillsborough Ave,Tampa,FL,33635,"13638 W Hillsborough Ave Tampa, FL 33635",(727) 591-6442,https://www.evexipel.com/hormone-replacement-therapy-provider/gyn-solutions-aesthetics-tampa-fl/,
Inertia Concierge and Aesthetic Medicine,202 S Rome Ave Ste 100,Tampa,FL,33606,"202 S Rome Ave Ste 100 Tampa, FL 33606",(727) 947-1925,https://www.evexipel.com/hormone-replacement-therapy-provider/inertia-concierge-and-aesthetic-medicine-tampa-fl/,
MediCruz Family Medical Center,2309 W Dr Martin L King Jr Blvd Suite 2,Tampa,FL,33607,"2309 W Dr Martin L King Jr Blvd Suite 2 Tampa, FL 33607",(813) 295-6645,https://www.evexipel.com/hormone-replacement-therapy-provider/medicruz-family-medical-center-tampa-fl/,
Rancol Wellness Advisors,6802 West Hillsborough Avenue Suite,Tampa,FL,33634,"6802 West Hillsborough Avenue Suite #4 Tampa, FL 33634",(656) 223-6196,https://www.evexipel.com/hormone-replacement-therapy-provider/rancol-wellness-advisors-tampa-fl/,
Spectra Wellness Solutions,504 N Reo St,Tampa,FL,33609,"504 N Reo St Tampa, FL 33609",(727) 261-2509,https://www.evexipel.com/hormone-replacement-therapy-provider/spectra-wellness-solutions-tampa-fl/,
TLC Family Medical & Rehab Center,10205 W. Hillsborough Ave Suite,Tampa,FL,33615,"10205 W. Hillsborough Ave Suite B Tampa, FL 33615",(656) 220-5396,https://www.evexipel.com/hormone-replacement-therapy-provider/tlc-family-medical-rehab-center-tampa-fl/,
Tampa Aesthetics and Wellness Clinic,10330 N Dale Mabry Hwy Ste 210,Tampa,FL,33618,"10330 N Dale Mabry Hwy Ste 210 Tampa, FL 33618",(813) 856-1159,https://www.evexipel.com/hormone-replacement-therapy-provider/tampa-aesthetics-and-wellness-clinic-tampa-fl/,
The Aesthetics Lab,4014 W Estrella St Ste,Tampa,FL,33629,"4014 W Estrella St Ste A Tampa, FL 33629",(727) 756-8079,https://www.evexipel.com/hormone-replacement-therapy-provider/the-aesthetics-lab-tampa-fl/,
Vein & Cosmetic Center of Tampa,3001 N Rocky Point Dr E Suite 125,Tampa,FL,33607,"3001 N Rocky Point Dr E Suite 125 Tampa, FL 33607",(813) 282-0223,https://www.evexipel.com/hormone-replacement-therapy-provider/vein-cosmetic-center-of-tampa-fl/,https://share.google/rRxrkSPhFt6ZuFmVT
iGlow Spa & Aesthetics,5005 W Laurel St Ste 112,Tampa,FL,33607,"5005 W Laurel St Ste 112 Tampa, FL 33607",(656) 231-6259,https://www.evexipel.com/hormone-replacement-therapy-provider/iglow-spa-aesthetics-tampa-fl/,
Bayouside Health,520 E Tarpon Ave,Tarpon Springs,FL,34689,"520 E Tarpon Ave Tarpon Springs, FL 34689",(656) 248-5752,https://www.evexipel.com/hormone-replacement-therapy-provider/bayouside-health-tarpon-springs-fl/,
The Wellness & Beauty Bar,91625 Overseas Hwy,Tavernier,FL,33070,"91625 Overseas Hwy Tavernier, FL 33070",(305) 424-7051,https://www.evexipel.com/hormone-replacement-therapy-provider/the-wellness-beauty-bar-tavernier-fl/,
NitzaMD,1501 N Us Highway 441 Ste 1100,The Villages,FL,32159,"1501 N Us Highway 441 Ste 1100 The Villages, FL 32159",(352) 261-8857,https://www.evexipel.com/hormone-replacement-therapy-provider/nitzamd-lady-lake-fl/,https://share.google/1r1YneBR8ZDFD0JI5
Miracle Wellness,209 Harrison St,Titusville,FL,32780,"209 Harrison St Titusville, FL 32780",(386) 210-0241,https://www.evexipel.com/hormone-replacement-therapy-provider/miracle-wellness-titusville-fl/,
Invigorate Wellness Medical,3622 Galileo Dr. Ste 102,Trinity,FL,34655,"3622 Galileo Dr. Ste 102 Trinity, FL 34655",(727) 761-8802,https://www.evexipel.com/hormone-replacement-therapy-provider/invigorate-wellness-medical-new-port-richey-fl/,
Sikora Integrative Medicine,1255 37th St,Vero Beach,FL,32960,"1255 37th St B Vero Beach, FL 32960",(772) 272-9745,https://www.evexipel.com/hormone-replacement-therapy-provider/sikora-integrative-medicine-vero-beach-fl/,
Omega Integrative Care,910 Old Camp Rd Bldg 110 Suite 112,Villages,FL,32162,"910 Old Camp Rd Bldg 110 Suite 112 Villages, FL 32162",(352) 310-8460,https://www.evexipel.com/hormone-replacement-therapy-provider/omega-integrative-care-the-villages-fl/,
Tribloom Wellness,117 N 7Th Ave,Wauchula,FL,33873,"117 N 7Th Ave Wauchula, FL 33873",(863) 663-2687,https://www.evexipel.com/hormone-replacement-therapy-provider/tribloom-wellness-wauchula-fl/,
Aligned Integrative Medicine,8401 Balm St,Weeki Wachee,FL,34607,"8401 Balm St Weeki Wachee, FL 34607",(352) 766-1806,https://www.evexipel.com/hormone-replacement-therapy-provider/aligned-integrative-medicine-spring-hill-fl/,
Ob/Gyn Specialists - Wellington,1447 Medical Park Boulevard Suite 300,Wellington,FL,33414,"1447 Medical Park Boulevard Suite 300 Wellington, FL 33414",(561) 838-4243,https://www.evexipel.com/hormone-replacement-therapy-provider/obgyn-specialists-wellington-fl/,https://share.google/OxctJ7mTUGFjQdfrl
ProMD Health Wellington,12008 South Shore Blvd Ste 101,Wellington,FL,33414,"12008 South Shore Blvd Ste 101 Wellington, FL 33414",(561) 956-3839,https://www.evexipel.com/hormone-replacement-therapy-provider/promd-health-wellington-fl/,
Bella Excellence,1821 Bruce B Downs Blvd Ste 120,Wesley Chapel,FL,33544,"1821 Bruce B Downs Blvd Ste 120 Wesley Chapel, FL 33544",(813) 945-7966,https://www.evexipel.com/hormone-replacement-therapy-provider/bella-excellence-wesley-chapel-fl/,
New Tampa Wellness Clinic,2321 Crestover Lane,Wesley Chapel,FL,33544,"2321 Crestover Lane Wesley Chapel, FL 33544",(813) 592-6646,https://www.evexipel.com/hormone-replacement-therapy-provider/new-tampa-wellness-clinic-wesley-chapel-fl/,
Golden Cosmetic Center,5975 Sw 8Th St.,West Miami,FL,33144,"5975 Sw 8Th St. West Miami, FL 33144",(786) 692-6812,https://www.evexipel.com/hormone-replacement-therapy-provider/golden-cosmetic-center-west-miami-fl/,
Daisy Merey MD PHD PA,1411 N Flagler Dr Ste 6000,West Palm Beach,FL,33401,"1411 N Flagler Dr Ste 6000 West Palm Beach, FL 33401",(772) 222-3968,https://www.evexipel.com/hormone-replacement-therapy-provider/daisy-merey-md-phd-pa-west-palm-beach-fl/,
Family First Direct Primary Care,2247 Palm Beach Lakes Blvd Ste 206,West Palm Beach,FL,33409,"2247 Palm Beach Lakes Blvd Ste 206 West Palm Beach, FL 33409",(561) 461-4191,https://www.evexipel.com/hormone-replacement-therapy-provider/family-first-direct-primary-care-west-palm-beach-fl/,
Gift Me Health International,2090 Palm Beach Lakes Blvd Suite 300,West Palm Beach,FL,33409,"2090 Palm Beach Lakes Blvd Suite 300 West Palm Beach, FL 33409",(561) 782-1223,https://www.evexipel.com/hormone-replacement-therapy-provider/gift-me-health-international-west-palm-beach-fl/,
Ob/Gyn Specialists - Northpoint,770 Northpoint Pkwy Ste 200,West Palm Beach,FL,33407,"770 Northpoint Pkwy Ste 200 West Palm Beach, FL 33407",(561) 838-4243,https://www.evexipel.com/hormone-replacement-therapy-provider/obgyn-specialists-northpoint-west-palm-beach-fl/,
Vital Vita Wellness,2001 Palm Beach Lakes Blvd Ste 102,West Palm Beach,FL,33409,"2001 Palm Beach Lakes Blvd Ste 102 West Palm Beach, FL 33409",(561) 956-2571,https://www.evexipel.com/hormone-replacement-therapy-provider/vital-vita-wellness-west-palm-beach-fl/,
M&V Laser and Wellness Center,2751 Executive Park Drive Suite 103,Weston,FL,33331,"2751 Executive Park Drive Suite 103 Weston, FL 33331",(754) 714-5112,https://www.evexipel.com/hormone-replacement-therapy-provider/mv-laser-and-wellness-center-weston-fl/,
Medilife New,2701 Executive Park Dr. STE 3,Weston,FL,33331,"2701 Executive Park Dr. STE 3 Weston, FL 33331",(754) 219-9077,https://www.evexipel.com/hormone-replacement-therapy-provider/medilife-new-weston-fl/,
BEAM Aesthetics and Wellness,2219 Wilton Dr,Wilton Manors,FL,33305,"2219 Wilton Dr Wilton Manors, FL 33305",(954) 280-6004,https://www.evexipel.com/hormone-replacement-therapy-provider/beam-aesthetics-and-wellness-fort-lauderdale-fl/,
Healthwise Concierge Medical Services,5825 Oxford Moor Blvd,Windermere,FL,34786,"5825 Oxford Moor Blvd Windermere, FL 34786",(863) 344-5976,https://www.evexipel.com/hormone-replacement-therapy-provider/healthwise-concierge-medical-services-windermere-fl/,
Horizons OBGYN,5802 Citrus Village Blvd,Winter Garden,FL,34787,"5802 Citrus Village Blvd Winter Garden, FL 34787",(386) 564-3617,https://www.evexipel.com/hormone-replacement-therapy-provider/horizons-obgyn-winter-garden-fl/,
Davis Medical Center,301 3rd St NW Suite,Winter Haven,FL,33881,"301 3rd St NW Suite #216 Winter Haven, FL 33881",(863) 356-7042,https://www.evexipel.com/hormone-replacement-therapy-provider/davis-medical-center-winter-haven-fl/,
Diversity Healthcare FL,435 2Nd St Ne,Winter Haven,FL,33881,"435 2Nd St Ne Winter Haven, FL 33881",(863) 262-7812,https://www.evexipel.com/hormone-replacement-therapy-provider/diversity-healthcare-fl-winter-haven-fl/,
Eternal Youth Aesthetics,400 Ave K SE Ste 1,Winter Haven,FL,33880,"400 Ave K SE Ste 1 Winter Haven, FL 33880",(239) 788-1426,https://www.evexipel.com/hormone-replacement-therapy-provider/eternal-youth-aesthetics-winter-haven-fl/,
Haven Health,6352 Cypress Gardens Blvd Ste,Winter Haven,FL,33884,"6352 Cypress Gardens Blvd Ste B Winter Haven, FL 33884",(863) 251-9813,https://www.evexipel.com/hormone-replacement-therapy-provider/haven-health-winter-haven-fl/,
NuGenesis Medical,2275 Aloma Ave,Winter Park,FL,32792,"2275 Aloma Ave Winter Park, FL 32792",(689) 400-7207,https://www.evexipel.com/hormone-replacement-therapy-provider/nugenesis-medical-winter-park-fl/,
Samano Aesthetics,2828 Casa Aloma Way STE 500,Winter Park,FL,32792,"2828 Casa Aloma Way STE 500 Winter Park, FL 32792",(689) 210-4536,https://www.evexipel.com/hormone-replacement-therapy-provider/samano-aesthetics-winter-park-fl/,
Winter Park Family Physicians,4355 Bear Gully Rd. Suite 1024,Winter Springs,FL,32792,"4355 Bear Gully Rd. Suite 1024 Winter Springs, FL 32792",(386) 845-3056,https://www.evexipel.com/hormone-replacement-therapy-provider/winter-park-family-physicians-winter-park-fl/,
HG Doctors,4765 W Atlantic Ave,delray beach,FL,33445,"4765 W Atlantic Ave delray beach, FL 33445",(561) 652-5397,https://www.evexipel.com/hormone-replacement-therapy-provider/hg-doctors-delray-beach-fl/,
Monarch Healthcare Center,3157 N University Drive,hollywood,FL,33024,"3157 N University Drive #103 hollywood, FL 33024",(954) 231-0741,https://www.evexipel.com/hormone-replacement-therapy-provider/monarch-healthcare-center-hollywood-fl/,
Solee Cosmetic Surgery,110 N Federal Highway Ste 130,lauderdale,FL,33301,"110 N Federal Highway Ste 130 Ft lauderdale, FL 33301",(754) 238-5297,https://www.evexipel.com/hormone-replacement-therapy-provider/solee-cosmetic-surgery-fort-lauderdale-fl/,
Salus Neuromuscular Institute,8850 W Oakland Park Blvd Suite,sunrise,FL,33351,"8850 W Oakland Park Blvd  Suite 2002ND sunrise, FL 33351",(813) 578-4507,https://www.evexipel.com/hormone-replacement-therapy-provider/salus-neuromuscular-institute-sunrise-fl/,
Longevity Wellness and Med Spa,2230 Towne Lake Pkwy Bldg,800-120 Woodstock,GA,30189,"2230 Towne Lake Pkwy Bldg 800-120 Woodstock, GA 30189",(478) 241-8147,https://www.evexipel.com/hormone-replacement-therapy-provider/longevity-wellness-and-med-spa-woodstock-ga/,
Med Care of Adairsville,14 Legacy Way Suite,Adairsville,GA,30103,"14 Legacy Way Suite A Adairsville, GA 30103",(762) 758-3217,https://www.evexipel.com/hormone-replacement-therapy-provider/med-care-of-adairsville-ga/,
Adel Aesthetics,312 N Hutchinson Ave,Adel,GA,31620,"312 N Hutchinson Ave Adel, GA 31620",(229) 459-5218,https://www.evexipel.com/hormone-replacement-therapy-provider/adel-aesthetics-adel-ga/,
Albany Area Primary Health Care,2100 Palmyra Rd,Albany,GA,31701,"2100 Palmyra Rd Albany, GA 31701",(229) 306-5545,https://www.evexipel.com/hormone-replacement-therapy-provider/albany-area-primary-health-care-albany-ga/,
Elois Edge Womens Health Center,1912 Arlington Lane,Albany,GA,31701,"1912 Arlington Lane Albany, GA 31701",(229) 821-5076,https://www.evexipel.com/hormone-replacement-therapy-provider/elois-edge-womens-health-center-albany-ga/,
Onesource Healthcare,701 N. Slappey Blvd,Albany,GA,31701,"701 N. Slappey Blvd Albany, GA 31701",(229) 800-4131,https://www.evexipel.com/hormone-replacement-therapy-provider/onesource-healthcare-albany-ga/,
South Georgia Physicians Group,203 S Wayne Street,Alma,GA,31510,"203 S Wayne Street Alma, GA 31510",(912) 301-4866,https://www.evexipel.com/hormone-replacement-therapy-provider/south-georgia-physicians-group-alma-ga/,
Alpha Omega OBGYN,3265 North Point Pkwy Ste 102,Alpharetta,GA,30005,"3265 North Point Pkwy Ste 102 Alpharetta, GA 30005",(470) 802-2631,https://www.evexipel.com/hormone-replacement-therapy-provider/alpha-omega-obgyn-alpharetta-ga/,
Buket Aesthetics and Wellness,501 South Main Street Ste 202,Alpharetta,GA,30009,"501 South Main Street Ste 202 Alpharetta, GA 30009",(470) 822-8471,https://www.evexipel.com/hormone-replacement-therapy-provider/buket-aesthetics-and-wellness-alpharetta-ga/,
Danna Lux Medspa,5755 N Point Pkwy Ste 82 Ofc 3,Alpharetta,GA,30022,"5755 N Point Pkwy Ste 82 Ofc 3 Alpharetta, GA 30022",(470) 310-5741,https://www.evexipel.com/hormone-replacement-therapy-provider/danna-lux-medspa-alpharetta-ga/,
Windward Healthcare and Aesthetics,3225 North Point Pkwy Ste 101,Alpharetta,GA,30005,"3225 North Point Pkwy Ste 101 Alpharetta, GA 30005",(470) 486-7213,https://www.evexipel.com/hormone-replacement-therapy-provider/windward-healthcare-and-aesthetics-alpharetta-ga/,
Ageless Aesthetics-UFP Macon,112,Arkwright Landing Macon,GA,31210,"112 Arkwright Landing Macon, GA 31210",(478) 312-1052,https://www.evexipel.com/hormone-replacement-therapy-provider/ageless-aesthetics-ufp-macon-warner-robins-ga/,
Asa Medspa,235 East Washington Avenue Ste,Ashburn,GA,31714,"235 East Washington Avenue Ste B Ashburn, GA 31714",(229) 514-0203,https://www.evexipel.com/hormone-replacement-therapy-provider/asa-medspa-ashburn-ga/,
Harmony Health,"2425 W. Broad Street, Suite 2",Athens,GA,30606,"2425 W. Broad Street, Suite 2 Athens, GA 30606",(706) 600-2890,https://www.evexipel.com/hormone-replacement-therapy-provider/harmony-health-athens-ga/,
Moore Center Med Spa,525 S Milledge Ave Suite,Athens,GA,30605,"525 S Milledge Ave Suite B100 Athens, GA 30605",(706) 786-4349,https://www.evexipel.com/hormone-replacement-therapy-provider/moore-center-med-spa-athens-ga/,
"Paul C. Broun, MD",260 Towns Walk Dr,Athens,GA,30606,"260 Towns Walk Dr Athens, GA 30606",(706) 705-7577,https://www.evexipel.com/hormone-replacement-therapy-provider/paul-c-broun-md-athens-ga/,
Atlanta Premier Obgyn Associates,400 Plasters Ave NE Ste 100,Atlanta,GA,30324,"400 Plasters Ave NE Ste 100 Atlanta, GA 30324",(678) 941-1641,https://www.evexipel.com/hormone-replacement-therapy-provider/atlanta-premier-obgyn-associates-atlanta-ga/,
Better Health Greater Life,494 Boulevard Se,Atlanta,GA,30312,"494 Boulevard Se Atlanta, GA 30312",(404) 390-2764,https://www.evexipel.com/hormone-replacement-therapy-provider/better-health-greater-life-atlanta-ga/,
Buckhead Urogynecology,2001 Peachtree Road NE Suite 670,Atlanta,GA,30309,"2001 Peachtree Road NE Suite 670 Atlanta, GA 30309",(470) 822-9258,https://www.evexipel.com/hormone-replacement-therapy-provider/buckhead-urogynecology-atlanta-ga/,
Elevate Wellness Clinic,2302 Parklake Dr NE Ste 100,Atlanta,GA,30345,"2302 Parklake Dr NE Ste 100 Atlanta, GA 30345",(678) 916-9424,https://www.evexipel.com/hormone-replacement-therapy-provider/elevate-wellness-clinic-atlanta-ga/,
Flawless Imperfections Med Spa,2250 Marietta Blvd . Nw #308 Suite 207,Atlanta,GA,30318,"2250 Marietta  Blvd . Nw #308 Suite 207 Atlanta, GA 30318",(470) 944-8737,https://www.evexipel.com/hormone-replacement-therapy-provider/flawless-imperfections-med-spa-atlanta-ga/,
Highland Optimization Therapy,920 Ponce De Leon Ave NE,Atlanta,GA,30306,"920 Ponce De Leon Ave NE Atlanta, GA 30306",(404) 549-6360,https://www.evexipel.com/hormone-replacement-therapy-provider/highland-optimization-therapy-atlanta-ga/,
Morganstern Urology Clinic,3193 Howell Mill Rd NW Ste 323,Atlanta,GA,30327,"3193 Howell Mill Rd NW Ste 323 Atlanta, GA 30327",(386) 854-7275,https://www.evexipel.com/hormone-replacement-therapy-provider/morganstern-urology-clinic-atlanta-ga/,
Park Central Family Practice-Carmia Dr,3730 Carmia Drive Southwest Suite,Atlanta,GA,30331,"3730 Carmia Drive Southwest Suite #110 Atlanta, GA 30331",(470) 517-8209,https://www.evexipel.com/hormone-replacement-therapy-provider/park-central-family-practice-carmia-dr-atlanta-ga/,
Peoples Wellness and Longevity,3610 Piedmont Road Northeast Suite 200,Atlanta,GA,30305,"3610 Piedmont Road Northeast Suite 200 Atlanta, GA 30305",(510) 319-1007,https://www.evexipel.com/hormone-replacement-therapy-provider/peoples-wellness-and-longevity-atlanta-ga/,
Real Weight Loss & Wellness,"755 Mount Vernon Hwy, NE Suite 540",Atlanta,GA,30328,"755 Mount Vernon Hwy, NE Suite 540 Atlanta, GA 30328",(386) 388-2349,https://www.evexipel.com/hormone-replacement-therapy-provider/real-weight-loss-wellness-atlanta-ga/,
Spa Indigo,2916 Professional Pkwy,Augusta,GA,30907,"2916 Professional Pkwy Augusta, GA 30907",(706) 899-3381,https://www.evexipel.com/hormone-replacement-therapy-provider/spa-indigo-augusta-ga/,
Women's HC Center of GA & Med Spa,1790 Mulkey Rd Ste,Austell,GA,30106,"1790 Mulkey Rd Ste 9A Austell, GA 30106",(770) 626-5097,https://www.evexipel.com/hormone-replacement-therapy-provider/womens-hc-center-of-ga-med-spa-austell-ga/,
OneSource Healthcare Bainbridge,406 S West St.,Bainbridge,GA,39819,"406 S West St. Bainbridge, GA 39819",(229) 860-2420,https://www.evexipel.com/hormone-replacement-therapy-provider/onesource-healthcare-bainbridge-ga/,
RMX Blackshear,3345 US Highway 84 Ste 102,Blackshear,GA,31516,"3345 US Highway 84 Ste 102 Blackshear, GA 31516",(912) 208-3581,https://www.evexipel.com/hormone-replacement-therapy-provider/rmx-blackshear-ga/,
Willow Creek Falls Med Spa,35 Trackside Ln,Blue Ridge,GA,30513,"35 Trackside Ln Blue Ridge, GA 30513",(762) 525-8833,https://www.evexipel.com/hormone-replacement-therapy-provider/willow-creek-falls-med-spa-blue-ridge-ga/,https://share.google/PLkb1Be6tHRw7bqqd
Alive Health and Wellness - Braselton,32 Johnson Dr,Braselton,GA,30517,"32 Johnson Dr Braselton, GA 30517",(762) 339-4234,https://www.evexipel.com/hormone-replacement-therapy-provider/alive-health-and-wellness-braselton-ga/,
RebornLyfe,3740 Village Way Ste 210,Braselton,GA,30517,"3740 Village Way Ste 210 Braselton, GA 30517",(386) 614-8750,https://www.evexipel.com/hormone-replacement-therapy-provider/rebornlyfe-braselton-ga/,
"3:16 Healthcare (Bremen, Ga)",210 Gordon St,Bremen,GA,30110,"210 Gordon St Bremen, GA 30110",(770) 373-4512,https://www.evexipel.com/hormone-replacement-therapy-provider/316-healthcare-bremen-ga-bremen-ga/,https://share.google/ayDZ4G68PIoecuSUf
3:16 Healthcare - Bremen Infusion,828 Pacific Ave,Bremen,GA,30110,"828 Pacific Ave Bremen, GA 30110",(256) 906-9988,https://www.evexipel.com/hormone-replacement-therapy-provider/316-healthcare-bremen-infusion-bremen-ga/,
Activate Health & Wellness,160 Juniper Ct Ste 100,Brunswick,GA,31520,"160 Juniper Ct Ste 100 Brunswick, GA 31520",(912) 978-4515,https://www.evexipel.com/hormone-replacement-therapy-provider/activate-health-wellness-brunswick-ga/,
At Home Primary Care Of Georgia,1000 Vintage Brunswick Circle Ste 1,Brunswick,GA,31525,"1000 Vintage Brunswick Circle Ste 1 Brunswick, GA 31525",(912) 766-5639,https://www.evexipel.com/hormone-replacement-therapy-provider/at-home-primary-care-of-georgia-brunswick-ga/,
Andromeda Medspa,3425 Buford Dr Ste 100,Buford,GA,30519,"3425 Buford Dr Ste 100 Buford, GA 30519",(470) 570-9282,https://www.evexipel.com/hormone-replacement-therapy-provider/andromeda-medspa-buford-ga/,https://share.google/IzhCLugs4LnsLZIzs
Aria Vitality Med Spa,2129 Friendship Rd,Buford,GA,30519,"2129 Friendship Rd Buford, GA 30519",(770) 800-0344,https://www.evexipel.com/hormone-replacement-therapy-provider/aria-vitality-med-spa-buford-ga/,
Windermere Medical at Habersham,386 Highway 441,Byp Baldwin,GA,30511,"386 Highway 441 Byp Baldwin, GA 30511",(706) 809-5190,https://www.evexipel.com/hormone-replacement-therapy-provider/windermere-medical-at-habersham-baldwin-ga/,
ML Solutions,100 S Court St,Calhoun,GA,30701,"100 S Court St Calhoun, GA 30701",(762) 204-3973,https://www.evexipel.com/hormone-replacement-therapy-provider/ml-solutions-calhoun-ga/,
Canton Primary Care,"200 Eagles Nest Dr Bldg 300, Ste",Canton,GA,30115,"200 Eagles Nest Dr Bldg 300, Ste D Canton, GA 30115",(762) 722-1318,https://www.evexipel.com/hormone-replacement-therapy-provider/canton-primary-care-canton-ga/,
Innovations Wellness & MedSpa,111 Mountain Brook Suite 100,Canton,GA,30115,"111 Mountain Brook Suite 100 Canton, GA 30115",(762) 722-2028,https://www.evexipel.com/hormone-replacement-therapy-provider/innovations-wellness-medspa-canton-ga/,
"3:16 Healthcare (Carrollton, Ga)",820 Maple Street,Carrollton,GA,30117,"820 Maple Street Carrollton, GA 30117",(770) 407-8595,https://www.evexipel.com/hormone-replacement-therapy-provider/316-healthcare-carrollton-ga-carrollton-ga/,https://share.google/s4lVEJf4QOutSvTvP
B&B Complete Wound and Wellness LLC,911 North Tennessee Street Ste 101,Cartersville,GA,30120,"911 North Tennessee Street Ste 101 Cartersville, GA 30120",(762) 254-5223,https://www.evexipel.com/hormone-replacement-therapy-provider/bb-complete-wound-and-wellness-llc-cartersville-ga/,
ElixirMD,1124 N Tennessee St Ste 103,Cartersville,GA,30120,"1124 N Tennessee St Ste 103 Cartersville, GA 30120",(706) 609-3778,https://www.evexipel.com/hormone-replacement-therapy-provider/elixirmd-cartersville-ga/,
Prestige Family Medicine,6200 Bradley Park Drive,Columbus,GA,31904,"6200 Bradley Park Drive Columbus, GA 31904",(706) 943-0495,https://www.evexipel.com/hormone-replacement-therapy-provider/prestige-family-medicine-columbus-ga/,
Selah Aesthetics & Wellness,5636 Whitesville Road Ste,Columbus,GA,31904,"5636 Whitesville Road Ste C1 Columbus, GA 31904",(762) 441-7109,https://www.evexipel.com/hormone-replacement-therapy-provider/selah-aesthetics-wellness-columbus-ga/,
WesterWELL - Dr. Susan Westerlund,4100 Woodruff Rd Ste,Columbus,GA,31904,"4100 Woodruff Rd Ste H200 Columbus, GA 31904",(706) 710-6435,https://www.evexipel.com/hormone-replacement-therapy-provider/westerwell-dr-susan-westerlund-columbus-ga/,
Westerwell - Dr. Richard Stephens,4100 Woodruff Rd Ste,Columbus,GA,31904,"4100 Woodruff Rd Ste H200 Columbus, GA 31904",(706) 916-3728,https://www.evexipel.com/hormone-replacement-therapy-provider/westerwell-dr-richard-stephens-columbus-ga/,
Radiant Womens Health,1403 Manchester Dr. Ne,Conyers,GA,30012,"1403 Manchester Dr. Ne Conyers, GA 30012",(470) 570-2535,https://www.evexipel.com/hormone-replacement-therapy-provider/radiant-womens-health-conyers-ga/,
Lanier Family Healthcare,5830 Bond St Ste 200,Cumming,GA,30040,"5830 Bond St Ste 200 Cumming, GA 30040",(762) 722-2392,https://www.evexipel.com/hormone-replacement-therapy-provider/lanier-family-healthcare-cumming-ga/,
Russell Medical,4355 Browns Bridge Rd,Cumming,GA,30041,"4355 Browns Bridge Rd Cumming, GA 30041",(470) 823-8349,https://www.evexipel.com/hormone-replacement-therapy-provider/russell-medical-cumming-ga/,
Unify Aesthetics and Wellness,5955 Pkwy N Blvd Suite,Cumming,GA,30040,"5955 Pkwy N Blvd Suite D Cumming, GA 30040",(470) 518-0079,https://www.evexipel.com/hormone-replacement-therapy-provider/unify-aesthetics-and-wellness-cumming-ga/,https://share.google/pIrQvwtYS7fKNcr4g
Windermere Medical,3850 Windermere Pkwy Ste 105,Cumming,GA,30041,"3850 Windermere Pkwy Ste 105 Cumming, GA 30041",(470) 823-8213,https://www.evexipel.com/hormone-replacement-therapy-provider/windermere-medical-cumming-ga/,
Family Care Dahlonega,400 Walmart Way Suite,Dahlonega,GA,30533,"400 Walmart Way Suite F Dahlonega, GA 30533",(478) 795-7394,https://www.evexipel.com/hormone-replacement-therapy-provider/family-care-dahlonega-ga/,
Gameday Men’s Health Dawsonville,6002 Hwy 53E Ste 100,Dawsonville,GA,30534,"6002 Hwy 53E Ste 100 Dawsonville, GA 30534",(706) 710-4648,https://www.evexipel.com/hormone-replacement-therapy-provider/gameday-mens-health-dawsonville-ga/,
Keating Family Medicine,1080 Lumpkin Campground Rd Ste 300,Dawsonville,GA,30534,"1080 Lumpkin Campground Rd Ste 300 Dawsonville, GA 30534",(706) 229-6571,https://www.evexipel.com/hormone-replacement-therapy-provider/keating-family-medicine-dawsonville-ga/,
"Park Central Family Practice, Inc.",4367 New Snapfinger Woods Dr.,Decatur,GA,30035,"4367 New Snapfinger Woods Dr. Decatur, GA 30035",(470) 407-6471,https://www.evexipel.com/hormone-replacement-therapy-provider/park-central-family-practice-inc-decatur-ga/,
Best Life Vitality,2108 Fairburn Rd Suite,Douglasville,GA,30135,"2108 Fairburn Rd Suite G Douglasville, GA 30135",(386) 223-6693,https://www.evexipel.com/hormone-replacement-therapy-provider/best-life-vitality-douglasville-ga/,
The SknBar Aesthetics and Wellness,110 Corporate Square,Dublin,GA,31021,"110 Corporate Square Dublin, GA 31021",(478) 800-4573,https://www.evexipel.com/hormone-replacement-therapy-provider/the-sknbar-aesthetics-and-wellness-dublin-ga/,
Lifeline Primary Care,4855 River Green Pkwy Ste 700,Duluth,GA,30096,"4855 River Green Pkwy Ste 700 Duluth, GA 30096",(706) 471-3107,https://www.evexipel.com/hormone-replacement-therapy-provider/lifeline-primary-care-duluth-ga/,
Atlanta Mobile Aesthetics & IV Hydration,1370 Center Dr Ste 104,Dunwoody,GA,30338,"1370 Center Dr Ste 104 Dunwoody, GA 30338",(470) 589-5842,https://www.evexipel.com/hormone-replacement-therapy-provider/atlanta-mobile-aesthetics-iv-hydration-dunwoody-ga/,
Holding Up Well,1705 Mount Vernon Rd Ste,Dunwoody,GA,30338,"1705 Mount Vernon Rd Ste B Dunwoody, GA 30338",(470) 297-6165,https://www.evexipel.com/hormone-replacement-therapy-provider/holding-up-well-dunwoody-ga/,
R & R Aesthetics,425 E Crossville Rd Ste,"E-111 Roswell,",GA,30075,"425 E Crossville Rd Ste E-111 Roswell,, GA 30075",(386) 693-1528,https://www.evexipel.com/hormone-replacement-therapy-provider/r-r-aesthetics-roswell-ga/,
Sumner Aesthetics,616 Ponder Place Drive,Evans,GA,30809,"616 Ponder Place Drive Evans, GA 30809",(706) 918-9827,https://www.evexipel.com/hormone-replacement-therapy-provider/sumner-aesthetics-evans-ga/,
Vitality Health and Wellness,604 Goverment Center Way Suite 4,Evans,GA,30909,"604 Goverment Center Way Suite 4 Evans, GA 30909",(762) 320-4654,https://www.evexipel.com/hormone-replacement-therapy-provider/vitality-health-and-wellness-evans-ga/,
Welcome Health,5100 Pierce Court Ste,Evans,GA,30809,"5100 Pierce Court Ste B Evans, GA 30809",(706) 702-2314,https://www.evexipel.com/hormone-replacement-therapy-provider/welcome-health-evans-ga/,
Illuminate Mee Aesthetics & Wellness,380 Stonewall Ave W,Fayetteville,GA,30214,"380 Stonewall Ave W Fayetteville, GA 30214",(706) 740-7834,https://www.evexipel.com/hormone-replacement-therapy-provider/illuminate-mee-aesthetics-wellness-fayetteville-ga/,
Regen-U-Sphere,7367 Spout Springs Rd,Flowery Branch,GA,30542,"7367 Spout Springs Rd Flowery Branch, GA 30542",(770) 766-4635,https://www.evexipel.com/hormone-replacement-therapy-provider/regen-u-sphere-flowery-branch-ga/,
Wellness Worx,7316 Spout Springs Rd Ste 202,Flowery Branch,GA,30542,"7316 Spout Springs Rd Ste 202 Flowery Branch, GA 30542",(386) 703-9086,https://www.evexipel.com/hormone-replacement-therapy-provider/wellness-worx-flowery-branch-ga/,
Ageless Physique & Wellness,3511 Braselton Hwy Ste,G-100 Dacula,GA,30019,"3511 Braselton Hwy Ste G-100 Dacula, GA 30019",(470) 735-8652,https://www.evexipel.com/hormone-replacement-therapy-provider/ageless-physique-wellness-dacula-ga/,
Anew You Refreshing Aesthetics,929 Washington Street Sw,Gainesville,GA,30501,"929 Washington Street Sw Gainesville, GA 30501",(470) 661-0746,https://www.evexipel.com/hormone-replacement-therapy-provider/anew-you-refreshing-aesthetics-gainesville-ga/,
Gainesville Primary Care,1564 Park Hill Drive,Gainesville,GA,30501,"1564 Park Hill Drive Gainesville, GA 30501",(762) 239-4449,https://www.evexipel.com/hormone-replacement-therapy-provider/gainesville-primary-care-gainesville-ga/,
Gameday Men’s Health,660 Lanier Park Dr Ste,Gainesville,GA,30501,"660 Lanier Park Dr Ste G Gainesville, GA 30501",(762) 228-2680,https://www.evexipel.com/hormone-replacement-therapy-provider/gameday-mens-health-gainesville-ga/,
Allure Aesthetics,126 W Clinton St,Gray,GA,31032,"126 W Clinton St Gray, GA 31032",(478) 242-2326,https://www.evexipel.com/hormone-replacement-therapy-provider/allure-aesthetics-gray-ga/,
Regenerative Orthopedics - Greensboro,1010 Park Place Blvd,Greensboro,GA,30642,"1010 Park Place Blvd Greensboro, GA 30642",(706) 707-2176,https://www.evexipel.com/hormone-replacement-therapy-provider/regenerative-orthopedics-greensboro-ga/,
Vitality Health and Glow Clinic,44 Darbys Crossing Dr Ste,Hiram,GA,30141,"44 Darbys Crossing Dr Ste 110A Hiram, GA 30141",(470) 600-8047,https://www.evexipel.com/hormone-replacement-therapy-provider/vitality-health-and-glow-clinic-hiram-ga/,
Rejoyce Aesthetics and Wellness,144 W Cherry St,Jesup,GA,31545,"144 W Cherry St Jesup, GA 31545",(912) 301-3706,https://www.evexipel.com/hormone-replacement-therapy-provider/rejoyce-aesthetics-and-wellness-jesup-ga/,
Sea Aesthetics - Jesup,106 East Cherry Street Ste 207,Jesup,GA,31546,"106 East Cherry Street Ste 207 Jesup, GA 31546",(762) 238-6854,https://www.evexipel.com/hormone-replacement-therapy-provider/sea-aesthetics-jesup-ga/,
All About Health - Johns Creek,5805 State Bridge Rd,Johns Creek,GA,30097,"5805 State Bridge Rd Johns Creek, GA 30097",(770) 609-2985,https://www.evexipel.com/hormone-replacement-therapy-provider/all-about-health-johns-creek-ga/,
Metro Atlanta Urology,1301 Shiloh Rd NW Ste 660,Kennesaw,GA,30144,"1301 Shiloh Rd NW Ste 660 Kennesaw, GA 30144",(404) 341-7197,https://www.evexipel.com/hormone-replacement-therapy-provider/metro-atlanta-urology-kennesaw-ga/,
Center for Wellness & Paincare Riverside,1960 Riverside Pkwy Ste 107,Lawrenceville,GA,30043,"1960 Riverside Pkwy Ste 107 Lawrenceville, GA 30043",(706) 471-2462,https://www.evexipel.com/hormone-replacement-therapy-provider/center-for-wellness-paincare-riverside-lawrenceville-ga/,
Deep Rooted Health & Wellness Med Spa,1130 Hurricane Shoals Rd Ne Ste 700,Lawrenceville,GA,30043,"1130 Hurricane Shoals Rd Ne Ste 700 Lawrenceville, GA 30043",(470) 458-9542,https://www.evexipel.com/hormone-replacement-therapy-provider/deep-rooted-health-wellness-med-spa-lawrenceville-ga/,
Sugarloaf Wellness Center,1655 Lebanon Rd Ste,Lawrenceville,GA,30043,"1655 Lebanon Rd Ste A Lawrenceville, GA 30043",(470) 570-6835,https://www.evexipel.com/hormone-replacement-therapy-provider/sugarloaf-wellness-center-lawrenceville-ga/,
Creating Health and Wellness,1501 Us Hwy 19 S,Leesburg,GA,31763,"1501 Us Hwy 19 S Leesburg, GA 31763",(229) 394-7208,https://www.evexipel.com/hormone-replacement-therapy-provider/creating-health-and-wellness-leesburg-ga/,
Lifeline Primary Care - Lilburn,4025 Lawrenceville Highway Suite,Lilburn,GA,30047,"4025 Lawrenceville Highway Suite A Lilburn, GA 30047",(470) 778-3995,https://www.evexipel.com/hormone-replacement-therapy-provider/lifeline-primary-care-lilburn-ga/,
Ageless Atlanta,939 Thornton Rd,Lithia Springs,GA,30122,"939 Thornton Rd Lithia Springs, GA 30122",(770) 874-0433,https://www.evexipel.com/hormone-replacement-therapy-provider/ageless-atlanta-lithia-springs-ga/,
Premier Health & Wellness,5900 Hillandale Drive Ste,Lithonia,GA,30058,"5900 Hillandale Drive Ste #325 Lithonia, GA 30058",(470) 441-4439,https://www.evexipel.com/hormone-replacement-therapy-provider/premier-health-wellness-lithonia-ga/,
Total Womens Health & Wellness Center,2745 Dekalb Medical Parkway Ste 210,Lithonia,GA,30058,"2745 Dekalb Medical Parkway Ste 210 Lithonia, GA 30058",(470) 823-7396,https://www.evexipel.com/hormone-replacement-therapy-provider/total-womens-health-wellness-center-lithonia-ga/,
AdvancedMD Aesthetics of Atlanta,1640 Powers Ferry Rd Se Bldg 30,Marietta,GA,30067,"1640 Powers Ferry Rd Se Bldg 30 Marietta, GA 30067",(470) 486-6181,https://www.evexipel.com/hormone-replacement-therapy-provider/advancedmd-aesthetics-of-atlanta-marietta-ga/,
American Family Care East Cobb,1401 Johnson Ferry Rd Ste 390,Marietta,GA,30062,"1401 Johnson Ferry Rd Ste 390 Marietta, GA 30062",(470) 839-4867,https://www.evexipel.com/hormone-replacement-therapy-provider/american-family-care-east-cobb-marietta-ga/,https://www.google.com/search?q=AFC+Urgent+and+Primary+Care%2C+East+Cobb&sca_esv=ec2bff8bd1e2ef21&sxsrf=ANbL-n65K0Wox7kxr62GJLIcm-qYDRi1TQ%3A1781619719818&ei=B1wxaqLBMYnEp84P34XDqA8&biw=2106&bih=981&ved=0ahUKEwji4JjU-ouVAxUJ4skDHd_CEPUQ4dUDCBI&uact=5&oq=A
Debora K Brazilian Aesthetic Center,2211 Roswell Rd Ste 158,Marietta,GA,30062,"2211 Roswell Rd Ste 158 Marietta, GA 30062",(470) 274-3310,https://www.evexipel.com/hormone-replacement-therapy-provider/debora-k-brazilian-aesthetic-center-marietta-ga/,
FWC Unified Premier Women's Care Robbins,574 Church St NE,Marietta,GA,30060,"574 Church St NE Marietta, GA 30060",(470) 274-7533,https://www.evexipel.com/hormone-replacement-therapy-provider/fwc-unified-premier-womens-care-robbins-marietta-ga/,
LiveWell Wellness,2145 Roswell Rd Ste 100,Marietta,GA,30062,"2145 Roswell Rd Ste 100 Marietta, GA 30062",(706) 707-5891,https://www.evexipel.com/hormone-replacement-therapy-provider/livewell-wellness-marietta-ga/,
Metro Health And Wellness,2550 Windy Hill Rd Se Ste 321,Marietta,GA,30067,"2550 Windy Hill Rd Se Ste 321 Marietta, GA 30067",(470) 517-6268,https://www.evexipel.com/hormone-replacement-therapy-provider/metro-health-and-wellness-marietta-ga/,
Morgan Medical Associates,2453 Powder Springs Road Sw Ste 215,Marietta,GA,30064,"2453 Powder Springs Road Sw Ste 215 Marietta, GA 30064",(478) 654-8598,https://www.evexipel.com/hormone-replacement-therapy-provider/morgan-medical-associates-marietta-ga/,
Natural Glow Aesthetics and Wellness,36 Trammell St. SW Ste 101,Marietta,GA,30064,"36 Trammell St. SW Ste 101 Marietta, GA 30064",(478) 395-9375,https://www.evexipel.com/hormone-replacement-therapy-provider/natural-glow-aesthetics-and-wellness-marietta-ga/,
Omni Medspa,4880 Lower Roswell Rd Suite 635,Marietta,GA,30068,"4880 Lower Roswell Rd Suite 635 Marietta, GA 30068",(470) 281-2838,https://www.evexipel.com/hormone-replacement-therapy-provider/omni-medspa-marietta-ga/,
PointMed Primary Care,1634 White Circle Ste 101,Marietta,GA,30066,"1634 White Circle Ste 101 Marietta, GA 30066",(470) 870-7970,https://www.evexipel.com/hormone-replacement-therapy-provider/pointmed-primary-care-marietta-ga/,
Refined Women’s Wellness,699 Church Street NE Suite 300,Marietta,GA,30060,"699 Church Street NE Suite 300 Marietta, GA 30060",(386) 465-4408,https://www.evexipel.com/hormone-replacement-therapy-provider/refined-womens-wellness-marietta-ga/,
Luceat Vita,3578 Riverwatch Parkway,Martinez,GA,30907,"3578 Riverwatch Parkway Martinez, GA 30907",(762) 242-4933,https://www.evexipel.com/hormone-replacement-therapy-provider/luceat-vita-augusta-ga/,
Elite IV Hydration and Wellness,823 Pavilion Ct,McDonough,GA,30253,"823 Pavilion Ct McDonough, GA 30253",(678) 750-1688,https://www.evexipel.com/hormone-replacement-therapy-provider/elite-iv-hydration-and-wellness-mcdonough-ga/,https://share.google/4YZvPCMkRRPgoJpM6
Burton Medical Group,210,Mercer Junction Macon,GA,31210,"210 Mercer Junction Macon, GA 31210",(478) 339-4149,https://www.evexipel.com/hormone-replacement-therapy-provider/burton-medical-group-macon-ga/,
CJ Bennett Medical,143 US Highway 319 South Unit 12,Moultrie,GA,31788,"143 US Highway 319 South Unit 12 Moultrie, GA 31788",(229) 233-7708,https://www.evexipel.com/hormone-replacement-therapy-provider/cj-bennett-medical-moultrie-ga/,
Recharge Wellness Medical Clinic LLC,3295 River Exchange Dr Ste 545,Norcross,GA,30092,"3295 River Exchange Dr Ste 545 Norcross, GA 30092",(678) 974-1356,https://www.evexipel.com/hormone-replacement-therapy-provider/recharge-wellness-medical-clinic-llc-atlanta-ga/,
ASTRE Wellness,300,Northside Crossing Macon,GA,31210,"300 Northside Crossing Macon, GA 31210",(478) 339-4325,https://www.evexipel.com/hormone-replacement-therapy-provider/astre-wellness-macon-ga/,
Blue Spiral Med Spa,355,"Oneta Street, 600D Athens",GA,30601,"355 Oneta Street, 600D Athens, GA 30601",(706) 770-4329,https://www.evexipel.com/hormone-replacement-therapy-provider/blue-spiral-med-spa-athens-ga/,
Family Medicine Specialists,100 Genevieve Court Suite,Peachtree City,GA,30269,"100 Genevieve Court Suite A Peachtree City, GA 30269",(470) 771-6985,https://www.evexipel.com/hormone-replacement-therapy-provider/family-medicine-specialists-peachtree-city-ga/,
ReNEW You,277 Highway 74 N Ste 210,Peachtree City,GA,30269,"277 Highway 74 N Ste 210 Peachtree City, GA 30269",(706) 813-6339,https://www.evexipel.com/hormone-replacement-therapy-provider/renew-you-peachtree-city-ga/,
Fibroid and Pelvic Wellness of Georgia,4028 Holcomb Bridge Rd STE 200,Peachtree Corners,GA,30092,"4028 Holcomb Bridge Rd STE 200 Peachtree Corners, GA 30092",(470) 237-8193,https://www.evexipel.com/hormone-replacement-therapy-provider/fibroid-and-pelvic-wellness-of-georgia-peachtree-corners-ga/,
Angela K. Aesthetics,215 Wes Park Drive,Perry,GA,31069,"215 Wes Park Drive Perry, GA 31069",(478) 280-3173,https://www.evexipel.com/hormone-replacement-therapy-provider/angela-k-aesthetics-perry-ga/,
Family Integrative Medicine,107 Woodlawn Dr Ste,Perry,GA,31069,"107 Woodlawn Dr Ste B Perry, GA 31069",(478) 827-8771,https://www.evexipel.com/hormone-replacement-therapy-provider/family-integrative-medicine-perry-ga/,
Serenity Med Spa of Georgia,1000 Towne Center Blvd Ste 604,Pooler,GA,31322,"1000 Towne Center Blvd Ste 604 Pooler, GA 31322",(912) 491-3337,https://www.evexipel.com/hormone-replacement-therapy-provider/serenity-med-spa-of-georgia-pooler-ga/,
Vitali Med Spa,130 Canal St Ste 403,Pooler,GA,31322,"130 Canal St Ste 403 Pooler, GA 31322",(912) 913-7288,https://www.evexipel.com/hormone-replacement-therapy-provider/vitali-med-spa-pooler-ga/,
Biomed HRT,106,Retreat Vlg Saint Simons Island,GA,31522,"106 Retreat Vlg Saint Simons Island, GA 31522",(912) 875-2031,https://www.evexipel.com/hormone-replacement-therapy-provider/biomed-hrt-st-simons-island-ga/,
"Altera Aesthetixs - Richmond Hill - Richmond Hill, GA - Richmond Hill, GA",11258 Ford Avenue Suite 9,Richmond Hill,GA,31324,"11258 Ford Avenue Suite 9 Richmond Hill, GA 31324",(912) 666-6189,https://www.evexipel.com/hormone-replacement-therapy-provider/altera-aesthetixs-richmond-hill-richmond-hill-ga-richmond-hill-ga-richmond-hill-ga/,
Associates in Women's Health - Ringgold,93 Robin Rd,Ringgold,GA,30736,"93 Robin Rd Ringgold, GA 30736",(762) 226-8695,https://www.evexipel.com/hormone-replacement-therapy-provider/associates-in-womens-health-ringgold-ga/,
Wecare Health And Wellness,701 Hogue Ave Ste,Rockmart,GA,30153,"701 Hogue Ave Ste C Rockmart, GA 30153",(706) 230-6815,https://www.evexipel.com/hormone-replacement-therapy-provider/wecare-health-and-wellness-rockmart-ga/,
Best Healthcare and Wellness,712 Broad Street Ste,Rome,GA,30161,"712 Broad Street Ste B Rome, GA 30161",(706) 719-5362,https://www.evexipel.com/hormone-replacement-therapy-provider/best-healthcare-and-wellness-rome-ga/,
Wecare Health And Wellness - Rome,531 Broad St,Rome,GA,30161,"531 Broad St Rome, GA 30161",(706) 944-8196,https://www.evexipel.com/hormone-replacement-therapy-provider/wecare-health-and-wellness-rome-ga/,
Peonies Aesthetics & Wellness Solutions,500 Sun Valley Drive Suite,Roswell,GA,30076,"500 Sun Valley Drive Suite H1 Roswell, GA 30076",(470) 589-5872,https://www.evexipel.com/hormone-replacement-therapy-provider/peonies-aesthetics-wellness-solutions-roswell-ga/,https://share.google/5r8BkZ4cInMYGBHzt
Providence Wellness Center,1300 Upper Hembree Road Ste,Roswell,GA,30076,"1300 Upper Hembree Road  Ste D Roswell, GA 30076",(470) 518-5721,https://www.evexipel.com/hormone-replacement-therapy-provider/providence-wellness-center-roswell-ga/,
Roswell Pain Specialists,1300 Upper Hembree Rd Suite,Roswell,GA,30076,"1300 Upper Hembree Rd Suite B Roswell, GA 30076",(678) 679-2322,https://www.evexipel.com/hormone-replacement-therapy-provider/roswell-pain-specialists-roswell-ga/,
Sea Aesthetics + Wellness LLC,64 Andrews Way,Saint Marys,GA,31558,"64 Andrews Way Saint Marys, GA 31558",(912) 766-5205,https://www.evexipel.com/hormone-replacement-therapy-provider/sea-aesthetics-wellness-llc-st-marys-ga/,
Sandersville Urgent Care & Wellness,510 Sparta Rd,Sandersville,GA,31082,"510 Sparta Rd Sandersville, GA 31082",(478) 209-3704,https://www.evexipel.com/hormone-replacement-therapy-provider/sandersville-urgent-care-wellness-sandersville-ga/,
Altera Aesthetixs,11550 Abercorn St,Savannah,GA,31419,"11550 Abercorn St Savannah, GA 31419",(912) 913-7294,https://www.evexipel.com/hormone-replacement-therapy-provider/altera-aesthetixs-savannah-ga/,
Institute For Personalized Medicine,1 Oglethorpe Professional Blvd Suite 201,Savannah,GA,31406,"1 Oglethorpe Professional Blvd Suite 201 Savannah, GA 31406",(912) 396-5991,https://www.evexipel.com/hormone-replacement-therapy-provider/institute-for-personalized-medicine-savannah-ga/,
Kessinger Aesthetic Dermatology,13 E York St,Savannah,GA,31401,"13 E York St Savannah, GA 31401",(912) 455-2685,https://www.evexipel.com/hormone-replacement-therapy-provider/kessinger-aesthetic-dermatology-savannah-ga/,
Resilience Functional Medicine LLC,716 E 71st St,Savannah,GA,31405,"716 E 71st St Savannah, GA 31405",(912) 244-7373,https://www.evexipel.com/hormone-replacement-therapy-provider/resilience-functional-medicine-llc-savannah-ga/,
Upstream Medical Care and Aesthetics,212 Johnny Mercer Blvd Suite,Savannah,GA,31410,"212 Johnny Mercer Blvd Suite B Savannah, GA 31410",(912) 446-6342,https://www.evexipel.com/hormone-replacement-therapy-provider/upstream-medical-care-and-aesthetics-savannah-ga/,
Coastal Care Partners,4,Skidaway Village Walk Savannah,GA,31411,"4 Skidaway Village Walk Savannah, GA 31411",(912) 348-8753,https://www.evexipel.com/hormone-replacement-therapy-provider/coastal-care-partners-savannah-ga/,
Wellness MD,3822 Highlands Parkway Se Bldg 9,Smyrna,GA,30082,"3822 Highlands Parkway Se Bldg 9 Smyrna, GA 30082",(770) 670-4429,https://www.evexipel.com/hormone-replacement-therapy-provider/wellness-md-smyrna-ga/,
Renew Health,1550 Janmar Rd Ste,Snellville,GA,30078,"1550 Janmar Rd Ste B Snellville, GA 30078",(678) 400-2540,https://www.evexipel.com/hormone-replacement-therapy-provider/renew-health-snellville-ga/,
Altera Aesthetixs - Statesboro,1088 Bermuda Run Rd Unit,Statesboro,GA,30458,"1088 Bermuda Run Rd Unit A Statesboro, GA 30458",(912) 329-3743,https://www.evexipel.com/hormone-replacement-therapy-provider/altera-aesthetixs-statesboro-ga/,
Elevate with Ogeechee Health,1310 Brampton Ave,Statesboro,GA,30458,"1310 Brampton Ave Statesboro, GA 30458",(912) 732-8659,https://www.evexipel.com/hormone-replacement-therapy-provider/elevate-with-ogeechee-health-statesboro-ga/,
Thrive Health and Wellness,421 Page Place Rd,Statesboro,GA,30458,"421 Page Place Rd Statesboro, GA 30458",(912) 741-3727,https://www.evexipel.com/hormone-replacement-therapy-provider/thrive-health-and-wellness-statesboro-ga/,
Regenerative Orthopedics & Spine Insitute,135 N. Park Place Suite 101,Stockbridge,GA,30281,"135 N. Park Place Suite 101 Stockbridge, GA 30281",(478) 778-8887,https://www.evexipel.com/hormone-replacement-therapy-provider/regenerative-orthopedics-spine-insitute-stockbridge-ga/,
Lifeline Medical Center,4910 Memorial Drive Ste,Stone Mountain,GA,30087,"4910 Memorial Drive Ste A Stone Mountain, GA 30087",(470) 401-0095,https://www.evexipel.com/hormone-replacement-therapy-provider/lifeline-medical-center-stone-mountain-ga/,
Premier Weight Loss & Medispa,12422 Highway 27,Summerville,GA,30747,"12422 Highway 27 Summerville, GA 30747",(762) 254-4629,https://www.evexipel.com/hormone-replacement-therapy-provider/premier-weight-loss-medispa-summerville-ga/,
Lifeline Primary Care - Suwanee,4355 Johns Creek Parkway,Suwanee,GA,30024,"4355 Johns Creek Parkway Suwanee, GA 30024",(762) 232-2387,https://www.evexipel.com/hormone-replacement-therapy-provider/lifeline-primary-care-suwanee-ga/,
NuVitalelife,4245 Johns Creek Pkwy Ste,Suwanee,GA,30024,"4245 Johns Creek Pkwy Ste B Suwanee, GA 30024",(678) 679-5319,https://www.evexipel.com/hormone-replacement-therapy-provider/nuvitalelife-suwanee-ga/,
Savage Wellness and Spa,112 N Isabella St,Sylvester,GA,31791,"112 N Isabella St Sylvester, GA 31791",(229) 471-8478,https://www.evexipel.com/hormone-replacement-therapy-provider/savage-wellness-and-spa-sylvester-ga/,
Renew Medispa,1300 E Jackson St,Thomasville,GA,31792,"1300 E Jackson St Thomasville, GA 31792",(912) 502-0331,https://www.evexipel.com/hormone-replacement-therapy-provider/renew-medispa-thomasville-ga/,
Wellspring Medical Spa & Aesthetics,115 Seward St,Thomasville,GA,31792,"115 Seward St Thomasville, GA 31792",(229) 348-0338,https://www.evexipel.com/hormone-replacement-therapy-provider/wellspring-medical-spa-aesthetics-thomasville-ga/,
Wingfield Aesthetics,316 Ware St,Thomson,GA,30824,"316 Ware St Thomson, GA 30824",(762) 309-5264,https://www.evexipel.com/hormone-replacement-therapy-provider/wingfield-aesthetics-thomson-ga/,
Belovese Medspa LLC,209 12th St W,Tifton,GA,31794,"209 12th St W Tifton, GA 31794",(229) 367-5227,https://www.evexipel.com/hormone-replacement-therapy-provider/belovese-medspa-llc-tifton-ga/,
"Ashcare Functional Medicine, LLC",3469 Lawrenceville Highway Ste.# 303,Tucker,GA,30084,"3469 Lawrenceville Highway Ste.# 303 Tucker, GA 30084",(470) 823-8091,https://www.evexipel.com/hormone-replacement-therapy-provider/ashcare-functional-medicine-llc-tucker-ga/,
Decatur Health and Wellness,1370 Montreal Rd. E Suite 112,Tucker,GA,30084,"1370 Montreal Rd. E Suite 112 Tucker, GA 30084",(386) 465-3833,https://www.evexipel.com/hormone-replacement-therapy-provider/decatur-health-and-wellness-tucker-ga/,
Trilogy Health and Wellness,510 Swanson Rd,Tyrone,GA,30290,"510 Swanson Rd Tyrone, GA 30290",(770) 525-9663,https://www.evexipel.com/hormone-replacement-therapy-provider/trilogy-health-and-wellness-tyrone-ga/,
Plastic Surgery Associates Of Valdosta,230 Northside Dr,Valdosta,GA,31602,"230 Northside Dr Valdosta, GA 31602",(229) 210-0514,https://www.evexipel.com/hormone-replacement-therapy-provider/plastic-surgery-associates-of-valdosta-ga/,
Restore Wellness and Aesthetics,1811 Manning Drive,Vidalia,GA,30474,"1811 Manning Drive Vidalia, GA 30474",(912) 616-8388,https://www.evexipel.com/hormone-replacement-therapy-provider/restore-wellness-and-aesthetics-vidalia-ga/,
3:16 Healthcare - Villa Rica,1 Community Square Blvd Ste 103,Villa Rica,GA,30180,"1 Community Square Blvd Ste 103 Villa Rica, GA 30180",(470) 206-2135,https://www.evexipel.com/hormone-replacement-therapy-provider/316-healthcare-villa-rica-ga/,https://share.google/1rtyGceO1pmEHHjs6
Ageless Aesthetics-Umerah Family Practice,320 Margie Dr Ste 100,Warner Robins,GA,31088,"320 Margie Dr Ste 100 Warner Robins, GA 31088",(478) 280-4888,https://www.evexipel.com/hormone-replacement-therapy-provider/ageless-aesthetics-umerah-family-practice-warner-robins-ga/,
Lugo Plastic Surgery,2053 Experiment Station Rd Building 300,Watkinsville,GA,30677,"2053 Experiment Station Rd Building 300 Watkinsville, GA 30677",(762) 400-0455,https://www.evexipel.com/hormone-replacement-therapy-provider/lugo-plastic-surgery-watkinsville-ga/,
Advanced Health Solutions - GA,13190 Highway 92 Suite 70,Woodstock,GA,30188,"13190 Highway 92 Suite 70 Woodstock, GA 30188",(478) 739-4278,https://www.evexipel.com/hormone-replacement-therapy-provider/advanced-health-solutions-ga-woodstock-ga/,
All About Health Woodstock,12195 Hwy 92 Ste 112,Woodstock,GA,30188,"12195 Hwy 92 Ste 112 Woodstock, GA 30188",(678) 710-3449,https://www.evexipel.com/hormone-replacement-therapy-provider/all-about-health-woodstock-ga/,
Meridian Health and Wellness,104 Mirramont Lake Dr,Woodstock,GA,30189,"104 Mirramont Lake Dr Woodstock, GA 30189",(470) 740-6784,https://www.evexipel.com/hormone-replacement-therapy-provider/meridian-health-and-wellness-woodstock-ga/,
ReNEW You - Woodstock,13190 Highway 92 Ste 110,Woodstock,GA,30188,"13190 Highway 92 Ste 110 Woodstock, GA 30188",(678) 679-6333,https://www.evexipel.com/hormone-replacement-therapy-provider/renew-you-woodstock-ga/,
Aloha Aesthetics MD,3221 Waialae Ave Ste 386,Honolulu,HI,96816,"3221 Waialae Ave Ste 386 Honolulu, HI 96816",(808) 824-4282,https://www.evexipel.com/hormone-replacement-therapy-provider/aloha-aesthetics-md-honolulu-hi/,
Excel Dermatology of Hawaii,"500 Ala Moana Blvd Building 4, Suite 470",Honolulu,HI,96813,"500 Ala Moana Blvd Building 4, Suite 470 Honolulu, HI 96813",(808) 207-9979,https://www.evexipel.com/hormone-replacement-therapy-provider/excel-dermatology-of-hawaii-honolulu-hi/,
Honolulu Med Spa,1650 Liliha St Ste 101,Honolulu,HI,96817,"1650 Liliha St Ste 101 Honolulu, HI 96817",(808) 736-6223,https://www.evexipel.com/hormone-replacement-therapy-provider/honolulu-med-spa-honolulu-hi/,
Hawaii Wellness Clinic,75-5591 PALANI RD STE 2002,Kailua Kona,HI,96740,"75-5591 PALANI RD STE 2002 Kailua Kona, HI 96740",(808) 745-1486,https://www.evexipel.com/hormone-replacement-therapy-provider/hawaii-wellness-clinic-kailua-kona-hi/,
Maui Longevity Rx,105 Baldwin Ave,Paia,HI,96779,"105 Baldwin Ave Paia, HI 96779",(808) 666-9497,https://www.evexipel.com/hormone-replacement-therapy-provider/maui-longevity-rx-paia-hi/,
Coachlight Clinic & Spa - Ankeny,225 Nw 18Th St Ste 109,Ankeny,IA,50023,"225 Nw 18Th St Ste 109 Ankeny, IA 50023",(515) 495-5793,https://www.evexipel.com/hormone-replacement-therapy-provider/coachlight-clinic-spa-ankeny-ia/,
Moxi Medical Associates,1217,Broadway Denison,IA,51442,"1217 Broadway Denison, IA 51442",(903) 462-6170,https://www.evexipel.com/hormone-replacement-therapy-provider/moxi-medical-associates-denison-ia/,
"Flo Aesthetics, PLC",604 Buddy Holly Place Ste 110,Clear Lake,IA,50428,"604 Buddy Holly Place Ste 110 Clear Lake, IA 50428",(641) 609-8353,https://www.evexipel.com/hormone-replacement-therapy-provider/flo-aesthetics-plc-clear-lake-ia/,
Radiance Medical Spa LLC,3220 Redhawk St Ste 100,Coralville,IA,52241,"3220 Redhawk St Ste 100 Coralville, IA 52241",(319) 205-3664,https://www.evexipel.com/hormone-replacement-therapy-provider/radiance-medical-spa-llc-coralville-ia/,
Priority Health and Wellness Center,210 S 7th street,Denison,IA,51442,"210 S 7th street Denison, IA 51442",(712) 412-4559,https://www.evexipel.com/hormone-replacement-therapy-provider/priority-health-and-wellness-center-denison-ia/,
"515 Wellness and Aesthetics, PLLC",1830 SE Princeton Dr Suite E,Grimes,IA,50111,"1830 SE Princeton Dr Suite E Grimes, IA 50111",(515) 517-8065,https://www.evexipel.com/hormone-replacement-therapy-provider/515-wellness-and-aesthetics-pllc-grimes-ia/,
Ageless Med Spa,1195 E post Road Unit 4,Marion,IA,52302,"1195 E post Road Unit 4 Marion, IA 52302",(319) 205-3513,https://www.evexipel.com/hormone-replacement-therapy-provider/ageless-med-spa-marion-ia/,
Bare Sugar Spa & Med Spa,124 N Delaware Ave,Mason City,IA,50401,"124 N Delaware Ave Mason City, IA 50401",(641) 381-5630,https://www.evexipel.com/hormone-replacement-therapy-provider/bare-sugar-spa-med-spa-mason-city-ia/,
Nourish Clinic,207 2nd Avenue,Northeast Apt. A Independence,IA,50644,"207 2nd Avenue Northeast Apt. A Independence, IA 50644",(319) 456-4641,https://www.evexipel.com/hormone-replacement-therapy-provider/nourish-clinic-independence-ia/,
Essence Aesthetics & Health,99 E Bremer Ave STE 100,Waverly,IA,50677,"99 E Bremer Ave STE 100 Waverly, IA 50677",(319) 456-4469,https://www.evexipel.com/hormone-replacement-therapy-provider/essence-aesthetics-health-waverly-ia/,
"Aesthetic Collective, LLC",6750 Westown Parkway Suite 110,West Des Moines,IA,50266,"6750 Westown Parkway Suite 110 West Des Moines, IA 50266",(515) 303-2881,https://www.evexipel.com/hormone-replacement-therapy-provider/aesthetic-collective-llc-west-des-moines-ia/,
Coachlight Clinic & Spa,6420 Coachlight Drive Ste 100,West Des Moines,IA,50266,"6420 Coachlight Drive Ste 100 West Des Moines, IA 50266",(515) 654-5547,https://www.evexipel.com/hormone-replacement-therapy-provider/coachlight-clinic-spa-west-des-moines-ia/,
"Evolution Wellness and Aesthetics, LLC",2700 University Ave Ste 320,West Des Moines,IA,50266,"2700 University Ave Ste 320 West Des Moines, IA 50266",(515) 373-5771,https://www.evexipel.com/hormone-replacement-therapy-provider/evolution-wellness-and-aesthetics-llc-west-des-moines-ia/,
The Spa at West Glen,5465 Mills Civic Pkwy Ste 250,West Des Moines,IA,50266,"5465 Mills Civic Pkwy Ste 250 West Des Moines, IA 50266",(515) 517-6210,https://www.evexipel.com/hormone-replacement-therapy-provider/the-spa-at-west-glen-west-des-moines-ia/,
Venice Beach HRT,5465 Mills Civic Pkwy Ste 243,West Des Moines,IA,50266,"5465 Mills Civic Pkwy Ste 243 West Des Moines, IA 50266",(515) 373-5129,https://www.evexipel.com/hormone-replacement-therapy-provider/venice-beach-hrt-west-des-moines-ia/,
Vero Health Center,630 South 50th Street,West Des Moines,IA,50265,"630 South 50th Street West Des Moines, IA 50265",(515) 690-7141,https://www.evexipel.com/hormone-replacement-therapy-provider/vero-health-center-west-des-moines-ia/,
Top Rated Medical - Ammon,1730 Sabin Dr,Ammon,ID,83406,"1730 Sabin Dr Ammon, ID 83406",(208) 607-3978,https://www.evexipel.com/hormone-replacement-therapy-provider/top-rated-medical-ammon-id/,
Aspire Wellness,13909 W Wainwright Dr,Boise,ID,83713,"13909 W Wainwright Dr Boise, ID 83713",(208) 279-5123,https://www.evexipel.com/hormone-replacement-therapy-provider/aspire-wellness-boise-id/,
Foundation PLLC,3003 W Main Suite 110,Boise,ID,83702,"3003 W Main Suite 110 Boise, ID 83702",(208) 826-1233,https://www.evexipel.com/hormone-replacement-therapy-provider/foundation-pllc-boise-id/,
Om Med Spa,1617 W Jefferson St,Boise,ID,83702,"1617 W Jefferson St Boise, ID 83702",(208) 865-7438,https://www.evexipel.com/hormone-replacement-therapy-provider/om-med-spa-boise-id/,
Treasure Valley Aesthetics & Wellness,5418 N Eagle Rd,Boise,ID,83713,"5418 N Eagle Rd #120 Boise, ID 83713",(623) 244-7595,https://www.evexipel.com/hormone-replacement-therapy-provider/treasure-valley-aesthetics-wellness-boise-id/,
VitalEdge Medicine & Aesthetics,4611 Enterprise Way,Caldwell,ID,83605,"4611 Enterprise Way Caldwell, ID 83605",(208) 231-3339,https://www.evexipel.com/hormone-replacement-therapy-provider/vitaledge-medicine-aesthetics-caldwell-id/,
Revitalize Health,"250 Northwest Blvd, Ste 200",Coeur D Alene,ID,83814,"250 Northwest Blvd, Ste 200 Coeur D Alene, ID 83814",(208) 943-7208,https://www.evexipel.com/hormone-replacement-therapy-provider/revitalize-health-coeur-dalene-id/,
Lakeside Holistic Health,518 N. 4Th St.,Coeur D'Alene,ID,83814,"518 N. 4Th St. Coeur D'Alene, ID 83814",(208) 974-9165,https://www.evexipel.com/hormone-replacement-therapy-provider/lakeside-holistic-health-coeur-dalene-id/,
FMI Center for Optimal Health,435 S Eagle Rd Ste 100,Eagle,ID,83616,"435 S Eagle Rd Ste 100 Eagle, ID 83616",(208) 556-3689,https://www.evexipel.com/hormone-replacement-therapy-provider/fmi-center-for-optimal-health-eagle-id/,
Womens Wellness Clinic,7761 W. Riverside Dr. Suite 120,Garden City,ID,83714,"7761 W. Riverside Dr. Suite 120 Garden City, ID 83714",(986) 444-3195,https://www.evexipel.com/hormone-replacement-therapy-provider/womens-wellness-clinic-garden-city-id/,
PURE Medical Spa - Hailey,"400 S Main St, STE 103",Hailey,ID,83333,"400 S Main St, STE 103 Hailey, ID 83333",(208) 764-4751,https://www.evexipel.com/hormone-replacement-therapy-provider/pure-medical-spa-hailey-id/,
PURE Medical Spa - Hayden,8191 N Loch Haven Dr Bldg 1,Hayden,ID,83835,"8191 N Loch Haven Dr Bldg 1 Hayden, ID 83835",(986) 345-3784,https://www.evexipel.com/hormone-replacement-therapy-provider/pure-medical-spa-hayden-id/,
Out West Family Medicine,7 W Colorado Ave,Homedale,ID,83628,"7 W Colorado Ave Homedale, ID 83628",(208) 565-2695,https://www.evexipel.com/hormone-replacement-therapy-provider/out-west-family-medicine-homedale-id/,
"Kuna Healthcare Clinic, PLLC",943 N Linder Rd Ste 103,Kuna,ID,83634,"943 N Linder Rd Ste 103 Kuna, ID 83634",(208) 296-7631,https://www.evexipel.com/hormone-replacement-therapy-provider/kuna-healthcare-clinic-pllc-kuna-id/,
Ohana Medical Care PLLC,675 W 4th St,Kuna,ID,83634,"675 W 4th St Kuna, ID 83634",(208) 609-9503,https://www.evexipel.com/hormone-replacement-therapy-provider/ohana-medical-care-pllc-kuna-id/,
Alturas Medical Weight Loss,1532 W Cayuse Creek Dr,Meridian,ID,83646,"1532 W Cayuse Creek Dr Meridian, ID 83646",(208) 951-0340,https://www.evexipel.com/hormone-replacement-therapy-provider/alturas-medical-weight-loss-meridian-id/,
Cherry Heights Clinic,1560 N Crestmont Dr Ste,Meridian,ID,83642,"1560 N Crestmont Dr Ste A Meridian, ID 83642",(208) 567-0920,https://www.evexipel.com/hormone-replacement-therapy-provider/cherry-heights-clinic-meridian-id/,
FMI Center for Optimal Health - Meridian,2939 W Excursion Ln.,Meridian,ID,83642,"2939 W Excursion Ln. Meridian, ID 83642",(208) 248-5958,https://www.evexipel.com/hormone-replacement-therapy-provider/fmi-center-for-optimal-health-meridian-id/,
Heart 2 Heal Clinic,2950 E Magic View Dr Ste 184,Meridian,ID,83642,"2950 E Magic View Dr Ste 184 Meridian, ID 83642",(208) 296-7929,https://www.evexipel.com/hormone-replacement-therapy-provider/heart-2-heal-clinic-meridian-id/,
Idaho Health and Hormones,2667 E Gala Ct Ste 110,Meridian,ID,83642,"2667 E Gala Ct Ste 110 Meridian, ID 83642",(208) 779-8311,https://www.evexipel.com/hormone-replacement-therapy-provider/idaho-health-and-hormones-meridian-id/,
PURE Medical Spa,3969 E Overland Rd,Meridian,ID,83642,"3969 E Overland Rd Meridian, ID 83642",(208) 606-3273,https://www.evexipel.com/hormone-replacement-therapy-provider/pure-medical-spa-meridian-id/,
The Karlfeldt Center,3451 E Copper Point Dr,Meridian,ID,83642,"3451 E Copper Point Dr Meridian, ID 83642",(208) 248-3874,https://www.evexipel.com/hormone-replacement-therapy-provider/the-karlfeldt-center-meridian-id/,
Top Rated Medical - Meridian,4604 N Penngrove Way # 100,Meridian,ID,83646,"4604 N Penngrove Way # 100 Meridian, ID 83646",(208) 279-4394,https://www.evexipel.com/hormone-replacement-therapy-provider/top-rated-medical-meridian-id/,
Unity Health Center PLLC,1130 E Fairview Ave,Meridian,ID,83642,"1130 E Fairview Ave Meridian, ID 83642",(208) 996-8974,https://www.evexipel.com/hormone-replacement-therapy-provider/unity-health-center-pllc-meridian-id/,
Vance Medical,1001 N Meridian Rd,Meridian,ID,83642,"1001 N Meridian Rd Meridian, ID 83642",(208) 793-5599,https://www.evexipel.com/hormone-replacement-therapy-provider/vance-medical-meridian-id/,
Direct Doctor Care,509 S Middleton Rd Ste 105,Middleton,ID,83644,"509 S Middleton Rd Ste 105 Middleton, ID 83644",(208) 361-6043,https://www.evexipel.com/hormone-replacement-therapy-provider/direct-doctor-care-middleton-id/,
Sara Wilson Aesthetics,1074 W. Main St,Middleton,ID,83644,"1074 W. Main St Middleton, ID 83644",(208) 823-3433,https://www.evexipel.com/hormone-replacement-therapy-provider/sara-wilson-aesthetics-middleton-id/,
Pocatello Wellness Clinic,1155 Yellowstone Ave Ste,Pocatello,ID,83201,"1155 Yellowstone Ave Ste D Pocatello, ID 83201",(208) 844-4426,https://www.evexipel.com/hormone-replacement-therapy-provider/pocatello-wellness-clinic-pocatello-id/,
Meadowsweet Medical,107B N 1st Ave,Sandpoint,ID,83864,"107B N 1st Ave Sandpoint, ID 83864",(986) 300-5316,https://www.evexipel.com/hormone-replacement-therapy-provider/meadowsweet-medical-sandpoint-id/,
Keenly Crafted Aesthetics,5995 W State St,Sutie C Boise,ID,83703,"5995 W State St Sutie C Boise, ID 83703",(208) 247-2803,https://www.evexipel.com/hormone-replacement-therapy-provider/keenly-crafted-aesthetics-garden-city-id/,
Majestic  Aesthetics and Wellness,1505 Madrona St N Ste 1200,Twin Falls,ID,83301,"1505 Madrona St N Ste 1200 Twin Falls, ID 83301",(208) 487-6631,https://www.evexipel.com/hormone-replacement-therapy-provider/majestic-aesthetics-and-wellness-twin-falls-id/,
Simply You Health and Medspa,219 S.,Wooddale Eagle,ID,83616,"219 S. Wooddale Eagle, ID 83616",(208) 225-6676,https://www.evexipel.com/hormone-replacement-therapy-provider/simply-you-health-and-medspa-eagle-id/,
Liposuction & Cosmetic Surg Institute Oak,1S365 Summit Avenue Oakbrook Terrace,,IL,60181,"1S365 Summit Avenue Oakbrook Terrace, IL 60181",(630) 948-0495,https://www.evexipel.com/hormone-replacement-therapy-provider/liposuction-cosmetic-surg-institute-oak-oakbrook-terrace-il/,
Fox River MedSpa,1543 S. Randall Road,Algonquin,IL,60102,"1543 S. Randall Road Algonquin, IL 60102",(224) 344-2615,https://www.evexipel.com/hormone-replacement-therapy-provider/fox-river-medspa-algonquin-il/,
Liposuction & Cosmetic Surgery Institute,1700 W. Central Road,Arlington Heights,IL,60005,"1700 W. Central Road #100 Arlington Heights, IL 60005",(847) 499-1573,https://www.evexipel.com/hormone-replacement-therapy-provider/liposuction-cosmetic-surgery-institute-arlington-heights-il/,
Regency Medical Spa,300 Fox Glen Ct,Barrington,IL,60010,"300 Fox Glen Ct Barrington, IL 60010",(815) 974-5920,https://www.evexipel.com/hormone-replacement-therapy-provider/regency-medical-spa-barrington-il/,
Center for Integrative & Functional Hlth,1 Tiffany Pt Ste 105,Bloomingdale,IL,60108,"1 Tiffany Pt Ste 105 Bloomingdale, IL 60108",(815) 552-1362,https://www.evexipel.com/hormone-replacement-therapy-provider/center-for-integrative-functional-hlth-bloomingdale-il/,
EmArya Aesthetics,201 East Army Trail Road Suite 310,Bloomingdale,IL,60108,"201 East Army Trail Road  Suite 310 Bloomingdale, IL 60108",(708) 741-2478,https://www.evexipel.com/hormone-replacement-therapy-provider/emarya-aesthetics-bloomingdale-il/,
SF Aesthetics & Wellness,662 N Convent St,Bourbonnais,IL,60914,"662 N Convent St Bourbonnais, IL 60914",(815) 859-8607,https://www.evexipel.com/hormone-replacement-therapy-provider/sf-aesthetics-wellness-bourbonnais-il/,
Arawan MedSpa,1431 McHenry Rd Ste 106,Buffalo Grove,IL,60089,"1431 McHenry Rd Ste 106 Buffalo Grove, IL 60089",(224) 970-2191,https://www.evexipel.com/hormone-replacement-therapy-provider/arawan-medspa-buffalo-grove-il/,https://share.google/Z0yEhP9ZfXbWpGKFf
LuxeMed Wellness & Aesthetics,24735 W Eames ST Unit 10,Channahon,IL,60410,"24735 W Eames ST Unit 10 Channahon, IL 60410",(815) 496-4578,https://www.evexipel.com/hormone-replacement-therapy-provider/luxemed-wellness-aesthetics-channahon-il/,
"French Medical Group, LTD",2020 Dean St Suite B St.,Charles,IL,60174,"2020 Dean St Suite B St. Charles, IL 60174",(815) 991-4009,https://www.evexipel.com/hormone-replacement-therapy-provider/french-medical-group-ltd-st-charles-il/,
"Optimal U Wellness, LLC",317 S 2nd Street St.,Charles,IL,60174,"317 S 2nd Street St. Charles, IL 60174",(815) 923-5137,https://www.evexipel.com/hormone-replacement-therapy-provider/optimal-u-wellness-llc-st-charles-il/,
Our Medical Center LLC,451 Dunham Rd Ste 300 St.,Charles,IL,60174,"451 Dunham Rd Ste 300 St. Charles, IL 60174",(630) 528-0413,https://www.evexipel.com/hormone-replacement-therapy-provider/our-medical-center-llc-st-charles-il/,
Jerabek Family Health and Wellness,506 W Lincoln Ave suite 200,Charleston,IL,61920,"506 W Lincoln Ave suite 200 Charleston, IL 61920",(217) 634-6689,https://www.evexipel.com/hormone-replacement-therapy-provider/jerabek-family-health-and-wellness-charleston-il/,
Kalos Aesthetics and Wellness,1220 Swanwick St,Chester,IL,62233,"1220 Swanwick St Chester, IL 62233",(618) 893-5330,https://www.evexipel.com/hormone-replacement-therapy-provider/kalos-aesthetics-and-wellness-chester-il/,
All One Chicago,5051 N Clark Ave Unit,Chicago,IL,60640,"5051 N Clark Ave Unit 1S Chicago, IL 60640",(708) 853-6460,https://www.evexipel.com/hormone-replacement-therapy-provider/all-one-chicago-il/,
"Balanced Flow Medical, LLC",2325 W North Avenue,Chicago,IL,60647,"2325 W North Avenue Chicago, IL 60647",(224) 803-2758,https://www.evexipel.com/hormone-replacement-therapy-provider/balanced-flow-medical-llc-chicago-il/,
Cordia M. Clark-White MD,1935 S Wabash Ave Ste 4,Chicago,IL,60616,"1935 S Wabash Ave Ste 4 Chicago, IL 60616",(312) 526-3807,https://www.evexipel.com/hormone-replacement-therapy-provider/cordia-m-clark-white-md-chicago-il/,
Defined Medical Aesthetics,213 W Institute Pl Ste 708,Chicago,IL,60610,"213 W Institute Pl Ste 708 Chicago, IL 60610",(708) 554-6618,https://www.evexipel.com/hormone-replacement-therapy-provider/defined-medical-aesthetics-chicago-il/,https://share.google/1l4K9oamUJqr81L1j
Essex Skin,1809 W Chicago Ave Suite 5,Chicago,IL,60622,"1809 W Chicago Ave Suite 5 Chicago, IL 60622",(219) 600-5235,https://www.evexipel.com/hormone-replacement-therapy-provider/essex-skin-chicago-il/,
Fadeaway Medical Esthetics Ltd,6549 N Northwest Hwy,Chicago,IL,60631,"6549 N Northwest Hwy Chicago, IL 60631",(708) 292-6455,https://www.evexipel.com/hormone-replacement-therapy-provider/fadeaway-medical-esthetics-ltd-chicago-il/,
Green Circle Wellness,1141 W Madison St,Chicago,IL,60607,"1141 W Madison St Chicago, IL 60607",(815) 605-5646,https://www.evexipel.com/hormone-replacement-therapy-provider/green-circle-wellness-chicago-il/,
Lively Integrated Health - Illinois,3502 W 111th St,Chicago,IL,60655,"3502 W 111th St Chicago, IL 60655",(708) 866-0687,https://www.evexipel.com/hormone-replacement-therapy-provider/lively-integrated-health-illinois-chicago-il/,
Lume,351 West Hubbard Street Ste 7,Chicago,IL,60654,"351 West Hubbard Street Ste 7 Chicago, IL 60654",(219) 600-5989,https://www.evexipel.com/hormone-replacement-therapy-provider/lume-chicago-il/,
ReJenerate Aesthetic Studio,2131 N Damen Ave,Chicago,IL,60647,"2131 N Damen Ave Chicago, IL 60647",(708) 554-7042,https://www.evexipel.com/hormone-replacement-therapy-provider/rejenerate-aesthetic-studio-chicago-il/,
Shaperz Elite Wellness and Aesthetics,3135 W. 111th Street,Chicago,IL,60655,"3135 W. 111th Street Chicago, IL 60655",(708) 832-6368,https://www.evexipel.com/hormone-replacement-therapy-provider/shaperz-elite-wellness-and-aesthetics-chicago-il/,
Soul Space Chicago LLC,2001 N Point St,Chicago,IL,60647,"2001 N Point St Chicago, IL 60647",(219) 600-4895,https://www.evexipel.com/hormone-replacement-therapy-provider/soul-space-chicago-llc-chicago-il/,
The Well Longevity Health,10456 S Western Ave,Chicago,IL,60643,"10456 S Western Ave Chicago, IL 60643",(773) 887-0100,https://www.evexipel.com/hormone-replacement-therapy-provider/the-well-longevity-health-chicago-il/,
Tria Aesthetics & Wellness,1101 W. Monroe St,Chicago,IL,60607,"1101 W. Monroe St Chicago, IL 60607",(708) 905-8752,https://www.evexipel.com/hormone-replacement-therapy-provider/tria-aesthetics-wellness-chicago-il/,
Viru SC D/S as Olivo Medical Wellness Center,2901 N Clybourn Ave,Chicago,IL,60618,"2901 N Clybourn Ave Chicago, IL 60618",(708) 505-8215,https://www.evexipel.com/hormone-replacement-therapy-provider/viru-sc-ds-as-olivo-medical-wellness-center-chicago-il/,
"Wellness By Design, MD",2551 N Clark St Ste 303,Chicago,IL,60614,"2551 N Clark St Ste 303 Chicago, IL 60614",(708) 797-9634,https://www.evexipel.com/hormone-replacement-therapy-provider/wellness-by-design-md-chicago-il/,
Midwest Pain and Wellness,10258 Southwest Highway Ste,Chicago Ridge,IL,60415,"10258 Southwest Highway Ste B Chicago Ridge, IL 60415",(708) 928-8189,https://www.evexipel.com/hormone-replacement-therapy-provider/midwest-pain-and-wellness-chicago-ridge-il/,
Pure 111 Medical Aesthetics,830 Admiral Weinel Blvd,Columbia,IL,62236,"830 Admiral Weinel Blvd Columbia, IL 62236",(314) 526-3756,https://www.evexipel.com/hormone-replacement-therapy-provider/pure-111-medical-aesthetics-fairview-heights-il/,
Premium Health Care PC,16003 Executive Drive,Crest Hill,IL,60403,"16003 Executive Drive Crest Hill, IL 60403",(815) 393-9093,https://www.evexipel.com/hormone-replacement-therapy-provider/premium-health-care-pc-crest-hill-il/,
Midwest Wellness Health Center,405 E. Congress Parkway Suite,Crystal Lake,IL,60014,"405 E. Congress Parkway Suite C Crystal Lake, IL 60014",(815) 944-6866,https://www.evexipel.com/hormone-replacement-therapy-provider/midwest-wellness-health-center-crystal-lake-il/,
Nu Image Institute - Crystal Lake,39 N Williams St,Crystal Lake,IL,60014,"39 N Williams St Crystal Lake, IL 60014",(815) 597-2438,https://www.evexipel.com/hormone-replacement-therapy-provider/nu-image-institute-crystal-lake-il/,
Vitality Renewal Functional Medicine,31 North Virginia Street Suite 101,Crystal Lake,IL,60014,"31 North Virginia Street Suite 101 Crystal Lake, IL 60014",(815) 859-9708,https://www.evexipel.com/hormone-replacement-therapy-provider/vitality-renewal-functional-medicine-crystal-lake-il/,
Long Creek Medical,2550 S 70th St,Decatur,IL,62521,"2550 S 70th St Decatur, IL 62521",(217) 992-6538,https://www.evexipel.com/hormone-replacement-therapy-provider/long-creek-medical-decatur-il/,
Allure Pelvic Wellness,21660 W Field Pkwy,Deer Park,IL,60010,"21660 W Field Pkwy Deer Park, IL 60010",(847) 807-6255,https://www.evexipel.com/hormone-replacement-therapy-provider/allure-pelvic-wellness-deer-park-il/,
Laser Skin and Wellness Center,2454 E Dempster St Ste 305,Des Plaines,IL,60016,"2454 E Dempster St Ste 305 Des Plaines, IL 60016",(630) 626-8840,https://www.evexipel.com/hormone-replacement-therapy-provider/laser-skin-and-wellness-center-des-plaines-il/,
Contour Plastic Surgery,2001 Butterfield Rd Ste 100,Downers Grove,IL,60515,"2001 Butterfield Rd Ste 100 Downers Grove, IL 60515",(630) 496-5272,https://www.evexipel.com/hormone-replacement-therapy-provider/contour-plastic-surgery-downers-grove-il/,
Let Them Wonder Aesthetics,436 75th Street,Downers Grove,IL,60516,"436 75th Street Downers Grove, IL 60516",(708) 316-9405,https://www.evexipel.com/hormone-replacement-therapy-provider/let-them-wonder-aesthetics-downers-grove-il/,
Skin Med Spa,960 Warren Ave,Downers Grove,IL,60515,"960 Warren Ave Downers Grove, IL 60515",(708) 719-6205,https://www.evexipel.com/hormone-replacement-therapy-provider/skin-med-spa-downers-grove-il/,
Elevate Health + Wellness,6189 Bennett Drive Ste,Edwardsville,IL,62025,"6189 Bennett Drive Ste C Edwardsville, IL 62025",(618) 836-8120,https://www.evexipel.com/hormone-replacement-therapy-provider/elevate-health-wellness-edwardsville-il/,
Nu Image Institute,2205 Point Blvd Suite 230,Elgin,IL,60123,"2205 Point Blvd Suite 230 Elgin, IL 60123",(708) 775-3378,https://www.evexipel.com/hormone-replacement-therapy-provider/nu-image-institute-elgin-il/,
Optimal Aging Institute,750 Fletcher Drive Suite 203,Elgin,IL,60123,"750 Fletcher Drive Suite 203 Elgin, IL 60123",(847) 595-5806,https://www.evexipel.com/hormone-replacement-therapy-provider/optimal-aging-institute-elgin-il/,
OrthoIllinois,1550 N Randall Rd,Elgin,IL,60123,"1550 N Randall Rd Elgin, IL 60123",(815) 862-8784,https://www.evexipel.com/hormone-replacement-therapy-provider/orthoillinois-elgin-il/,
Advanced Women's Healthcare Specialists,800 Biesterfield Rd Eberle Ste 560,Elk Grove Village,IL,60007,"800 Biesterfield Rd Eberle Ste 560 Elk Grove Village, IL 60007",(224) 328-3850,https://www.evexipel.com/hormone-replacement-therapy-provider/advanced-womens-healthcare-specialists-elk-grove-village-il/,
Tiesenga Surgical Associates,1950 N. Harlem Ave.,Elmwood Park,IL,60707,"1950 N. Harlem Ave. Elmwood Park, IL 60707",(219) 529-2529,https://www.evexipel.com/hormone-replacement-therapy-provider/tiesenga-surgical-associates-elmwood-park-il/,
Meliora Integrative Medicine,1740 Ridge Ave Ste 120,Evanston,IL,60201,"1740 Ridge Ave Ste 120 Evanston, IL 60201",(708) 498-7641,https://www.evexipel.com/hormone-replacement-therapy-provider/meliora-integrative-medicine-evanston-il/,
P D Medical SC,3913 W 95th St,Evergreen Park,IL,60805,"3913 W 95th St Evergreen Park, IL 60805",(219) 491-1889,https://www.evexipel.com/hormone-replacement-therapy-provider/p-d-medical-sc-oak-lawn-il/,
Hometown NP,10209 W Lincoln Hwy,Frankfort,IL,60423,"10209 W Lincoln Hwy Frankfort, IL 60423",(630) 937-3521,https://www.evexipel.com/hormone-replacement-therapy-provider/hometown-np-frankfort-il/,
Skin Body Bar,28 Kansas St Ste,Frankfort,IL,60432,"28 Kansas St Ste 2C Frankfort, IL 60432",(815) 368-5465,https://www.evexipel.com/hormone-replacement-therapy-provider/skin-body-bar-frankfort-il/,
Healthy Medical Inc.,132 Depot St,Gardner,IL,60424,"132 Depot St Gardner, IL 60424",(815) 949-9484,https://www.evexipel.com/hormone-replacement-therapy-provider/healthy-medical-inc-kankakee-il/,
Infinite Vitality,220 Evergreen Ln,Glen Carbon,IL,62034,"220 Evergreen Ln Glen Carbon, IL 62034",(618) 538-1445,https://www.evexipel.com/hormone-replacement-therapy-provider/infinite-vitality-glen-carbon-il/,
Ooh La La Spa Anti-Aging & Wellness,110 Cottonwood Rd.,Glen Carbon,IL,62034,"110 Cottonwood Rd. Glen Carbon, IL 62034",(618) 414-8695,https://www.evexipel.com/hormone-replacement-therapy-provider/ooh-la-la-spa-anti-aging-wellness-glen-carbon-il/,
Essenza Health,2628 Patriot Blvd,Glenview,IL,60026,"2628 Patriot Blvd Glenview, IL 60026",(847) 386-7590,https://www.evexipel.com/hormone-replacement-therapy-provider/essenza-health-glenview-il/,
Immense Wellness and Med Spa,1312 Waukegan Rd,Glenview,IL,60025,"1312 Waukegan Rd Glenview, IL 60025",(630) 528-0455,https://www.evexipel.com/hormone-replacement-therapy-provider/immense-wellness-and-med-spa-glenview-il/,https://share.google/hhmuhRYTbwaAmXVnr
New You Wellness Clinic,240 Waukegan Rd Ste 200,Glenview,IL,60025,"240 Waukegan Rd Ste 200 Glenview, IL 60025",(224) 378-0919,https://www.evexipel.com/hormone-replacement-therapy-provider/new-you-wellness-clinic-glenview-il/,
Laccura Medical Spa,1729 Green Bay Rd,Highland Park,IL,60035,"1729 Green Bay Rd Highland Park, IL 60035",(224) 313-4729,https://www.evexipel.com/hormone-replacement-therapy-provider/laccura-medical-spa-highland-park-il/,
"Fancy Face Aesthetic & Wellness, LLC",6972 Wolf Rd Ste 12,Indian Head Park,IL,60525,"6972 Wolf Rd Ste 12 Indian Head Park, IL 60525",(630) 250-5795,https://www.evexipel.com/hormone-replacement-therapy-provider/fancy-face-aesthetic-wellness-llc-indian-head-park-il/,
Reclaim Med Spa,114 W. Rockland Road Ste 101,Libertyville,IL,60048,"114 W. Rockland Road Ste 101 Libertyville, IL 60048",(847) 892-1276,https://www.evexipel.com/hormone-replacement-therapy-provider/reclaim-med-spa-libertyville-il/,
Wild Moon Collective,100 E Cook Ave Ste 200,Libertyville,IL,60048,"100 E Cook Ave Ste 200 Libertyville, IL 60048",(224) 524-1979,https://www.evexipel.com/hormone-replacement-therapy-provider/wild-moon-collective-libertyville-il/,
Innovative Medical Therapies,2401 Broadway St,Lower Level Pekin,IL,61554,"2401 Broadway St Lower Level Pekin, IL 61554",(309) 760-6416,https://www.evexipel.com/hormone-replacement-therapy-provider/innovative-medical-therapies-pekin-il/,
Manteno Chiropractic and Wellness Center,43 W 2nd Street,Manteno,IL,60950,"43 W 2nd Street Manteno, IL 60950",(815) 369-0343,https://www.evexipel.com/hormone-replacement-therapy-provider/manteno-chiropractic-and-wellness-center-manteno-il/,
Hatchett Rejuvenation,3401 Heartland St,Marion,IL,62959,"3401 Heartland St Marion, IL 62959",(618) 952-2388,https://www.evexipel.com/hormone-replacement-therapy-provider/hatchett-rejuvenation-marion-il/,
Drip Drop Aesthetics,841 S Ridge Rd,Minooka,IL,60447,"841 S Ridge Rd Minooka, IL 60447",(815) 205-8706,https://www.evexipel.com/hormone-replacement-therapy-provider/drip-drop-aesthetics-minooka-il/,
Breakthru Wellness,616 35th Ave Ste 1,Moline,IL,61265,"616 35th Ave Ste 1 Moline, IL 61265",(563) 785-5122,https://www.evexipel.com/hormone-replacement-therapy-provider/breakthru-wellness-davenport-ia/,
Nurture You Aesthetics,413 1/2 Liberty St,Morris,IL,60450,"413 1/2 Liberty St Morris, IL 60450",(815) 620-4912,https://www.evexipel.com/hormone-replacement-therapy-provider/nurture-you-aesthetics-morris-il/,
"Cordial Medical Spa, Inc",333 E Il Route 83 Ste 105,Mundelein,IL,60060,"333 E Il Route 83 Ste 105 Mundelein, IL 60060",(847) 649-6805,https://www.evexipel.com/hormone-replacement-therapy-provider/cordial-medical-spa-inc-mundelein-il/,
Naperville Internist,1190 S Naper Blvd,Naperville,IL,60540,"1190 S Naper Blvd Naperville, IL 60540",(630) 282-6722,https://www.evexipel.com/hormone-replacement-therapy-provider/naperville-internist-naperville-il/,https://share.google/I9wR4gwojKakfGpUR
Renew Health and Wellness,1300 Iroquois Ave Ste 150,Naperville,IL,60563,"1300 Iroquois Ave Ste 150 Naperville, IL 60563",(708) 905-8963,https://www.evexipel.com/hormone-replacement-therapy-provider/renew-health-and-wellness-naperville-il/,
Nuance Health & Wellness Med Spa,60 Revere Drive Suite 770,Northbrook,IL,60062,"60 Revere Drive Suite 770 Northbrook, IL 60062",(708) 316-0295,https://www.evexipel.com/hormone-replacement-therapy-provider/nuance-health-wellness-med-spa-northbrook-il/,
369 Wellness Center,1845 Oak St Ste 15,Northfield,IL,60093,"1845 Oak St Ste 15 Northfield, IL 60093",(224) 288-0628,https://www.evexipel.com/hormone-replacement-therapy-provider/369-wellness-center-northfield-il/,
Windy City Weight Loss and T,10735 S Cicero Ave Suite 104,Oak Lawn,IL,60453,"10735 S Cicero Ave Suite 104 Oak Lawn, IL 60453",(708) 842-6235,https://www.evexipel.com/hormone-replacement-therapy-provider/windy-city-weight-loss-and-t-oak-lawn-il/,
LiveStrong Aesthetics and Wellness,11275 W 143rd St,Orland Park,IL,60467,"11275 W 143rd St Orland Park, IL 60467",(630) 755-6586,https://www.evexipel.com/hormone-replacement-therapy-provider/livestrong-aesthetics-and-wellness-orland-park-il/,
Xpress Medical & Wellness Inc,14620 S La Grange Rd Ste 2,Orland Park,IL,60462,"14620 S La Grange Rd Ste 2 Orland Park, IL 60462",(219) 533-9726,https://www.evexipel.com/hormone-replacement-therapy-provider/xpress-medical-wellness-inc-orland-park-il/,
"Integrative Primary Care, Inc.",116 West Lafayette Street Ste 1,Ottawa,IL,61350,"116 West Lafayette Street Ste 1 Ottawa, IL 61350",(779) 237-8068,https://www.evexipel.com/hormone-replacement-therapy-provider/integrative-primary-care-inc-ottawa-il/,
Liv Wellness Lounge - Ottawa,827 E Norris Dr,Ottawa,IL,61350,"827 E Norris Dr Ottawa, IL 61350",(815) 736-9038,https://www.evexipel.com/hormone-replacement-therapy-provider/liv-wellness-lounge-ottawa-il/,
Beautifully New,600 W Talcott Rd STE 103,Park Ridge,IL,60068,"600 W Talcott Rd STE 103 Park Ridge, IL 60068",(847) 750-3682,https://www.evexipel.com/hormone-replacement-therapy-provider/beautifully-new-park-ridge-il/,
MD Ventures Medical Spa,222 South Prospect Avenue,Park Ridge,IL,60068,"222 South Prospect Avenue Park Ridge, IL 60068",(224) 228-3985,https://www.evexipel.com/hormone-replacement-therapy-provider/md-ventures-medical-spa-park-ridge-il/,
"Advanced Physical Medicine & Therapy, LTD",350 W. Kensington Ste 102,Prospect,IL,60056,"350 W. Kensington  Ste 102 Mt Prospect, IL 60056",(847) 796-8571,https://www.evexipel.com/hormone-replacement-therapy-provider/advanced-physical-medicine-therapy-ltd-mt-prospect-il/,
Ivory Wellness,7329 North Ave,River Forest,IL,60305,"7329 North Ave River Forest, IL 60305",(708) 905-9007,https://www.evexipel.com/hormone-replacement-therapy-provider/ivory-wellness-river-forest-il/,
Westeros Family Practice LTD,366 E Burlington St,Riverside,IL,60546,"366 E Burlington St Riverside, IL 60546",(708) 931-1630,https://www.evexipel.com/hormone-replacement-therapy-provider/westeros-family-practice-ltd-riverside-il/,
Essential Infusions Plus - Rochelle,310 North Main Street Ste,Rochelle,IL,61068,"310 North Main Street Ste C Rochelle, IL 61068",(815) 949-4235,https://www.evexipel.com/hormone-replacement-therapy-provider/essential-infusions-plus-rochelle-il/,
Rockford Hormone Management,7177 Crimson Ridge Dr. Suite 5,Rockford,IL,61107,"7177 Crimson Ridge Dr. Suite 5 Rockford, IL 61107",(779) 368-1850,https://www.evexipel.com/hormone-replacement-therapy-provider/rockford-hormone-management-rockford-il/,
Liv Wellness Lounge,525 1st St,Salle,IL,61301,"525 1st St La Salle, IL 61301",(815) 849-8508,https://www.evexipel.com/hormone-replacement-therapy-provider/liv-wellness-lounge-la-salle-il/,
"Richard Izewski, MD",1094 S Roselle Rd,Schaumburg,IL,60193,"1094 S Roselle Rd Schaumburg, IL 60193",(847) 807-1569,https://www.evexipel.com/hormone-replacement-therapy-provider/richard-izewski-md-schaumburg-il/,
Renee Burke MD PC,4 Executive Ct,South Barrington,IL,60010,"4 Executive Ct South Barrington, IL 60010",(708) 905-8755,https://www.evexipel.com/hormone-replacement-therapy-provider/renee-burke-md-pc-south-barrington-il/,
Lifetime Health And Wellness,101 S Mclean Blvd South Ste,South Elgin,IL,60177,"101 S Mclean Blvd South Ste A South Elgin, IL 60177",(224) 268-1152,https://www.evexipel.com/hormone-replacement-therapy-provider/lifetime-health-and-wellness-south-elgin-il/,https://www.google.com/search?q=lifetime+health+and+wellness+south+elgin&oq=Lifetime+Health+And+Wellness+South+Elgin&gs_lcrp=EgZjaHJvbWUqCggAEAAY4wIYgAQyCggAEAAY4wIYgAQyEAgBEC4YrwEYxwEYgAQYjgUyCAgCEAAYFhgeMg0IAxAAGIYDGIAEGIoFMg0IBBAAGIYDGIAEGIoFMgYIBRBFGD
Rejuviwell,81 S. Mclean Blvd Ste,South Elgin,IL,60177,"81 S. Mclean Blvd Ste F South Elgin, IL 60177",(815) 923-3764,https://www.evexipel.com/hormone-replacement-therapy-provider/rejuviwell-south-elgin-il/,https://share.google/F8nEPecBt3pyVN3RL
Rose Aesthetics & Wellness Clinic,2525 W Iles Ave Suite,Springfield,IL,62704,"2525 W Iles Ave Suite C Springfield, IL 62704",(217) 626-3344,https://www.evexipel.com/hormone-replacement-therapy-provider/rose-aesthetics-wellness-clinic-springfield-il/,
NUVO Aesthetics Clinic,437 West State Street Unit 101,Sycamore,IL,60178,"437 West State Street Unit 101 Sycamore, IL 60178",(815) 393-2874,https://www.evexipel.com/hormone-replacement-therapy-provider/nuvo-aesthetics-clinic-sycamore-il/,
Northern Illinois Medical Associates,2560 Hauser Ross Drive Suite 450,Sycamore,IL,60178,"2560 Hauser Ross Drive Suite 450 Sycamore, IL 60178",(815) 567-8284,https://www.evexipel.com/hormone-replacement-therapy-provider/northern-illinois-medical-associates-sycamore-il/,
"True Wellness, LLC",535 Edwardsville Rd Ste 230,Troy,IL,62294,"535 Edwardsville Rd Ste 230 Troy, IL 62294",(618) 278-5543,https://www.evexipel.com/hormone-replacement-therapy-provider/true-wellness-llc-romeoville-il/,
Peak Health Institute,3S517 Winfield Rd Ste,Warrenville,IL,60555,"3S517 Winfield Rd Ste B Warrenville, IL 60555",(630) 333-4039,https://www.evexipel.com/hormone-replacement-therapy-provider/peak-health-institute-warrenville-il/,
Snatch Doll LLC,350 S 8th St,West Dundee,IL,60118,"350 S 8th St West Dundee, IL 60118",(815) 862-8525,https://www.evexipel.com/hormone-replacement-therapy-provider/snatch-doll-llc-west-dundee-il/,
Revival Aesthetics,604 Hillgrove Ave Ste 2,Western Springs,IL,60558,"604 Hillgrove Ave Ste 2 Western Springs, IL 60558",(708) 729-8534,https://www.evexipel.com/hormone-replacement-therapy-provider/revival-aesthetics-western-springs-il/,
YellowBlu MedSpa,1111 West Dundee Road,Wheeling,IL,60090,"1111 West Dundee Road Wheeling, IL 60090",(708) 905-8142,https://www.evexipel.com/hormone-replacement-therapy-provider/yellowblu-medspa-wheeling-il/,
Dr. Elborno Center,6747 Kingery Hwy,Willowbrook,IL,60527,"6747 Kingery Hwy Willowbrook, IL 60527",(630) 576-9577,https://www.evexipel.com/hormone-replacement-therapy-provider/dr-elborno-center-willowbrook-il/,
SkinPerfected,6440 Main St Ste 120,Woodridge,IL,60517,"6440 Main St Ste 120 Woodridge, IL 60517",(815) 620-0643,https://www.evexipel.com/hormone-replacement-therapy-provider/skinperfected-woodridge-il/,
Mary's Skin Health,101 E Center St,Yorkville,IL,60560,"101 E Center St Yorkville, IL 60560",(331) 216-1896,https://www.evexipel.com/hormone-replacement-therapy-provider/marys-skin-health-yorkville-il/,
"Urology Associates , LLC",141 W 22Nd Street Suite 213,Anderson,IN,46016,"141 W 22Nd Street Suite 213 Anderson, IN 46016",(765) 516-6079,https://www.evexipel.com/hormone-replacement-therapy-provider/urology-associates-llc-anderson-in/,
Body Bar MD - Aurora,502 2nd Street STE,Aurora,IN,47001,"502 2nd Street STE B Aurora, IN 47001",(317) 344-0930,https://www.evexipel.com/hormone-replacement-therapy-provider/body-bar-md-aurora-in/,
Align Beauty and Wellness - Bedford,2600 Smile Ln,Bedford,IN,47421,"2600 Smile Ln Bedford, IN 47421",(812) 966-1355,https://www.evexipel.com/hormone-replacement-therapy-provider/align-beauty-and-wellness-bedford-west-baden-springs-in/,
Reclaim Your Health & Wellness,803 W National Avenue,Brazil,IN,47834,"803 W National Avenue Brazil, IN 47834",(765) 548-4316,https://www.evexipel.com/hormone-replacement-therapy-provider/reclaim-your-health-wellness-brazil-in/,
Balanced Health Clinic,1980 E. 116th Street Suite 315,Carmel,IN,46032,"1980 E. 116th Street Suite 315 Carmel, IN 46032",(765) 666-3484,https://www.evexipel.com/hormone-replacement-therapy-provider/balanced-health-clinic-carmel-in/,
Body Bar MD,9650 Commercie Drive Suite 511,Carmel,IN,46032,"9650 Commercie Drive Suite 511 Carmel, IN 46032",(317) 344-0930,https://www.evexipel.com/hormone-replacement-therapy-provider/body-bar-md-carmel-in/,
Elevate Functional Medicine,9640 Commerce Dr Ste 413,Carmel,IN,46032,"9640 Commerce Dr Ste 413 Carmel, IN 46032",(765) 734-2372,https://www.evexipel.com/hormone-replacement-therapy-provider/elevate-functional-medicine-carmel-in/,
Robey Plastic Surgery & Regenerative Med,12760 Meeting House Rd,Carmel,IN,46032,"12760 Meeting House Rd Carmel, IN 46032",(463) 800-8463,https://www.evexipel.com/hormone-replacement-therapy-provider/robey-plastic-surgery-regenerative-med-carmel-in/,
Total Performance Medical Center,90 Executive Drive Suite E,Carmel,IN,46032,"90 Executive Drive Suite E Carmel, IN 46032",(463) 241-6283,https://www.evexipel.com/hormone-replacement-therapy-provider/total-performance-medical-center-carmel-in/,
Perfection Medical Spa,709 Plaza Drive Suite,Chesterton,IN,46304,"709 Plaza Drive Suite #1 Chesterton, IN 46304",(219) 327-1719,https://www.evexipel.com/hormone-replacement-therapy-provider/perfection-medical-spa-chesterton-in/,
Monarch Health & Wellness,503 E. Summit Street Suite 3,Crown Point,IN,46307,"503 E. Summit Street Suite 3 Crown Point, IN 46307",(219) 402-3165,https://www.evexipel.com/hormone-replacement-therapy-provider/monarch-health-wellness-crown-point-in/,https://share.google/U3wdDSc0uCzJU6HUr
Be You Med Spa & Wellness,14785 West 101st Avenue Suite 205,Dyer,IN,46311,"14785 West 101st Avenue Suite 205 Dyer, IN 46311",(219) 257-0739,https://www.evexipel.com/hormone-replacement-therapy-provider/be-you-med-spa-wellness-dyer-in/,
MP Health PC,1101 Parkway Ave Suite 200,Elkhart,IN,46516,"1101 Parkway Ave Suite 200 Elkhart, IN 46516",(269) 699-2905,https://www.evexipel.com/hormone-replacement-therapy-provider/mp-health-pc-elkhart-in/,
Hormone Balance Center,9748 Lantern Road,Fishers,IN,46037,"9748 Lantern Road Fishers, IN 46037",(463) 217-5471,https://www.evexipel.com/hormone-replacement-therapy-provider/hormone-balance-center-fishers-in/,
Vitality Health and Wellness Clinic,9003 Technology Ln Ste,Fishers,IN,46038,"9003 Technology Ln Ste B Fishers, IN 46038",(765) 999-3955,https://www.evexipel.com/hormone-replacement-therapy-provider/vitality-health-and-wellness-clinic-fishers-in/,
CaloSpa Rejuvenation Center - Indiana,408 Lafollette Station Dr,Floyds Knobs,IN,47119,"408 Lafollette Station Dr Floyds Knobs, IN 47119",(812) 562-5380,https://www.evexipel.com/hormone-replacement-therapy-provider/calospa-rejuvenation-center-indiana-floyds-knobs-in/,
Integrative Health,10528 Coldwater Road,Fort Wayne,IN,46845,"10528 Coldwater Road Fort Wayne, IN 46845",(260) 217-5241,https://www.evexipel.com/hormone-replacement-therapy-provider/integrative-health-fort-wayne-in/,
Pur Aesthetics and Wellness,225 Florence Ave,Granger,IN,46530,"225 Florence Ave Granger, IN 46530",(574) 227-6615,https://www.evexipel.com/hormone-replacement-therapy-provider/pur-aesthetics-and-wellness-granger-in/,
Holistic Family Wellness,8424 Naab Rd Ste,Indianapolis,IN,46260,"8424 Naab Rd Ste 3P Indianapolis, IN 46260",(317) 751-7809,https://www.evexipel.com/hormone-replacement-therapy-provider/holistic-family-wellness-indianapolis-in/,
The Refinery,6411 S East St Ste,Indianapolis,IN,46227,"6411 S East St Ste B Indianapolis, IN 46227",(463) 208-7416,https://www.evexipel.com/hormone-replacement-therapy-provider/the-refinery-indianapolis-in/,
Align Beauty and Wellness,511 South Newton Street Suite 7,Jasper,IN,47546,"511 South Newton Street Suite 7 Jasper, IN 47546",(812) 380-5270,https://www.evexipel.com/hormone-replacement-therapy-provider/align-beauty-and-wellness-jasper-in/,
Maple Leaf Health And Wellness,16 N Shield St Ste 200,Knox,IN,46534,"16 N Shield St Ste 200 Knox, IN 46534",(574) 635-3074,https://www.evexipel.com/hormone-replacement-therapy-provider/maple-leaf-health-and-wellness-knox-in/,
Live Well 360 Health and Medspa,208 West Jefferson St. Suite,Kokomo,IN,46901,"208 West Jefferson St. Suite D Kokomo, IN 46901",(765) 572-5945,https://www.evexipel.com/hormone-replacement-therapy-provider/live-well-360-health-and-medspa-kokomo-in/,
Medical Surgical Wellness Center LLC,8127 Merrillville Rd Ste 3,Merrillville,IN,46410,"8127 Merrillville Rd Ste 3 Merrillville, IN 46410",(219) 552-8098,https://www.evexipel.com/hormone-replacement-therapy-provider/medical-surgical-wellness-center-llc-merrillville-in/,
Biosculpt Medical and Aesthetics LLC,270 E Day Rd Ste 260,Mishawaka,IN,46545,"270 E Day Rd Ste 260 Mishawaka, IN 46545",(269) 229-6700,https://www.evexipel.com/hormone-replacement-therapy-provider/biosculpt-medical-and-aesthetics-llc-mishawaka-in/,
Del Pilar Medical & Urgent Care,270 E Day Rd Ste 280,Mishawaka,IN,46545,"270 E Day Rd Ste 280 Mishawaka, IN 46545",(269) 431-3919,https://www.evexipel.com/hormone-replacement-therapy-provider/del-pilar-medical-urgent-care-mishawaka-in/,
Park Place Medical Spa,15615 IN-23 Suite N,Mishawaka,IN,46530,"15615 IN-23 Suite N Mishawaka, IN 46530",(269) 448-1745,https://www.evexipel.com/hormone-replacement-therapy-provider/park-place-medical-spa-granger-in/,
Zubair Cosmetic Gynecology and Medspa,9410 Calumet Ave Suite 104,Munster,IN,46321,"9410 Calumet Ave Suite 104 Munster, IN 46321",(219) 285-9940,https://www.evexipel.com/hormone-replacement-therapy-provider/zubair-cosmetic-gynecology-and-medspa-munster-in/,
Bloom Rejuvenation,1600 State St,New Albany,IN,47150,"1600 State St New Albany, IN 47150",(812) 732-0430,https://www.evexipel.com/hormone-replacement-therapy-provider/bloom-rejuvenation-new-albany-in/,
The Luxe Spa,920 SR 930 E,New Haven,IN,46774,"920 SR 930 E New Haven, IN 46774",(260) 308-3116,https://www.evexipel.com/hormone-replacement-therapy-provider/the-luxe-spa-new-haven-in/,
Premier Vitality Clinic,9615 Keilman St Ste 203,Saint John,IN,46373,"9615 Keilman St Ste 203 Saint John, IN 46373",(219) 300-9453,https://www.evexipel.com/hormone-replacement-therapy-provider/premier-vitality-clinic-st-john-in/,
Body Bar MD - Terre Haute,4949 E Poplar Drive,Terre Haute,IN,47803,"4949 E Poplar Drive Terre Haute, IN 47803",(812) 917-7174,https://www.evexipel.com/hormone-replacement-therapy-provider/body-bar-md-terre-haute-in/,
Backroads Beauty Aesthetics,401 Garrettson St,Burlington,KS,66839,"401 Garrettson St Burlington, KS 66839",(620) 303-9884,https://www.evexipel.com/hormone-replacement-therapy-provider/backroads-beauty-aesthetics-burlington-ks/,
Peony Health & Beauty,419 Neosho St,Burlington,KS,66839,"419 Neosho St Burlington, KS 66839",(620) 877-1791,https://www.evexipel.com/hormone-replacement-therapy-provider/peony-health-beauty-burlington-ks/,
Peony Health & Beauty - Chanute,210 E 1st St Ste 2,Chanute,KS,66720,"210 E 1st St Ste 2 Chanute, KS 66720",(620) 685-0525,https://www.evexipel.com/hormone-replacement-therapy-provider/peony-health-beauty-chanute-ks/,
Enhanced Wellness - KS,1701 East Madison Avenue Suite E,Derby,KS,67037,"1701 East Madison Avenue Suite E Derby, KS 67037",(316) 600-9436,https://www.evexipel.com/hormone-replacement-therapy-provider/enhanced-wellness-ks-derby-ks/,
Peony Health & Beauty - Eureka,118 N Main St,Eureka,KS,67045,"118 N Main St Eureka, KS 67045",(620) 542-9337,https://www.evexipel.com/hormone-replacement-therapy-provider/peony-health-beauty-eureka-ks/,
Miller Aesthetic Medicine,110 E Fulton St. Ste,Garden City,KS,67846,"110 E Fulton St. Ste A Garden City, KS 67846",(620) 912-8611,https://www.evexipel.com/hormone-replacement-therapy-provider/miller-aesthetic-medicine-garden-city-ks/,
Glow Up KC,9433 Mission Rd Ste 103,Leawood,KS,66206,"9433 Mission Rd Ste 103 Leawood, KS 66206",(816) 425-8529,https://www.evexipel.com/hormone-replacement-therapy-provider/glow-up-kc-leawood-ks/,
Physician Aesthetic Specialists,11901 W 87th Street Pkwy,Lenexa,KS,66215,"11901 W 87th Street Pkwy Lenexa, KS 66215",(913) 298-8671,https://www.evexipel.com/hormone-replacement-therapy-provider/physician-aesthetic-specialists-lenexa-ks/,
Dailey Aesthetics & Hormone Clinic,6750 Antioch Rd. Suite 307,Merriam,KS,66204,"6750 Antioch Rd. Suite 307 Merriam, KS 66204",(913) 724-6074,https://www.evexipel.com/hormone-replacement-therapy-provider/dailey-aesthetics-hormone-clinic-overland-park-ks/,https://www.google.com/search?q=Dailey+Aesthetics+%26+Hormone+Clinic&stick=H4sIAAAAAAAA_-NgU1I1qLAwTzZITUkzMbZMMk8xNjK1MqgwTzFINUtJNko1NTJPS060XMSq5JKYmZNaqeCYWlySkVqSmVysoKbgkV-Um5-XquCck5mXmQwAyGn6u04AAAA&hl=en&mat=Cb7MqsOkqTdsElcBTVDHnj3U0aibKL0vzCFoSQ
Saving Grace Health KC,8707 Shawnee Mission Parkway,Merriam,KS,66202,"8707 Shawnee Mission Parkway Merriam, KS 66202",(785) 615-6642,https://www.evexipel.com/hormone-replacement-therapy-provider/saving-grace-health-kc-merriam-ks/,
Epic Integrative Wellness - Overland Park,7440 W 135TH ST,Overland Park,KS,66223,"7440 W 135TH ST Overland Park, KS 66223",(913) 701-3990,https://www.evexipel.com/hormone-replacement-therapy-provider/epic-integrative-wellness-overland-park-topeka-ks/,
The Center for Intentional Health,9200 Indian Creek Parkway Corporate Woods Ste 187,Overland Park,KS,66210,"9200 Indian Creek Parkway Corporate Woods Ste 187 Overland Park, KS 66210",(816) 327-2581,https://www.evexipel.com/hormone-replacement-therapy-provider/the-center-for-intentional-health-overland-park-ks/,
Fulfill Med Spa,317 S Main St,Pratt,KS,67124,"317 S Main St Pratt, KS 67124",(620) 254-9066,https://www.evexipel.com/hormone-replacement-therapy-provider/fulfill-med-spa-pratt-ks/,
Horizon Med Spa and Wellness,7070 Renner Rd Ste 102,Shawnee,KS,66217,"7070 Renner Rd Ste 102 Shawnee, KS 66217",(913) 423-6847,https://www.evexipel.com/hormone-replacement-therapy-provider/horizon-med-spa-and-wellness-shawnee-ks/,
Epic Integrative Wellness Institute,5942 SW 29th St STE,Topeka,KS,66614,"5942 SW 29th St STE C Topeka, KS 66614",(785) 645-2689,https://www.evexipel.com/hormone-replacement-therapy-provider/epic-integrative-wellness-institute-topeka-ks/,
BEAUTYDOT,10310 E 13th St N. Suite 300,Wichita,KS,67206,"10310 E 13th St N. Suite 300 Wichita, KS 67206",(316) 688-2304,https://www.evexipel.com/hormone-replacement-therapy-provider/beautydot-wichita-ks/,
Hazel and Honey Med Spa,494 N 127th St E Ste 200,Wichita,KS,67206,"494 N 127th St E Ste 200 Wichita, KS 67206",(316) 348-8556,https://www.evexipel.com/hormone-replacement-therapy-provider/hazel-and-honey-med-spa-wichita-ks/,
"Matthew H. Conrad, MD PA",1700 N Waterfront Pkwy Bldg 200,Wichita,KS,67206,"1700 N Waterfront Pkwy Bldg 200 Wichita, KS 67206",(316) 541-4142,https://www.evexipel.com/hormone-replacement-therapy-provider/matthew-h-conrad-md-pa-wichita-ks/,
Infinity Laser Med Spa,128 Keystone Ave,Bardstown,KY,40004,"128 Keystone Ave Bardstown, KY 40004",(859) 696-6320,https://www.evexipel.com/hormone-replacement-therapy-provider/infinity-laser-med-spa-bardstown-ky/,
MD Cosmedx,2424 AIRWAY DRIVE,Bowling Green,KY,42103,"2424 AIRWAY DRIVE Bowling Green, KY 42103",(270) 518-6469,https://www.evexipel.com/hormone-replacement-therapy-provider/md-cosmedx-bowling-green-ky/,
MediMorph,541 Buttermilk Pike Ste 100,Crescent Springs,KY,41017,"541 Buttermilk Pike Ste 100 Crescent Springs, KY 41017",(812) 551-3431,https://www.evexipel.com/hormone-replacement-therapy-provider/medimorph-crescent-springs-ky/,
Bluegrass Family Wellness,6001 Claymont Village Dr Ste 5,Crestwood,KY,40014,"6001 Claymont Village Dr Ste 5 Crestwood, KY 40014",(502) 281-0852,https://www.evexipel.com/hormone-replacement-therapy-provider/bluegrass-family-wellness-crestwood-ky/,https://share.google/Z5HjFtgJ1Rxtin6D7
Sei Bella Plastic Surgery,100 Daniel Dr,Danville,KY,40422,"100 Daniel Dr Danville, KY 40422",(270) 337-0306,https://www.evexipel.com/hormone-replacement-therapy-provider/sei-bella-plastic-surgery-danville-ky/,
Elivate Wellness,6302 Highway 44,East Shepherdsville,KY,40165,"6302 Highway 44 East Shepherdsville, KY 40165",(502) 427-0824,https://www.evexipel.com/hormone-replacement-therapy-provider/elivate-wellness-shepherdsville-ky/,
ANU Face Mind Body,230 Buford Ln,Elizabethtown,KY,42701,"230 Buford Ln Elizabethtown, KY 42701",(812) 737-3614,https://www.evexipel.com/hormone-replacement-therapy-provider/anu-face-mind-body-elizabethtown-ky/,
Watson Family Medicine,584 Westport Rd Ste 102,Elizabethtown,KY,42701,"584 Westport Rd Ste 102 Elizabethtown, KY 42701",(502) 628-4287,https://www.evexipel.com/hormone-replacement-therapy-provider/watson-family-medicine-elizabethtown-ky/,
ERA Wellness Spa,135 N Broadway St,Georgetown,KY,40324,"135 N Broadway St Georgetown, KY 40324",(859) 484-7836,https://www.evexipel.com/hormone-replacement-therapy-provider/era-wellness-spa-georgetown-ky/,https://share.google/eQ1QkSHnFYfn1jBQI
Intention Health And Wellness,107 Frazier Court Suite,Georgetown,KY,40324,"107 Frazier Court Suite 1B Georgetown, KY 40324",(859) 209-6643,https://www.evexipel.com/hormone-replacement-therapy-provider/intention-health-and-wellness-georgetown-ky/,
Jackson Health and Wellness,102 Physicians Boulevard Suite,Glasgow,KY,42141,"102 Physicians Boulevard Suite B Glasgow, KY 42141",(270) 612-2432,https://www.evexipel.com/hormone-replacement-therapy-provider/jackson-health-and-wellness-glasgow-ky/,
R+ Med Spa,210 Shane Dr,Glasgow,KY,42141,"210 Shane Dr Glasgow, KY 42141",(270) 606-7960,https://www.evexipel.com/hormone-replacement-therapy-provider/r-med-spa-glasgow-ky/,
Ageless Center,149 Moore Dr,Lexington,KY,40503,"149 Moore Dr Lexington, KY 40503",(859) 657-8683,https://www.evexipel.com/hormone-replacement-therapy-provider/ageless-center-lexington-ky/,
Belle Vie Summit,104 Summit At Fritz Farm Ste 120,Lexington,KY,40517,"104 Summit At Fritz Farm Ste 120 Lexington, KY 40517",(859) 724-6139,https://www.evexipel.com/hormone-replacement-therapy-provider/belle-vie-summit-lexington-ky/,
Bluegrass Integrative Health,2716 Old Rosebud Rd Ste 280,Lexington,KY,40509,"2716 Old Rosebud Rd Ste 280 Lexington, KY 40509",(859) 681-8830,https://www.evexipel.com/hormone-replacement-therapy-provider/bluegrass-integrative-health-lexington-ky/,
CaloSpa Rejuvenation Center - Lexington,824 Euclid Ave Ste 100,Lexington,KY,40502,"824 Euclid Ave Ste 100 Lexington, KY 40502",(859) 349-1918,https://www.evexipel.com/hormone-replacement-therapy-provider/calospa-rejuvenation-center-lexington-ky/,
Hourglass Aesthetics,124 Clay Ave,Lexington,KY,40502,"124 Clay Ave Lexington, KY 40502",(859) 470-3296,https://www.evexipel.com/hormone-replacement-therapy-provider/hourglass-aesthetics-lexington-ky/,
Lexington Plastic Surgery,166 Pasadena Dr Ste 100,Lexington,KY,40503,"166 Pasadena Dr Ste 100 Lexington, KY 40503",(859) 349-1899,https://www.evexipel.com/hormone-replacement-therapy-provider/lexington-plastic-surgery-lexington-ky/,
Lexington Prime Aesthetics & Wellness,989 Governors Ln Ste 240,Lexington,KY,40513,"989 Governors Ln Ste 240 Lexington, KY 40513",(859) 800-6946,https://www.evexipel.com/hormone-replacement-therapy-provider/lexington-prime-aesthetics-wellness-lexington-ky/,
Solutions Functional Medicine,1084 Wellington Way,Lexington,KY,40513,"1084 Wellington Way Lexington, KY 40513",(228) 623-2048,https://www.evexipel.com/hormone-replacement-therapy-provider/solutions-functional-medicine-lexington-ky/,
Wellward Regenerative Medicine,101 N Eagle Creek Dr,Lexington,KY,40509,"101 N Eagle Creek Dr Lexington, KY 40509",(859) 295-7499,https://www.evexipel.com/hormone-replacement-therapy-provider/wellward-regenerative-medicine-lexington-ky/,
Ageless Center - London,302 Madison Sq,London,KY,40741,"302 Madison Sq London, KY 40741",(606) 404-4802,https://www.evexipel.com/hormone-replacement-therapy-provider/ageless-center-london-ky/,
Esteem Aesthetics,103 Chera-Lyn Lane,London,KY,40741,"103 Chera-Lyn Lane London, KY 40741",(606) 595-4950,https://www.evexipel.com/hormone-replacement-therapy-provider/esteem-aesthetics-london-ky/,
Ageless Center - Louisville,10003 Forest Green Blvd,Louisville,KY,40223,"10003 Forest Green Blvd Louisville, KY 40223",(930) 500-3440,https://www.evexipel.com/hormone-replacement-therapy-provider/ageless-center-louisville-ky/,
Beauty Bar and Wellness,12406 La Grange Rd Ste 201,Louisville,KY,40245,"12406 La Grange Rd Ste 201 Louisville, KY 40245",(930) 300-4506,https://www.evexipel.com/hormone-replacement-therapy-provider/beauty-bar-and-wellness-louisville-ky/,https://share.google/1hwhAtkoOcIX21NGZ
CC Lou Aesthetics and Wellness,800 Stone Creek Pkwy Ste 2,Louisville,KY,40223,"800 Stone Creek Pkwy Ste 2 Louisville, KY 40223",(502) 547-0874,https://www.evexipel.com/hormone-replacement-therapy-provider/cc-lou-aesthetics-and-wellness-louisville-ky/,
CaloSpa Rejuvenation Center,2341 Lime Kiln Ln,Louisville,KY,40222,"2341 Lime Kiln Ln Louisville, KY 40222",(502) 289-6962,https://www.evexipel.com/hormone-replacement-therapy-provider/calospa-rejuvenation-center-louisville-ky/,
Covenant Wellness,13000 Equity Pl Suite 105,Louisville,KY,40223,"13000 Equity Pl Suite 105 Louisville, KY 40223",(502) 788-3498,https://www.evexipel.com/hormone-replacement-therapy-provider/covenant-wellness-louisville-ky/,
Louisville Aesthetics,9345 Leesgate Rd,Louisville,KY,40222,"9345 Leesgate Rd Louisville, KY 40222",(812) 286-5636,https://www.evexipel.com/hormone-replacement-therapy-provider/louisville-aesthetics-hurstbourne-ky/,
Spa V,161 Chenoweth Lane,Louisville,KY,40207,"161 Chenoweth Lane Louisville, KY 40207",(502) 324-3360,https://www.evexipel.com/hormone-replacement-therapy-provider/spa-v-louisville-ky/,
Middletown Aesthetics,12121 Shelbyville Rd Ste 107,Middletown,KY,40243,"12121 Shelbyville Rd Ste 107 Middletown, KY 40243",(812) 624-8329,https://www.evexipel.com/hormone-replacement-therapy-provider/middletown-aesthetics-louisville-ky/,
Renu MedSpa,1008,Mojave Trl Frankfort,KY,40601,"1008 Mojave Trl Frankfort, KY 40601",(859) 251-7999,https://www.evexipel.com/hormone-replacement-therapy-provider/renu-medspa-frankfort-ky/,
Lily's Med Spa & Salon,75 Sterling Way,Mount Sterling,KY,40353,"75 Sterling Way Mount Sterling, KY 40353",(606) 659-0953,https://www.evexipel.com/hormone-replacement-therapy-provider/lilys-med-spa-salon-mt-sterling-ky/,
Foundation Health,1601 Ky-121 Ste,Murray,KY,42071,"1601 Ky-121 Ste B Murray, KY 42071",(270) 747-9610,https://www.evexipel.com/hormone-replacement-therapy-provider/foundation-health-murray-ky/,https://share.google/4k8KpRoh8XcwofoC9
Premier Spa of Murray,307 North 12Th Street Ste,Murray,KY,42071,"307 North 12Th Street Ste B Murray, KY 42071",(270) 573-2434,https://www.evexipel.com/hormone-replacement-therapy-provider/premier-spa-of-murray-ky/,
MK Aesthetics - Nicholasville,243 E Brannon Rd Suite 108,Nicholasville,KY,40356,"243 E Brannon Rd Suite 108 Nicholasville, KY 40356",(859) 251-2388,https://www.evexipel.com/hormone-replacement-therapy-provider/mk-aesthetics-nicholasville-ky/,
Omorfia Wellness Center and Primary Care,125 S Main St,Nicholasville,KY,40356,"125 S Main St Nicholasville, KY 40356",(859) 695-3167,https://www.evexipel.com/hormone-replacement-therapy-provider/omorfia-wellness-center-and-primary-care-nicholasville-ky/,
Only You Wellness,459 Keene Centre Dr,Nicholasville,KY,40356,"459 Keene Centre Dr Nicholasville, KY 40356",(859) 549-7914,https://www.evexipel.com/hormone-replacement-therapy-provider/only-you-wellness-nicholasville-ky/,
The Lift Bar Med Spa LLC,122 Langley Dr,Nicholasville,KY,40356,"122 Langley Dr Nicholasville, KY 40356",(859) 681-7569,https://www.evexipel.com/hormone-replacement-therapy-provider/the-lift-bar-med-spa-llc-nicholasville-ky/,
Health Quest Medical Care,1003 Burlew Blvd Ste,Owensboro,KY,42303,"1003 Burlew Blvd Ste C Owensboro, KY 42303",(270) 713-8085,https://www.evexipel.com/hormone-replacement-therapy-provider/health-quest-medical-care-owensboro-ky/,
Advancing Medical Solutions,2725 James Sanders Blvd,Paducah,KY,42001,"2725 James Sanders Blvd Paducah, KY 42001",(270) 554-5114,https://www.evexipel.com/hormone-replacement-therapy-provider/advancing-medical-solutions-paducah-ky/,
WKY Medical Weight Loss,3520 Lone Oak Rd #,Paducah,KY,42003,"3520 Lone Oak Rd # B Paducah, KY 42003",(270) 216-5577,https://www.evexipel.com/hormone-replacement-therapy-provider/wky-medical-weight-loss-paducah-ky/,
Elevated Aesthetics & Wellness,1518 Dixie Highway,Park Hills,KY,41017,"1518 Dixie Highway Park Hills, KY 41017",(812) 594-4756,https://www.evexipel.com/hormone-replacement-therapy-provider/elevated-aesthetics-wellness-park-hills-ky/,https://www.google.com/search?q=elevated+aesthetics+and+wellness&sca_esv=491349f24674a34b&sxsrf=ANbL-n6EcAilxlrc_QiNLuxgJeEWDGSfmg%3A1773075284129&source=hp&ei=VPuuad3sBZPZ5NoP9dzdkAY&iflsig=AFdpzrgAAAAAaa8JZJvNjpvRt7Bv1r8PUDD1239mIGR4&oq=elevated+aes&gs_
Pineville Community Health Center,850 Riverview Ave,Pineville,KY,40977,"850 Riverview Ave Pineville, KY 40977",(606) 595-5718,https://www.evexipel.com/hormone-replacement-therapy-provider/pineville-community-health-center-pineville-ky/,
NuVital Infusion & Wellness,565 Knox Blvd Suite,Radcliff,KY,40160,"565 Knox Blvd Suite A2 Radcliff, KY 40160",(812) 737-3578,https://www.evexipel.com/hormone-replacement-therapy-provider/nuvital-infusion-wellness-radcliff-ky/,
Total Life Wellness and Aesthetics,124 Ernest R Kouma Blvd Ste 1,Radcliff,KY,40160,"124 Ernest R Kouma Blvd Ste 1 Radcliff, KY 40160",(812) 737-3921,https://www.evexipel.com/hormone-replacement-therapy-provider/total-life-wellness-and-aesthetics-radcliff-ky/,
Rejuvenate RX,236 E Main St,Richmond,KY,40475,"236 E Main St Richmond, KY 40475",(859) 549-3374,https://www.evexipel.com/hormone-replacement-therapy-provider/rejuvenate-rx-richmond-ky/,
Future Hope Total Health,231 Midland Park Ste 101,Shelbyville,KY,40065,"231 Midland Park Ste 101 Shelbyville, KY 40065",(502) 842-4077,https://www.evexipel.com/hormone-replacement-therapy-provider/future-hope-total-health-shelbyville-ky/,
ELITE MEDSPA,9232 US-42 Suite,Union,KY,41091,"9232 US-42 Suite D Union, KY 41091",(859) 249-9664,https://www.evexipel.com/hormone-replacement-therapy-provider/elite-medspa-union-ky/,
Mind & Body Medspa,194 S. Main Street,Versailles,KY,40383,"194 S. Main Street Versailles, KY 40383",(859) 695-2678,https://www.evexipel.com/hormone-replacement-therapy-provider/mind-body-medspa-versailles-ky/,
Louisiana Cardiovascular & Thoracic Inst,3311 Prescott Road Suite 202,Alexandria,LA,71301,"3311 Prescott Road Suite 202 Alexandria, LA 71301",(318) 407-7045,https://www.evexipel.com/hormone-replacement-therapy-provider/louisiana-cardiovascular-thoracic-inst-alexandria-la/,
Mcculloh Health and Wellness,2645 Oneal Ln Bldg,B-A Baton Rouge,LA,70816,"2645 Oneal Ln Bldg B-A Baton Rouge, LA 70816",(225) 422-1969,https://www.evexipel.com/hormone-replacement-therapy-provider/mcculloh-health-and-wellness-baton-rouge-la/,
Blue Willow Medical,16275 Highland Rd,Baton Rouge,LA,70810,"16275 Highland Rd Baton Rouge, LA 70810",(225) 457-3383,https://www.evexipel.com/hormone-replacement-therapy-provider/blue-willow-medical-baton-rouge-la/,
Drs. McCulloh,2645 O'Neal Ln Bldg B Ste,Baton Rouge,LA,70816,"2645 O'Neal Ln Bldg B Ste C Baton Rouge, LA 70816",(225) 320-4853,https://www.evexipel.com/hormone-replacement-therapy-provider/drs-mcculloh-baton-rouge-la/,
NeuroMuscular Medical Associates,18212 E Petroleum Dr. STE.,Baton Rouge,LA,70809,"18212 E Petroleum Dr. STE. 6A Baton Rouge, LA 70809",(504) 380-9431,https://www.evexipel.com/hormone-replacement-therapy-provider/neuromuscular-medical-associates-hammond-la/,
Palace for Healthy Living & Cons.,563 Colonial Dr.,Baton Rouge,LA,70806,"563 Colonial Dr. Baton Rouge, LA 70806",(225) 267-8453,https://www.evexipel.com/hormone-replacement-therapy-provider/palace-for-healthy-living-cons-baton-rouge-la/,
SYNC Life,17650 Highland Road Suite E,Baton Rouge,LA,70810,"17650 Highland Road Suite E Baton Rouge, LA 70810",(225) 443-3575,https://www.evexipel.com/hormone-replacement-therapy-provider/sync-life-baton-rouge-la/,
29:11 Medspa,182 Barclay Blvd. Suite 104,Bossier City,LA,71111,"182 Barclay Blvd. Suite  104 Bossier City, LA 71111",(318) 708-8528,https://www.evexipel.com/hormone-replacement-therapy-provider/2911-medspa-bossier-city-la/,
Willow Total Health,4016 Highway 90 E Ste 112,Broussard,LA,70518,"4016 Highway 90 E Ste 112 Broussard, LA 70518",(337) 333-4160,https://www.evexipel.com/hormone-replacement-therapy-provider/willow-total-health-broussard-la/,
Fielder Family Clinic,503 N Church St,Carencro,LA,70520,"503 N Church St Carencro, LA 70520",(337) 628-8736,https://www.evexipel.com/hormone-replacement-therapy-provider/fielder-family-clinic-carencro-la/,
Revive Health and Wellness Carencro,218 Hector Connoly Rd. Ste 200,Carencro,LA,70520,"218 Hector Connoly Rd. Ste 200 Carencro, LA 70520",(337) 435-9276,https://www.evexipel.com/hormone-replacement-therapy-provider/revive-health-and-wellness-carencro-la/,
Lola's Medical Spa & Wellness LLC,1800 East Judge Perez Drive Ste.,Chalmette,LA,70043,"1800 East Judge Perez Drive Ste. C Chalmette, LA 70043",(504) 276-5565,https://www.evexipel.com/hormone-replacement-therapy-provider/lolas-medical-spa-wellness-llc-chalmette-la/,
"Jill Gibson, MD",106 Highland Park Plaza,Covington,LA,70433,"106 Highland Park Plaza Covington, LA 70433",(985) 336-3577,https://www.evexipel.com/hormone-replacement-therapy-provider/jill-gibson-md-covington-la/,
Tchefuncte Health and Wellness,56 Starbrush Circle,Covington,LA,70433,"56 Starbrush Circle Covington, LA 70433",(985) 616-6556,https://www.evexipel.com/hormone-replacement-therapy-provider/tchefuncte-health-and-wellness-covington-la/,
Women's Health & Wellness,77 Starbrush Circle,Covington,LA,70433,"77 Starbrush Circle Covington, LA 70433",(985) 615-3155,https://www.evexipel.com/hormone-replacement-therapy-provider/womens-health-wellness-covington-la/,
Acadia Total Health,1307 Crowley Rayne Hwy Ste E,Crowley,LA,70526,"1307 Crowley Rayne Hwy Ste E Crowley, LA 70526",(337) 473-2327,https://www.evexipel.com/hormone-replacement-therapy-provider/acadia-total-health-crowley-la/,
Checkpoint Urgent Care,753 Oddfellows Rd Suite,Crowley,LA,70526,"753 Oddfellows Rd Suite F Crowley, LA 70526",(337) 243-1291,https://www.evexipel.com/hormone-replacement-therapy-provider/checkpoint-urgent-care-crowley-la/,
Hanks Health and Wellness,19503 Lake Charles Hwy Suite,DeRidder,LA,70634,"19503 Lake Charles Hwy Suite B DeRidder, LA 70634",(337) 409-8286,https://www.evexipel.com/hormone-replacement-therapy-provider/hanks-health-and-wellness-deridder-la/,
Omni Health & Wellness,4323 Hwy 27 N,Dequincy,LA,70633,"4323 Hwy 27 N Dequincy, LA 70633",(337) 415-2715,https://www.evexipel.com/hormone-replacement-therapy-provider/omni-health-wellness-dequincy-la/,
Healing Path Clinic,123 N. 5th St.,Eunice,LA,70535,"123 N. 5th St. Eunice, LA 70535",(337) 329-8842,https://www.evexipel.com/hormone-replacement-therapy-provider/healing-path-clinic-eunice-la/,
Ascension Center for Womens Hlth,1943 S. Burnside Avenue,Gonzalez,LA,70737,"1943 S. Burnside Avenue Gonzalez, LA 70737",(225) 647-2294,https://www.evexipel.com/hormone-replacement-therapy-provider/ascension-center-for-womens-hlth-gonzales-la/,
The Aesthetic Haus- Gretna,803 3rd St,Gretna,LA,70053,"803 3rd St Gretna, LA 70053",(985) 306-8543,https://www.evexipel.com/hormone-replacement-therapy-provider/the-aesthetic-haus-gretna-la/,
Oak House Med Spa,1640 Hickory Ave Ste,Harahan,LA,70123,"1640 Hickory Ave Ste A Harahan, LA 70123",(504) 499-1069,https://www.evexipel.com/hormone-replacement-therapy-provider/oak-house-med-spa-harahan-la/,
360 Wellness,855 Belanger Street Ste 108,Houma,LA,70360,"855 Belanger Street Ste 108 Houma, LA 70360",(985) 228-9408,https://www.evexipel.com/hormone-replacement-therapy-provider/360-wellness-houma-la/,
Roberts Aesthetics And Wellness,100 Melissa Lane,Houma,LA,70360,"100 Melissa Lane Houma, LA 70360",(985) 243-1601,https://www.evexipel.com/hormone-replacement-therapy-provider/roberts-aesthetics-and-wellness-houma-la/,
Axcelicare,621 East Miller Avenue,Iowa,LA,70647,"621 East Miller Avenue Iowa, LA 70647",(337) 485-6455,https://www.evexipel.com/hormone-replacement-therapy-provider/axcelicare-iowa-la/,
Dr Dupon Aesthetics and Anti-Aging,233 Doucet Rd Ste,Lafayette,LA,70503,"233 Doucet Rd Ste A6 Lafayette, LA 70503",(337) 282-9155,https://www.evexipel.com/hormone-replacement-therapy-provider/dr-dupon-aesthetics-and-anti-aging-lafayette-la/,
Occupational & Integrative Medicine,221 Southpark Rd. Ste,Lafayette,LA,70508,"221 Southpark Rd. Ste B Lafayette, LA 70508",(337) 391-3800,https://www.evexipel.com/hormone-replacement-therapy-provider/occupational-integrative-medicine-lafayette-la/,
Somner Age Management Medicine,102 Coulee Shore Dr.,Lafayette,LA,70503,"102 Coulee Shore Dr. Lafayette, LA 70503",(337) 270-8522,https://www.evexipel.com/hormone-replacement-therapy-provider/somner-age-management-medicine-lafayette-la/,
The Specialist Clinic,1206 East Broussard Road Suite 102,Lafayette,LA,70508,"1206 East Broussard Road Suite 102 Lafayette, LA 70508",(337) 227-9252,https://www.evexipel.com/hormone-replacement-therapy-provider/the-specialist-clinic-lafayette-la/,
Integrativ Hydration,4421 Nelson Rd,Lake Charles,LA,70605,"4421 Nelson Rd Lake Charles, LA 70605",(337) 329-9601,https://www.evexipel.com/hormone-replacement-therapy-provider/integrativ-hydration-lake-charles-la/,
Revitalized Health William St,1510 William st.,Lake Charles,LA,70601,"1510 William st. Lake Charles, LA 70601",(337) 284-9189,https://www.evexipel.com/hormone-replacement-therapy-provider/revitalized-health-william-st-lake-charles-la/,
The Skin Studios,2640 Country Club Rd Ste 100,Lake Charles,LA,70605,"2640 Country Club Rd Ste 100 Lake Charles, LA 70605",(337) 434-3172,https://www.evexipel.com/hormone-replacement-therapy-provider/the-skin-studios-lake-charles-la/,
South Beauregard Medical Center,12186 Hwy 171,Longville,LA,70652,"12186 Hwy 171 Longville, LA 70652",(337) 473-2011,https://www.evexipel.com/hormone-replacement-therapy-provider/south-beauregard-medical-center-longville-la/,
The Aesthetic Haus,1901 U.S. Hwy. 190 Suite 18,Mandeville,LA,70448,"1901 U.S. Hwy. 190 Suite 18 Mandeville, LA 70448",(985) 328-2865,https://www.evexipel.com/hormone-replacement-therapy-provider/the-aesthetic-haus-mandeville-la/,
Revitalize Sabine Medspa & Wellness,905 Main St.,Many,LA,71449,"905 Main St. Many, LA 71449",(318) 495-8298,https://www.evexipel.com/hormone-replacement-therapy-provider/revitalize-sabine-medspa-wellness-many-la/,
Bopp Dermatology & Facial Plastic Surgery,3421 N Causeway Blvd Ste 102,Metairie,LA,70002,"3421 N Causeway Blvd Ste 102 Metairie, LA 70002",(985) 308-5517,https://www.evexipel.com/hormone-replacement-therapy-provider/bopp-dermatology-facial-plastic-surgery-metairie-la/,
Premier Family Clinic,102 Office Park Dr,Minden,LA,71055,"102 Office Park Dr Minden, LA 71055",(318) 607-1908,https://www.evexipel.com/hormone-replacement-therapy-provider/premier-family-clinic-minden-la/,
SPA Terra,2900 Forsythe Ave,Monroe,LA,71201,"2900 Forsythe Ave Monroe, LA 71201",(318) 496-8023,https://www.evexipel.com/hormone-replacement-therapy-provider/spa-terra-monroe-la/,
Fleur-De-Lis Aesthetic & Apothecary,3001 Napoleon Ave Ste,New Orleans,LA,70125,"3001 Napoleon Ave Ste B New Orleans, LA 70125",(504) 608-3068,https://www.evexipel.com/hormone-replacement-therapy-provider/fleur-de-lis-aesthetic-apothecary-new-orleans-la/,
Sophrosyne Health and Wellness,1871 Agriculture St,New Orleans,LA,70119,"1871 Agriculture St New Orleans, LA 70119",(985) 616-5242,https://www.evexipel.com/hormone-replacement-therapy-provider/sophrosyne-health-and-wellness-new-orleans-la/,
Gleaux Rx IV Bar and Med Spa,725 Hospital Rd.,New Roads,LA,70760,"725 Hospital Rd. New Roads, LA 70760",(318) 520-9220,https://www.evexipel.com/hormone-replacement-therapy-provider/gleaux-rx-iv-bar-and-med-spa-new-roads-la/,
Gleaux Rx Wellness - Saint Francisville,7197 US HWY 61 Ste. E,Saint Francisville,LA,70775,"7197 US HWY 61 Ste. E Saint Francisville, LA 70775",(225) 627-7085,https://www.evexipel.com/hormone-replacement-therapy-provider/gleaux-rx-wellness-saint-francisville-st-francisville-la/,
Firmin Foundations,16104 Highway 1,Simmesport,LA,71369,"16104 Highway 1 Simmesport, LA 71369",(225) 269-4830,https://www.evexipel.com/hormone-replacement-therapy-provider/firmin-foundations-simmesport-la/,https://www.google.com/search?q=Firmin+Family+Care&hl=en&mat=CQ3Hoe4UcT0zElYBTVDHniFWJvV7zpE3ZLE6g5G0PBlCe_ZsDOnIAQpelINLD3Xy74N6Ah_ujMTSk2UrAFDyNt_ka13U7OH0GVARs0N5jCdS6SSKBU7fZA1YozEcoy64tg&authuser=1&sei=HJjzaY2uGqq5qtsPqb3tiAM&dlnr=1
Magnolia Health And Wellness,316 Plantation Hills Blvd Ste,Stonewall,LA,71078,"316 Plantation Hills Blvd Ste B Stonewall, LA 71078",(318) 402-0149,https://www.evexipel.com/hormone-replacement-therapy-provider/magnolia-health-and-wellness-stonewall-la/,
Magnolia Regenerative Medicine,1535 W Main St,Ville Platte,LA,70586,"1535 W Main St Ville Platte, LA 70586",(318) 616-8204,https://www.evexipel.com/hormone-replacement-therapy-provider/magnolia-regenerative-medicine-ville-platte-la/,
Vidrine Community Clinic,4940 Vidrine Rd.,Ville Platte,LA,70586,"4940 Vidrine Rd. Ville Platte, LA 70586",(318) 616-8146,https://www.evexipel.com/hormone-replacement-therapy-provider/vidrine-community-clinic-ville-platte-la/,
The Hormone Connection,27999 Old South Walker Road Suite,Walker,LA,70785,"27999 Old South Walker Road Suite H Walker, LA 70785",(225) 378-2409,https://www.evexipel.com/hormone-replacement-therapy-provider/the-hormone-connection-walker-la/,
Lane Regional Medical Center,6550 Main St Ste 2000,Zachary,LA,70791,"6550 Main St Ste 2000 Zachary, LA 70791",(225) 417-3585,https://www.evexipel.com/hormone-replacement-therapy-provider/lane-regional-medical-center-zachary-la/,
Forever Young Medical Aesthetics,325 Southbridge Street Suite,Auburn,MA,01501,"325 Southbridge Street Suite R Auburn, MA 01501",(978) 917-7233,https://www.evexipel.com/hormone-replacement-therapy-provider/forever-young-medical-aesthetics-auburn-ma/,
Alainn Medical Aesthetics,175 Great Rd Suite 210,Bedford,MA,01730,"175 Great Rd Suite 210 Bedford, MA 01730",(978) 737-7574,https://www.evexipel.com/hormone-replacement-therapy-provider/alainn-medical-aesthetics-bedford-ma/,
"Smithers & Ko Health Services, LLC",288 Groveland St,C-3 Haverhill,MA,01830,"288 Groveland St C-3 Haverhill, MA 01830",(978) 404-4951,https://www.evexipel.com/hormone-replacement-therapy-provider/smithers-ko-health-services-llc-haverhill-ma/,
Clareo Plastic Surgery,25 Boylston St Ste 304,Chestnut Hill,MA,02467,"25 Boylston St Ste 304 Chestnut Hill, MA 02467",(978) 898-0495,https://www.evexipel.com/hormone-replacement-therapy-provider/clareo-plastic-surgery-newton-ma/,
Prima-CARE Revive MD,215 Pleasant Street Ste,Fall River,MA,02723,"215 Pleasant Street Ste 301A Fall River, MA 02723",(774) 504-5574,https://www.evexipel.com/hormone-replacement-therapy-provider/prima-care-revive-md-fall-river-ma/,https://share.google/rDQuvBKAtJwjOsVd6
Powell Studio Beauty + Wellness,222 Webster Street,Hanover,MA,02339,"222 Webster Street Hanover, MA 02339",(781) 332-4267,https://www.evexipel.com/hormone-replacement-therapy-provider/powell-studio-beauty-wellness-hanover-ma/,
Reimagine Weight Loss - Kingston,431 Country Club Way,Kingston,MA,02364,"431 Country Club Way Kingston, MA 02364",(781) 805-3119,https://www.evexipel.com/hormone-replacement-therapy-provider/reimagine-weight-loss-kingston-yarmouth-ma/,
RN Esthetics,40 Salem St Ste 3,Lynnfield,MA,01940,"40 Salem St Ste 3 Lynnfield, MA 01940",(781) 412-3438,https://www.evexipel.com/hormone-replacement-therapy-provider/rn-esthetics-lynnfield-ma/,
Jsj Aesthetics – Medford,10 High St.,Medford,MA,02155,"10 High St. Medford, MA 02155",(978) 949-8622,https://www.evexipel.com/hormone-replacement-therapy-provider/jsj-aesthetics-medford-ma/,
"Artemis 22 Aesthetics, Health & Wellness",81 N Main St,Middleton,MA,01949,"81 N Main St Middleton, MA 01949",(857) 837-7570,https://www.evexipel.com/hormone-replacement-therapy-provider/artemis-22-aesthetics-health-wellness-middleton-ma/,https://share.google/wnK2axUsrxvQ3UKgl
Wellness Specialists of Milford,18 Asylum St,Milford,MA,01757,"18 Asylum St Milford, MA 01757",(508) 684-2987,https://www.evexipel.com/hormone-replacement-therapy-provider/wellness-specialists-of-milford-ma/,
Infinite Beauty Lounge Milton,75 Adams Street Ste,Milton,MA,02186,"75 Adams Street Ste F Milton, MA 02186",(617) 609-0503,https://www.evexipel.com/hormone-replacement-therapy-provider/infinite-beauty-lounge-milton-ma/,
OCEANUS HEALTH LLC,1 Cherry St,Nantucket,MA,02554,"1 Cherry St Nantucket, MA 02554",(774) 310-4144,https://www.evexipel.com/hormone-replacement-therapy-provider/oceanus-health-llc-nantucket-ma/,
RN Esthetics Newburyport,2 Market Street,Newburyport,MA,01950,"2 Market Street Newburyport, MA 01950",(978) 643-5760,https://www.evexipel.com/hormone-replacement-therapy-provider/rn-esthetics-newburyport-ma/,
KDR Medspa + Wellness,415 Lexington St,Newton,MA,02466,"415 Lexington St Newton, MA 02466",(978) 577-2857,https://www.evexipel.com/hormone-replacement-therapy-provider/kdr-medspa-wellness-newton-ma/,
Skin Pure Medical Aesthetics,50 Main Street Ste 300,North Reading,MA,01864,"50 Main Street Ste 300 North Reading, MA 01864",(857) 386-7063,https://www.evexipel.com/hormone-replacement-therapy-provider/skin-pure-medical-aesthetics-north-reading-ma/,
Vive Aesthetics & Wellness,147 Court St,Plymouth,MA,02360,"147 Court St Plymouth, MA 02360",(781) 214-7141,https://www.evexipel.com/hormone-replacement-therapy-provider/vive-aesthetics-wellness-plymouth-ma/,https://share.google/g2z5Qd5og9eBt391A
Vitalize and Thrive Integrative Health,56 General Way Suite,Reading,MA,01867,"56 General Way Suite #21 Reading, MA 01867",(978) 494-1232,https://www.evexipel.com/hormone-replacement-therapy-provider/vitalize-and-thrive-integrative-health-reading-ma/,
RN Esthetics Salem,331 Lafayette St.,Salem,MA,01970,"331 Lafayette St. Salem, MA 01970",(978) 396-4490,https://www.evexipel.com/hormone-replacement-therapy-provider/rn-esthetics-salem-ma/,
Botastic Wellness Center,645 Belmont Ave,Springfield,MA,01108,"645 Belmont Ave Springfield, MA 01108",(860) 370-3814,https://www.evexipel.com/hormone-replacement-therapy-provider/botastic-wellness-center-springfield-ma/,
IV Hub Wellness,117 Main St Ste 27,Stoneham,MA,02180,"117 Main St Ste 27 Stoneham, MA 02180",(978) 662-2943,https://www.evexipel.com/hormone-replacement-therapy-provider/iv-hub-wellness-stoneham-ma/,
"Vibrant Minds and Wellness, PLLC",29 Albion St Ste,Wakefield,MA,01880,"29 Albion St Ste B4 Wakefield, MA 01880",(978) 584-9282,https://www.evexipel.com/hormone-replacement-therapy-provider/vibrant-minds-and-wellness-pllc-wakefield-ma/,
ShushRx,393 Totten Pond Road Suite 102,Waltham,MA,02451,"393 Totten Pond Road Suite 102 Waltham, MA 02451",(978) 932-8017,https://www.evexipel.com/hormone-replacement-therapy-provider/shushrx-waltham-ma/,
Cove Aesthetics,300 Main St Ste 15,Wenham,MA,01984,"300 Main St Ste 15 Wenham, MA 01984",(978) 543-1757,https://www.evexipel.com/hormone-replacement-therapy-provider/cove-aesthetics-wenham-ma/,
"Caring for All, PC Family Medicine",955 Main St. Ste 306,Winchester,MA,01890,"955 Main St.  Ste 306 Winchester, MA 01890",(781) 650-4958,https://www.evexipel.com/hormone-replacement-therapy-provider/caring-for-all-pc-family-medicine-winchester-ma/,
Aponi Aesthetics Medical Aesthetics,99 Prescott St Ste 104,Worcester,MA,01605,"99 Prescott St Ste 104 Worcester, MA 01605",(508) 290-6752,https://www.evexipel.com/hormone-replacement-therapy-provider/aponi-aesthetics-medical-aesthetics-worcester-ma/,
VIDA MD Wellness and Aesthetics,73 Hamilton St.,Worcester,MA,01604,"73 Hamilton St. Worcester, MA 01604",(508) 306-8243,https://www.evexipel.com/hormone-replacement-therapy-provider/vida-md-wellness-and-aesthetics-worcester-ma/,
"Reimagine Weight Loss and Wellness, Inc",939 Route 6A Ste,Yarmouth Port,MA,02675,"939 Route 6A Ste D1 Yarmouth Port, MA 02675",(857) 323-9840,https://www.evexipel.com/hormone-replacement-therapy-provider/reimagine-weight-loss-and-wellness-inc-yarmouth-ma/,
Advanced Dermal Health and Aesthetics,10400 Little Patuxent Pkwy. Suite,1G2 Columbia,MD,21044,"10400 Little Patuxent Pkwy. Suite 1G2 Columbia, MD 21044",(240) 624-6766,https://www.evexipel.com/hormone-replacement-therapy-provider/advanced-dermal-health-and-aesthetics-columbia-md/,https://share.google/2xpRBXZn1GkmUZYIE
Institute of Aesthetic Medicine - Berlin,12475 Sea Oaks Lane Ste,5-6 Berlin,MD,21811,"12475 Sea Oaks Lane Ste 5-6 Berlin, MD 21811",(410) 936-7482,https://www.evexipel.com/hormone-replacement-therapy-provider/institute-of-aesthetic-medicine-berlin-md/,
Shakthi Health & Wellness Center,2702 Back Acre Circle Suite,Airy,MD,21771,"2702 Back Acre Circle Suite 290B Mt. Airy, MD 21771",(240) 363-2822,https://www.evexipel.com/hormone-replacement-therapy-provider/shakthi-health-wellness-center-mt-airy-md/,
Back to Balance Osteopathic Wellness,107 Ridgely Ave Ste,Annapolis,MD,21401,"107 Ridgely Ave Ste 14C Annapolis, MD 21401",(667) 771-3567,https://www.evexipel.com/hormone-replacement-therapy-provider/back-to-balance-osteopathic-wellness-annapolis-md/,
Euna Aesthetics,127 Lubrano Dr Ste 105,Annapolis,MD,21401,"127 Lubrano Dr Ste 105 Annapolis, MD 21401",(667) 270-7536,https://www.evexipel.com/hormone-replacement-therapy-provider/euna-aesthetics-annapolis-md/,
ProMD Health Annapolis,166 Defense Hwy Ste 302,Annapolis,MD,21401,"166 Defense Hwy Ste 302 Annapolis, MD 21401",(240) 376-3657,https://www.evexipel.com/hormone-replacement-therapy-provider/promd-health-annapolis-md/,
Sullivan Surgery & Spa,130 Admiral Cochrane Drive Suite 300,Annapolis,MD,21401,"130 Admiral Cochrane Drive Suite 300 Annapolis, MD 21401",(240) 624-7097,https://www.evexipel.com/hormone-replacement-therapy-provider/sullivan-surgery-spa-annapolis-md/,https://www.google.com/search?q=Sullivan+Surgery+%26+Spa+Annapolis&stick=H4sIAAAAAAAA_-NgU1I1qLCwTDJPM0sxTUs2MjVOsbS0MqgwNLC0SEw1NDFMTDFMMUwyW8SqEFyak5NZlpgHZBSlpxZVKqgpBBckKjjm5SUW5OdkFgMAARdrMkwAAAA&hl=en&mat=CbvFL5v6s_kyElcBa0lj_89qW9dZ5eskVfLQZgL-Lb1H
The Firm Medspa,2001 Tidewater Colony Dr Ste 200,Annapolis,MD,21401,"2001 Tidewater Colony Dr Ste 200 Annapolis, MD 21401",(667) 201-6980,https://www.evexipel.com/hormone-replacement-therapy-provider/the-firm-medspa-annapolis-md/,https://share.google/DaiYQ0VDSGVOsejoa
The Kinney Clinic,522 Chesapeake Ave Ste 2,Annapolis,MD,21403,"522 Chesapeake Ave Ste 2 Annapolis, MD 21403",(410) 927-1824,https://www.evexipel.com/hormone-replacement-therapy-provider/the-kinney-clinic-annapolis-md/,
Warrior Medical Group,116 Defense Hwy # 200,Annapolis,MD,21401,"116 Defense Hwy # 200 Annapolis, MD 21401",(443) 707-2865,https://www.evexipel.com/hormone-replacement-therapy-provider/warrior-medical-group-annapolis-md/,
ProMD Health Tox Bar,3904 Boston St Ste 102,Baltimore,MD,21224,"3904 Boston St Ste 102 Baltimore, MD 21224",(667) 382-9508,https://www.evexipel.com/hormone-replacement-therapy-provider/promd-health-tox-bar-baltimore-md/,
Total Women's Health of Baltimore,6080 Falls Road Suite 204,Baltimore,MD,21209,"6080 Falls Road Suite 204 Baltimore, MD 21209",(240) 817-3550,https://www.evexipel.com/hormone-replacement-therapy-provider/total-womens-health-of-baltimore-md/,
Vero Health and Wellness,11042 Nicholas Lane Suite,Berlin,MD,21811,"11042 Nicholas Lane Suite B102 Berlin, MD 21811",(302) 564-4680,https://www.evexipel.com/hormone-replacement-therapy-provider/vero-health-and-wellness-berlin-md/,
ProMD Health Bethesda,6903 Rockledge Dr Ste 400,Bethesda,MD,20817,"6903 Rockledge Dr Ste 400 Bethesda, MD 20817",(240) 290-6697,https://www.evexipel.com/hormone-replacement-therapy-provider/promd-health-bethesda-md/,
Beautiful You Health and Wellness,16701 Melford Blvd Ste 120,Bowie,MD,20715,"16701 Melford Blvd Ste 120 Bowie, MD 20715",(443) 348-0076,https://www.evexipel.com/hormone-replacement-therapy-provider/beautiful-you-health-and-wellness-bowie-md/,
THRYV Aesthetics & Wellness,22 W Padonia Rd Ste,C-346 Lutherville Timonium,MD,21093,"22 W Padonia Rd Ste C-346 Lutherville Timonium, MD 21093",(443) 313-6758,https://www.evexipel.com/hormone-replacement-therapy-provider/thryv-aesthetics-wellness-timonium-md/,
Reaching For Wellness LLC,405 Frederick Rd Ste 102,Catonsville,MD,21228,"405 Frederick Rd Ste 102 Catonsville, MD 21228",(443) 251-4122,https://www.evexipel.com/hormone-replacement-therapy-provider/reaching-for-wellness-llc-catonsville-md/,
Bella Rose Medical Aesthetics & Wellness,2 Chester Plaza,Chester,MD,21619,"2 Chester Plaza Chester, MD 21619",(443) 233-0180,https://www.evexipel.com/hormone-replacement-therapy-provider/bella-rose-medical-aesthetics-wellness-chester-md/,
Kent Island Medical Group,1900 Bayside Dr,Chester,MD,21619,"1900 Bayside Dr Chester, MD 21619",(667) 226-0115,https://www.evexipel.com/hormone-replacement-therapy-provider/kent-island-medical-group-chester-md/,
Bella Medical Aesthetics,5005 Signal Bell Ln Ste 203,Clarksville,MD,21029,"5005 Signal Bell Ln Ste 203 Clarksville, MD 21029",(240) 817-3346,https://www.evexipel.com/hormone-replacement-therapy-provider/bella-medical-aesthetics-columbia-md/,https://share.google/2bXyStZfeZGuW7sdr
The Wellness NPs,9658 Baltimore Ave Suite 420,College Park,MD,20740,"9658 Baltimore Ave Suite 420 College Park, MD 20740",(240) 474-0766,https://www.evexipel.com/hormone-replacement-therapy-provider/the-wellness-nps-college-park-md/,
Forever Young Wellness,11085 Little Patuxent Parkway Suite 205,Columbia,MD,21044,"11085 Little Patuxent Parkway Suite 205 Columbia, MD 21044",(240) 875-6368,https://www.evexipel.com/hormone-replacement-therapy-provider/forever-young-wellness-columbia-md/,
ProMD Health Columbia,8825 Stanford Blvd Ste 130,Columbia,MD,21045,"8825 Stanford Blvd Ste 130 Columbia, MD 21045",(240) 358-4379,https://www.evexipel.com/hormone-replacement-therapy-provider/promd-health-columbia-md/,https://share.google/qorH1Hbb8Ou7pUDJz
Visionary Women's Health,5500 Knoll North Ste 310,Columbia,MD,21045,"5500 Knoll North Ste 310 Columbia, MD 21045",(410) 609-9876,https://www.evexipel.com/hormone-replacement-therapy-provider/visionary-womens-health-columbia-md/,
Women's Wellness MD,8900 COLUMBIA 100 PKWY STE E,Columbia,MD,21045,"8900 COLUMBIA 100 PKWY STE E Columbia, MD 21045",(443) 727-1575,https://www.evexipel.com/hormone-replacement-therapy-provider/womens-wellness-md-columbia-md/,
Health & Vitality Clinic,2411 Crofton Ln Ste,Crofton,MD,21114,"2411 Crofton Ln Ste 7B Crofton, MD 21114",(240) 817-1429,https://www.evexipel.com/hormone-replacement-therapy-provider/health-vitality-clinic-crofton-md/,
Integr8 Wellness & Health,2411 Crofton Ln Suite,Crofton,MD,21114,"2411 Crofton Ln Suite 25A Crofton, MD 21114",(240) 627-2303,https://www.evexipel.com/hormone-replacement-therapy-provider/integr8-wellness-health-crofton-md/,
Alternative Therapy MD,503 Cynwood Dr Ste 4,Easton,MD,21601,"503 Cynwood Dr Ste 4 Easton, MD 21601",(667) 220-5788,https://www.evexipel.com/hormone-replacement-therapy-provider/alternative-therapy-md-easton-md/,
ProMD Health Easton,28601 Marlboro Ave Ste 203,Easton,MD,21601,"28601 Marlboro Ave Ste 203 Easton, MD 21601",(667) 372-4468,https://www.evexipel.com/hormone-replacement-therapy-provider/promd-health-easton-md/,
Pure Pellet Therapy LLC,3168 Braverton St Ste 250,Edgewater,MD,21037,"3168 Braverton St Ste 250 Edgewater, MD 21037",(443) 294-7324,https://www.evexipel.com/hormone-replacement-therapy-provider/pure-pellet-therapy-llc-edgewater-md/,
"Youthful Obsession, LLC",165 Mitchells Chance Rd,Edgewater,MD,21037,"165 Mitchells Chance Rd Edgewater, MD 21037",(301) 307-5762,https://www.evexipel.com/hormone-replacement-therapy-provider/youthful-obsession-llc-edgewater-md/,
Body Basics Wellness Center,1311 Londontown Blvd Ste 140,Eldersburg,MD,21784,"1311 Londontown Blvd Ste 140 Eldersburg, MD 21784",(443) 331-5359,https://www.evexipel.com/hormone-replacement-therapy-provider/body-basics-wellness-center-eldersburg-md/,https://www.google.com/search?q=Body+Basics+Wellness+Center+-+Eldersburg&stick=H4sIAAAAAAAA_-NgU1I1qLCwTLYwMrVIMbNITU5NTrS0MqgwMzRMMrS0TDQzNTW1ME02W8Sq4ZSfUqnglFicmVysEJ6ak5OXWlys4JyaV5JapKCr4JqTklpUnFRalA4AMLifaFQAAAA&hl=en&mat=CTWK07sz1cq0ElYBTVDHnuPuTY
Ellicott City Women's Health,11089 Resort Rd Ste 204,Ellicott City,MD,21042,"11089 Resort Rd Ste 204 Ellicott City, MD 21042",(240) 558-6326,https://www.evexipel.com/hormone-replacement-therapy-provider/ellicott-city-womens-health-ellicott-city-md/,
Pura Vida Med Spa,8110 Maple Lawn Blvd Ste 145,Fulton,MD,20759,"8110 Maple Lawn Blvd Ste 145 Fulton, MD 20759",(240) 558-5286,https://www.evexipel.com/hormone-replacement-therapy-provider/pura-vida-med-spa-fulton-md/,
Gohari Health Group,9063 Shady Grove Ct,Gaithersburg,MD,20877,"9063 Shady Grove Ct Gaithersburg, MD 20877",(240) 875-6736,https://www.evexipel.com/hormone-replacement-therapy-provider/gohari-health-group-gaithersburg-md/,
Family Health and Wellness,1438 Defense Hwy # 201,Gambrills,MD,21054,"1438 Defense Hwy # 201 Gambrills, MD 21054",(240) 817-2813,https://www.evexipel.com/hormone-replacement-therapy-provider/family-health-and-wellness-gambrills-md/,
Womens Health Services of Maryland,1600 Crain Highway South Suite 106,Glen Burnie,MD,21061,"1600 Crain Highway South Suite 106 Glen Burnie, MD 21061",(443) 348-9730,https://www.evexipel.com/hormone-replacement-therapy-provider/womens-health-services-of-maryland-glen-burnie-md/,
"Metropolitan Women's Group, LLC",7701 Greenbelt Road Ste 503,Greenbelt,MD,20770,"7701 Greenbelt Road Ste 503 Greenbelt, MD 20770",(240) 817-3446,https://www.evexipel.com/hormone-replacement-therapy-provider/metropolitan-womens-group-llc-greenbelt-md/,
Transform Bariatrics & Aesthetics,6401 Golden Triangle Dr Ste 307,Greenbelt,MD,20770,"6401 Golden Triangle Dr Ste 307 Greenbelt, MD 20770",(301) 719-5054,https://www.evexipel.com/hormone-replacement-therapy-provider/transform-bariatrics-aesthetics-greenbelt-md/,
Women's Wellness MD – Greenbelt,7335 Hanover Parkway Suite,Greenbelt,MD,20770,"7335 Hanover Parkway Suite B Greenbelt, MD 20770",(443) 672-4515,https://www.evexipel.com/hormone-replacement-therapy-provider/womens-wellness-md-greenbelt-md/,
Everwell Health and Hormone Solutions,354 Mill St,Hagerstown,MD,21740,"354 Mill St Hagerstown, MD 21740",(681) 246-6273,https://www.evexipel.com/hormone-replacement-therapy-provider/everwell-health-and-hormone-solutions-hagerstown-md/,
A Better You,525 Main Street Suite 101,Laurel,MD,20707,"525 Main Street Suite 101 Laurel, MD 20707",(443) 825-4782,https://www.evexipel.com/hormone-replacement-therapy-provider/a-better-you-laurel-md/,
Pure Health,8133 Perry Hall Blvd Suite 221,Nottingham,MD,21237,"8133 Perry Hall Blvd Suite 221 Nottingham, MD 21237",(443) 785-6313,https://www.evexipel.com/hormone-replacement-therapy-provider/pure-health-white-marsh-md/,
DRIP Station DMV,201 Centennial St Ste,Plata,MD,20646,"201 Centennial St Ste D2 La Plata, MD 20646",(240) 697-2496,https://www.evexipel.com/hormone-replacement-therapy-provider/drip-station-dmv-la-plata-md/,https://share.google/E0CJ4wiDRKDMysGM8
Capital Center for Functional Medicine,11325 Seven Locks Road Ste 290,Potomac,MD,20854,"11325 Seven Locks Road Ste 290 Potomac, MD 20854",(240) 875-4114,https://www.evexipel.com/hormone-replacement-therapy-provider/capital-center-for-functional-medicine-potomac-md/,
Potomac Medical Aesthetics,7811 Montrose Rd Ste 310,Potomac,MD,20854,"7811 Montrose Rd Ste 310 Potomac, MD 20854",(240) 875-6603,https://www.evexipel.com/hormone-replacement-therapy-provider/potomac-medical-aesthetics-potomac-md/,
Elite Healthcare Center,6010 Executive Blvd Ste 506,Rockville,MD,20852,"6010 Executive Blvd Ste 506 Rockville, MD 20852",(240) 875-5907,https://www.evexipel.com/hormone-replacement-therapy-provider/elite-healthcare-center-rockville-md/,
Hogue Health Vitality and Aesthetics,1300 S Division St Ste,Salisbury,MD,21804,"1300 S Division St Ste B Salisbury, MD 21804",(302) 404-2530,https://www.evexipel.com/hormone-replacement-therapy-provider/hogue-health-vitality-and-aesthetics-salisbury-md/,
Advanced Center for Plastic Surgery,12205 Tullamore Rd,Timonium,MD,21093,"12205 Tullamore Rd Timonium, MD 21093",(717) 942-9408,https://www.evexipel.com/hormone-replacement-therapy-provider/advanced-center-for-plastic-surgery-timonium-md/,
ProMD Health Timonium,9515 Deereco Road Suite 600,Timonium,MD,21093,"9515 Deereco Road Suite 600 Timonium, MD 21093",(240) 219-6746,https://www.evexipel.com/hormone-replacement-therapy-provider/promd-health-timonium-md/,
Her Health Lab,"239 E. Main Street Suite 13, Studio 44",Westminster,MD,21157,"239 E. Main Street Suite 13, Studio 44 Westminster, MD 21157",(717) 752-1033,https://www.evexipel.com/hormone-replacement-therapy-provider/her-health-lab-westminster-md/,
DermaCare Wellness,4449 Crain Hwy,White Plains,MD,20695,"4449 Crain Hwy White Plains, MD 20695",(301) 287-5153,https://www.evexipel.com/hormone-replacement-therapy-provider/dermacare-wellness-waldorf-md/,
Tensegrity Health and Aesthetics,700 Mount Hope Ave Ste 650,Bangor,ME,04401,"700 Mount Hope Ave Ste 650 Bangor, ME 04401",(207) 707-8905,https://www.evexipel.com/hormone-replacement-therapy-provider/tensegrity-health-and-aesthetics-bangor-me/,
Coastal Aesthetics Maine,1537 US Route 1,Cape Neddick,ME,03902,"1537 US Route 1 Cape Neddick, ME 03902",(207) 502-6771,https://www.evexipel.com/hormone-replacement-therapy-provider/coastal-aesthetics-maine-york-me/,
Maine Aesthetic Medicine,163 Fore St Fl 2,Portland,ME,04101,"163 Fore St Fl 2 Portland, ME 04101",(207) 389-3566,https://www.evexipel.com/hormone-replacement-therapy-provider/maine-aesthetic-medicine-portland-me/,https://share.google/1u7qKUBuWqqv8rxye
Family Practice & Orthopedic Care Center,410 N Willowbrook Rd,Coldwater,MI,49036,"410 N Willowbrook Rd Coldwater, MI 49036",(517) 826-9709,https://www.evexipel.com/hormone-replacement-therapy-provider/family-practice-orthopedic-care-center-coldwater-mi/,
Sonoran Wellness Medispa - MI,4520 Firestone Street,Dearborn,MI,48126,"4520 Firestone Street Dearborn, MI 48126",(520) 523-2711,https://www.evexipel.com/hormone-replacement-therapy-provider/sonoran-wellness-medispa-mi-dearborn-mi/,
Ageless Units,21 W Main St,Fremont,MI,49412,"21 W Main St Fremont, MI 49412",(231) 500-5756,https://www.evexipel.com/hormone-replacement-therapy-provider/ageless-units-fremont-mi/,https://www.google.com/search?q=Ageless+Units+ggoogle+my+business+url&sca_esv=a9712045909877f0&hl=en&authuser=0&sxsrf=ANbL-n5oAK0uWyV4wKBTmXVOT19-k2qj4A%3A1773171136943&ei=wHGwaayOOcT9ptQP_Of9-Ak&biw=2166&bih=1101&ved=0ahUKEwis7vidiZaTAxXEvokEHfxzH58Q4dUD
Grand Pearl Spa,220 Lyon Street Northwest Suite 700 Suite 700,Grand Rapids,MI,49503,"220 Lyon Street Northwest Suite 700 Suite 700 Grand Rapids, MI 49503",(269) 301-1357,https://www.evexipel.com/hormone-replacement-therapy-provider/grand-pearl-spa-grand-rapids-mi/,https://share.google/HQPf6REWIkZmy2w5l
Fountain of Youth Skin Renewal Centre,10112 Highland Rd,Hartland,MI,48353,"10112 Highland Rd Hartland, MI 48353",(810) 771-9589,https://www.evexipel.com/hormone-replacement-therapy-provider/fountain-of-youth-skin-renewal-centre-hartland-mi/,
Corner Studio,214 W Grand River Ave,Howell,MI,48843,"214 W Grand River Ave Howell, MI 48843",(947) 225-5264,https://www.evexipel.com/hormone-replacement-therapy-provider/corner-studio-howell-mi/,
Angie Scott Skin Health,3409 Sterns Rd,Lambertville,MI,48144,"3409 Sterns Rd Lambertville, MI 48144",(567) 406-5054,https://www.evexipel.com/hormone-replacement-therapy-provider/angie-scott-skin-health-lambertville-mi/,
Flawless Med Spa & IV Lounge,608 S Main St,Lapeer,MI,48446,"608 S Main St Lapeer, MI 48446",(989) 660-8002,https://www.evexipel.com/hormone-replacement-therapy-provider/flawless-med-spa-iv-lounge-lapeer-mi/,
Freshcoast Wellness,307 S Front St Ste 120,Marquette,MI,49855,"307 S Front St Ste 120 Marquette, MI 49855",(906) 936-3088,https://www.evexipel.com/hormone-replacement-therapy-provider/freshcoast-wellness-marquette-mi/,
Annu Mohan MD,2480 Rosewood Drive N,Mount Pleasant,MI,48858,"2480  Rosewood Drive N Mount Pleasant, MI 48858",(989) 467-3993,https://www.evexipel.com/hormone-replacement-therapy-provider/annu-mohan-md-mt-pleasant-mi/,
Nicki Lamaj Wellness LLC,2985 Mt. Hope Rd. STE 109,Okemos,MI,48864,"2985 Mt. Hope Rd. STE 109 Okemos, MI 48864",(517) 883-2432,https://www.evexipel.com/hormone-replacement-therapy-provider/nicki-lamaj-wellness-llc-okemos-mi/,
Refinery Aesthetics + Wellness,18 North Washington St Suite,Oxford,MI,48371,"18 North Washington St Suite C Oxford, MI 48371",(947) 210-7823,https://www.evexipel.com/hormone-replacement-therapy-provider/refinery-aesthetics-wellness-oxford-mi/,
West Michigan Plastic Surgery,8175 Creekside Dr. Ste 100,Portage,MI,49024,"8175 Creekside Dr. Ste 100 Portage, MI 49024",(269) 399-3977,https://www.evexipel.com/hormone-replacement-therapy-provider/west-michigan-plastic-surgery-portage-mi/,
"Whole Health Regenerative Medicine, PC",3263 Racquet Club Drive,Traverse City,MI,49684,"3263 Racquet Club Drive Traverse City, MI 49684",(231) 751-2527,https://www.evexipel.com/hormone-replacement-therapy-provider/whole-health-regenerative-medicine-pc-traverse-city-mi/,
The Functional Endocrinologist,21090 Allen Rd,Woodhaven,MI,48183,"21090 Allen Rd Woodhaven, MI 48183",(734) 415-4709,https://www.evexipel.com/hormone-replacement-therapy-provider/the-functional-endocrinologist-woodhaven-mi/,
Aidin Wellness,805 Spruce Ave,Barrett,MN,56311,"805 Spruce Ave Barrett, MN 56311",(701) 401-9947,https://www.evexipel.com/hormone-replacement-therapy-provider/aidin-wellness-barrett-mn/,
Cromwell Medical Clinic PLLC,5568 Clark Ave Ste 1,Cromwell,MN,55726,"5568 Clark Ave Ste 1 Cromwell, MN 55726",(218) 752-0113,https://www.evexipel.com/hormone-replacement-therapy-provider/cromwell-medical-clinic-pllc-cromwell-mn/,
Wellvita Health,1820 Sahlstrom Dr,Crookston,MN,56716,"1820 Sahlstrom Dr Crookston, MN 56716",(701) 638-3623,https://www.evexipel.com/hormone-replacement-therapy-provider/wellvita-health-crookston-mn/,
Dr. Ann Aesthetics,4420 Valley View Rd Ste 301,Edina,MN,55424,"4420 Valley View Rd Ste 301 Edina, MN 55424",(952) 230-7410,https://www.evexipel.com/hormone-replacement-therapy-provider/dr-ann-aesthetics-edina-mn/,
"Medical Specialists, PA",6550 York Ave S Ste 211,Edina,MN,55435,"6550 York Ave S Ste 211 Edina, MN 55435",(952) 592-8123,https://www.evexipel.com/hormone-replacement-therapy-provider/medical-specialists-pa-edina-mn/,
Skin Rejuvenation Clinic,3601 Minnesota Dr Ste 100,Edina,MN,55435,"3601 Minnesota Dr Ste 100 Edina, MN 55435",(651) 946-8227,https://www.evexipel.com/hormone-replacement-therapy-provider/skin-rejuvenation-clinic-edina-mn/,
EverYouth,4444 W 76th St Suite 500,Edna,MN,55435,"4444 W 76th St Suite 500 Edna, MN 55435",(952) 900-2134,https://www.evexipel.com/hormone-replacement-therapy-provider/everyouth-edina-mn/,
Sola Wellness & Aesthetics,106 Johnson Ave N,Fosston,MN,56542,"106 Johnson Ave N Fosston, MN 56542",(218) 261-7349,https://www.evexipel.com/hormone-replacement-therapy-provider/sola-wellness-aesthetics-fosston-mn/,
Advanced Practice Aesthetics,913 1st St N,Hopkins,MN,55343,"913 1st St N Hopkins, MN 55343",(952) 234-5994,https://www.evexipel.com/hormone-replacement-therapy-provider/advanced-practice-aesthetics-hopkins-mn/,https://share.google/QewEzK4Ak32Mbe1jj
"Aesthetic Creator, LLC",75 Teton Lane,Mankato,MN,56001,"75 Teton Lane Mankato, MN 56001",(507) 419-3559,https://www.evexipel.com/hormone-replacement-therapy-provider/aesthetic-creator-llc-mankato-mn/,
Remedy Medical Aesthetics & Wellness,7767 Elm Creek Blvd N Suite 100,Maple Grove,MN,55369,"7767 Elm Creek Blvd N Suite 100 Maple Grove, MN 55369",(952) 522-5089,https://www.evexipel.com/hormone-replacement-therapy-provider/remedy-medical-aesthetics-wellness-maple-grove-mn/,
Infinite Youth Medical Spa,10900 Wayzata Blvd Ste 215,Minnetonka,MN,55305,"10900 Wayzata Blvd Ste 215 Minnetonka, MN 55305",(651) 377-5072,https://www.evexipel.com/hormone-replacement-therapy-provider/infinite-youth-medical-spa-minnetonka-mn/,
MK Aesthetics,14525 Highway 7 Ste 360,Minnetonka,MN,55345,"14525 Highway 7 Ste 360 Minnetonka, MN 55345",(952) 856-8287,https://www.evexipel.com/hormone-replacement-therapy-provider/mk-aesthetics-minnetonka-mn/,
The Lux MedSpa,502 Division St S,Northfield,MN,55057,"502 Division St S Northfield, MN 55057",(507) 824-4137,https://www.evexipel.com/hormone-replacement-therapy-provider/the-lux-medspa-northfield-mn/,
The Lux Medspa - Owatonna,731 E Main St,Owatonna,MN,55060,"731 E Main St Owatonna, MN 55060",(507) 431-5110,https://www.evexipel.com/hormone-replacement-therapy-provider/the-lux-medspa-owatonna-mn/,
Revival Aesthetics LLC,14 1st Avenue,South Buffalo,MN,55313,"14 1st Avenue South Buffalo, MN 55313",(320) 526-1420,https://www.evexipel.com/hormone-replacement-therapy-provider/revival-aesthetics-llc-buffalo-mn/,
Glacial Lakes Aesthetics,143 Lake Ave. N,Spicer,MN,56288,"143 Lake Ave. N Spicer, MN 56288",(320) 363-9427,https://www.evexipel.com/hormone-replacement-therapy-provider/glacial-lakes-aesthetics-spicer-mn/,
Awaken Aesthetics and Wellness LLC,7924 Victoria Dr,Victoria,MN,55386,"7924 Victoria Dr #201 Victoria, MN 55386",(320) 300-1822,https://www.evexipel.com/hormone-replacement-therapy-provider/awaken-aesthetics-and-wellness-llc-victoria-mn/,
Waterside Healthcare & Wellness,9360 Oak Ave,Waconia,MN,55387,"9360 Oak Ave Waconia, MN 55387",(651) 615-9958,https://www.evexipel.com/hormone-replacement-therapy-provider/waterside-healthcare-wellness-waconia-mn/,
Genesis Medical Spa,92 Mill Hill Rd,Bloomsdale,MO,63627,"92 Mill Hill Rd Bloomsdale, MO 63627",(573) 702-3466,https://www.evexipel.com/hormone-replacement-therapy-provider/genesis-medical-spa-bloomsdale-mo/,
ACCUCARE Medical Clinic,288 Wintergreen Road,Branson,MO,65616,"288 Wintergreen Road Branson, MO 65616",(417) 785-3159,https://www.evexipel.com/hormone-replacement-therapy-provider/accucare-medical-clinic-branson-mo/,
Reviving Wellness Institute,352 S. Broadview St.,Cape Girardeau,MO,63703,"352 S. Broadview St. Cape Girardeau, MO 63703",(573) 279-3138,https://www.evexipel.com/hormone-replacement-therapy-provider/reviving-wellness-institute-cape-girardeau-mo/,
Ethos Medical Spa,116 Chesterfield Commons Rd E,Chesterfield,MO,63005,"116 Chesterfield Commons Rd E Chesterfield, MO 63005",(636) 216-6123,https://www.evexipel.com/hormone-replacement-therapy-provider/ethos-medical-spa-chesterfield-mo/,
HIPOR,14825 North Outer 40 Rd Ste 310,Chesterfield,MO,63017,"14825 North Outer 40 Rd Ste 310 Chesterfield, MO 63017",(314) 988-2194,https://www.evexipel.com/hormone-replacement-therapy-provider/hipor-chesterfield-mo/,
Synergi Med Spa,17000 Baxter Rd Ste 102,Chesterfield,MO,63005,"17000 Baxter Rd Ste 102 Chesterfield, MO 63005",(314) 789-7947,https://www.evexipel.com/hormone-replacement-therapy-provider/synergi-med-spa-chesterfield-mo/,
Osage Valley Plastic Surgery - Columbia,1601 East Broadway Suite 250,Columbia,MO,65201,"1601 East Broadway Suite 250 Columbia, MO 65201",(573) 533-4125,https://www.evexipel.com/hormone-replacement-therapy-provider/osage-valley-plastic-surgery-columbia-mo/,
"Women'S Health Associates, Inc.",1601 E Broadway Ste 100,Columbia,MO,65201,"1601 E Broadway Ste 100 Columbia, MO 65201",(573) 240-2463,https://www.evexipel.com/hormone-replacement-therapy-provider/womens-health-associates-inc-columbia-mo/,
Adore U,111 Church St,Fallon,MO,63366,"111 Church St O Fallon, MO 63366",(314) 237-2835,https://www.evexipel.com/hormone-replacement-therapy-provider/adore-u-ofallon-mo/,https://share.google/yhw2XZHkN4IUNT1Fn
Aestheticare Medspa STL,10401 Clayton Rd. STE 100,Frontenac,MO,63131,"10401 Clayton Rd. STE 100 Frontenac, MO 63131",(618) 538-1210,https://www.evexipel.com/hormone-replacement-therapy-provider/aestheticare-medspa-stl-frontenac-mo/,
Horizon Med Spa and Wellness - Plaza,4901 Wornall Rd Ste 2,Kansas City,MO,64112,"4901 Wornall Rd Ste 2 Kansas City, MO 64112",(913) 349-6815,https://www.evexipel.com/hormone-replacement-therapy-provider/horizon-med-spa-and-wellness-plaza-kcmo-mo/,
Autumn Sun Wellness,249 W Mill St Ste 108,Liberty,MO,64068,"249 W Mill St Ste 108 Liberty, MO 64068",(816) 451-3757,https://www.evexipel.com/hormone-replacement-therapy-provider/autumn-sun-wellness-liberty-mo/,
Progress Medical Clinic,16 Hampton Village Plaza Ste 276 St.,Louis,MO,63109,"16 Hampton Village Plaza Ste 276 St. Louis, MO 63109",(314) 947-3403,https://www.evexipel.com/hormone-replacement-therapy-provider/progress-medical-clinic-st-louis-mo/,
Simply Health Integrated Medical LLC,12977 N 40 Dr Ste 105 St.,Louis,MO,63141,"12977 N 40 Dr Ste 105 St. Louis, MO 63141",(618) 538-0856,https://www.evexipel.com/hormone-replacement-therapy-provider/simply-health-integrated-medical-llc-st-louis-mo/,
Estetica Med Spa,2315 Technology Drive,O'Fallon,MO,63368,"2315 Technology Drive O'Fallon, MO 63368",(618) 368-4307,https://www.evexipel.com/hormone-replacement-therapy-provider/estetica-med-spa-ofallon-mo/,
Osage Valley Plastic Surgery,985 Executive Drive,Osage Beach,MO,65065,"985 Executive Drive Osage Beach, MO 65065",(573) 524-8848,https://www.evexipel.com/hormone-replacement-therapy-provider/osage-valley-plastic-surgery-osage-beach-mo/,https://www.google.com/search?q=Lake+Medical+Spa&stick=H4sIAAAAAAAA_-NgU1I1qLAwTzZJSTKztDQ2MTRKszS1MqgwNDEwM7JISzFPNjNITDE2XsQq4JOYnargm5qSmZyYoxBckAgAiW7ZYTwAAAA&hl=en&mat=CU07pXygNqdaElcBTVDHnkwncaN5o86jN4B-XwU0AIo0uhksqVhLKBSnljiSCOmTNED2K8E3ERBub2tIym
Sharlin Health And Neurology Llc,5528 N Farmer Branch Rd,Ozark,MO,65721,"5528 N Farmer Branch Rd Ozark, MO 65721",(417) 212-5396,https://www.evexipel.com/hormone-replacement-therapy-provider/sharlin-health-and-neurology-llc-ozark-mo/,
Women's Health Specialists,2340 Katy Ln,Poplar Bluff,MO,63901,"2340 Katy Ln Poplar Bluff, MO 63901",(573) 490-2319,https://www.evexipel.com/hormone-replacement-therapy-provider/womens-health-specialists-poplar-bluff-mo/,
Osage Valley Plastic Surgery - Rolla,201 South Bishop Avenue Ste.,Rolla,MO,65401,"201 South Bishop Avenue Ste. B Rolla, MO 65401",(573) 677-9363,https://www.evexipel.com/hormone-replacement-therapy-provider/osage-valley-plastic-surgery-rolla-osage-beach-mo/,
4Ever Young Med Spa,11716 Studt Ave,Saint Louis,MO,63141,"11716 Studt Ave Saint Louis, MO 63141",(636) 689-3527,https://www.evexipel.com/hormone-replacement-therapy-provider/4ever-young-med-spa-st-louis-mo/,
EOS Medical llc,3860 S Lindbergh Blvd Ste 108,Saint Louis,MO,63127,"3860 S Lindbergh Blvd Ste 108 Saint Louis, MO 63127",(618) 207-4386,https://www.evexipel.com/hormone-replacement-therapy-provider/eos-medical-llc-st-louis-mo/,
Modern Med,10010 Watson Rd,Saint Louis,MO,63126,"10010 Watson Rd Saint Louis, MO 63126",(636) 422-5472,https://www.evexipel.com/hormone-replacement-therapy-provider/modern-med-st-louis-mo/,
417 Health & Wellness,5360 S Campbell Ave Ste,Springfield,MO,65810,"5360 S Campbell Ave Ste D Springfield, MO 65810",(417) 447-7777,https://www.evexipel.com/hormone-replacement-therapy-provider/417-health-wellness-springfield-mo/,
DermaHealth Laser & Skin Care Clinic,1850 S Stewart Ave,Springfield,MO,65804,"1850 S Stewart Ave Springfield, MO 65804",(417) 212-5920,https://www.evexipel.com/hormone-replacement-therapy-provider/dermahealth-laser-skin-care-clinic-springfield-mo/,
Becking Wellness,101 South Locust Street Ste,dexter,MO,63841,"101 South Locust Street Ste B dexter, MO 63841",(573) 282-7719,https://www.evexipel.com/hormone-replacement-therapy-provider/becking-wellness-dexter-mo/,
"Sims Medical Spa, LLC",16 S Sixth St,Bay Springs,MS,39422,"16 S Sixth St Bay Springs, MS 39422",(601) 822-3041,https://www.evexipel.com/hormone-replacement-therapy-provider/sims-medical-spa-llc-louin-ms/,
A Better Health & Wellness,971 Tommy Munro Drive,Biloxi,MS,39532,"971 Tommy Munro Drive Biloxi, MS 39532",(228) 338-2843,https://www.evexipel.com/hormone-replacement-therapy-provider/a-better-health-wellness-biloxi-ms/,"https://www.google.com/search?q=A+Better+Health+%26+Wellness/Primary+Care+-+Owner:+Molly+Brown,+MSN,+CFNP&stick=H4sIAAAAAAAA_-NgU1I1qLCwsEw2SEkzNDAxMzVMTjO1MqgwSbVMMzE3MTQ3ME62TDEwXcTq7qjglFpSklqk4JGamFOSoaCmEJ6ak5OXWlysH1CUmZtYVKngnFiUqqCr4F-el1pkpeCbn5N"
"Hebe Diaz, MD",1720 A Medical Park Dr Suite,Biloxi,MS,39532,"1720 A Medical Park Dr Suite 130C Biloxi, MS 39532",(228) 222-8932,https://www.evexipel.com/hormone-replacement-therapy-provider/hebe-diaz-md-biloxi-ms/,
Tensegrity Physicians and Surgeons,147 Reynoir St Ste 101,Biloxi,MS,39530,"147 Reynoir St Ste 101 Biloxi, MS 39530",(228) 335-8696,https://www.evexipel.com/hormone-replacement-therapy-provider/tensegrity-physicians-and-surgeons-biloxi-ms/,
Performance Health & Wellness,109 High Point Ct Suite,Brandon,MS,39042,"109 High Point Ct Suite A Brandon, MS 39042",(601) 603-3055,https://www.evexipel.com/hormone-replacement-therapy-provider/performance-health-wellness-ridgeland-ms/,
Patel Family Medical,423 Central Ave,Coldwater,MS,38618,"423 Central Ave Coldwater, MS 38618",(662) 707-5945,https://www.evexipel.com/hormone-replacement-therapy-provider/patel-family-medical-coldwater-ms/,
Sculpt Aesthetics and Wellness,5352 Hwy 25 Suite 1650,Flowood,MS,39232,"5352 Hwy 25 Suite 1650 Flowood, MS 39232",(601) 300-5795,https://www.evexipel.com/hormone-replacement-therapy-provider/sculpt-aesthetics-and-wellness-flowood-ms/,
Dorsey Family Medical Clinic,905 Bethel Church Rd,Fulton,MS,38843,"905 Bethel Church Rd Fulton, MS 38843",(662) 591-0605,https://www.evexipel.com/hormone-replacement-therapy-provider/dorsey-family-medical-clinic-fulton-ms/,
Health Fit MD,15429 Oneal Rd,Gulfport,MS,39503,"15429 Oneal Rd Gulfport, MS 39503",(228) 305-5328,https://www.evexipel.com/hormone-replacement-therapy-provider/health-fit-md-gulfport-ms/,
Forward Health Solutions,140 Mayfair Rd Ste 1700,Hattiesburg,MS,39402,"140 Mayfair Rd Ste 1700 Hattiesburg, MS 39402",(769) 207-0644,https://www.evexipel.com/hormone-replacement-therapy-provider/forward-health-solutions-hattiesburg-ms/,
Westside Aesthetics Health & Wellness,6555 US-98 Ste,Hattiesburg,MS,39402,"6555 US-98 Ste D Hattiesburg, MS 39402",(601) 674-9081,https://www.evexipel.com/hormone-replacement-therapy-provider/westside-aesthetics-health-wellness-hattiesburg-ms/,
H&H Aesthetics,441 W Madison St Ste,Houston,MS,38851,"441 W Madison St Ste C Houston, MS 38851",(662) 447-7642,https://www.evexipel.com/hormone-replacement-therapy-provider/hh-aesthetics-houston-ms/,
North Laurel Family Medicine,3115 Audubon Dr,Laurel,MS,39440,"3115 Audubon Dr Laurel, MS 39440",(601) 996-5683,https://www.evexipel.com/hormone-replacement-therapy-provider/north-laurel-family-medicine-laurel-ms/,
Mantachie Rural Health Care,5681 Highway 363,Mantachie,MS,38855,"5681 Highway 363 Mantachie, MS 38855",(662) 302-3610,https://www.evexipel.com/hormone-replacement-therapy-provider/mantachie-rural-health-care-mantachie-ms/,
Webster Urgent Care,24978 MS Highway 15,Mathiston,MS,39752,"24978 MS Highway 15 Mathiston, MS 39752",(662) 384-6918,https://www.evexipel.com/hormone-replacement-therapy-provider/webster-urgent-care-mathiston-ms/,
The Nelson Center for Women,1514 23rd Ave,Meridian,MS,39301,"1514 23rd Ave Meridian, MS 39301",(601) 840-5549,https://www.evexipel.com/hormone-replacement-therapy-provider/the-nelson-center-for-women-meridian-ms/,
MegMed Health,210 State Highway 30 W,New Albany,MS,38652,"210 State Highway 30 W New Albany, MS 38652",(662) 576-2226,https://www.evexipel.com/hormone-replacement-therapy-provider/megmed-health-new-albany-ms/,
"Bella Pelle, LLC",215 Telly Road,Picayune,MS,39466,"215 Telly Road Picayune, MS 39466",(985) 256-4263,https://www.evexipel.com/hormone-replacement-therapy-provider/bella-pelle-llc-picayune-ms/,
Mississippi Hormone Therapy,204 W Jackson St Ste,Ridgeland,MS,39157,"204 W Jackson St Ste B Ridgeland, MS 39157",(601) 636-7222,https://www.evexipel.com/hormone-replacement-therapy-provider/mississippi-hormone-therapy-ridgeland-ms/,
Performance Weightloss,680 US-51 Suite,Ridgeland,MS,39157,"680 US-51 Suite D Ridgeland, MS 39157",(601) 391-6754,https://www.evexipel.com/hormone-replacement-therapy-provider/performance-weightloss-ridgeland-ms/,
East Jones Family Medicine,109 N Front Street,Sandersville,MS,39477,"109 N Front Street Sandersville, MS 39477",(769) 553-2582,https://www.evexipel.com/hormone-replacement-therapy-provider/east-jones-family-medicine-sandersville-ms/,
Inspire Health and Wellness,7105 Swinnea Rd. Ste,Southaven,MS,38671,"7105 Swinnea Rd. Ste #1 Southaven, MS 38671",(662) 262-9107,https://www.evexipel.com/hormone-replacement-therapy-provider/inspire-health-and-wellness-southaven-ms/,
State Aesthetics,521 S Montgomery St # 2,Starkville,MS,39759,"521 S Montgomery St # 2 Starkville, MS 39759",(662) 729-6453,https://www.evexipel.com/hormone-replacement-therapy-provider/state-aesthetics-starkville-ms/,
Mississippi Hormone - Vicksburg,188 Ymca Pl,Vicksburg,MS,39183,"188 Ymca Pl Vicksburg, MS 39183",(601) 636-7222,https://www.evexipel.com/hormone-replacement-therapy-provider/mississippi-hormone-vicksburg-ms/,
Life Brand Health,605 Sullivan Ave Circle,,MT,59215,"605 Sullivan Ave Circle, MT 59215",(406) 717-6352,https://www.evexipel.com/hormone-replacement-therapy-provider/life-brand-health-circle-mt/,
Rural Revival,115 N Main St,Baker,MT,59313,"115 N Main St Baker, MT 59313",(406) 729-4685,https://www.evexipel.com/hormone-replacement-therapy-provider/rural-revival-baker-mt/,https://share.google/if0sqVFHRLjFFeuVC
Geez Louise Beauty & Aesthetics,4010 Montana Sapphire Dr Ste 4,Billings,MT,59106,"4010 Montana Sapphire Dr Ste 4 Billings, MT 59106",(406) 812-5189,https://www.evexipel.com/hormone-replacement-therapy-provider/geez-louise-beauty-aesthetics-billings-mt/,
Fresh Start Health & Wellness,2040 N 22nd Ave STE 2,Bozeman,MT,59718,"2040 N 22nd Ave STE 2 Bozeman, MT 59718",(406) 213-7526,https://www.evexipel.com/hormone-replacement-therapy-provider/fresh-start-health-wellness-bozeman-mt/,
Haus Health,1940 W Dickerson St Ste 205,Bozeman,MT,59718,"1940 W Dickerson St Ste 205 Bozeman, MT 59718",(406) 518-7091,https://www.evexipel.com/hormone-replacement-therapy-provider/haus-health-bozeman-mt/,
Hormone Health Montana,750 W. Custer Ave Suite 3,Helena,MT,59602,"750 W. Custer Ave Suite 3 Helena, MT 59602",(406) 430-5374,https://www.evexipel.com/hormone-replacement-therapy-provider/hormone-health-montana-helena-mt/,https://share.google/7sfhlqWawboViMUOv
Mudita,418 Last Chance Gulch Suite 7,Helena,MT,59601,"418 Last Chance Gulch Suite 7 Helena, MT 59601",(406) 296-5004,https://www.evexipel.com/hormone-replacement-therapy-provider/mudita-helena-mt/,https://share.google/rgWLTbuTwx27EnsIT
Rocky Mountain Health and Healing,1075 N Rodney St Ste 102,Helena,MT,59601,"1075 N Rodney St Ste 102 Helena, MT 59601",(406) 430-2906,https://www.evexipel.com/hormone-replacement-therapy-provider/rocky-mountain-health-and-healing-helena-mt/,
Base Vitality,103 Ponderosa Ln,Kalispell,MT,59901,"103 Ponderosa Ln Kalispell, MT 59901",(406) 991-3516,https://www.evexipel.com/hormone-replacement-therapy-provider/base-vitality-kalispell-mt/,
Coeur Health - Whitefish,233 Agate Dr,Whitefish,MT,59937,"233 Agate Dr Whitefish, MT 59937",(406) 909-4306,https://www.evexipel.com/hormone-replacement-therapy-provider/coeur-health-whitefish-mt/,
Northwest Family & Functional Medicine,1232,Whitefish Stage Kalispell,MT,59901,"1232 Whitefish Stage Kalispell, MT 59901",(406) 709-5715,https://www.evexipel.com/hormone-replacement-therapy-provider/northwest-family-functional-medicine-kalispell-mt/,
Live Oak Med Spa,5130 Southport Supply Rd SE Suite,101-2 Southport,NC,28461,"5130 Southport Supply Rd SE Suite 101-2 Southport, NC 28461",(910) 877-8434,https://www.evexipel.com/hormone-replacement-therapy-provider/live-oak-med-spa-southport-nc/,
Elite-Bio Hormone & Aesthetic Solutions,149 Logan Court Suite,Angier,NC,27501,"149 Logan Court Suite B Angier, NC 27501",(910) 812-5229,https://www.evexipel.com/hormone-replacement-therapy-provider/elite-bio-hormone-aesthetic-solutions-angier-nc/,https://share.google/kIHGMm2ba711AdBBT
Radiance Rx PLLC,2046 Creekside Landing Dr,Apex,NC,27502,"2046 Creekside Landing Dr Apex, NC 27502",(984) 364-8246,https://www.evexipel.com/hormone-replacement-therapy-provider/radiance-rx-pllc-apex-nc/,
Mountain Radiance Medical Spa,7 Yorkshire St Ste 102,Asheville,NC,28803,"7 Yorkshire St Ste 102 Asheville, NC 28803",(828) 235-4888,https://www.evexipel.com/hormone-replacement-therapy-provider/mountain-radiance-medical-spa-asheville-nc/,
West Asheville Aesthetics & Wellness,747 Haywood Rd Ste 201,Asheville,NC,28806,"747 Haywood Rd Ste 201 Asheville, NC 28806",(828) 560-5159,https://www.evexipel.com/hormone-replacement-therapy-provider/west-asheville-aesthetics-wellness-asheville-nc/,
MARC Belmont,246 Beatty Dr Suite 100,Belmont,NC,28012,"246 Beatty Dr Suite 100 Belmont, NC 28012",(980) 291-7099,https://www.evexipel.com/hormone-replacement-therapy-provider/marc-belmont-nc/,
Primary Medical Care at the Crossroads,58 Old Roberts Road Ste 102,Benson,NC,27504,"58 Old Roberts Road Ste 102 Benson, NC 27504",(984) 229-8506,https://www.evexipel.com/hormone-replacement-therapy-provider/primary-medical-care-at-the-crossroads-benson-nc/,
High Country Wellness,141 Doctors Dr,Boone,NC,28607,"141 Doctors Dr Boone, NC 28607",(828) 800-9173,https://www.evexipel.com/hormone-replacement-therapy-provider/high-country-wellness-boone-nc/,https://www.google.com/gasearch?q=High%20Country%20Wellness%20Hormone%20Replacement%20%26%20Weight%20Loss&source=sh/x/gs/m2/5
"SALT Health and Wellness, PLLC",197 Calabash Road Northwest Suite 2,Calabash,NC,28467,"197 Calabash Road Northwest Suite 2 Calabash, NC 28467",(910) 377-9564,https://www.evexipel.com/hormone-replacement-therapy-provider/salt-health-and-wellness-pllc-calabash-nc/,https://share.google/4ta3lyG85kdNWnKMC
Sandhills Functional Medicine,334 Mill Creek Rd Ste,Carthage,NC,28327,"334 Mill Creek Rd Ste B Carthage, NC 28327",(910) 565-9539,https://www.evexipel.com/hormone-replacement-therapy-provider/sandhills-functional-medicine-carthage-nc/,
Dvida Med Spa,123 Weston Parkway Ste 650,Cary,NC,27513,"123 Weston Parkway Ste 650 Cary, NC 27513",(336) 810-1776,https://www.evexipel.com/hormone-replacement-therapy-provider/dvida-med-spa-cary-nc/,
"Preston Medical Associates, Pa",3600 Nw Cary Parkway Ste 104,Cary,NC,27513,"3600 Nw Cary Parkway Ste 104 Cary, NC 27513",(919) 420-3896,https://www.evexipel.com/hormone-replacement-therapy-provider/preston-medical-associates-pa-cary-nc/,
Vega Vitality MedSpa & Wellness - Fenton,350 Fenton Gateway Dr. Ste 105,Cary,NC,27511,"350 Fenton Gateway Dr. Ste 105 Cary, NC 27511",(445) 234-6013,https://www.evexipel.com/hormone-replacement-therapy-provider/vega-vitality-medspa-wellness-fenton-cary-nc/,
Vitalize Wellness,1143 Executive Circle Suite E,Cary,NC,27511,"1143 Executive Circle Suite E Cary, NC 27511",(984) 205-2969,https://www.evexipel.com/hormone-replacement-therapy-provider/vitalize-wellness-cary-nc/,
Infuse Wellness of Emerald Isle,702 Cedar Point Blvd,Cedar Point,NC,28584,"702 Cedar Point Blvd Cedar Point, NC 28584",(252) 302-4894,https://www.evexipel.com/hormone-replacement-therapy-provider/infuse-wellness-of-emerald-isle-cedar-point-nc/,
4EverYoung Anti-Aging Solutions Charlotte,7510 Pineville Matthews Rd. Suite,Charlotte,NC,28226,"7510 Pineville Matthews Rd. Suite 1B Charlotte, NC 28226",(980) 982-8552,https://www.evexipel.com/hormone-replacement-therapy-provider/4everyoung-anti-aging-solutions-charlotte-nc/,
Beck Aesthetic Surgery,11210 Golf Links Dr N Ste 100,Charlotte,NC,28277,"11210 Golf Links Dr N Ste 100 Charlotte, NC 28277",(803) 902-4148,https://www.evexipel.com/hormone-replacement-therapy-provider/beck-aesthetic-surgery-charlotte-nc/,
Maxim Pineville,10508 Park Rd Ste 110,Charlotte,NC,28210,"10508 Park Rd Ste 110 Charlotte, NC 28210",(980) 246-3702,https://www.evexipel.com/hormone-replacement-therapy-provider/maxim-pineville-charlotte-nc/,
Maxim South End,128 E Park Ave Unit,Charlotte,NC,28203,"128 E Park Ave Unit A Charlotte, NC 28203",(980) 983-6142,https://www.evexipel.com/hormone-replacement-therapy-provider/maxim-south-end-charlotte-nc/,
"Skin by Blair, PLLC",512 East Blvd,Charlotte,NC,28203,"512 East Blvd Charlotte, NC 28203",(980) 550-4767,https://www.evexipel.com/hormone-replacement-therapy-provider/skin-by-blair-pllc-charlotte-nc/,
Thrive Carolinas,6401 Carnegie Blvd,Charlotte,NC,28211,"6401 Carnegie Blvd 2A Charlotte, NC 28211",(980) 385-7515,https://www.evexipel.com/hormone-replacement-therapy-provider/thrive-carolinas-charlotte-nc/,
Urban Med Spa,8535 Cliff Cameron Dr. Suite 116,Charlotte,NC,28269,"8535 Cliff Cameron Dr. Suite 116 Charlotte, NC 28269",(980) 247-4325,https://www.evexipel.com/hormone-replacement-therapy-provider/urban-med-spa-charlotte-nc/,
Incandescence Medical & Aesthetics,110 E. Main St.,Cherryville,NC,28021,"110 E. Main St. Cherryville, NC 28021",(704) 459-6773,https://www.evexipel.com/hormone-replacement-therapy-provider/incandescence-medical-aesthetics-cherryville-nc/,
Infinite Wellness of the Carolinas,103 Country Club Dr. NE,Concord,NC,28025,"103 Country Club Dr. NE Concord, NC 28025",(980) 268-3751,https://www.evexipel.com/hormone-replacement-therapy-provider/infinite-wellness-of-the-carolinas-concord-nc/,
Fann Family Medicine,211 W Cumberland St,Dunn,NC,28334,"211 W Cumberland St Dunn, NC 28334",(910) 766-9546,https://www.evexipel.com/hormone-replacement-therapy-provider/fann-family-medicine-dunn-nc/,
"Temple Aesthetics and Wellness, PLLC",811 9TH ST STE 260,Durham,NC,27705,"811 9TH ST STE 260 Durham, NC 27705",(984) 983-3161,https://www.evexipel.com/hormone-replacement-therapy-provider/temple-aesthetics-and-wellness-pllc-durham-nc/,
Elizabeth City Med Spa,203 W Main St,Elizabeth City,NC,27909,"203 W Main St Elizabeth City, NC 27909",(252) 599-9109,https://www.evexipel.com/hormone-replacement-therapy-provider/elizabeth-city-med-spa-elizabeth-city-nc/,
Above & Beyond Wellness and MedSpa,505 W Broad St.,Elizabethtown,NC,28337,"505 W Broad St. Elizabethtown, NC 28337",(910) 659-8132,https://www.evexipel.com/hormone-replacement-therapy-provider/above-beyond-wellness-and-medspa-elizabethtown-nc/,
Restore Hope and Wellness,110 East H Street,Erwin,NC,28339,"110 East H Street Erwin, NC 28339",(910) 994-8572,https://www.evexipel.com/hormone-replacement-therapy-provider/restore-hope-and-wellness-erwin-nc/,
Age-Undefined Aesthetics,2625 Raeford Road,Fayetteville,NC,28303,"2625 Raeford Road Fayetteville, NC 28303",(910) 996-5040,https://www.evexipel.com/hormone-replacement-therapy-provider/age-undefined-aesthetics-southern-pines-nc/,
Awaken Wellness NC,405 Barrington Cross Street,Fayetteville,NC,28303,"405 Barrington Cross Street Fayetteville, NC 28303",(910) 469-4367,https://www.evexipel.com/hormone-replacement-therapy-provider/awaken-wellness-nc-fayetteville-nc/,
Curative Mind Health,2911 Breezewood Ave Ste 201,Fayetteville,NC,28303,"2911 Breezewood Ave Ste 201 Fayetteville, NC 28303",(910) 996-2769,https://www.evexipel.com/hormone-replacement-therapy-provider/curative-mind-health-fayetteville-nc/,
Optimal Vitality PLLC,201 S. McPherson Church Rd STE 231,Fayetteville,NC,28303,"201 S. McPherson Church Rd STE 231 Fayetteville, NC 28303",(910) 996-3242,https://www.evexipel.com/hormone-replacement-therapy-provider/optimal-vitality-pllc-fayetteville-nc/,
Radiant Wellness & Aesthetics,5511 Ramsey St Ste 100,Fayetteville,NC,28311,"5511 Ramsey St Ste 100 Fayetteville, NC 28311",(910) 565-9082,https://www.evexipel.com/hormone-replacement-therapy-provider/radiant-wellness-aesthetics-fayetteville-nc/,
Rapid Care - Fayetteville,4534 Raeford Rd,Fayetteville,NC,28304,"4534 Raeford Rd Fayetteville, NC 28304",(910) 537-5421,https://www.evexipel.com/hormone-replacement-therapy-provider/rapid-care-fayetteville-nc/,
Skin Specialist of Fayetteville,1661 Owen DR.,Fayetteville,NC,28304,"1661 Owen DR. Fayetteville, NC 28304",(910) 838-6677,https://www.evexipel.com/hormone-replacement-therapy-provider/skin-specialist-of-fayetteville-nc/,
Zendrips & Wellness,2929 Breezewood Ave Ste 201,Fayetteville,NC,28303,"2929 Breezewood Ave Ste 201 Fayetteville, NC 28303",(910) 996-4987,https://www.evexipel.com/hormone-replacement-therapy-provider/zendrips-wellness-fayetteville-nc/,https://share.google/77aiXPKbPqkveeDWn
Rose Hope Primary Care,934 Vandora Springs Rd,Garner,NC,27529,"934 Vandora Springs Rd Garner, NC 27529",(252) 590-4348,https://www.evexipel.com/hormone-replacement-therapy-provider/rose-hope-primary-care-garner-nc/,
Medical Aesthetics Regenerative Center,2555 Court Dr Ste 400,Gastonia,NC,28054,"2555 Court Dr Ste 400 Gastonia, NC 28054",(980) 281-9818,https://www.evexipel.com/hormone-replacement-therapy-provider/medical-aesthetics-regenerative-center-gastonia-nc/,
Berry Personalized Primary Care,704 Main Street,Gatesville,NC,27938,"704 Main Street Gatesville, NC 27938",(252) 427-6052,https://www.evexipel.com/hormone-replacement-therapy-provider/berry-personalized-primary-care-gates-nc/,
Bluebell Health & Wellness PLLC,3484 US Hwy 13 S.,Goldsboro,NC,27530,"3484 US Hwy 13 S. Goldsboro, NC 27530",(252) 645-2773,https://www.evexipel.com/hormone-replacement-therapy-provider/bluebell-health-wellness-pllc-goldsboro-nc/,
Goldsboro Internal Medicine And Med-Spa,1600 Wayne Memorial Dr Ste,Goldsboro,NC,27534,"1600 Wayne Memorial Dr Ste C Goldsboro, NC 27534",(919) 443-6900,https://www.evexipel.com/hormone-replacement-therapy-provider/goldsboro-internal-medicine-and-med-spa-goldsboro-nc/,
"Natural Beauty Aesthetics, PLLC",501 Patetown Rd Ste 3,Goldsboro,NC,27530,"501 Patetown Rd Ste 3 Goldsboro, NC 27530",(919) 925-4354,https://www.evexipel.com/hormone-replacement-therapy-provider/natural-beauty-aesthetics-pllc-goldsboro-nc/,
Carolina Clinic for Health and Wellness,2414 Emerald Pl,Greenville,NC,27834,"2414 Emerald Pl Greenville, NC 27834",(252) 359-2043,https://www.evexipel.com/hormone-replacement-therapy-provider/carolina-clinic-for-health-and-wellness-greenville-nc/,
Mission Wellness & Aesthetics - Hampstead,17117 US HW 17 Ste,Hampstead,NC,28443,"17117 US HW 17 Ste A Hampstead, NC 28443",(910) 407-7404,https://www.evexipel.com/hormone-replacement-therapy-provider/mission-wellness-aesthetics-hampstead-nc/,
Nyssa Wellness PLLC,44 Shuckin St Unit 201 Ste 13,Hampstead,NC,28443,"44 Shuckin St Unit 201 Ste 13 Hampstead, NC 28443",(910) 839-7632,https://www.evexipel.com/hormone-replacement-therapy-provider/nyssa-wellness-pllc-hampstead-nc/,
Holly Springs Functional Health & Hormone,342 Raleigh St,Holly Springs,NC,27540,"342 Raleigh St Holly Springs, NC 27540",(984) 283-5989,https://www.evexipel.com/hormone-replacement-therapy-provider/holly-springs-functional-health-hormone-holly-springs-nc/,
THRIVE Skin + Wellness,108 Bass Lake Rd,Holly Springs,NC,27540,"108 Bass Lake Rd Holly Springs, NC 27540",(984) 229-9547,https://www.evexipel.com/hormone-replacement-therapy-provider/thrive-skin-wellness-holly-springs-nc/,
Carolina Age Management Institute,16315 Northcross Dr Ste,Huntersville,NC,28078,"16315 Northcross Dr Ste A Huntersville, NC 28078",(980) 223-6745,https://www.evexipel.com/hormone-replacement-therapy-provider/carolina-age-management-institute-huntersville-nc/,
ThriveWell Health,16610 Birkdale Commons Pkwy Ste,Huntersville,NC,28078,"16610 Birkdale Commons Pkwy Ste B Huntersville, NC 28078",(980) 352-1947,https://www.evexipel.com/hormone-replacement-therapy-provider/thrivewell-health-huntersville-nc/,
Estetica Med Spa By Concierge Aesthetics,1700 Country Club Road,Jacksonville,NC,28546,"1700 Country Club Road Jacksonville, NC 28546",(910) 981-2405,https://www.evexipel.com/hormone-replacement-therapy-provider/estetica-med-spa-by-concierge-aesthetics-jacksonville-nc/,
Mission Wellness & Aesthetics,1201 Gum Branch Rd,Jacksonville,NC,28540,"1201 Gum Branch Rd Jacksonville, NC 28540",(252) 397-4285,https://www.evexipel.com/hormone-replacement-therapy-provider/mission-wellness-aesthetics-jacksonville-nc/,
Viva Lux Medspa,2593 Henderson Dr.,Jacksonville,NC,28546,"2593 Henderson Dr. Jacksonville, NC 28546",(910) 631-6482,https://www.evexipel.com/hormone-replacement-therapy-provider/viva-lux-medspa-jacksonville-nc/,
Avanti Aesthetics and Wellness,401 E Main St,Jefferson,NC,28640,"401 E Main St Jefferson, NC 28640",(276) 388-1185,https://www.evexipel.com/hormone-replacement-therapy-provider/avanti-aesthetics-and-wellness-jefferson-nc/,https://www.google.com/search?q=avanti+aesthetics+nc&oq=&gs_lcrp=EgZjaHJvbWUqDAgBECMYJxjqAhiLAzIPCAAQIxgnGOoCGIsDGPgFMgwIARAjGCcY6gIYiwMyDwgCEC4YJxivARjHARjqAjIJCAMQIxgnGOoCMgkIBBAjGCcY6gIyCQgFECMYJxjqAjIJCAYQIxgnGOoCMgkIBxAjGCcY6gLSAQkzMDkwajFqMTWoAgiwAg
Mountcastle Laser & Aesthetics,22 W Front St,Lillington,NC,27546,"22 W Front St Lillington, NC 27546",(910) 543-8780,https://www.evexipel.com/hormone-replacement-therapy-provider/mountcastle-laser-aesthetics-lillington-nc/,
Revivque,1772 West Main Street,Locust,NC,28097,"1772 West Main Street Locust, NC 28097",(980) 409-3497,https://www.evexipel.com/hormone-replacement-therapy-provider/revivque-locust-nc/,
Carolina Acute Care & Wellness,2601 N Elm St Ste,Lumberton,NC,28358,"2601 N Elm St Ste A Lumberton, NC 28358",(910) 370-8588,https://www.evexipel.com/hormone-replacement-therapy-provider/carolina-acute-care-wellness-lumberton-nc/,
"Healing Hands Family Practice, PLLC",1003 Woodridge Dr,Lumberton,NC,28358,"1003 Woodridge Dr Lumberton, NC 28358",(910) 519-8126,https://www.evexipel.com/hormone-replacement-therapy-provider/healing-hands-family-practice-pllc-lumberton-nc/,
New Moon Health & Wellness,4850 Fayetteville Road Suite,Lumberton,NC,28358,"4850 Fayetteville Road Suite C Lumberton, NC 28358",(910) 629-4469,https://www.evexipel.com/hormone-replacement-therapy-provider/new-moon-health-wellness-lumberton-nc/,
"Hope Health Family Practice, Pllc",201 E,"Main Street, Rowland",NC,28383,"201 E Main Street, Rowland, NC 28383",(910) 240-4635,https://www.evexipel.com/hormone-replacement-therapy-provider/hope-health-family-practice-pllc-rowland-nc/,
Revive Aesthetics and Wellness - Matthews,1208 Mann Dr Ste 200,Matthews,NC,28105,"1208 Mann Dr Ste 200 Matthews, NC 28105",(980) 414-0540,https://www.evexipel.com/hormone-replacement-therapy-provider/revive-aesthetics-and-wellness-matthews-nc/,
Family Urgent Care,3007 Wesley Chapel Stouts Rd Ste,Monroe,NC,28110,"3007 Wesley Chapel Stouts Rd Ste B Monroe, NC 28110",(980) 294-3980,https://www.evexipel.com/hormone-replacement-therapy-provider/family-urgent-care-monroe-nc/,
Infinite Wellness of the Carolinas Monroe,2160 Commerce Dr Ste,Monroe,NC,28110,"2160 Commerce Dr Ste B Monroe, NC 28110",(980) 304-1999,https://www.evexipel.com/hormone-replacement-therapy-provider/infinite-wellness-of-the-carolinas-monroe-nc/,
Pure Primary Wellness,215 E. Jefferson St.,Monroe,NC,28112,"215 E. Jefferson St. Monroe, NC 28112",(980) 552-8980,https://www.evexipel.com/hormone-replacement-therapy-provider/pure-primary-wellness-monroe-nc/,
Rejuvenating Reflection Aesthetics,1880 Concord Ave Ste,Monroe,NC,28110,"1880 Concord Ave Ste A Monroe, NC 28110",(980) 809-4823,https://www.evexipel.com/hormone-replacement-therapy-provider/rejuvenating-reflection-aesthetics-monroe-nc/,
Revive Aesthetics and Wellness - Monroe,1606 E Roosevelt Blvd Suite 207,Monroe,NC,28112,"1606 E Roosevelt Blvd Suite 207 Monroe, NC 28112",(910) 996-0229,https://www.evexipel.com/hormone-replacement-therapy-provider/revive-aesthetics-and-wellness-monroe-nc/,
Piedmont Healthcare Internal Medicine,128 Medical Park Rd. St. 101,Mooresville,NC,28117,"128 Medical Park Rd. St. 101 Mooresville, NC 28117",(980) 550-4414,https://www.evexipel.com/hormone-replacement-therapy-provider/piedmont-healthcare-internal-medicine-mooresville-nc/,
"Kozy Health MD, PLLC",3110 Arendell Street Suite 1,Morehead City,NC,28557,"3110 Arendell Street Suite 1 Morehead City, NC 28557",(252) 418-8174,https://www.evexipel.com/hormone-replacement-therapy-provider/kozy-health-md-pllc-morehead-city-nc/,
"Wellness for Women, PLLC",3025,NC-24 Newport,NC,28570,"3025 NC-24 Newport, NC 28570",(252) 418-2267,https://www.evexipel.com/hormone-replacement-therapy-provider/wellness-for-women-pllc-newport-nc/,
Ethikos Aesthetics,1425 S Glenburnie Rd.,New Bern,NC,28562,"1425 S Glenburnie Rd. #7 New Bern, NC 28562",(252) 733-8739,https://www.evexipel.com/hormone-replacement-therapy-provider/ethikos-aesthetics-new-bern-nc/,
Locklear Family Practice,17 Livermore Drive,Pembroke,NC,28372,"17 Livermore Drive Pembroke, NC 28372",(910) 668-4408,https://www.evexipel.com/hormone-replacement-therapy-provider/locklear-family-practice-pembroke-nc/,
Emerge Med Spa & Salon,102 W Main Street,Pikeville,NC,27863,"102 W Main Street Pikeville, NC 27863",(919) 551-6525,https://www.evexipel.com/hormone-replacement-therapy-provider/emerge-med-spa-salon-pikeville-nc/,
Pilot Holistic Health,213 E Marion St. Ste.,Pilot Mountain,NC,27041,"213 E Marion St. Ste. B Pilot Mountain, NC 27041",(336) 739-6184,https://www.evexipel.com/hormone-replacement-therapy-provider/pilot-holistic-health-pilot-mountain-nc/,
Twenty One Medical,11940 Carolina Place Parkway Ste 100,Pineville,NC,28134,"11940 Carolina Place Parkway Ste 100 Pineville, NC 28134",(980) 369-3710,https://www.evexipel.com/hormone-replacement-therapy-provider/twenty-one-medical-pineville-nc/,
Radiance Rx - Pittsboro,50 Lifestyle Pl Ste 110,Pittsboro,NC,27312,"50 Lifestyle Pl Ste 110 Pittsboro, NC 27312",(743) 888-0680,https://www.evexipel.com/hormone-replacement-therapy-provider/radiance-rx-pittsboro-nc/,
Aesthetics by Eileen Laser & Skin Care,5540 Munford Rd Ste 101,Raleigh,NC,27612,"5540 Munford Rd Ste 101 Raleigh, NC 27612",(919) 635-4134,https://www.evexipel.com/hormone-replacement-therapy-provider/aesthetics-by-eileen-laser-skin-care-raleigh-nc/,
Allen Physicians - Raleigh,7718 Six Forks Rd Ste 106,Raleigh,NC,27615,"7718 Six Forks Rd Ste 106 Raleigh, NC 27615",(984) 257-4276,https://www.evexipel.com/hormone-replacement-therapy-provider/allen-physicians-raleigh-nc/,
Alpha Male Wellness,701 Mutual Ct Ste 100,Raleigh,NC,27615,"701 Mutual Ct Ste 100 Raleigh, NC 27615",(984) 257-3062,https://www.evexipel.com/hormone-replacement-therapy-provider/alpha-male-wellness-raleigh-nc/,
Mind & Body Renew Medical Spa,3200 Blue Ridge Rd Ste 218,Raleigh,NC,27612,"3200 Blue Ridge Rd Ste 218 Raleigh, NC 27612",(919) 367-1370,https://www.evexipel.com/hormone-replacement-therapy-provider/mind-body-renew-medical-spa-raleigh-nc/,
HealthFirst Wellness Center,501 N Main St,Robersonville,NC,27871,"501 N Main St Robersonville, NC 27871",(252) 418-3833,https://www.evexipel.com/hormone-replacement-therapy-provider/healthfirst-wellness-center-robersonville-nc/,
Revive Aesthetics and Wellness,220 E Washington Street Suite,Rockingham,NC,28379,"220 E Washington Street Suite B Rockingham, NC 28379",(910) 996-2063,https://www.evexipel.com/hormone-replacement-therapy-provider/revive-aesthetics-and-wellness-rockingham-nc/,
Essential Health Medi Spa,4082 Capital Dr,Rocky Mount,NC,27804,"4082 Capital Dr Rocky Mount, NC 27804",(252) 390-3738,https://www.evexipel.com/hormone-replacement-therapy-provider/essential-health-medi-spa-rocky-mount-nc/,
Prime Healthcare,2571 Hawkins Ave.,Sanford,NC,27330,"2571 Hawkins Ave. Sanford, NC 27330",(984) 468-8435,https://www.evexipel.com/hormone-replacement-therapy-provider/prime-healthcare-sanford-nc/,https://share.google/8CqtnblNLPbN7R809
Rapid Care PLLC,2609 S Horner Blvd,Sanford,NC,27332,"2609 S Horner Blvd Sanford, NC 27332",(910) 773-3400,https://www.evexipel.com/hormone-replacement-therapy-provider/rapid-care-pllc-sanford-nc/,
Illume Wellness,4924 Main Street Suite 4,Shallotte,NC,28470,"4924 Main Street  Suite 4 Shallotte, NC 28470",(910) 946-5759,https://www.evexipel.com/hormone-replacement-therapy-provider/illume-wellness-shallotte-nc/,
Alpha Male Wellness & Therapy,1545 US 1 HWY S,Southern Pines,NC,28387,"1545 US 1 HWY S Southern Pines, NC 28387",(910) 936-7189,https://www.evexipel.com/hormone-replacement-therapy-provider/alpha-male-wellness-therapy-southern-pines-nc/,
Precision Wellness Group,1271 Old US 1 Hwy,Southern Pines,NC,28387,"1271 Old US 1 Hwy Southern Pines, NC 28387",(727) 228-6595,https://www.evexipel.com/hormone-replacement-therapy-provider/precision-wellness-group-southern-pines-nc/,
"Kozy Health MD, PLLC - Statesville, NC",750 Hartness Road Ste,Statesville,NC,28677,"750 Hartness Road Ste G Statesville, NC 28677",(980) 276-2521,https://www.evexipel.com/hormone-replacement-therapy-provider/kozy-health-md-pllc-statesville-nc-morehead-city-nc/,
"Beach Primary Care and Wellness, PLLC",863 Ocean Hwy W,Supply,NC,28462,"863 Ocean Hwy W Supply, NC 28462",(910) 427-4859,https://www.evexipel.com/hormone-replacement-therapy-provider/beach-primary-care-and-wellness-pllc-supply-nc/,
Allen Physicians - Swansboro,105 W Church St Suite 4,Swansboro,NC,28584,"105 W Church St Suite 4 Swansboro, NC 28584",(252) 460-2061,https://www.evexipel.com/hormone-replacement-therapy-provider/allen-physicians-swansboro-nc/,
Revive Aesthetics and Wellness - Troy,104 Smitherman Street,Troy,NC,27371,"104 Smitherman Street Troy, NC 27371",(910) 606-4381,https://www.evexipel.com/hormone-replacement-therapy-provider/revive-aesthetics-and-wellness-troy-nc/,
Pure Primary Wellness Waxhaw,716 Old Providence Rd,Waxhaw,NC,28173,"716 Old Providence Rd Waxhaw, NC 28173",(980) 294-3893,https://www.evexipel.com/hormone-replacement-therapy-provider/pure-primary-wellness-waxhaw-nc/,
Westhaven Aesthetics and Wellness,875 Mt Jefferson Rd. Suite 3,West Jefferson,NC,28694,"875 Mt Jefferson Rd. Suite 3 West Jefferson, NC 28694",(336) 849-5446,https://www.evexipel.com/hormone-replacement-therapy-provider/westhaven-aesthetics-and-wellness-west-jefferson-nc/,
"Rye Wellness Center, Inc",626 Jefferson Street,Whiteville,NC,28472,"626 Jefferson Street Whiteville, NC 28472",(910) 812-4643,https://www.evexipel.com/hormone-replacement-therapy-provider/rye-wellness-center-inc-whiteville-nc/,
"Skin Envy Aesthetics and Wellness, PLLC",805 S Madison Street,Whiteville,NC,28472,"805 S Madison Street Whiteville, NC 28472",(910) 543-8184,https://www.evexipel.com/hormone-replacement-therapy-provider/skin-envy-aesthetics-and-wellness-pllc-whiteville-nc/,
Allen Physicians - Wilmington,3901 Oleander Dr Ste,Wilmington,NC,28403,"3901 Oleander Dr Ste H Wilmington, NC 28403",(252) 588-3307,https://www.evexipel.com/hormone-replacement-therapy-provider/allen-physicians-wilmington-nc/,
Berry Personalized Primary - Wilmington,2451 College Road Suite 213,Wilmington,NC,28412,"2451 College Road Suite 213 Wilmington, NC 28412",(910) 427-5033,https://www.evexipel.com/hormone-replacement-therapy-provider/berry-personalized-primary-wilmington-nc/,
Port City Integrative Medicine,1907 South 17th Street Suite 1,Wilmington,NC,28401,"1907 South 17th Street Suite 1 Wilmington, NC 28401",(910) 807-3994,https://www.evexipel.com/hormone-replacement-therapy-provider/port-city-integrative-medicine-wilmington-nc/,
Infuse Wellness of Wilson,3701 Nash St.,Wilson,NC,27896,"3701 Nash St. Wilson, NC 27896",(252) 512-4495,https://www.evexipel.com/hormone-replacement-therapy-provider/infuse-wellness-of-wilson-nc/,
CAREolina Wellness and Infusion Center,1332 Westgate Center Dr,Winston Salem,NC,27103,"1332 Westgate Center Dr Winston Salem, NC 27103",(743) 210-7544,https://www.evexipel.com/hormone-replacement-therapy-provider/careolina-wellness-and-infusion-center-winston-salem-nc/,
Truebio Innovative Health + Wellness,150 Charlois Blvd Ste 200,Winston Salem,NC,27103,"150 Charlois Blvd Ste 200 Winston Salem, NC 27103",(336) 276-2024,https://www.evexipel.com/hormone-replacement-therapy-provider/truebio-innovative-health-wellness-winston-salem-nc/,
Alive Wellness & Aesthetics,4051 S Memorial Dr Ste,Winterville,NC,28590,"4051 S Memorial Dr Ste C3 Winterville, NC 28590",(252) 607-1879,https://www.evexipel.com/hormone-replacement-therapy-provider/alive-wellness-aesthetics-winterville-nc/,
Bella Health & Wellness ND,500 E Front Ave,Bismarck,ND,58504,"500 E Front Ave Bismarck, ND 58504",(701) 975-6400,https://www.evexipel.com/hormone-replacement-therapy-provider/bella-health-wellness-nd-bismarck-nd/,
Valley Vital Medicine,3540 38th Ave. S Ste,Fargo,ND,58104,"3540 38th Ave. S Ste G Fargo, ND 58104",(701) 401-4190,https://www.evexipel.com/hormone-replacement-therapy-provider/valley-vital-medicine-fargo-nd/,
Courtney Peabody Aesthetics,3610 South Washington St,Grand Forks,ND,58201,"3610 South Washington St Grand Forks, ND 58201",(218) 277-7928,https://www.evexipel.com/hormone-replacement-therapy-provider/courtney-peabody-aesthetics-grand-forks-nd/,
Kindle Wellness,930 N 3rd St,Grand Forks,ND,58203,"    930 N 3rd St Grand Forks, ND 58203",(701) 248-8216,https://www.evexipel.com/hormone-replacement-therapy-provider/kindle-wellness-grand-forks-nd/,
Transitions Healthcare,2401 46th Ave SE Ste 201,Mandan,ND,58554,"2401 46th Ave SE Ste 201 Mandan, ND 58554",(701) 394-3885,https://www.evexipel.com/hormone-replacement-therapy-provider/transitions-healthcare-mandan-nd/,
"Revival IV and Wellness, PLLC",1304 4th Ave NE,Watford City,ND,58854,"1304 4th Ave NE Watford City, ND 58854",(218) 396-7538,https://www.evexipel.com/hormone-replacement-therapy-provider/revival-iv-and-wellness-pllc-watford-city-nd/,
NOIR 320 Aesthetics & Wellness,3154 18Th Avenue Ste 3,Columbus,NE,68601,"3154 18Th Avenue Ste 3 Columbus, NE 68601",(531) 300-3692,https://www.evexipel.com/hormone-replacement-therapy-provider/noir-320-aesthetics-wellness-columbus-ne/,
Total Body Pain Institute,826 N. Diers Ave,Grand Island,NE,68803,"826 N. Diers Ave Grand Island, NE 68803",(308) 281-2428,https://www.evexipel.com/hormone-replacement-therapy-provider/total-body-pain-institute-grand-island-ne/,
IWHC Hormones,223 E 14th St Ste 50,Hastings,NE,68901,"223 E 14th St Ste 50 Hastings, NE 68901",(402) 796-6247,https://www.evexipel.com/hormone-replacement-therapy-provider/iwhc-hormones-hastings-ne/,
Brad Rodgers Family Practice,102 3Rd Ave Ste,Kearney,NE,68845,"102 3Rd Ave Ste A Kearney, NE 68845",(308) 737-4216,https://www.evexipel.com/hormone-replacement-therapy-provider/brad-rodgers-family-practice-kearney-ne/,
Premier Health And Wellness,322 W 39TH ST,Kearney,NE,68845,"322 W 39TH ST Kearney, NE 68845",(308) 529-9534,https://www.evexipel.com/hormone-replacement-therapy-provider/premier-health-and-wellness-kearney-ne/,
Tim Mason Family Medicine and Wound Care,5205 N 2nd Ave Ste 3,Kearney,NE,68847,"5205 N 2nd Ave Ste 3 Kearney, NE 68847",(308) 646-0447,https://www.evexipel.com/hormone-replacement-therapy-provider/tim-mason-family-medicine-and-wound-care-kearney-ne/,
Pain West,701 Pinnacle Dr STE 105,Papillion,NE,68046,"701 Pinnacle Dr STE 105 Papillion, NE 68046",(531) 217-5371,https://www.evexipel.com/hormone-replacement-therapy-provider/pain-west-papillion-ne/,
"ANEWU Medical Spa, P.C.",30 Daniel Webster Hwy Harris Pond Suite 8,Merrimack,NH,03054,"30 Daniel Webster Hwy Harris Pond Suite 8 Merrimack, NH 03054",(978) 540-8237,https://www.evexipel.com/hormone-replacement-therapy-provider/anewu-medical-spa-pc-merrimack-nh/,
Timeless Medical Aesthetics & Wellness,276 Newport Rd Suite 102,New London,NH,03257,"276 Newport Rd Suite 102 New London, NH 03257",(802) 810-8394,https://www.evexipel.com/hormone-replacement-therapy-provider/timeless-medical-aesthetics-wellness-new-london-nh/,
Joyful Beauty NP LLC,155 Main St,Plaistow,NH,03865,"155 Main St Plaistow, NH 03865",(978) 924-4975,https://www.evexipel.com/hormone-replacement-therapy-provider/joyful-beauty-np-llc-plaistow-nh/,
Jsj Aesthetics (Salem),34 Lowell Rd,Salem,NH,03079,"34 Lowell Rd Salem, NH 03079",(978) 619-8709,https://www.evexipel.com/hormone-replacement-therapy-provider/jsj-aesthetics-salem-nh/,
DNP Medical Associates,15 East Taunton Ave,Berlin,NJ,08009,"15 East Taunton Ave Berlin, NJ 08009",(856) 644-3246,https://www.evexipel.com/hormone-replacement-therapy-provider/dnp-medical-associates-berlin-nj/,
Bare Lux Studio Medspa,184 U.S. 130,Bordentown,NJ,08505,"184 U.S. 130 Bordentown, NJ 08505",(267) 485-6505,https://www.evexipel.com/hormone-replacement-therapy-provider/bare-lux-studio-medspa-bordentown-nj/,https://share.google/LTG6ki7miweyGlbPR
The Kaga Institute - East Brunswick,555 State Route 18 Fl 1,East Brunswick,NJ,08816,"555 State Route 18 Fl 1 East Brunswick, NJ 08816",(908) 663-5301,https://www.evexipel.com/hormone-replacement-therapy-provider/the-kaga-institute-east-brunswick-nj/,
Progressive Wellness,630 E Palisade Ave 2nd floor,Englewood Cliffs,NJ,07632,"630 E Palisade Ave 2nd floor Englewood Cliffs, NJ 07632",(732) 858-5223,https://www.evexipel.com/hormone-replacement-therapy-provider/progressive-wellness-englewood-cliffs-nj/,
Family Care MD LLC,76 W Main St Ste 104,Freehold,NJ,07728,"76 W Main St Ste 104 Freehold, NJ 07728",(848) 233-4950,https://www.evexipel.com/hormone-replacement-therapy-provider/family-care-md-llc-freehold-nj/,
Revitalize BodyMD,3435 US HWY 9,Freehold,NJ,07728,"3435 US HWY 9 #4 Freehold, NJ 07728",(732) 561-5449,https://www.evexipel.com/hormone-replacement-therapy-provider/revitalize-bodymd-freehold-nj/,
Alliance Cosmetic Center - Hainesport,412 Creek Crossing Blvd,Hainesport,NJ,08036,"412 Creek Crossing Blvd Hainesport, NJ 08036",(856) 880-7583,https://www.evexipel.com/hormone-replacement-therapy-provider/alliance-cosmetic-center-hainesport-nj/,
Performance Spine & Sports Medicine-NJ,3705 Quakerbridge Rd Ste 206,Hamilton,NJ,08619,"3705 Quakerbridge Rd Ste 206 Hamilton, NJ 08619",(609) 793-9014,https://www.evexipel.com/hormone-replacement-therapy-provider/performance-spine-sports-medicine-nj-hamilton-township-nj/,
Hazlet Medical Services,1 Bethany Rd Ste 25 Bldg 2,Hazlet,NJ,07730,"1 Bethany Rd Ste 25 Bldg 2 Hazlet, NJ 07730",(848) 294-2875,https://www.evexipel.com/hormone-replacement-therapy-provider/hazlet-medical-services-hazlet-nj/,
Care360 Aesthetics & Wellness,26 Union Avenue,Irvington,NJ,07111,"26 Union Avenue Irvington, NJ 07111",(973) 358-8092,https://www.evexipel.com/hormone-replacement-therapy-provider/care360-aesthetics-wellness-irvington-nj/,
SLRaymiri Wellness,2795 US Highway 1 Ste,Lawrenceville,NJ,08648,"2795 US Highway 1 Ste A Lawrenceville, NJ 08648",(267) 209-8655,https://www.evexipel.com/hormone-replacement-therapy-provider/slraymiri-wellness-lawrence-township-nj/,
Seashore MD - Little Silver,39 Sycamore Ave Ste,Little Silver,NJ,07739,"39 Sycamore Ave Ste A202 Little Silver, NJ 07739",(848) 420-9040,https://www.evexipel.com/hormone-replacement-therapy-provider/seashore-md-little-silver-nj/,
Lasting Impression Medical Aesthetics,25-15 Fair Lawn Ave,Lower Level R Fair Lawn,NJ,07410,"25-15 Fair Lawn Ave Lower Level R Fair Lawn, NJ 07410",(845) 712-9616,https://www.evexipel.com/hormone-replacement-therapy-provider/lasting-impression-medical-aesthetics-fair-lawn-nj/,
Advanced Wellness Center of Marlboro,17 North Main Street,Marlboro,NJ,07746,"17 North Main Street Marlboro, NJ 07746",(732) 573-4447,https://www.evexipel.com/hormone-replacement-therapy-provider/advanced-wellness-center-of-marlboro-marlboro-township-nj/,
Kaga Institute Promoting Healthy Futures,58 N Main St,Marlboro Township,NJ,07746,"58 N Main St Marlboro Township, NJ 07746",(732) 605-4882,https://www.evexipel.com/hormone-replacement-therapy-provider/kaga-institute-promoting-healthy-futures-marlboro-township-nj/,
GAMEDAY Men's Heath,2003 Lincoln Dr W Ste,Marlton,NJ,08053,"2003 Lincoln Dr W Ste D Marlton, NJ 08053",(856) 478-3299,https://www.evexipel.com/hormone-replacement-therapy-provider/gameday-mens-heath-evesham-nj/,
HL Medspa,275 Chestnut Street Ste 3,Newark,NJ,07105,"275 Chestnut Street Ste 3 Newark, NJ 07105",(973) 528-5950,https://www.evexipel.com/hormone-replacement-therapy-provider/hl-medspa-newark-nj/,
Cape May Wellness,650 Townbank Rd Suite 201,North Cape May,NJ,08204,"650 Townbank Rd Suite 201 North Cape May, NJ 08204",(856) 421-6464,https://www.evexipel.com/hormone-replacement-therapy-provider/cape-may-wellness-cape-may-nj/,
Nourish Aesthetics and Wellness,2300 New Rd Ste 203,Northfield,NJ,08225,"2300 New Rd Ste 203 Northfield, NJ 08225",(640) 300-7039,https://www.evexipel.com/hormone-replacement-therapy-provider/nourish-aesthetics-and-wellness-northfield-nj/,
PSK Med Spa PC,1600 Saint Georges Avenue,Rahway,NJ,07065,"1600 Saint Georges Avenue Rahway, NJ 07065",(862) 310-6845,https://www.evexipel.com/hormone-replacement-therapy-provider/psk-med-spa-pc-rahway-nj/,
Next Level Health at Virapel,2 Sheppard Road Ste 602,Voorhees,NJ,08043,"2 Sheppard Road Ste 602 Voorhees, NJ 08043",(856) 420-6987,https://www.evexipel.com/hormone-replacement-therapy-provider/next-level-health-at-virapel-voorhees-township-nj/,
Revamp Med Spa & Skin Lab,203 Sheppard Rd,Voorhees,NJ,08043,"203 Sheppard Rd Voorhees, NJ 08043",(856) 421-6657,https://www.evexipel.com/hormone-replacement-therapy-provider/revamp-med-spa-skin-lab-voorhees-township-nj/,
X Body Health & Wellness,87 Berdan Avenue Ste 3,Wayne,NJ,07470,"87 Berdan Avenue Ste 3 Wayne, NJ 07470",(973) 381-8234,https://www.evexipel.com/hormone-replacement-therapy-provider/x-body-health-wellness-wayne-nj/,
Integrative Urology,443 Northfield Avenue Fl,West Orange,NJ,07052,"443 Northfield Avenue Fl 201A West Orange, NJ 07052",(862) 296-0950,https://www.evexipel.com/hormone-replacement-therapy-provider/integrative-urology-west-orange-nj/,
Seeberger Skin & Laser,1401 10th St Ste,Alamogordo,NM,88310,"1401 10th St Ste C Alamogordo, NM 88310",(575) 446-0878,https://www.evexipel.com/hormone-replacement-therapy-provider/seeberger-skin-laser-alamogordo-nm/,
Althera Alternative Care,1100 San Mateo Blvd NE Ste 4,Albuquerque,NM,87110,"1100 San Mateo Blvd NE Ste 4 Albuquerque, NM 87110",(505) 806-1791,https://www.evexipel.com/hormone-replacement-therapy-provider/althera-alternative-care-albuquerque-nm/,
Baca Community Health,2921 Carlisle Blvd NE Ste 125,Albuquerque,NM,87110,"2921 Carlisle Blvd NE Ste 125 Albuquerque, NM 87110",(505) 278-6692,https://www.evexipel.com/hormone-replacement-therapy-provider/baca-community-health-albuquerque-nm/,
"Bella Cosa, LLC",5109 Coors Blvd. NW Ste,Albuquerque,NM,87120,"5109 Coors Blvd. NW Ste F Albuquerque, NM 87120",(505) 391-3738,https://www.evexipel.com/hormone-replacement-therapy-provider/bella-cosa-llc-albuquerque-nm/,
Beyond Health,3700 Bosque Plaza Ln Nw,Albuquerque,NM,87120,"3700 Bosque Plaza Ln Nw Albuquerque, NM 87120",(505) 560-3538,https://www.evexipel.com/hormone-replacement-therapy-provider/beyond-health-albuquerque-nm/,
Body Beautiful NM,1120 Juan Tabo Blvd NE STE,Albuquerque,NM,87112,"1120 Juan Tabo Blvd NE STE I Albuquerque, NM 87112",(505) 634-7924,https://www.evexipel.com/hormone-replacement-therapy-provider/body-beautiful-nm-albuquerque-nm/,
Carter's Family Practice & Wellness,703 Osuna Rd Ne Suite 5,Albuquerque,NM,87113,"703 Osuna Rd Ne Suite 5 Albuquerque, NM 87113",(505) 431-6539,https://www.evexipel.com/hormone-replacement-therapy-provider/carters-family-practice-wellness-albuquerque-nm/,
Defy. A Health and Beauty Collective,10200 Corrales Rd NW Ste,Albuquerque,NM,87114,"10200 Corrales Rd NW Ste D1 Albuquerque, NM 87114",(575) 454-4573,https://www.evexipel.com/hormone-replacement-therapy-provider/defy-a-health-and-beauty-collective-albuquerque-nm/,
Foundation Health and Wellness,4550 Eubank Blvd Ne Ste 105,Albuquerque,NM,87111,"4550 Eubank Blvd Ne Ste 105 Albuquerque, NM 87111",(505) 451-3147,https://www.evexipel.com/hormone-replacement-therapy-provider/foundation-health-and-wellness-albuquerque-nm/,
Functional Family Medicine,7301 Jefferson Ne Suite,Albuquerque,NM,87109,"7301 Jefferson Ne Suite G Albuquerque, NM 87109",(505) 657-1059,https://www.evexipel.com/hormone-replacement-therapy-provider/functional-family-medicine-albuquerque-nm/,
Infinite Youth,4105 Montgomery Blvd NE,Albuquerque,NM,87109,"4105 Montgomery Blvd NE  Albuquerque, NM 87109",(505) 658-6707,https://www.evexipel.com/hormone-replacement-therapy-provider/infinite-youth-albuquerque-nm/,
"La Vida Sana, Llc",3602 Campus Blvd. Ne,Albuquerque,NM,87106,"3602 Campus Blvd. Ne Albuquerque, NM 87106",(505) 657-2005,https://www.evexipel.com/hormone-replacement-therapy-provider/la-vida-sana-llc-albuquerque-nm/,
Mariposa Family Medicine,5910 Cubero Dr Ne Ste,Albuquerque,NM,87109,"5910 Cubero Dr Ne Ste A Albuquerque, NM 87109",(505) 657-1806,https://www.evexipel.com/hormone-replacement-therapy-provider/mariposa-family-medicine-albuquerque-nm/,
"Mhajestik Aesthetics and Wellness, LLC",717 Encino Pl Ne Ste 4,Albuquerque,NM,87102,"717 Encino Pl Ne Ste 4 Albuquerque, NM 87102",(505) 657-1047,https://www.evexipel.com/hormone-replacement-therapy-provider/mhajestik-aesthetics-and-wellness-llc-albuquerque-nm/,
"New Mexico Spirit Of Wellness, Llc",123 Girard Blvd Se,Albuquerque,NM,87106,"123 Girard Blvd Se Albuquerque, NM 87106",(505) 657-2024,https://www.evexipel.com/hormone-replacement-therapy-provider/new-mexico-spirit-of-wellness-llc-albuquerque-nm/,
Optimum Human And Southwest Womens Health,5700 Harper Dr Ne Ste 410,Albuquerque,NM,87109,"5700 Harper Dr Ne Ste 410 Albuquerque, NM 87109",(505) 657-1946,https://www.evexipel.com/hormone-replacement-therapy-provider/optimum-human-and-southwest-womens-health-albuquerque-nm/,
"Ortega Wellness, Llc",7007 Jefferson Street Ne Suite,Albuquerque,NM,87109,"7007 Jefferson Street Ne Suite C Albuquerque, NM 87109",(505) 657-2066,https://www.evexipel.com/hormone-replacement-therapy-provider/ortega-wellness-llc-albuquerque-nm/,
Restore Med Spa (Juan Tabo),1901 Juan Tabo Ne,Albuquerque,NM,87112,"1901 Juan Tabo Ne Albuquerque, NM 87112",(505) 657-2275,https://www.evexipel.com/hormone-replacement-therapy-provider/restore-med-spa-juan-tabo-albuquerque-nm/,
Restore Med Spa- Constitution,3500 Constitution Ave NE,Albuquerque,NM,87106,"3500 Constitution Ave NE Albuquerque, NM 87106",(505) 391-4236,https://www.evexipel.com/hormone-replacement-therapy-provider/restore-med-spa-constitution-albuquerque-nm/,
Rio Grande Restorative Health,3911 4Th Street Nw,Albuquerque,NM,87107,"3911 4Th Street Nw Albuquerque, NM 87107",(505) 657-1890,https://www.evexipel.com/hormone-replacement-therapy-provider/rio-grande-restorative-health-albuquerque-nm/,
Round 2 Wellness,7500 2ND ST NW,Albuquerque,NM,87107,"7500 2ND ST NW Albuquerque, NM 87107",(505) 596-4722,https://www.evexipel.com/hormone-replacement-therapy-provider/round-2-wellness-albuquerque-nm/,
Sandia IV and Wellness,703 Osuna Rd NE Ste 5,Albuquerque,NM,87113,"703 Osuna Rd NE Ste 5 Albuquerque, NM 87113",(505) 588-6617,https://www.evexipel.com/hormone-replacement-therapy-provider/sandia-iv-and-wellness-albuquerque-nm/,
Southwest Integrative Health,5310 Homestead Rd Ne Bdlg 4,Albuquerque,NM,87110,"5310 Homestead Rd Ne Bdlg 4 Albuquerque, NM 87110",(505) 657-1975,https://www.evexipel.com/hormone-replacement-therapy-provider/southwest-integrative-health-albuquerque-nm/,
Torres Family Care,1648 Alameda Blvd Nw,Albuquerque,NM,87114,"1648 Alameda Blvd Nw Albuquerque, NM 87114",(505) 209-8903,https://www.evexipel.com/hormone-replacement-therapy-provider/torres-family-care-albuquerque-nm/,
Vessel Health,10601 4th St NW,Albuquerque,NM,87114,"10601 4th St NW Albuquerque, NM 87114",(505) 448-4147,https://www.evexipel.com/hormone-replacement-therapy-provider/vessel-health-albuquerque-nm/,
Virtus Health Solutions,1000 Eubank Blvd NE Ste,Albuquerque,NM,87112,"1000 Eubank Blvd NE Ste A Albuquerque, NM 87112",(505) 539-2004,https://www.evexipel.com/hormone-replacement-therapy-provider/virtus-health-solutions-albuquerque-nm/,
Regina Lanier DNP FNP-C,2521,Avenida de Mesilla Las Cruces,NM,88005,"2521 Avenida de Mesilla Las Cruces, NM 88005",(575) 618-3308,https://www.evexipel.com/hormone-replacement-therapy-provider/regina-lanier-dnp-fnp-c-mesilla-nm/,
Roland K Sanchez MD,703 South Christopher Road,Belen,NM,87002,"703 South Christopher Road Belen, NM 87002",(505) 591-1073,https://www.evexipel.com/hormone-replacement-therapy-provider/roland-k-sanchez-md-belen-nm/,
Allied Health & Wellness,201 N Alameda St,Carlsbad,NM,88220,"201 N Alameda St Carlsbad, NM 88220",(575) 237-4496,https://www.evexipel.com/hormone-replacement-therapy-provider/allied-health-wellness-carlsbad-nm/,
Restore Med Spa (Cedar Crest),12127 B North Hwy 14 Ste 5,Cedar Crest,NM,87008,"12127 B North Hwy 14 Ste 5 Cedar Crest, NM 87008",(505) 207-5566,https://www.evexipel.com/hormone-replacement-therapy-provider/restore-med-spa-cedar-crest-nm/,
Dynamic Healthcare,912 West 21St Street,Clovis,NM,88101,"912 West 21St Street Clovis, NM 88101",(575) 825-3634,https://www.evexipel.com/hormone-replacement-therapy-provider/dynamic-healthcare-clovis-nm/,
The Medispa and Body Shop,1901 W 21st Street,Clovis,NM,88101,"1901 W 21st Street Clovis, NM 88101",(575) 570-3740,https://www.evexipel.com/hormone-replacement-therapy-provider/the-medispa-and-body-shop-clovis-nm/,
Younique Medical Spa,203,East Sanger Hobbs,NM,88240,"203 East Sanger Hobbs, NM 88240",(505) 587-8889,https://www.evexipel.com/hormone-replacement-therapy-provider/younique-medical-spa-hobbs-nm/,
Pelle Spa Llc,4337 E Main St Suite 202,Farmington,NM,87402,"4337 E Main St Suite 202 Farmington, NM 87402",(505) 421-3604,https://www.evexipel.com/hormone-replacement-therapy-provider/pelle-spa-llc-farmington-nm/,
SkinsationMD,4337 E Main St Ste 201,Farmington,NM,87402,"4337 E Main St Ste 201 Farmington, NM 87402",(505) 370-4669,https://www.evexipel.com/hormone-replacement-therapy-provider/skinsationmd-farmington-nm/,
Roosevelt General-Clovis,2000 W 21St St Ste,J-1 Clovis,NM,88101,"2000 W 21St St Ste J-1 Clovis, NM 88101",(575) 915-1596,https://www.evexipel.com/hormone-replacement-therapy-provider/roosevelt-general-clovis-nm/,
B-Well Balanced Functional Medicine,755 S Telshor suite,Las Cruces,NM,88011,"755 S Telshor suite E201 Las Cruces, NM 88011",(505) 240-8800,https://www.evexipel.com/hormone-replacement-therapy-provider/b-well-balanced-functional-medicine-las-cruces-nm/,
"Restoring Roots, LLC",2908 Snow Rd,Las Cruces,NM,88005,"2908 Snow Rd Las Cruces, NM 88005",(575) 639-9813,https://www.evexipel.com/hormone-replacement-therapy-provider/restoring-roots-llc-las-cruces-nm/,
High Desert Family Health and Aesthetics,719 University Ave,Las Vegas,NM,87701,"719 University Ave Las Vegas, NM 87701",(505) 657-2041,https://www.evexipel.com/hormone-replacement-therapy-provider/high-desert-family-health-and-aesthetics-las-vegas-nm/,
Meadow City Family Clinic,611 National Ave,Las Vegas,NM,87701,"611 National Ave Las Vegas, NM 87701",(505) 657-2947,https://www.evexipel.com/hormone-replacement-therapy-provider/meadow-city-family-clinic-las-vegas-nm/,
Vie Est Belle,221 Plaza St.,Las Vegas,NM,87701,"221 Plaza St. Las Vegas, NM 87701",(505) 390-5884,https://www.evexipel.com/hormone-replacement-therapy-provider/vie-est-belle-las-vegas-nm/,
Vitality Health & Wellness Clinic,705 Main St SW,Los Lunas,NM,87031,"705 Main St SW Los Lunas, NM 87031",(505) 569-6187,https://www.evexipel.com/hormone-replacement-therapy-provider/vitality-health-wellness-clinic-los-lunas-nm/,
Med Sesh,7528 4Th St Nw Ste,Los Ranchos,NM,87107,"7528 4Th St Nw Ste A Los Ranchos, NM 87107",(505) 926-5967,https://www.evexipel.com/hormone-replacement-therapy-provider/med-sesh-los-ranchos-de-albuquerque-nm/,
Selah Wellness Studio LLC,6501 4Th St Nw Ste,Los Ranchos,NM,87107,"6501 4Th St Nw Ste D Los Ranchos, NM 87107",(505) 448-7678,https://www.evexipel.com/hormone-replacement-therapy-provider/selah-wellness-studio-llc-los-ranchos-de-albuquerque-nm/,https://share.google/vk6x4KfUqw1gTObF1
Soar Wellness,6855 4th St NW Ste,Los Ranchos,NM,87107,"6855 4th St NW Ste B2 Los Ranchos, NM 87107",(505) 657-2320,https://www.evexipel.com/hormone-replacement-therapy-provider/soar-wellness-los-ranchos-de-albuquerque-nm/,
Restore Medical Spa (Moriarty),1108 US 66,Moriarty,NM,87035,"1108 US 66 Moriarty, NM 87035",(505) 209-8161,https://www.evexipel.com/hormone-replacement-therapy-provider/restore-medical-spa-moriarty-nm/,
Roosevelt General Hospital,42121 Us Hwy 70,Portales,NM,88130,"42121 Us Hwy 70 Portales, NM 88130",(575) 216-7078,https://www.evexipel.com/hormone-replacement-therapy-provider/roosevelt-general-hospital-portales-nm/,
Mirage Wellness Center & Medspa,1400 Barbara Loop SE Suite,Rio Rancho,NM,87124,"1400 Barbara Loop SE Suite A Rio Rancho, NM 87124",(575) 255-6967,https://www.evexipel.com/hormone-replacement-therapy-provider/mirage-wellness-center-medspa-rio-rancho-nm/,
Ortega Wellness - Rio Rancho,1400 Jackie Road SE Ste 105,Rio Rancho,NM,87124,"1400 Jackie Road SE Ste 105 Rio Rancho, NM 87124",(505) 392-3869,https://www.evexipel.com/hormone-replacement-therapy-provider/ortega-wellness-rio-rancho-nm/,
Ridge Family Wellness,1409 Luisa St Ste,Santa Fe,NM,87505,"1409 Luisa St Ste F Santa Fe, NM 87505",(505) 551-0696,https://www.evexipel.com/hormone-replacement-therapy-provider/ridge-family-wellness-santa-fe-nm/,
Mayedel A San Jose PC,1245 Country Club Rd. Ste. 200,Santa Teresa,NM,88008,"1245 Country Club Rd. Ste. 200 Santa Teresa, NM 88008",(575) 573-6560,https://www.evexipel.com/hormone-replacement-therapy-provider/mayedel-a-san-jose-pc-santa-teresa-nm/,
One Complete Care Aesthetics,5290 McNutt Rd. Ste. 103,Santa Teresa,NM,88008,"5290 McNutt Rd. Ste. 103 Santa Teresa, NM 88008",(915) 666-3968,https://www.evexipel.com/hormone-replacement-therapy-provider/one-complete-care-aesthetics-santa-teresa-nm/,
Santa Teresa Health Hormone Clinic,103 Livingston Loop Ste,Santa Teresa,NM,88008,"103 Livingston Loop Ste B4 Santa Teresa, NM 88008",(915) 621-5150,https://www.evexipel.com/hormone-replacement-therapy-provider/santa-teresa-health-hormone-clinic-santa-teresa-nm/,
Sandia View Family Practice,4200 Meadowlark Lane,Southeast Rio Rancho,NM,87124,"4200 Meadowlark Lane Southeast Rio Rancho, NM 87124",(575) 255-6110,https://www.evexipel.com/hormone-replacement-therapy-provider/sandia-view-family-practice-rio-rancho-nm/,
Forever Young MD Spa,896 W Nye Ln Ste 102,Carson City,NV,89703,"896 W Nye Ln Ste 102 Carson City, NV 89703",(775) 297-7029,https://www.evexipel.com/hormone-replacement-therapy-provider/forever-young-md-spa-carson-city-nv/,
The Nevada Center Of Alt & Anti-Aging,1231 Country Club Dr,Carson City,NV,89703,"1231 Country Club Dr Carson City, NV 89703",(775) 245-3803,https://www.evexipel.com/hormone-replacement-therapy-provider/the-nevada-center-of-alt-anti-aging-carson-city-nv/,
Accelerated Medical,1810 Pinion Rd,Elko,NV,89801,"1810 Pinion Rd Elko, NV 89801",(775) 258-7977,https://www.evexipel.com/hormone-replacement-therapy-provider/accelerated-medical-elko-nv/,
Maxithealth Consultants,1512 US Highway 395 N Ste 2,Gardnerville,NV,89410,"1512 US Highway 395 N Ste 2 Gardnerville, NV 89410",(775) 227-5573,https://www.evexipel.com/hormone-replacement-therapy-provider/maxithealth-consultants-minden-nv/,
Allcare for Women,9053 S. Pecos Road Ste 2900,Henderson,NV,89074,"9053 S. Pecos Road Ste 2900 Henderson, NV 89074",(702) 819-9567,https://www.evexipel.com/hormone-replacement-therapy-provider/allcare-for-women-henderson-nv/,
Bertoli Health & Wellness,3039 W Horizon Ridge Pkwy Ste 100,Henderson,NV,89052,"3039 W Horizon Ridge Pkwy Ste 100 Henderson, NV 89052",(725) 214-2610,https://www.evexipel.com/hormone-replacement-therapy-provider/bertoli-health-wellness-henderson-nv/,
Complete Care OBGYN,1528 W Warm Springs Rd Ste 100,Henderson,NV,89014,"1528 W Warm Springs Rd Ste 100 Henderson, NV 89014",(702) 935-6693,https://www.evexipel.com/hormone-replacement-therapy-provider/complete-care-obgyn-henderson-nv/,
Enrich Wellness,2405 W Horizon Ridge Pkwy Ste 100,Henderson,NV,89052,"2405 W Horizon Ridge Pkwy Ste 100 Henderson, NV 89052",(725) 444-4591,https://www.evexipel.com/hormone-replacement-therapy-provider/enrich-wellness-henderson-nv/,
Lightning VIP,2920 N Green Valley Pkwy Ste 812 Bldg 8,Henderson,NV,89014,"2920 N Green Valley Pkwy Ste 812 Bldg 8 Henderson, NV 89014",(725) 726-8392,https://www.evexipel.com/hormone-replacement-therapy-provider/lightning-vip-henderson-nv/,
Wellness Weightloss & Bioidentical HRT,10624 South Eastern Avenue Suite,Henderson,NV,89052,"10624 South Eastern Avenue Suite H Henderson, NV 89052",(725) 444-9985,https://www.evexipel.com/hormone-replacement-therapy-provider/wellness-weightloss-bioidentical-hrt-henderson-nv/,
"Xena Health, LLC",301 N. Pecos Road Suite,Henderson,NV,89074,"301 N. Pecos Road Suite F Henderson, NV 89074",(725) 266-8821,https://www.evexipel.com/hormone-replacement-therapy-provider/xena-health-llc-henderson-nv/,
AP Medical Group Iroha PLLC,2110 E Flamingo Rd Ste 100,Las Vegas,NV,89119,"2110 E Flamingo Rd Ste 100 Las Vegas, NV 89119",(702) 842-2143,https://www.evexipel.com/hormone-replacement-therapy-provider/ap-medical-group-iroha-pllc-las-vegas-nv/,
Asbury and Associates Health Care LLC,2400 W. Charleston Blvd Suite,Las Vegas,NV,89102,"2400 W. Charleston Blvd Suite Las Vegas, NV 89102",(702) 819-9901,https://www.evexipel.com/hormone-replacement-therapy-provider/asbury-and-associates-health-care-llc-las-vegas-nv/,
Atlas Health Institute,6930 S. Cimarron Rd Suite 220,Las Vegas,NV,89113,"6930 S. Cimarron Rd Suite 220 Las Vegas, NV 89113",(725) 223-1207,https://www.evexipel.com/hormone-replacement-therapy-provider/atlas-health-institute-las-vegas-nv/,
Center for Wellness and Pain Care,6930 S Cimarron Rd STE 260,Las Vegas,NV,89113,"6930 S Cimarron Rd STE 260 Las Vegas, NV 89113",(725) 213-9037,https://www.evexipel.com/hormone-replacement-therapy-provider/center-for-wellness-and-pain-care-las-vegas-nv/,
Dr Guita Tabassi OB/GYN,6970 S. Cimarron Rd. Ste 230,Las Vegas,NV,89113,"6970 S. Cimarron Rd. Ste 230 Las Vegas, NV 89113",(702) 935-6412,https://www.evexipel.com/hormone-replacement-therapy-provider/dr-guita-tabassi-obgyn-las-vegas-nv/,
Dr. K Beauty Lv,7710 W Sahara Ave Ste,Las Vegas,NV,89117,"7710 W Sahara Ave Ste 102C Las Vegas, NV 89117",(725) 208-5006,https://www.evexipel.com/hormone-replacement-therapy-provider/dr-k-beauty-lv-las-vegas-nv/,
Elever Aesthetics and Wellness,365 E Windmill Ln Ste 200,Las Vegas,NV,89123,"365 E Windmill Ln Ste 200 Las Vegas, NV 89123",(725) 666-1243,https://www.evexipel.com/hormone-replacement-therapy-provider/elever-aesthetics-and-wellness-las-vegas-nv/,
EverReady Health,8828 Mohawk St Ste 100,Las Vegas,NV,89139,"8828 Mohawk St Ste 100 Las Vegas, NV 89139",(725) 529-9409,https://www.evexipel.com/hormone-replacement-therapy-provider/everready-health-las-vegas-nv/,
Malama Wellness,4020 E Russell Rd,Las Vegas,NV,89120,"4020 E Russell Rd Las Vegas, NV 89120",(725) 373-2924,https://www.evexipel.com/hormone-replacement-therapy-provider/malama-wellness-las-vegas-nv/,
Medicis Primary Care,750 N Eastern Ave # 100,Las Vegas,NV,89101,"750 N Eastern Ave # 100 Las Vegas, NV 89101",(702) 905-1293,https://www.evexipel.com/hormone-replacement-therapy-provider/medicis-primary-care-las-vegas-nv/,
Nurse Navi Tox Shop,2620 Regatta Dr,Las Vegas,NV,89128,"2620 Regatta Dr #218 Las Vegas, NV 89128",(916) 237-8203,https://www.evexipel.com/hormone-replacement-therapy-provider/nurse-navi-tox-shop-las-vegas-nv/,
Ortho Las Vegas,9159 W Flamingo Rd Ste 100,Las Vegas,NV,89147,"9159 W Flamingo Rd Ste 100 Las Vegas, NV 89147",(725) 800-7450,https://www.evexipel.com/hormone-replacement-therapy-provider/ortho-las-vegas-nv/,
Synaptic Sports & Longevity,3090 S Durango Dr Ste,Las Vegas,NV,89117,"3090 S Durango Dr Ste 200A Las Vegas, NV 89117",(973) 604-4337,https://www.evexipel.com/hormone-replacement-therapy-provider/synaptic-sports-longevity-las-vegas-nv/,
Turtle Healing Band Clinic,2121 East Flamingo Rd Ste 112,Las Vegas,NV,89119,"2121 East Flamingo Rd Ste 112 Las Vegas, NV 89119",(702) 996-3126,https://www.evexipel.com/hormone-replacement-therapy-provider/turtle-healing-band-clinic-las-vegas-nv/,
Rejuve Hormone Balancing and Wellness,190 E Mesquite Blvd Unit,Mesquite,NV,89027,"190 E Mesquite Blvd Unit P Mesquite, NV 89027",(775) 571-6307,https://www.evexipel.com/hormone-replacement-therapy-provider/rejuve-hormone-balancing-and-wellness-mesquite-nv/,
Estevez Aesthetics,4020,Pecos McLeod Las Vegas,NV,89121,"4020 Pecos McLeod Las Vegas, NV 89121",(725) 228-8450,https://www.evexipel.com/hormone-replacement-therapy-provider/estevez-aesthetics-las-vegas-nv/,
Advanced Wellness Solutions,305 W. Moana Lane STE,Reno,NV,89509,"305 W. Moana Lane STE B3 Reno, NV 89509",(775) 413-2313,https://www.evexipel.com/hormone-replacement-therapy-provider/advanced-wellness-solutions-reno-nv/,
Anora Beauty,577 S Meadows Pkwy Ste 200 Sp 3,Reno,NV,89521,"577 S Meadows Pkwy Ste 200 Sp 3 Reno, NV 89521",(775) 363-6665,https://www.evexipel.com/hormone-replacement-therapy-provider/anora-beauty-reno-nv/,
DECON- Diabetes and Endocrine Ctr of NV,5444 Reno Corporate Dr,Reno,NV,89511,"5444 Reno Corporate Dr Reno, NV 89511",(775) 382-3323,https://www.evexipel.com/hormone-replacement-therapy-provider/decon-diabetes-and-endocrine-ctr-of-nv-reno-nv/,
Ideal Medical Advanced Hormone Therapy,150 Country Estates Cr Ste 102,Reno,NV,89511,"150 Country Estates Cr Ste 102 Reno, NV 89511",(775) 382-7337,https://www.evexipel.com/hormone-replacement-therapy-provider/ideal-medical-advanced-hormone-therapy-reno-nv/,
Modern Aesthetics and Wellness,770 Smithridge Dr Ste 200,Reno,NV,89502,"770 Smithridge Dr Ste 200 Reno, NV 89502",(775) 256-8180,https://www.evexipel.com/hormone-replacement-therapy-provider/modern-aesthetics-and-wellness-reno-nv/,
Reno Integrative Health and Wellness,343 Elm St Ste 401,Reno,NV,89503,"343 Elm St Ste 401 Reno, NV 89503",(775) 380-8485,https://www.evexipel.com/hormone-replacement-therapy-provider/reno-integrative-health-and-wellness-reno-nv/,
Reno Tahoe Plastic Surgery & Mspa,5530 Kietzke Ln,Reno,NV,89511,"5530 Kietzke Ln Reno, NV 89511",(775) 347-7704,https://www.evexipel.com/hormone-replacement-therapy-provider/reno-tahoe-plastic-surgery-mspa-reno-nv/,
Sage & Sol Wellness,9333 Double R Blvd Ste 100,Reno,NV,89521,"9333 Double R Blvd Ste 100 Reno, NV 89521",(775) 269-5456,https://www.evexipel.com/hormone-replacement-therapy-provider/sage-sol-wellness-reno-nv/,
Serenity Family Healthcare,239 Linden St,Reno,NV,89502,"239 Linden St Reno, NV 89502",(775) 510-3382,https://www.evexipel.com/hormone-replacement-therapy-provider/serenity-family-healthcare-reno-nv/,
The Swift Institute,9480 Double Diamond Pkwy Ste 200,Reno,NV,89521,"9480 Double Diamond Pkwy Ste 200 Reno, NV 89521",(775) 593-7710,https://www.evexipel.com/hormone-replacement-therapy-provider/the-swift-institute-reno-nv/,
Comprehensive Family Wellness,2321 Pyramid Way Suite,Sparks,NV,89431,"2321 Pyramid Way Suite A Sparks, NV 89431",(775) 526-3790,https://www.evexipel.com/hormone-replacement-therapy-provider/comprehensive-family-wellness-sparks-nv/,
TLC Family Wellness,1001 Pyramid Highway Suite 206,Sparks,NV,89431,"1001 Pyramid Highway Suite 206 Sparks, NV 89431",(775) 618-9567,https://www.evexipel.com/hormone-replacement-therapy-provider/tlc-family-wellness-sparks-nv/,
"Robbie Grant, Do",395 West Minor St,Winnemucca,NV,89446,"395 West Minor St Winnemucca, NV 89446",(775) 587-1968,https://www.evexipel.com/hormone-replacement-therapy-provider/robbie-grant-do-winnemucca-nv/,
Carmelina Iasillo NP In Family Health,77 Pondfield Rd Ste,2F3 Bronxville,NY,10708,"77 Pondfield Rd Ste 2F3 Bronxville, NY 10708",(845) 523-6623,https://www.evexipel.com/hormone-replacement-therapy-provider/carmelina-iasillo-np-in-family-health-bronxville-ny/,
Renaissance Medical,220 East 63rd Street,Apt LH New York,NY,10065,"220 East 63rd Street Apt LH New York, NY 10065",(646) 652-7368,https://www.evexipel.com/hormone-replacement-therapy-provider/renaissance-medical-new-york-ny/,
"Sarah Schwartz M.D., PLLC",484 W Main St,Babylon,NY,11702,"484 W Main St Babylon, NY 11702",(631) 823-7032,https://www.evexipel.com/hormone-replacement-therapy-provider/sarah-schwartz-md-pllc-babylon-ny/,
Amaks Beauty Labs,1934A Williamsbridge Rd,Bronx,NY,10461,"1934A Williamsbridge Rd Bronx, NY 10461",(984) 257-4111,https://www.evexipel.com/hormone-replacement-therapy-provider/amaks-beauty-labs-bronx-ny/,
Alexander Golberg Physician PC,2361 East 14th Street,Brooklyn,NY,11229,"2361 East 14th Street Brooklyn, NY 11229",(551) 214-1592,https://www.evexipel.com/hormone-replacement-therapy-provider/alexander-golberg-physician-pc-brooklyn-ny/,
Forever Iuvenis Corp,517 53rd St,Brooklyn,NY,11220,"517 53rd St Brooklyn, NY 11220",(929) 560-2631,https://www.evexipel.com/hormone-replacement-therapy-provider/forever-iuvenis-corp-brooklyn-ny/,
L'Elite MediSpa,754 Nostrand Ave,Brooklyn,NY,11216,"754 Nostrand Ave Brooklyn, NY 11216",(908) 460-5331,https://www.evexipel.com/hormone-replacement-therapy-provider/lelite-medispa-brooklyn-ny/,
Seven Hills Medical Services PC,1184 E 87th St,Brooklyn,NY,11236,"1184 E 87th St Brooklyn, NY 11236",(862) 766-6841,https://www.evexipel.com/hormone-replacement-therapy-provider/seven-hills-medical-services-pc-brooklyn-ny/,
Wei Yan Tan Physician,5521 8th Ave Ste,Brooklyn,NY,11220,"5521 8th Ave Ste 3F Brooklyn, NY 11220",(551) 305-4576,https://www.evexipel.com/hormone-replacement-therapy-provider/wei-yan-tan-physician-brooklyn-ny/,
NuWave Medical PLLC,283 Commack Road STE 115,Commack,NY,11725,"283 Commack Road STE 115 Commack, NY 11725",(631) 206-5278,https://www.evexipel.com/hormone-replacement-therapy-provider/nuwave-medical-pllc-commack-ny/,
A Nu U Aesthetics,128 Ashford Avenue Ste 14,Dobbs Ferry,NY,10522,"128 Ashford Avenue Ste 14 Dobbs Ferry, NY 10522",(845) 712-4988,https://www.evexipel.com/hormone-replacement-therapy-provider/a-nu-u-aesthetics-tarrytown-ny/,
Leva Medical P.C.,9406 59Th Ave Ste,E-9 Elmhurst,NY,11373,"9406 59Th Ave Ste E-9 Elmhurst, NY 11373",(973) 406-4177,https://www.evexipel.com/hormone-replacement-therapy-provider/leva-medical-pc-elmhurst-ny/,
Serenova Wellness LLC,253 Main Street Suite 7,East Aurora,NY,14052,"253 Main Street Suite 7 East Aurora, NY 14052",(716) 703-1759,https://www.evexipel.com/hormone-replacement-therapy-provider/serenova-wellness-llc-east-aurora-ny/,
Form & Function Aesthetics and Wellness,325 Merrick Ave Suite 200,East Meadow,NY,11554,"325 Merrick Ave Suite 200 East Meadow, NY 11554",(516) 219-1099,https://www.evexipel.com/hormone-replacement-therapy-provider/form-function-aesthetics-and-wellness-east-meadow-ny/,
"Aveil Medical, P.C.",1031 Oyster Bay Rd,East Norwich,NY,11732,"1031 Oyster Bay Rd East Norwich, NY 11732",(914) 690-7872,https://www.evexipel.com/hormone-replacement-therapy-provider/aveil-medical-pc-east-norwich-ny/,
Ortho Med Spa,729 Elmont Rd,Elmont,NY,11003,"729 Elmont Rd Elmont, NY 11003",(631) 206-6023,https://www.evexipel.com/hormone-replacement-therapy-provider/ortho-med-spa-elmont-ny/,
Cura Health P.C.,24912 Jericho Turnpike Suite 200,Floral Park,NY,11001,"24912 Jericho Turnpike Suite 200 Floral Park, NY 11001",(631) 212-1549,https://www.evexipel.com/hormone-replacement-therapy-provider/cura-health-pc-floral-park-ny/,
Advanced Women's Health OBGYN,13-347 Sanford Ave Sanford Tower Ste,Flushing,NY,11355,"13-347 Sanford Ave Sanford Tower Ste 1B Flushing, NY 11355",(631) 201-5882,https://www.evexipel.com/hormone-replacement-therapy-provider/advanced-womens-health-obgyn-flushing-ny/,
"Claudia and Steven Ravins M.D., P.C.",7010 Austin St Ste 200,Forest Hills,NY,11375,"7010 Austin St Ste 200 Forest Hills, NY 11375",(551) 250-6378,https://www.evexipel.com/hormone-replacement-therapy-provider/claudia-and-steven-ravins-md-pc-forest-hills-ny/,
The Beauty Cellar NY,7125 171ST ST,Fresh Meadows,NY,11365,"7125 171ST ST Fresh Meadows, NY 11365",(934) 300-5487,https://www.evexipel.com/hormone-replacement-therapy-provider/the-beauty-cellar-ny-new-hyde-park-ny/,
Artistry Wellness & MedSpa,1615 Northern Blvd Suite,GR8 Manhasset,NY,11030,"1615 Northern Blvd Suite GR8 Manhasset, NY 11030",(646) 917-9504,https://www.evexipel.com/hormone-replacement-therapy-provider/artistry-wellness-medspa-manhasset-ny/,
Garden City Medical & Wellness Spa,317C Nassau Blvd,Garden City,NY,11530,"317C Nassau Blvd Garden City, NY 11530",(475) 252-5292,https://www.evexipel.com/hormone-replacement-therapy-provider/garden-city-medical-wellness-spa-garden-city-ny/,
SD Medical Arts Great Neck,1000 Northern Blvd Ste 240,Great Neck,NY,11021,"1000 Northern Blvd Ste 240 Great Neck, NY 11021",(516) 928-6183,https://www.evexipel.com/hormone-replacement-therapy-provider/sd-medical-arts-great-neck-ny/,
Vibrance 360,25 Northern Blvd Ste 2,Greenvale,NY,11548,"25 Northern Blvd Ste 2 Greenvale, NY 11548",(934) 300-5180,https://www.evexipel.com/hormone-replacement-therapy-provider/vibrance-360-greenvale-ny/,
Rejuv Aesthetics & Wellness Spa,536 Route 111,Hauppauge,NY,11788,"536 Route 111 Hauppauge, NY 11788",(631) 998-7095,https://www.evexipel.com/hormone-replacement-therapy-provider/rejuv-aesthetics-wellness-spa-hauppauge-ny/,
Blaine Plastic Surgery,"775 Park Avenue, Suite 205",Huntington,NY,11743,"775 Park Avenue, Suite 205 Huntington, NY 11743",(631) 502-5095,https://www.evexipel.com/hormone-replacement-therapy-provider/blaine-plastic-surgery-huntington-ny/,
CosmoPlastic Surgery,500 N. Broadway Suite 200,Jericho,NY,11753,"500 N. Broadway Suite 200 Jericho, NY 11753",(516) 973-2144,https://www.evexipel.com/hormone-replacement-therapy-provider/cosmoplastic-surgery-jericho-ny/,
Virtual Skinspa,500 N Broadway Suite,Jericho,NY,11753,"500 N Broadway Suite 142A Jericho, NY 11753",(631) 646-1465,https://www.evexipel.com/hormone-replacement-therapy-provider/virtual-skinspa-jericho-ny/,
Tuscan Sun - Latham,982 Loudon Road,Latham,NY,12110,"982 Loudon Road Latham, NY 12110",(518) 684-7428,https://www.evexipel.com/hormone-replacement-therapy-provider/tuscan-sun-latham-ny/,
Wellness Physician PC – Forest Hills,7111 110th Street,Lobby LL Forest Hills,NY,11375,"7111 110th Street Lobby LL Forest Hills, NY 11375",(718) 808-6439,https://www.evexipel.com/hormone-replacement-therapy-provider/wellness-physician-pc-forest-hills-ny/,
Serenity Medical Consulting,9 Oyster Bay Rd,Locust Valley,NY,11560,"9 Oyster Bay Rd Locust Valley, NY 11560",(516) 518-7928,https://www.evexipel.com/hormone-replacement-therapy-provider/serenity-medical-consulting-locust-valley-ny/,
Sii Bello Beauty Bar,543 B Main St,Medina,NY,14103,"543 B Main St Medina, NY 14103",(585) 501-2165,https://www.evexipel.com/hormone-replacement-therapy-provider/sii-bello-beauty-bar-medina-ny/,
Ideal Esthetics,900 Walt Whitman Rd Suite 308,Melville,NY,11747,"900 Walt Whitman Rd Suite 308 Melville, NY 11747",(631) 237-9502,https://www.evexipel.com/hormone-replacement-therapy-provider/ideal-esthetics-melville-ny/,
Gerald Acker MD:Boost Your Beauty Medispa,2159 Merrick Road,Merrick,NY,11566,"2159 Merrick Road Merrick, NY 11566",(631) 337-8024,https://www.evexipel.com/hormone-replacement-therapy-provider/gerald-acker-mdboost-your-beauty-medispa-merrick-ny/,
Vital Medical Care Aesthetics PC.,2209 Merrick Road Ste 202,Merrick,NY,11566,"2209 Merrick Road Ste 202 Merrick, NY 11566",(914) 677-1935,https://www.evexipel.com/hormone-replacement-therapy-provider/vital-medical-care-aesthetics-pc-merrick-ny/,
Impact Health,1133 Westchester Ave Ste,N-010 White Plains,NY,10604,"1133 Westchester Ave Ste N-010 White Plains, NY 10604",(551) 296-7048,https://www.evexipel.com/hormone-replacement-therapy-provider/impact-health-white-plains-ny/,
ADVITAM Metabolic Medicine,535 5th Ave 33rd Floor,New York,NY,10017,"535 5th Ave 33rd Floor New York, NY 10017",(646) 793-9735,https://www.evexipel.com/hormone-replacement-therapy-provider/advitam-metabolic-medicine-new-york-ny/,
Alexander Golberg PC - Manhattan,910 Park Avenue,New York,NY,10075,"910 Park Avenue New York, NY 10075",(646) 718-5509,https://www.evexipel.com/hormone-replacement-therapy-provider/alexander-golberg-pc-manhattan-new-york-ny/,
"BESO Management, LLC - BESO Aesthetics",1049 5th Ave Suite,New York,NY,10028,"1049 5th Ave Suite 1A New York, NY 10028",(862) 684-4912,https://www.evexipel.com/hormone-replacement-therapy-provider/beso-management-llc-beso-aesthetics-new-york-ny/,
Calla Women's Health,162 E. 78Th Street Floor 3,New York,NY,10075,"162 E. 78Th Street Floor 3 New York, NY 10075",(332) 239-6607,https://www.evexipel.com/hormone-replacement-therapy-provider/calla-womens-health-new-york-ny/,
Liondale Medical,10 W 74TH STREET STE 1E Suite,New York,NY,10023,"10 W 74TH STREET STE 1E Suite 1E New York, NY 10023",(862) 800-2534,https://www.evexipel.com/hormone-replacement-therapy-provider/liondale-medical-new-york-ny/,
Midtown Medical Solutions,111 John Street Ste 1450,New York,NY,10038,"111 John Street Ste 1450 New York, NY 10038",(914) 530-0329,https://www.evexipel.com/hormone-replacement-therapy-provider/midtown-medical-solutions-new-york-ny/,
SD Medical Arts New York,16 East 52Nd Street Ste 801,New York,NY,10022,"16 East 52Nd Street Ste 801 New York, NY 10022",(917) 540-7343,https://www.evexipel.com/hormone-replacement-therapy-provider/sd-medical-arts-new-york-ny/,
Wellness Physician PC,22215,"Northern Blvd, Lobby A Bayside",NY,11361,"22215 Northern Blvd, Lobby A Bayside, NY 11361",(718) 395-2653,https://www.evexipel.com/hormone-replacement-therapy-provider/wellness-physician-pc-bayside-ny/,
FJP Family Health Nurse Practitioner,351 Dennis Street,Oceanside,NY,11572,"351 Dennis Street Oceanside, NY 11572",(516) 206-6913,https://www.evexipel.com/hormone-replacement-therapy-provider/fjp-family-health-nurse-practitioner-oceanside-ny/,
Oasis Integrative Medicine,716 Patchogue Rd Route 112,Port Jefferson Station,NY,11776,"716 Patchogue Rd Route 112 Port Jefferson Station, NY 11776",(631) 910-6251,https://www.evexipel.com/hormone-replacement-therapy-provider/oasis-integrative-medicine-port-jefferson-station-ny/,
Adirondack Total Care,5 Main Street Suite,Queensbury,NY,12804,"5 Main Street Suite #6 Queensbury, NY 12804",(518) 632-7080,https://www.evexipel.com/hormone-replacement-therapy-provider/adirondack-total-care-west-glens-falls-ny/,
Dr Madonna Tomani,1815 S Clinton Ave Ste 450,Rochester,NY,14618,"1815 S Clinton Ave Ste 450 Rochester, NY 14618",(315) 791-1513,https://www.evexipel.com/hormone-replacement-therapy-provider/dr-madonna-tomani-rochester-ny/,
Nicole Frontera Family Health,104-02 Rockaway Beach Blvd,Rockaway Park,NY,11694,"104-02 Rockaway Beach Blvd Rockaway Park, NY 11694",(862) 253-0142,https://www.evexipel.com/hormone-replacement-therapy-provider/nicole-frontera-family-health-rockaway-park-ny/,
Greenwich Medical Spa - Scarsdale,1132 Wilmot Rd,Scarsdale,NY,10583,"1132 Wilmot Rd Scarsdale, NY 10583",(845) 712-4147,https://www.evexipel.com/hormone-replacement-therapy-provider/greenwich-medical-spa-scarsdale-ny/,
Healthwell Family Health PC,6860 108Th Street Ste,Sl1 Forest Hills,NY,11375,"6860 108Th Street Ste Sl1 Forest Hills, NY 11375",(845) 643-2239,https://www.evexipel.com/hormone-replacement-therapy-provider/healthwell-family-health-pc-forest-hills-ny/,
Liquid Luxury Aesthetics,1030 W Jericho Tpke. Suite 6,Smithtown,NY,11787,"1030 W Jericho Tpke. Suite 6 Smithtown, NY 11787",(631) 430-5723,https://www.evexipel.com/hormone-replacement-therapy-provider/liquid-luxury-aesthetics-smithtown-ny/,
Sono Med Spa,329 East Main Street Ste 2,Smithtown,NY,11787,"329 East Main Street Ste 2 Smithtown, NY 11787",(631) 710-7526,https://www.evexipel.com/hormone-replacement-therapy-provider/sono-med-spa-smithtown-ny/,
360Med,31 Tioga St,Staten Island,NY,10301,"31 Tioga St Staten Island, NY 10301",(908) 460-8066,https://www.evexipel.com/hormone-replacement-therapy-provider/360med-staten-island-ny/,
Chi Aesthetics Medspa and Wellness,720 Forest Avenue,Staten Island,NY,10310,"720 Forest Avenue Staten Island, NY 10310",(631) 651-6135,https://www.evexipel.com/hormone-replacement-therapy-provider/chi-aesthetics-medspa-and-wellness-staten-island-ny/,
Reforma,2955 Veterans Rd W Ste,Staten Island,NY,10309,"2955 Veterans Rd W Ste 2F Staten Island, NY 10309",(848) 274-2894,https://www.evexipel.com/hormone-replacement-therapy-provider/reforma-staten-island-ny/,
"Total Wellness Medical Services, LLC",115 Eileen Way,Syosset,NY,11791,"115 Eileen Way Syosset, NY 11791",(631) 817-3060,https://www.evexipel.com/hormone-replacement-therapy-provider/total-wellness-medical-services-llc-syosset-ny/,
Shapiro Md Health & Wellness,4 Westchester Park Dr Ste 210,West Harrison,NY,10604,"4 Westchester Park Dr Ste 210 West Harrison, NY 10604",(914) 219-6822,https://www.evexipel.com/hormone-replacement-therapy-provider/shapiro-md-health-wellness-white-plains-ny/,
Alluring Age Anti-Aging & Wellness Center,400 Montauk Highway Suite 106,West Islip,NY,11795,"400 Montauk Highway Suite 106 West Islip, NY 11795",(631) 529-1379,https://www.evexipel.com/hormone-replacement-therapy-provider/alluring-age-anti-aging-wellness-center-west-islip-ny/,
Elite Beauty by Michelle LLC,392 Mamaroneck Avenue,White Plains,NY,10605,"392 Mamaroneck Avenue White Plains, NY 10605",(551) 250-6195,https://www.evexipel.com/hormone-replacement-therapy-provider/elite-beauty-by-michelle-llc-white-plains-ny/,
Pur Life Medical - Woodbury,116 Woodbury Rd,Woodbury,NY,11797,"116 Woodbury Rd Woodbury, NY 11797",(516) 212-7703,https://www.evexipel.com/hormone-replacement-therapy-provider/pur-life-medical-woodbury-ny/,
Lotus Wellness And Medspa,251 W Garfield Rd Suite 290,Aurora,OH,44202,"251 W Garfield Rd Suite 290 Aurora, OH 44202",(440) 493-1497,https://www.evexipel.com/hormone-replacement-therapy-provider/lotus-wellness-and-medspa-aurora-oh/,https://share.google/5W58XAab5h7H6lwvN
Radiant Divine Llc (Avon),33568 Detroit Rd,Avon,OH,44011,"33568 Detroit Rd Avon, OH 44011",(440) 586-3587,https://www.evexipel.com/hormone-replacement-therapy-provider/radiant-divine-llc-avon-oh/,
Radiant Divine Medical Spa (Brecksville),7005 S Edgerton Rd Ste 100,Brecksville,OH,44141,"7005 S Edgerton Rd Ste 100 Brecksville, OH 44141",(440) 671-1681,https://www.evexipel.com/hormone-replacement-therapy-provider/radiant-divine-medical-spa-brecksville-oh/,
Be Well Be Beautiful,4853 Darbyshire Ct,Canfield,OH,44406,"4853 Darbyshire Ct Canfield, OH 44406",(878) 222-3557,https://www.evexipel.com/hormone-replacement-therapy-provider/be-well-be-beautiful-youngstown-oh/,https://www.google.com/search?q=Be+Well+By+Mia&stick=H4sIAAAAAAAA_-NgU1I1qLCwMDZOS0pOSTUFkpbGplYGFUZJhqlGxgaGlsmpqQZpSRaLWPmcUhXCU3NyFJwqFXwzEwElDtcOOgAAAA&hl=en&mat=CXL7slGFD5s4ElMBTVDHnmsjrWZF8xpIqfZS1mRkfYG7Xwx_HtWEsnDqoLdftig7coByCvJyBh9med809Aq7Y0yia
Beautibar,27 W 2Nd St Ste 103,Chillicothe,OH,45601,"27 W 2Nd St Ste 103 Chillicothe, OH 45601",(937) 365-9548,https://www.evexipel.com/hormone-replacement-therapy-provider/beautibar-chillicothe-oh/,
Chillicothe Medical Solutions,220 N Plaza Boulevard,Chillicothe,OH,45601,"220 N Plaza Boulevard Chillicothe, OH 45601",(740) 675-8707,https://www.evexipel.com/hormone-replacement-therapy-provider/chillicothe-medical-solutions-chillicothe-oh/,
Elevate IV Hydration & Aesthetics,20 E 2nd St,Chillicothe,OH,45601,"20 E 2nd St Chillicothe, OH 45601",(740) 495-6668,https://www.evexipel.com/hormone-replacement-therapy-provider/elevate-iv-hydration-aesthetics-chillicothe-oh/,
Cornerstone Integrated Health & Wellness,24 Compton Road Ste,Cincinnati,OH,45216,"24 Compton Road Ste 205C Cincinnati, OH 45216",(812) 577-9677,https://www.evexipel.com/hormone-replacement-therapy-provider/cornerstone-integrated-health-wellness-cincinnati-oh/,
"Nuiq Wellness, Llc",5450 Detroit Ave,Cleveland,OH,44102,"5450 Detroit Ave Cleveland, OH 44102",(440) 740-3728,https://www.evexipel.com/hormone-replacement-therapy-provider/nuiq-wellness-llc-cleveland-oh/,https://share.google/XRHSqO4czgbIUI4KF
Akribis Veins & Vitality,121 W Wilson Bridge Rd Ste 310,Columbus,OH,43085,"121 W Wilson Bridge Rd Ste 310 Columbus, OH 43085",(614) 591-7216,https://www.evexipel.com/hormone-replacement-therapy-provider/akribis-veins-vitality-worthington-oh/,
MediMorph - Columbus Ohio,2054 Polaris Pkwy,Columbus,OH,43240,"2054 Polaris Pkwy Columbus, OH 43240",(937) 721-2515,https://www.evexipel.com/hormone-replacement-therapy-provider/medimorph-columbus-ohio-columbus-oh/,
"Elevate You, LLC",3313 Seajay Drive,Dayton,OH,45430,"3313 Seajay Drive Dayton, OH 45430",(859) 484-8718,https://www.evexipel.com/hormone-replacement-therapy-provider/elevate-you-llc-beavercreek-oh/,
4 You Llc.,562 W. Central Ave.,Delaware,OH,43015,"562 W. Central Ave. Delaware, OH 43015",(220) 666-0147,https://www.evexipel.com/hormone-replacement-therapy-provider/4-you-llc-delaware-oh/,
Simply Sculpt,121 Mill St Ste 128,Gahanna,OH,43230,"121 Mill St Ste 128 Gahanna, OH 43230",(740) 720-5712,https://www.evexipel.com/hormone-replacement-therapy-provider/simply-sculpt-gahanna-oh/,
Astria Aesthetics,2045 Stringtown Rd,Grove City,OH,43123,"2045 Stringtown Rd Grove City, OH 43123",(380) 270-2285,https://www.evexipel.com/hormone-replacement-therapy-provider/astria-aesthetics-grove-city-oh/,
Frontier Wellness LLC,3763 Hamilton Cleves Rd,Hamilton,OH,45013,"3763 Hamilton Cleves Rd Hamilton, OH 45013",(765) 253-6473,https://www.evexipel.com/hormone-replacement-therapy-provider/frontier-wellness-llc-hamilton-oh/,
"Medical Spa Np, Llc (Lancaster, Oh)",2686 N Columbus St Ste 101,Lancaster,OH,43130,"2686 N Columbus St Ste 101 Lancaster, OH 43130",(740) 276-2925,https://www.evexipel.com/hormone-replacement-therapy-provider/medical-spa-np-llc-lancaster-oh-lancaster-oh/,
RYLA Health,2323 Allentown Rd. Suite,Lima,OH,45805,"2323 Allentown Rd. Suite H Lima, OH 45805",(419) 408-4853,https://www.evexipel.com/hormone-replacement-therapy-provider/ryla-health-lima-oh/,
The Vitality House,3643 Shawnee Rd,Lima,OH,45806,"3643 Shawnee Rd Lima, OH 45806",(419) 863-3496,https://www.evexipel.com/hormone-replacement-therapy-provider/the-vitality-house-lima-oh/,
"Renew Wellness and Aesthetics, LLC",7 S Main St,London,OH,43140,"7 S Main St London, OH 43140",(740) 273-6097,https://www.evexipel.com/hormone-replacement-therapy-provider/renew-wellness-and-aesthetics-llc-london-oh/,
4 You Llc. - Marion,1112 Mount Vernon Ave,Marion,OH,43302,"1112 Mount Vernon Ave Marion, OH 43302",(567) 908-2704,https://www.evexipel.com/hormone-replacement-therapy-provider/4-you-llc-marion-oh/,
"Functional Endocrinology (FUNCDE, LLC)",969 Reading Rd Ste N,Mason,OH,45040,"969 Reading Rd Ste N Mason, OH 45040",(513) 586-6021,https://www.evexipel.com/hormone-replacement-therapy-provider/functional-endocrinology-funcde-llc-mason-oh/,
"Medimorph, Llc - Mason",9313 S Mason Montgomery Rd Ste 250,Mason,OH,45040,"9313 S Mason Montgomery Rd Ste 250 Mason, OH 45040",(513) 433-3581,https://www.evexipel.com/hormone-replacement-therapy-provider/medimorph-llc-mason-oh/,
Radiant Divine Llc (Medina),2736 Medina Rd Ste,Medina,OH,44256,"2736 Medina Rd Ste 211C Medina, OH 44256",(330) 304-4363,https://www.evexipel.com/hormone-replacement-therapy-provider/radiant-divine-llc-medina-oh/,
Lucy's Laser & Medspa,8806 Mentor Ave Unit,Mentor,OH,44060,"8806 Mentor Ave Unit G Mentor, OH 44060",(440) 750-2858,https://www.evexipel.com/hormone-replacement-therapy-provider/lucys-laser-medspa-mentor-oh/,
Modern Beauty Aesthetics and Wellness,115,North Main Bellefontaine,OH,43311,"115 North Main Bellefontaine, OH 43311",(937) 984-2042,https://www.evexipel.com/hormone-replacement-therapy-provider/modern-beauty-aesthetics-and-wellness-bellefontaine-oh/,
The Cru Clinic,2153 Stumbo Rd,Ontario,OH,44906,"2153 Stumbo Rd Ontario, OH 44906",(419) 871-4739,https://www.evexipel.com/hormone-replacement-therapy-provider/the-cru-clinic-ontario-oh/,
Astria Aesthetics - Pickerington,1505 Stonecreek Dr S Ste 104,Pickerington,OH,43147,"1505 Stonecreek Dr S Ste 104 Pickerington, OH 43147",(380) 666-4113,https://www.evexipel.com/hormone-replacement-therapy-provider/astria-aesthetics-pickerington-oh/,
Vitality Aesthetics and Wellness,200 E Main St,Pomeroy,OH,45769,"200 E Main St Pomeroy, OH 45769",(740) 875-2948,https://www.evexipel.com/hormone-replacement-therapy-provider/vitality-aesthetics-and-wellness-pomeroy-oh/,
Southern Ohio Medical Center,1735 27th St Waller Bldg - Suite 308,Portsmouth,OH,45662,"1735 27th St Waller Bldg - Suite 308 Portsmouth, OH 45662",(740) 715-3933,https://www.evexipel.com/hormone-replacement-therapy-provider/southern-ohio-medical-center-portsmouth-oh/,
Central Ohio Aesthetics Clinic Llc,7500 Sawmill Pkwy,Powell,OH,43065,"7500 Sawmill Pkwy Powell, OH 43065",(740) 690-3651,https://www.evexipel.com/hormone-replacement-therapy-provider/central-ohio-aesthetics-clinic-llc-powell-oh/,
"Med Spa At Sandusky Wellness, Llc",3703 Columbus Ave Suite,Sandusky,OH,44870,"3703 Columbus Ave Suite B Sandusky, OH 44870",(419) 853-8411,https://www.evexipel.com/hormone-replacement-therapy-provider/med-spa-at-sandusky-wellness-llc-sandusky-oh/,
Unmasked Aesthetics,415 Glensprings Dr. Suite 102,Springdale,OH,45246,"415 Glensprings Dr. Suite 102 Springdale, OH 45246",(513) 877-6335,https://www.evexipel.com/hormone-replacement-therapy-provider/unmasked-aesthetics-cincinnati-oh/,
The Bowen Center for Women's Health,11317,Springfield Pike Springdale,OH,45246,"11317 Springfield Pike Springdale, OH 45246",(812) 496-2225,https://www.evexipel.com/hormone-replacement-therapy-provider/the-bowen-center-for-womens-health-springdale-oh/,
Brilliant Aesthetics LLC,11221 Pearl Rd Ste 8,Strongsville,OH,44136,"11221 Pearl Rd Ste 8 Strongsville, OH 44136",(234) 803-9502,https://www.evexipel.com/hormone-replacement-therapy-provider/brilliant-aesthetics-llc-strongsville-oh/,
EVOLV Plastic Surgery & Medical Aesthetic,2000 Regency Court Ste 204,Toledo,OH,43623,"2000 Regency Court Ste 204 Toledo, OH 43623",(567) 402-5969,https://www.evexipel.com/hormone-replacement-therapy-provider/evolv-plastic-surgery-medical-aesthetic-toledo-oh/,
The Vitality Heallth And Wellness Center,3400 Meijer Dr,Toledo,OH,43617,"3400 Meijer Dr Toledo, OH 43617",(419) 451-4554,https://www.evexipel.com/hormone-replacement-therapy-provider/the-vitality-heallth-and-wellness-center-toledo-oh/,
"Advanced Health And Wellness Center, Llc",201 Great Oaks Trail,Wadsworth,OH,44281,"201 Great Oaks Trail Wadsworth, OH 44281",(330) 325-4804,https://www.evexipel.com/hormone-replacement-therapy-provider/advanced-health-and-wellness-center-llc-wadsworth-oh/,
The Sanctuary on Second,800 W Second Street,Waverly,OH,45690,"800 W Second Street Waverly, OH 45690",(614) 304-3551,https://www.evexipel.com/hormone-replacement-therapy-provider/the-sanctuary-on-second-waverly-oh/,
Impact Health & Wellness,193 West Schrock Rd.,Westerville,OH,43081,"193  West Schrock Rd. Westerville, OH 43081",(614) 881-2984,https://www.evexipel.com/hormone-replacement-therapy-provider/impact-health-wellness-westerville-oh/,
Ada Aesthetics,1414 Arlington Ste 1500,Ada,OK,74820,"1414 Arlington Ste 1500 Ada, OK 74820",(918) 842-3432,https://www.evexipel.com/hormone-replacement-therapy-provider/ada-aesthetics-ada-ok/,
Clear Skin Solutions,808 16th Ave NW,Ardmore,OK,73401,"808 16th Ave NW Ardmore, OK 73401",(580) 316-6206,https://www.evexipel.com/hormone-replacement-therapy-provider/clear-skin-solutions-ardmore-ok/,
Remedy Health - Bartlesville,3027 SE Washington Blvd,Bartlesville,OK,74006,"3027 SE Washington Blvd Bartlesville, OK 74006",(918) 818-3244,https://www.evexipel.com/hormone-replacement-therapy-provider/remedy-health-bartlesville-ok/,
Campbell Medical Wellness,227 West Gentry Ave,Checotah,OK,74426,"227 West Gentry Ave Checotah, OK 74426",(918) 276-8767,https://www.evexipel.com/hormone-replacement-therapy-provider/campbell-medical-wellness-checotah-ok/,
Rock-Well,1108 W Main St,Collinsville,OK,74021,"1108 W Main St Collinsville, OK 74021",(539) 233-9286,https://www.evexipel.com/hormone-replacement-therapy-provider/rock-well-collinsville-ok/,https://share.google/NrcuJlMULDgmL8eP5
Fusion MD,5472 Main St Ste 101,Del City,OK,73115,"5472 Main St Ste 101 Del City, OK 73115",(405) 925-1282,https://www.evexipel.com/hormone-replacement-therapy-provider/fusion-md-del-city-ok/,
Brookwood Medical Clinic,1515 N Brookwood Dr.,Duncan,OK,73533,"1515 N Brookwood Dr. Duncan, OK 73533",(580) 422-4121,https://www.evexipel.com/hormone-replacement-therapy-provider/brookwood-medical-clinic-duncan-ok/,
Bargas Wellness,3839 S. Boulevard St Ste 100,Edmond,OK,73013,"3839 S. Boulevard St Ste 100 Edmond, OK 73013",(572) 220-2925,https://www.evexipel.com/hormone-replacement-therapy-provider/bargas-wellness-edmond-ok/,
Encompass Wellness,2925 Astoria Way,Edmond,OK,73034,"2925 Astoria Way Edmond, OK 73034",(405) 963-3870,https://www.evexipel.com/hormone-replacement-therapy-provider/encompass-wellness-edmond-ok/,
Metabolic Center of Oklahoma,200 N Bryant Ave Ste 120,Edmond,OK,73034,"200 N Bryant Ave Ste 120 Edmond, OK 73034",(405) 876-5200,https://www.evexipel.com/hormone-replacement-therapy-provider/metabolic-center-of-oklahoma-edmond-ok/,
NP2GO,800 W 18Th St Suite 220,Edmond,OK,73013,"800 W 18Th St Suite 220 Edmond, OK 73013",(405) 592-5863,https://www.evexipel.com/hormone-replacement-therapy-provider/np2go-edmond-ok/,
PS Aesthetics Wellness & Skinbar,1225 E 9th St,Edmond,OK,73034,"1225 E 9th St Edmond, OK 73034",(572) 221-6918,https://www.evexipel.com/hormone-replacement-therapy-provider/ps-aesthetics-wellness-skinbar-edmond-ok/,
Pristine Health,1709 W 33rd St,Edmond,OK,73013,"1709 W 33rd St Edmond, OK 73013",(405) 855-9530,https://www.evexipel.com/hormone-replacement-therapy-provider/pristine-health-edmond-ok/,
Pristine Health - North,3109 N Sooner Rd,Edmond,OK,73034,"3109 N Sooner Rd Edmond, OK 73034",(572) 218-2990,https://www.evexipel.com/hormone-replacement-therapy-provider/pristine-health-north-edmond-ok/,
Resurgence Vitality,2901 Fairfax Dr Ste 100,Edmond,OK,73034,"2901 Fairfax Dr Ste 100 Edmond, OK 73034",(405) 451-5693,https://www.evexipel.com/hormone-replacement-therapy-provider/resurgence-vitality-edmond-ok/,https://share.google/NDqKlVUpjCmGadeXo
The Fatigue  Center,800 W 18th St Ste 100,Edmond,OK,73013,"800 W 18th St Ste 100 Edmond, OK 73013",(405) 784-4077,https://www.evexipel.com/hormone-replacement-therapy-provider/the-fatigue-center-edmond-ok/,
The Fitz Aesthetics & Wellness,14201 N Santa Fe Ave Ste 107,Edmond,OK,73013,"14201 N Santa Fe Ave Ste 107 Edmond, OK 73013",(405) 731-3264,https://www.evexipel.com/hormone-replacement-therapy-provider/the-fitz-aesthetics-wellness-edmond-ok/,
The Lamkin Clinic,4001 E. Covell Rd Ste 100,Edmond,OK,73034,"4001 E. Covell Rd Ste 100 Edmond, OK 73034",(405) 267-8193,https://www.evexipel.com/hormone-replacement-therapy-provider/the-lamkin-clinic-edmond-ok/,
The Refinery Wellness & Aesthetics,17800 Knox Farm Rd,Edmond,OK,73012,"17800 Knox Farm Rd #100 Edmond, OK 73012",(572) 220-2783,https://www.evexipel.com/hormone-replacement-therapy-provider/the-refinery-wellness-aesthetics-edmond-ok/,
Vita Wellness,2117 N Kelly Ave,Edmond,OK,73003,"2117 N Kelly Ave Edmond, OK 73003",(405) 583-7105,https://www.evexipel.com/hormone-replacement-therapy-provider/vita-wellness-edmond-ok/,
"A+ Wellness, LLC","3201 N Van Buren St, Ste 400",Enid,OK,73703,"3201 N Van Buren St, Ste 400 Enid, OK 73703",(580) 247-2249,https://www.evexipel.com/hormone-replacement-therapy-provider/a-wellness-llc-enid-ok/,
Aesthetic State of Mind,702,Legacy Trl Ponca City,OK,74604,"702 Legacy Trl Ponca City, OK 74604",(580) 952-2412,https://www.evexipel.com/hormone-replacement-therapy-provider/aesthetic-state-of-mind-ponca-city-ok/,
ART Medical Spa,1130 S,Main Grove,OK,74344,"1130 S Main Grove, OK 74344",(918) 723-7541,https://www.evexipel.com/hormone-replacement-therapy-provider/art-medical-spa-grove-ok/,
The Skin Company Med Spa,23 E Choctaw Ave,McAlester,OK,74501,"23 E Choctaw Ave McAlester, OK 74501",(918) 302-2824,https://www.evexipel.com/hormone-replacement-therapy-provider/the-skin-company-med-spa-mcalester-ok/,
Red Key Wellness,1301 Magnolia Ct STE 113,Moore,OK,73160,"1301 Magnolia Ct STE 113 Moore, OK 73160",(405) 261-1814,https://www.evexipel.com/hormone-replacement-therapy-provider/red-key-wellness-moore-ok/,
Karen Barbalace Aesthetics,1636 West Lindsey St.,Norman,OK,73069,"1636 West Lindsey St. Norman, OK 73069",(405) 704-4038,https://www.evexipel.com/hormone-replacement-therapy-provider/karen-barbalace-aesthetics-norman-ok/,
"Margaret Hall, MD",11200 N Portland 2Nd Floor,Okc,OK,73120,"11200 N Portland 2Nd Floor Okc, OK 73120",(405) 877-6158,https://www.evexipel.com/hormone-replacement-therapy-provider/margaret-hall-md-oklahoma-city-ok/,
Advantage Home Medical,1514 SW 119th St,Oklahoma City,OK,73170,"1514 SW 119th St Oklahoma City, OK 73170",(405) 817-5381,https://www.evexipel.com/hormone-replacement-therapy-provider/advantage-home-medical-oklahoma-city-ok/,"https://www.google.com/search?q=Advantage+Home+Medical+-+Michele+Lange,+APRN-CNP&stick=H4sIAAAAAAAA_-NgU1IxqLAwTzIyNE5KNjQ0NzYwTU2xMqgwMrQwM0pJTTFKTjFISzNaxGrgmFKWmFeSmJ6q4JGfm6rgm5qSmZyYo6Cr4JuZnJGak6rgk5iXnqqj4BgQ5Kfr7BcAAFhC6fRbAAAA&hl=en&mat=CfW5et6cE"
Belle Ame Med Spa,8 SW 89th St Ste 101,Oklahoma City,OK,73139,"8 SW 89th St Ste 101 Oklahoma City, OK 73139",(405) 451-1761,https://www.evexipel.com/hormone-replacement-therapy-provider/belle-ame-med-spa-oklahoma-city-ok/,
Cosmetic Surgery Affiliates,2100 Nw 63Rd St,Oklahoma City,OK,73116,"2100 Nw 63Rd St Oklahoma City, OK 73116",(405) 369-5036,https://www.evexipel.com/hormone-replacement-therapy-provider/cosmetic-surgery-affiliates-oklahoma-city-ok/,
Integrative Health and Wellness,1211 N Shartel Ave Ste 908,Oklahoma City,OK,73103,"1211 N Shartel Ave Ste 908 Oklahoma City, OK 73103",(572) 213-4770,https://www.evexipel.com/hormone-replacement-therapy-provider/integrative-health-and-wellness-oklahoma-city-ok/,
Kashok MD PC - DBA Complete Healthcare,1211 N Shartel Ave Ste 208,Oklahoma City,OK,73103,"1211 N Shartel Ave Ste 208 Oklahoma City, OK 73103",(405) 450-7701,https://www.evexipel.com/hormone-replacement-therapy-provider/kashok-md-pc-dba-complete-healthcare-oklahoma-city-ok/,
Longevity Health & Wellness,3110 Sw 89Th Ste 102,Oklahoma City,OK,73159,"3110 Sw 89Th  Ste 102 Oklahoma City, OK 73159",(405) 450-7113,https://www.evexipel.com/hormone-replacement-therapy-provider/longevity-health-wellness-oklahoma-city-ok/,https://share.google/luSVjcXlmLZYrOEAS
Modern Endocrine,850 NW 58th St,Oklahoma City,OK,73118,"850 NW 58th St Oklahoma City, OK 73118",(405) 286-1571,https://www.evexipel.com/hormone-replacement-therapy-provider/modern-endocrine-oklahoma-city-ok/,
Prime Wellness,12344 Market Dr,Oklahoma City,OK,73114,"12344 Market Dr Oklahoma City, OK 73114",(572) 212-4131,https://www.evexipel.com/hormone-replacement-therapy-provider/prime-wellness-oklahoma-city-ok/,
Saving Grace Health,4416 N Western Ave Ste 206,Oklahoma City,OK,73118,"4416 N Western Ave Ste 206 Oklahoma City, OK 73118",(405) 358-4740,https://www.evexipel.com/hormone-replacement-therapy-provider/saving-grace-health-oklahoma-city-ok/,
"Valerie Engelbrecht, MD",11200 N Portland Ave Fl 2,Oklahoma City,OK,73120,"11200 N Portland Ave Fl 2 Oklahoma City, OK 73120",(405) 963-4355,https://www.evexipel.com/hormone-replacement-therapy-provider/valerie-engelbrecht-md-oklahoma-city-ok/,
VitruviaMD,809 NW 57th St,Oklahoma City,OK,73118,"809 NW 57th St Oklahoma City, OK 73118",(405) 477-1802,https://www.evexipel.com/hormone-replacement-therapy-provider/vitruviamd-oklahoma-city-ok/,
Wheeler Med Spa,1723 Spoke Street,Oklahoma City,OK,73109,"1723 Spoke Street Oklahoma City, OK 73109",(405) 877-6143,https://www.evexipel.com/hormone-replacement-therapy-provider/wheeler-med-spa-oklahoma-city-ok/,
Remedy Health - Owasso,8551 N 125Th East Ave Ste 175,Owasso,OK,74055,"8551 N 125Th East Ave Ste 175 Owasso, OK 74055",(539) 233-3442,https://www.evexipel.com/hormone-replacement-therapy-provider/remedy-health-owasso-ok/,
Alleviate Pain Specialists,115 Patton Dr,Ponca City,OK,74601,"115 Patton Dr Ponca City, OK 74601",(539) 214-2626,https://www.evexipel.com/hormone-replacement-therapy-provider/alleviate-pain-specialists-ponca-city-ok/,
"Hoffman's APRN-CNP Medical Clinic, PLLC",102 Smith Ave,Poteau,OK,74953,"102 Smith Ave Poteau, OK 74953",(479) 255-2697,https://www.evexipel.com/hormone-replacement-therapy-provider/hoffmans-aprn-cnp-medical-clinic-pllc-poteau-ok/,
Pinnacle Health - Poteau,210 W Robert St,Poteau,OK,74953,"210 W Robert St Poteau, OK 74953",(539) 245-4111,https://www.evexipel.com/hormone-replacement-therapy-provider/pinnacle-health-poteau-ok/,
Sapulpa Hormone and Weight Loss,3900 S 113th W Ave,Sand Springs,OK,74063,"3900 S 113th W Ave Sand Springs, OK 74063",(918) 771-9059,https://www.evexipel.com/hormone-replacement-therapy-provider/sapulpa-hormone-and-weight-loss-sapulpa-ok/,
Magnolia Clinic,4409 N Kickapoo Ave. Ste 121,Shawnee,OK,74804,"4409 N Kickapoo Ave. Ste 121 Shawnee, OK 74804",(405) 704-3869,https://www.evexipel.com/hormone-replacement-therapy-provider/magnolia-clinic-shawnee-ok/,
Pinnacle Health - Stigler,205 N Broadway St,Stigler,OK,74462,"205 N Broadway St Stigler, OK 74462",(539) 216-5231,https://www.evexipel.com/hormone-replacement-therapy-provider/pinnacle-health-stigler-ok/,
Pure Skin and Aesthetics,121 S Duck Street Suite 1,Stillwater,OK,74074,"121 S Duck Street Suite 1 Stillwater, OK 74074",(405) 353-9784,https://www.evexipel.com/hormone-replacement-therapy-provider/pure-skin-and-aesthetics-stillwater-ok/,
Taguchi Women's Clinic,801 S Walnut Street,Stillwater,OK,74074,"801 S Walnut Street Stillwater, OK 74074",(405) 725-2185,https://www.evexipel.com/hormone-replacement-therapy-provider/taguchi-womens-clinic-stillwater-ok/,
Align Body and Wellness,11003 S Memorial Dr,Tulsa,OK,74133,"11003 S Memorial Dr Tulsa, OK 74133",(918) 238-7355,https://www.evexipel.com/hormone-replacement-therapy-provider/align-body-and-wellness-tulsa-ok/,
Blank Med Spa,1135 E 33rd Place,Tulsa,OK,74135,"1135 E 33rd Place Tulsa, OK 74135",(918) 387-7161,https://www.evexipel.com/hormone-replacement-therapy-provider/blank-med-spa-tulsa-ok/,
Crestone Concierge,1815 E 15th St,Tulsa,OK,74104,"1815 E 15th St Tulsa, OK 74104",(918) 480-8873,https://www.evexipel.com/hormone-replacement-therapy-provider/crestone-concierge-tulsa-ok/,
Face and Body Medical,6304 E. 102nd Street,Tulsa,OK,74137,"6304 E. 102nd Street Tulsa, OK 74137",(918) 626-1459,https://www.evexipel.com/hormone-replacement-therapy-provider/face-and-body-medical-tulsa-ok/,
Glow Medical Aesthetics - Tulsa,6207 E 61st St,Tulsa,OK,74136,"6207 E 61st St Tulsa, OK 74136",(539) 265-9655,https://www.evexipel.com/hormone-replacement-therapy-provider/glow-medical-aesthetics-tulsa-ok/,
Grassroots Healthcare,10100 S Mingo Rd,Tulsa,OK,74133,"10100 S Mingo Rd Tulsa, OK 74133",(918) 727-8680,https://www.evexipel.com/hormone-replacement-therapy-provider/grassroots-healthcare-tulsa-ok/,
Kinetic Clinic - Kochell,6901 South Yorktown Avenue Suite,Tulsa,OK,74136,"6901 South Yorktown Avenue Suite D Tulsa, OK 74136",(539) 217-0618,https://www.evexipel.com/hormone-replacement-therapy-provider/kinetic-clinic-kochell-tulsa-ok/,
Kinetic Clinic - Reusser,6901 S Yorktown Ave Ste,Tulsa,OK,74136,"6901 S Yorktown Ave Ste D Tulsa, OK 74136",(918) 601-5891,https://www.evexipel.com/hormone-replacement-therapy-provider/kinetic-clinic-reusser-tulsa-ok/,
"Lifestyle Medicine, Inc.",5801E 41St Street Ste 600,Tulsa,OK,74135,"5801E 41St Street Ste 600 Tulsa, OK 74135",(539) 233-8301,https://www.evexipel.com/hormone-replacement-therapy-provider/lifestyle-medicine-inc-tulsa-ok/,
Magnolia Health,1919 S. Wheeling Ave Suite 300,Tulsa,OK,74104,"1919 S. Wheeling Ave Suite 300 Tulsa, OK 74104",(918) 601-4074,https://www.evexipel.com/hormone-replacement-therapy-provider/magnolia-health-tulsa-ok/,
Priority Health,5125 E 81St St Suite 1,Tulsa,OK,74137,"5125 E 81St St Suite 1 Tulsa, OK 74137",(918) 372-3411,https://www.evexipel.com/hormone-replacement-therapy-provider/priority-health-tulsa-ok/,
Tulsa Oklahoma Plastic Surgery,2448 East 81st Street Ste 1000,Tulsa,OK,74137,"2448 East 81st Street Ste 1000 Tulsa, OK 74137",(539) 666-6511,https://www.evexipel.com/hormone-replacement-therapy-provider/tulsa-oklahoma-plastic-surgery-tulsa-ok/,
Tulsa Surgical Arts,7322 E 91st St,Tulsa,OK,74133,"7322 E 91st St Tulsa, OK 74133",(918) 380-3263,https://www.evexipel.com/hormone-replacement-therapy-provider/tulsa-surgical-arts-tulsa-ok/,
Vitallife,5610 S Memorial Dr Ste,Tulsa,OK,74145,"5610 S Memorial Dr Ste D Tulsa, OK 74145",(539) 265-7618,https://www.evexipel.com/hormone-replacement-therapy-provider/vitallife-tulsa-ok/,https://www.google.com/search?q=VitalLife+weight+loss+and+HRT&stick=H4sIAAAAAAAA_-NgU1I1qLAwTzKzSLFMNjQ3MzFIMzS0MqiwNDU3tLRMNLAwSjIzMjFLXcQqG5ZZkpjjk5mWqlCempmeUaKQk19crJCYl6LgERQCAJsJL-tJAAAA&hl=en&mat=CbdIMUlQFcoZElcBTVDHnnkrqSUVZKTnWLhlBctgdR3v3e4pAXJi
BeautyRx Oklahoma,1123 Main Street,Woodward,OK,73801,"1123 Main Street Woodward, OK 73801",(580) 808-4542,https://www.evexipel.com/hormone-replacement-therapy-provider/beautyrx-oklahoma-woodward-ok/,https://share.google/XaikPhl5baZR8shOf
Wellness & Longevity,4400 Grant Blvd Suite 108,Yukon,OK,73099,"4400 Grant Blvd Suite 108 Yukon, OK 73099",(405) 993-4105,https://www.evexipel.com/hormone-replacement-therapy-provider/wellness-longevity-yukon-ok/,
XO Medical Aesthetics & Wellness,815 E Main Ste 105,Yukon,OK,73099,"815 E Main Ste 105 Yukon, OK 73099",(405) 776-1929,https://www.evexipel.com/hormone-replacement-therapy-provider/xo-medical-aesthetics-wellness-yukon-ok/,
YourCare Yukon,1029 E Vandament Ave,Yukon,OK,73099,"1029 E Vandament Ave Yukon, OK 73099",(405) 870-2286,https://www.evexipel.com/hormone-replacement-therapy-provider/yourcare-yukon-ok/,
Dr Laura Staver,628 NW York Dr Ste 104,Bend,OR,97703,"628 NW York Dr Ste 104 Bend, OR 97703",(541) 546-1257,https://www.evexipel.com/hormone-replacement-therapy-provider/dr-laura-staver-bend-or/,
Wildflower Natural Medicine,132 SW Crowell Way Ste 101,Bend,OR,97702,"132 SW Crowell Way Ste 101 Bend, OR 97702",(503) 389-8039,https://www.evexipel.com/hormone-replacement-therapy-provider/wildflower-natural-medicine-bend-or/,
VIP Medispa,10001 SE Sunnyside Rd Ste 120,Clackamas,OR,97015,"10001 SE Sunnyside Rd Ste 120 Clackamas, OR 97015",(503) 664-9409,https://www.evexipel.com/hormone-replacement-therapy-provider/vip-medispa-clackamas-or/,
Elevation Health Northwest,15 82Nd Dr Ste 100,Gladstone,OR,97027,"15 82Nd Dr Ste 100 Gladstone, OR 97027",(360) 837-0462,https://www.evexipel.com/hormone-replacement-therapy-provider/elevation-health-northwest-gladstone-or/,
White Lotus Medical Aesthetics,2460 NE Division St,Gresham,OR,97030,"2460 NE Division St Gresham, OR 97030",(971) 265-6432,https://www.evexipel.com/hormone-replacement-therapy-provider/white-lotus-medical-aesthetics-gresham-or/,
RISE Aesthetics,13200 SE 172nd Ave Ste 150,Happy Valley,OR,97086,"13200 SE 172nd Ave Ste 150 Happy Valley, OR 97086",(971) 338-4034,https://www.evexipel.com/hormone-replacement-therapy-provider/rise-aesthetics-happy-valley-or/,https://www.google.com/search?q=RISE+Aesthetics&hl=en&mat=CXIvtqoMxVEQElcBTVDHnkWJM_TVC4jShBj1zqeD4uJJAIlaDdTU-tpZbsYiuNm9p7_Gr2Ro9x9CqOwXIJ5UyHC72212MJ0ElEqg55gqiNXdTaAa3EkUAg68lZRaxd7c8pk&authuser=1&sei=NVxQadHGLKGc0PEPtLW2-Qs&dlnr=1
Citrine Holistic Health,15962 Boones Ferry Rd Ste 202,Lake Oswego,OR,97035,"15962 Boones Ferry Rd Ste 202 Lake Oswego, OR 97035",(971) 293-2452,https://www.evexipel.com/hormone-replacement-therapy-provider/citrine-holistic-health-lake-oswego-or/,
PMA MED SPA,805 N 5Th St Ste,Lebanon,OR,97355,"805 N 5Th St Ste D Lebanon, OR 97355",(541) 644-4574,https://www.evexipel.com/hormone-replacement-therapy-provider/pma-med-spa-lebanon-or/,https://share.google/pz68efTVU6sHHl69o
Advanced Health & Wellness,3132 State Street Ste 104,Medford,OR,97504,"3132 State Street Ste 104 Medford, OR 97504",(541) 299-3202,https://www.evexipel.com/hormone-replacement-therapy-provider/advanced-health-wellness-medford-or/,
Synergy Women's Health Care,2525 NW Lovejoy St Ste 300,Portland,OR,97210,"2525 NW Lovejoy St Ste 300 Portland, OR 97210",(503) 782-8074,https://www.evexipel.com/hormone-replacement-therapy-provider/synergy-womens-health-care-portland-or/,
AM Aesthetic Medicine,3910 Shropshire Way S unit,Salem,OR,97302,"3910 Shropshire Way S unit A Salem, OR 97302",(971) 715-2209,https://www.evexipel.com/hormone-replacement-therapy-provider/am-aesthetic-medicine-salem-or/,
Intentional Wellness Center,1845 Fairgrounds Road NE,Salem,OR,97301,"1845 Fairgrounds Road NE Salem, OR 97301",(503) 564-7624,https://www.evexipel.com/hormone-replacement-therapy-provider/intentional-wellness-center-salem-or/,
White Lotus Medical Aesthetics - Salem,1855 Fairgrounds Rd NE,Salem,OR,97301,"1855 Fairgrounds Rd NE Salem, OR 97301",(541) 981-6121,https://www.evexipel.com/hormone-replacement-therapy-provider/white-lotus-medical-aesthetics-salem-or/,
Oregon Health DPC,19365 Sw 65Th Ave Suite 209,Tualatin,OR,97062,"19365 Sw 65Th Ave Suite 209 Tualatin, OR 97062",(503) 710-9862,https://www.evexipel.com/hormone-replacement-therapy-provider/oregon-health-dpc-tualatin-or/,
Meadows Health and Wellness,30775 SW Boones Ferry Rd Ste,Wilsonville,OR,97070,"30775 SW Boones Ferry Rd Ste F Wilsonville, OR 97070",(971) 264-2350,https://www.evexipel.com/hormone-replacement-therapy-provider/meadows-health-and-wellness-wilsonville-or/,
Regen Doctors -Allentown,2200 Hamilton St Ste 110,Allentown,PA,18104,"2200 Hamilton St Ste 110 Allentown, PA 18104",(610) 421-1630,https://www.evexipel.com/hormone-replacement-therapy-provider/regen-doctors-allentown-pa/,
Wellness In The Lehigh Valley Llc,1275 S Cedar Crest Blvd Ste 5,Allentown,PA,18103,"1275 S Cedar Crest Blvd Ste 5 Allentown, PA 18103",(267) 377-4502,https://www.evexipel.com/hormone-replacement-therapy-provider/wellness-in-the-lehigh-valley-llc-allentown-pa/,
Regen Doctors-Bethlehem,163 N Commerce Way,Bethlehem,PA,18017,"163 N Commerce Way Bethlehem, PA 18017",(610) 298-9537,https://www.evexipel.com/hormone-replacement-therapy-provider/regen-doctors-bethlehem-pa/,
Tuscan Sun Med Spa,604 W McMurray Rd,Canonsburg,PA,15317,"604 W McMurray Rd Canonsburg, PA 15317",(878) 231-3650,https://www.evexipel.com/hormone-replacement-therapy-provider/tuscan-sun-med-spa-canonsburg-pa/,
YoungerMeMD,125 East Elm Street Ste 201,Conshohocken,PA,19428,"125 East Elm Street Ste 201 Conshohocken, PA 19428",(215) 585-2216,https://www.evexipel.com/hormone-replacement-therapy-provider/youngermemd-conshohocken-pa/,
True Precision Medicine,20826 Route 19,Cranberry Twp,PA,16066,"20826 Route 19 Cranberry Twp, PA 16066",(412) 453-7802,https://www.evexipel.com/hormone-replacement-therapy-provider/true-precision-medicine-cranberry-twp-pa/,
Daniel D Beninati Md,797 E Lancaster Ave Ste 16,Downingtown,PA,19335,"797 E Lancaster Ave Ste 16 Downingtown, PA 19335",(610) 268-9464,https://www.evexipel.com/hormone-replacement-therapy-provider/daniel-d-beninati-md-downingtown-pa/,
Regen Doctors - Doylestown,1715 S Easton Rd,Doylestown,PA,18901,"1715 S Easton Rd Doylestown, PA 18901",(610) 486-3652,https://www.evexipel.com/hormone-replacement-therapy-provider/regen-doctors-doylestown-pa/,
MidLantic Urology,325 W Germantown Pike Ste 100,East Norriton,PA,19403,"325 W Germantown Pike Ste 100 East Norriton, PA 19403",(445) 455-1469,https://www.evexipel.com/hormone-replacement-therapy-provider/midlantic-urology-east-norriton-pa/,
Lifefire Weight & Wellness,500 W Township Line Road,Havertown,PA,19083,"500 W Township Line Road Havertown, PA 19083",(610) 947-5013,https://www.evexipel.com/hormone-replacement-therapy-provider/lifefire-weight-wellness-havertown-pa/,
Benesque Wellness ENT,2213 Shenango Valley Fwy Unit,Hermitage,PA,16148,"2213  Shenango Valley Fwy Unit 1A Hermitage, PA 16148",(724) 305-3491,https://www.evexipel.com/hormone-replacement-therapy-provider/benesque-wellness-ent-hermitage-pa/,
Benesque Wellness LTD,1599 N Hermitage Rd STE 1,Hermitage,PA,16148,"1599 N Hermitage Rd STE 1 Hermitage, PA 16148",(878) 768-6743,https://www.evexipel.com/hormone-replacement-therapy-provider/benesque-wellness-ltd-hermitage-pa/,
Hsq,435 Beech Ave,Hershey,PA,17033,"435 Beech Ave Hershey, PA 17033",(717) 523-9989,https://www.evexipel.com/hormone-replacement-therapy-provider/hsq-hershey-pa/,
Body Dojo LLC,8958 Hill Dr,Irwin,PA,15642,"8958 Hill Dr Irwin, PA 15642",(878) 881-2840,https://www.evexipel.com/hormone-replacement-therapy-provider/body-dojo-llc-irwin-pa/,
Horvath Plastic & Cosmetic Surgery Center,216 Mall Blvd Ste 101,King Of Prussia,PA,19406,"216 Mall Blvd Ste 101 King Of Prussia, PA 19406",(215) 884-2880,https://www.evexipel.com/hormone-replacement-therapy-provider/horvath-plastic-cosmetic-surgery-center-king-of-prussia-pa/,
Medical Group Robinson,5855 Steubenville Pike Suite 200,Mckees Rocks,PA,15136,"5855 Steubenville Pike Suite 200 Mckees Rocks, PA 15136",(412) 498-6018,https://www.evexipel.com/hormone-replacement-therapy-provider/medical-group-robinson-mckees-rocks-pa/,
Legacy Lyfe - McMurray,3540 Washington Rd,Mcmurray,PA,15317,"3540 Washington Rd Mcmurray, PA 15317",(724) 200-8410,https://www.evexipel.com/hormone-replacement-therapy-provider/legacy-lyfe-mcmurray-pa/,
Burick Center For Health And Wellness,2005 Technology Pkwy Ste 350,Mechanicsburg,PA,17050,"2005 Technology Pkwy Ste 350 Mechanicsburg, PA 17050",(717) 853-1701,https://www.evexipel.com/hormone-replacement-therapy-provider/burick-center-for-health-and-wellness-mechanicsburg-pa/,
Gameday Men’s Health - Media,280 North Providence Road,Media,PA,19063,"280 North Providence Road Media, PA 19063",(484) 932-5087,https://www.evexipel.com/hormone-replacement-therapy-provider/gameday-mens-health-media-pa/,
Philadelphia Urology Associates,1015 Chestnut St. Ste 405,Philadelphia,PA,19107,"1015 Chestnut St. Ste 405 Philadelphia, PA 19107",(215) 770-3783,https://www.evexipel.com/hormone-replacement-therapy-provider/philadelphia-urology-associates-philadelphia-pa/,
Philly Wellness Center,834 South St,Philadelphia,PA,19147,"834 South St Philadelphia, PA 19147",(215) 515-9712,https://www.evexipel.com/hormone-replacement-therapy-provider/philly-wellness-center-philadelphia-pa/,
Viva Care Solutions,1613 Germantown Ave Suite 106,Philadelphia,PA,19122,"1613 Germantown Ave Suite 106 Philadelphia, PA 19122",(445) 455-4699,https://www.evexipel.com/hormone-replacement-therapy-provider/viva-care-solutions-philadelphia-pa/,
Prime Life Wellness & Health,564 Kimberton Rd,Phoenixville,PA,19460,"564 Kimberton Rd Phoenixville, PA 19460",(484) 760-0124,https://www.evexipel.com/hormone-replacement-therapy-provider/prime-life-wellness-health-phoenixville-pa/,
Legacy Lyfe - Pittsburgh,9000 Perry Highway,Pittsburgh,PA,15237,"9000 Perry Highway Pittsburgh, PA 15237",(412) 214-8779,https://www.evexipel.com/hormone-replacement-therapy-provider/legacy-lyfe-pittsburgh-pa/,
Repro Options LLC,5910 Kirkwood St,Pittsburgh,PA,15206,"5910 Kirkwood St Pittsburgh, PA 15206",(412) 528-6886,https://www.evexipel.com/hormone-replacement-therapy-provider/repro-options-llc-pittsburgh-pa/,
KOR Medspa,200 Spring Ridge Dr Ste 102,Reading,PA,19610,"200 Spring Ridge Dr Ste 102 Reading, PA 19610",(717) 883-6195,https://www.evexipel.com/hormone-replacement-therapy-provider/kor-medspa-reading-pa/,
Lackawanna Medical Group,201 Smallacombe Drive Suite 3,Scranton,PA,18508,"201 Smallacombe Drive Suite 3 Scranton, PA 18508",(570) 595-1938,https://www.evexipel.com/hormone-replacement-therapy-provider/lackawanna-medical-group-scranton-pa/,
Aether Medicine,565 E. Swedesford Rd. Suite 315,Wayne,PA,19087,"565 E. Swedesford Rd. Suite 315 Wayne, PA 19087",(484) 348-4103,https://www.evexipel.com/hormone-replacement-therapy-provider/aether-medicine-wayne-pa/,
Serenity: Hormone Replacement Therapy,1010 Mount Pleasant Ave,Wayne,PA,19087,"1010 Mount Pleasant Ave Wayne, PA 19087",(856) 522-4313,https://www.evexipel.com/hormone-replacement-therapy-provider/serenity-hormone-replacement-therapy-wayne-pa/,
OptiBalance - Metabolic & Hormone Clinic,605 Floral Vale Blvd,Yardley,PA,19067,"605 Floral Vale Blvd Yardley, PA 19067",(267) 651-8486,https://www.evexipel.com/hormone-replacement-therapy-provider/optibalance-metabolic-hormone-clinic-yardley-pa/,https://share.google/TWpX1X7tSqOcqkMIt
Neo Derma Medical,65 Infanteria Calle 67 Ste,104-109 Anasco,PR,00610,"65 Infanteria Calle 67 Ste 104-109 Anasco, PR 00610",(787) 663-9364,https://www.evexipel.com/hormone-replacement-therapy-provider/neo-derma-medical-anasco-anasco/,
Sáez Cartagena Medical Services PSC,Carr 722,6.6 Bo Rabanal Aibonito,PR,00705,"Carr 722 KM 6.6 Bo Rabanal Aibonito, PR 00705",(970) 251-7424,https://www.evexipel.com/hormone-replacement-therapy-provider/saez-cartagena-medical-services-psc-aibonito-aibonito/,
Elite Health Medical,Carretera 130,7.6 Barrio Buena Vista Hatillo,PR,00659,"Carretera 130 Km 7.6 Barrio Buena Vista Hatillo, PR 00659",(786) 347-8663,https://www.evexipel.com/hormone-replacement-therapy-provider/elite-health-medical-hatillo-hatillo/,
Elevate Medical Aesthetics,"Ave Aguas Buenas , Blq 1632",A-1 Santa Rosa Bayamon,PR,00959,"Ave Aguas Buenas , Blq 1632  A-1 Santa Rosa Bayamon, PR 00959",(787) 497-3049,https://www.evexipel.com/hormone-replacement-therapy-provider/elevate-medical-aesthetics-bayamon-bayamon/,
Belladonna Medical - Vega Baja,4253 Carr 2,Algarrobo Vega Baja,PR,00693,"4253 Carr 2 BO Algarrobo Vega Baja, PR 00693",(787) 699-2396,https://www.evexipel.com/hormone-replacement-therapy-provider/belladonna-medical-vega-baja-vega-baja/,
"Moises O. Ramirez, MD",201 Ave,Arterial Hostos San Juan,PR,00918,"201 Ave Arterial Hostos San Juan, PR 00918",(787) 339-2612,https://www.evexipel.com/hormone-replacement-therapy-provider/moises-o-ramirez-md-san-juan-san-juan/,
Paseos Medical Primary Care & Vitality,,Avenida Felisa Rincon De Gautier #349 San Juan,PR,00926,"Avenida Felisa Rincon De Gautier  #349 San Juan, PR 00926",(939) 699-8038,https://www.evexipel.com/hormone-replacement-therapy-provider/paseos-medical-primary-care-vitality-san-juan-san-juan/,
Andrews Medical and Aesthetics,1000,Avenida dos Palmas Toa Baja,PR,00949,"1000 Avenida dos Palmas Toa Baja, PR 00949",(787) 965-4643,https://www.evexipel.com/hormone-replacement-therapy-provider/andrews-medical-and-aesthetics-toa-baja-toa-baja/,
Vitaliza Infusions,C-47 Urbanizacion Catalana Carretera 140,Barceloneta,PR,00617,"C-47 Urbanizacion Catalana Carretera 140 Barceloneta, PR 00617",(786) 998-3245,https://www.evexipel.com/hormone-replacement-therapy-provider/vitaliza-infusions-barceloneta-barceloneta/,
HealthProMed,2020 Ave,Borinquen San Juan,PR,00915,"2020 Ave Borinquen San Juan, PR 00915",(787) 334-1025,https://www.evexipel.com/hormone-replacement-therapy-provider/healthpromed-cano-martin-pena-san-juan/,
IV LIFE HOLISTIC CLINIC,523,Calle Cuevas Bustamante SAN JUAN,PR,00918,"523 Calle Cuevas Bustamante SAN JUAN, PR 00918",(939) 298-3524,https://www.evexipel.com/hormone-replacement-therapy-provider/iv-life-holistic-clinic-san-juan-san-juan/,
Avani Aesthetic & Anti-Aging Med,1308,Calle Dalmacia San Juan,PR,00920,"1308 Calle Dalmacia San Juan, PR 00920",(939) 233-6387,https://www.evexipel.com/hormone-replacement-therapy-provider/avani-aesthetic-anti-aging-med-san-juan-san-juan/,
Dr. Emmanuel Soto Primary & Aesthetic Med,32,Calle Don Chemary Moca,PR,00676,"32 Calle Don Chemary Moca, PR 00676",(787) 492-1073,https://www.evexipel.com/hormone-replacement-therapy-provider/dr-emmanuel-soto-primary-aesthetic-med-moca-moca/,
"Lotus Medical Aesthetics PR, LLC",109,Calle Fernandez Garcia Luquillo,PR,00773,"109 Calle Fernandez Garcia Luquillo, PR 00773",(787) 965-4822,https://www.evexipel.com/hormone-replacement-therapy-provider/lotus-medical-aesthetics-pr-llc-luquillo-luquillo/,
"Roschia M, Vargas Serrano",,"Calle Hernandez Carrion Urb, Atenas Manati",PR,00674,"J7 Calle Hernandez Carrion Urb, Atenas Manati, PR 00674",(787) 490-2779,https://www.evexipel.com/hormone-replacement-therapy-provider/roschia-m-vargas-serrano-manati-manati/,
TR Medical Management Group,Hermanas Davila 49,Calle I Bayamon,PR,00959,"Hermanas Davila 49 Calle I Bayamon, PR 00959",(787) 301-0853,https://www.evexipel.com/hormone-replacement-therapy-provider/tr-medical-management-group-bayamon-bayamon/,
"ROS Wellness Center, LLC",50,Calle Jose J Acosta Vega Baja,PR,00693,"50 Calle Jose J Acosta Vega Baja, PR 00693",(787) 302-3293,https://www.evexipel.com/hormone-replacement-therapy-provider/ros-wellness-center-llc-vega-baja-vega-baja/,
Arlene Torres Montesinos,,Calle Magda Urb Levittown Toa Baja,PR,00949,"G24  Calle Magda Urb Levittown Toa Baja, PR 00949",(787) 592-2393,https://www.evexipel.com/hormone-replacement-therapy-provider/arlene-torres-montesinos-levittown-toa-baja/,
Instituto Ginecologico - Domingo,4,Calle Rvdo Domingo Marrero San Juan,PR,00925,"4 Calle Rvdo Domingo Marrero San Juan, PR 00925",(939) 320-7403,https://www.evexipel.com/hormone-replacement-therapy-provider/instituto-ginecologico-domingo-san-juan-san-juan/,
Instituto Ginecologico,29,Calle Washington LBBY San Juan,PR,00907,"29 Calle Washington LBBY San Juan, PR 00907",(787) 305-3369,https://www.evexipel.com/hormone-replacement-therapy-provider/instituto-ginecologico-san-juan-san-juan/,
Modern OB Gyn Care,310 Ave De Diego Plaza,Diego #303A San Juan,PR,00917,"310 Ave De Diego Plaza De Diego #303A San Juan, PR 00917",(970) 713-9167,https://www.evexipel.com/hormone-replacement-therapy-provider/modern-ob-gyn-care-san-juan-san-juan/,
Biologique,107 Ave Ortegon Ste 207,Guaynabo,PR,00966,"107 Ave Ortegon Ste 207 Guaynabo, PR 00966",(787) 495-3287,https://www.evexipel.com/hormone-replacement-therapy-provider/biologique-guaynabo-guaynabo/,
Nefer Aesthetic Clinic,1353 Ave. Luis Vigoreaux PMB 331,Guaynabo,PR,00966,"1353 Ave. Luis Vigoreaux PMB 331 Guaynabo, PR 00966",(787) 968-3028,https://www.evexipel.com/hormone-replacement-therapy-provider/nefer-aesthetic-clinic-bayamon-bayamon/,
Cruzado & Cruzado MD Group,Ave Cesar Gonzalez #576 Suite 408,Hato Rey,PR,00918,"Ave Cesar Gonzalez #576 Suite 408 Hato Rey, PR 00918",(787) 965-4708,https://www.evexipel.com/hormone-replacement-therapy-provider/cruzado-cruzado-md-group-san-juan-san-juan/,
"DeSoto Internal Medicine Services, PSC",9 Calle Rafael Arroyo Rios N,Humacao,PR,00791,"9 Calle Rafael Arroyo Rios N Humacao, PR 00791",(939) 320-7703,https://www.evexipel.com/hormone-replacement-therapy-provider/desoto-internal-medicine-services-psc-humacao-humacao/,
"K&R Wellness, LLC",1910 Ave.,Jesus T Pinero San Juan,PR,00920,"1910 Ave. Jesus T Pinero San Juan, PR 00920",(787) 663-6656,https://www.evexipel.com/hormone-replacement-therapy-provider/kr-wellness-llc-san-juan-san-juan/,
Health Med Care CSP,Cordova Davila 158 Carr 668,Manati,PR,00674,"Cordova Davila 158 Carr 668 Manati, PR 00674",(787) 305-3513,https://www.evexipel.com/hormone-replacement-therapy-provider/health-med-care-csp-manati-manati/,
Womens Health and Aesthetic Center,Carr 2 KM 47.4 Edificio Medico Dr Pedro Blanco Lugo Oficina 207,Manati,PR,00674,"Carr 2 KM 47.4 Edificio Medico Dr Pedro Blanco Lugo Oficina 207 Manati, PR 00674",(970) 251-7401,https://www.evexipel.com/hormone-replacement-therapy-provider/womens-health-and-aesthetic-center-manati-manati/,
Huesos Chicos CSP,Torre Medica II Pedro Blanco Lugo Suite 151,Manatí,PR,00674,"Torre Medica II Pedro Blanco Lugo  Suite 151 Manatí, PR 00674",(939) 221-3060,https://www.evexipel.com/hormone-replacement-therapy-provider/huesos-chicos-csp-manati-manati/,
E|C Health & Body Care,Calle Mendez Vigo 25 W Suite 100,Mayaguez,PR,00680,"Calle Mendez Vigo 25 W Suite 100 Mayaguez, PR 00680",(787) 822-8076,https://www.evexipel.com/hormone-replacement-therapy-provider/ec-health-body-care-mayaguez-mayaguez/,
Jose L Cintron Herrera,151 Ave,Osvaldo Molina Fajardo,PR,00738,"151 Ave Osvaldo Molina Fajardo, PR 00738",(787) 468-6111,https://www.evexipel.com/hormone-replacement-therapy-provider/jose-l-cintron-herrera-fajardo-fajardo/,
Dorado Wellness and Medicine Institute,349 Calle Mendez Vigo STE 6,Pabellon Rafael Hernandez Colon Dorado,PR,00646,"349 Calle Mendez Vigo STE 6 Pabellon Rafael Hernandez Colon Dorado, PR 00646",(787) 482-3622,https://www.evexipel.com/hormone-replacement-therapy-provider/dorado-wellness-and-medicine-institute-dorado-dorado/,
"Centro Ararat, Inc.","700 Calle Dr. M.Pavia Esq. Fdez Juncos, Edif. Europa Ste 301",San Juan,PR,00919,"700 Calle Dr. M.Pavia Esq. Fdez Juncos, Edif. Europa Ste 301 San Juan, PR 00919",(787) 592-3181,https://www.evexipel.com/hormone-replacement-therapy-provider/centro-ararat-inc-san-juan-san-juan/,
Dr Nicolas Casellas,655 Calle Dr Pavia Fernandez Suite 302,San Juan,PR,00909,"655 Calle Dr Pavia Fernandez Suite 302 San Juan, PR 00909",(787) 496-2790,https://www.evexipel.com/hormone-replacement-therapy-provider/dr-nicolas-casellas-san-juan-san-juan/,
Dr. Rolando N. Alvarado Melendez,221 Ave Ponce De Leon Ste 1404,San Juan,PR,00917,"221 Ave Ponce De Leon  Ste 1404 San Juan, PR 00917",(970) 251-7435,https://www.evexipel.com/hormone-replacement-therapy-provider/dr-rolando-n-alvarado-melendez-san-juan-san-juan/,
"Jorge A. Negron-Casasnovas, MD FACOG",650 Calle Lloveras Centro Plaza Suite 203,San Juan,PR,00909,"650 Calle Lloveras Centro Plaza Suite 203 San Juan, PR 00909",(787) 476-3633,https://www.evexipel.com/hormone-replacement-therapy-provider/jorge-a-negron-casasnovas-md-facog-san-juan-san-juan/,
Physiatric and Emergency Health Services,#735 Ponce de Leon Ave Ste 816,San Juan,PR,00918,"#735 Ponce de Leon Ave Ste 816 San Juan, PR 00918",(970) 251-8359,https://www.evexipel.com/hormone-replacement-therapy-provider/physiatric-and-emergency-health-services-san-juan-san-juan/,
Ricardo Hernandez,1910 Av Jesus T PiÃƒÂ±eiro Local 13,San Juan,PR,00921,"1910 Av Jesus T PiÃƒÂ±eiro Local 13 San Juan, PR 00921",(939) 229-3768,https://www.evexipel.com/hormone-replacement-therapy-provider/ricardo-hernandez-san-juan-san-juan/,
"Senorial OBGYN, PSC",200 AVE. Winston Churchill Suite 303,San Juan,PR,00926,"200 AVE. Winston Churchill Suite 303 San Juan, PR 00926",(939) 220-4580,https://www.evexipel.com/hormone-replacement-therapy-provider/senorial-obgyn-psc-san-juan-san-juan/,
June Medical Aesthetics,258 Calle Convento San Jorge Medical Bld Suite 403,Santurce,PR,00912,"258 Calle Convento San Jorge Medical Bld  Suite 403 Santurce, PR 00912",(787) 518-6374,https://www.evexipel.com/hormone-replacement-therapy-provider/june-medical-aesthetics-san-juan-san-juan/,https://share.google/4Ipz468aq2Bx7uzEP
Belladonna Medical - Bayamon,Calle 1 Solar 46,Seccion HNAS Davila Bayamon,PR,00960,"Calle 1 Solar 46 5TA Seccion HNAS Davila Bayamon, PR 00960",(787) 558-2918,https://www.evexipel.com/hormone-replacement-therapy-provider/belladonna-medical-bayamon-bayamon/,
Belladonna Medical Wellness,Calle 1 Solar 46,Seccion Hnas Davila Bayamon,PR,00961,"Calle 1 Solar 46 5Ta Seccion Hnas Davila Bayamon, PR 00961",(787) 468-6142,https://www.evexipel.com/hormone-replacement-therapy-provider/belladonna-medical-wellness-bayamon-bayamon/,
"Rodriguez Ginorio, Henry","735 Ave Ponce De Leon, Ste 405",Torre Auxilio Mutio San Juan,PR,00917,"735 Ave Ponce De Leon, Ste 405 Torre Auxilio Mutio San Juan, PR 00917",(787) 699-3168,https://www.evexipel.com/hormone-replacement-therapy-provider/rodriguez-ginorio-henry-san-juan-san-juan/,
Dr. Luis A Cruz,"Ponce De Leon 735, Ste 505",Torre Auxilio Mutuo Hato Rey San Juan,PR,00917,"Ponce De Leon 735, Ste 505 Torre Auxilio Mutuo Hato Rey San Juan, PR 00917",(787) 699-3198,https://www.evexipel.com/hormone-replacement-therapy-provider/dr-luis-a-cruz-san-juan-san-juan/,
"Roxabella Torres-Baez, MD",68 Calle Santa Cruz Ste,Torre De San Pablo Bayamon,PR,00961,"68 Calle Santa Cruz Ste 803B Torre De San Pablo Bayamon, PR 00961",(970) 251-7743,https://www.evexipel.com/hormone-replacement-therapy-provider/roxabella-torres-baez-md-bayamon-bayamon/,
"Ostolaza Bey, CSP","735 Ponce De Leon Ave, Ste 205",Torre Medica Auxilio Mutuo San Juan,PR,00917,"735 Ponce De Leon Ave, Ste 205 Torre Medica Auxilio Mutuo San Juan, PR 00917",(787) 491-0338,https://www.evexipel.com/hormone-replacement-therapy-provider/ostolaza-bey-csp-san-juan-san-juan/,
Dr. Edgar Hernandez Viera,"369 Ave De Diego, STE 607",Torre San Francisco San Juan,PR,00923,"369 Ave De Diego, STE 607 Torre San Francisco San Juan, PR 00923",(787) 339-2485,https://www.evexipel.com/hormone-replacement-therapy-provider/dr-edgar-hernandez-viera-san-juan-san-juan/,
Clinica Medica Avanzada/Transsalud,"Local # 2, Carr. 21 #","U3-1, Urb. Las Lomas San Juan",PR,00921,"Local # 2, Carr. 21 # U3-1, Urb. Las Lomas San Juan, PR 00921",(787) 497-0487,https://www.evexipel.com/hormone-replacement-therapy-provider/clinica-medica-avanzadatranssalud-san-juan-san-juan/,
Beaumedics,961 FD Roosevelt Avenue,URB Puerto Nueva San Juan,PR,00920,"961 FD Roosevelt Avenue URB Puerto Nueva San Juan, PR 00920",(787) 490-1283,https://www.evexipel.com/hormone-replacement-therapy-provider/beaumedics-san-juan-san-juan/,
Dr. Carlos Cruz Martinez,143 Ave,Universidad Interamericana San German,PR,00683,"143 Ave Universidad Interamericana San German, PR 00683",(939) 205-1882,https://www.evexipel.com/hormone-replacement-therapy-provider/dr-carlos-cruz-martinez-san-german-san-german/,
ageNwellness,,Urb Celina E-17 Calle Teodoro Medina Ceiba,PR,00735,"Urb Celina E-17 Calle Teodoro Medina Ceiba, PR 00735",(787) 496-2114,https://www.evexipel.com/hormone-replacement-therapy-provider/agenwellness-ceiba-fajardo/,
Atlantic Wellness,I-26 Calle 3,Urb. Flamboyan Manati,PR,00674,"I-26 Calle 3 Urb. Flamboyan Manati, PR 00674",(787) 592-2142,https://www.evexipel.com/hormone-replacement-therapy-provider/atlantic-wellness-manati-manati/,
Illuminate,Carr 2 KM 29.4 Bo Espinosa Nunez Plaza 5,Vega Alta,PR,00692,"Carr 2 KM 29.4 Bo Espinosa Nunez Plaza 5 Vega Alta, PR 00692",(939) 294-3927,https://www.evexipel.com/hormone-replacement-therapy-provider/illuminate-vega-alta-vega-alta/,
Alexandra Pujols Villegas,Secotr La Vega 13 Calle 4,Yauco,PR,00698,"Secotr La Vega 13 Calle 4 Yauco, PR 00698",(787) 417-8706,https://www.evexipel.com/hormone-replacement-therapy-provider/alexandra-pujols-villegas-yauco-yauco/,
Yabucoamed,,calle Baldorioty #4 el sapo Barrio Calabazas Yabucoa,PR,00767,"calle Baldorioty #4 el sapo Barrio Calabazas Yabucoa, PR 00767",(939) 229-3407,https://www.evexipel.com/hormone-replacement-therapy-provider/yabucoamed-yabucoa-yabucoa/,
Viva Med Spa & Wellness,1125 Pontiac Ave,Cranston,RI,02920,"1125 Pontiac Ave Cranston, RI 02920",(401) 360-5838,https://www.evexipel.com/hormone-replacement-therapy-provider/viva-med-spa-wellness-cranston-ri/,
Revive Aesthetics & Wellness,175 Main Street,East Greenwich,RI,02818,"175 Main Street East Greenwich, RI 02818",(401) 386-9275,https://www.evexipel.com/hormone-replacement-therapy-provider/revive-aesthetics-wellness-east-greenwich-ri/,
Firm MD,130 Touro St,Newport,RI,02840,"130 Touro St Newport, RI 02840",(401) 289-1567,https://www.evexipel.com/hormone-replacement-therapy-provider/firm-md-newport-ri/,
Newport Medical Aesthetics,55 Memorial Blvd Ste 3,Newport,RI,02840,"55 Memorial Blvd Ste 3 Newport, RI 02840",(774) 500-3962,https://www.evexipel.com/hormone-replacement-therapy-provider/newport-medical-aesthetics-newport-ri/,
PureBeautyNP Aesthetics,1150 Stafford Road,Tiverton,RI,02878,"1150 Stafford Road Tiverton, RI 02878",(774) 273-7616,https://www.evexipel.com/hormone-replacement-therapy-provider/purebeautynp-aesthetics-tiverton-ri/,
Palmetto Wellness and Weight Loss,210 High Gate Loop,Aiken,SC,29803,"210 High Gate Loop Aiken, SC 29803",(803) 866-7674,https://www.evexipel.com/hormone-replacement-therapy-provider/palmetto-wellness-and-weight-loss-aiken-sc/,
Awesome Body Medicine Beaufort,10 A Marshellen Dr,Beaufort,SC,29902,"10 A Marshellen Dr Beaufort, SC 29902",(843) 483-5171,https://www.evexipel.com/hormone-replacement-therapy-provider/awesome-body-medicine-beaufort-sc/,
Compass Rose Health and Wellness,4 Clark Summit Dr Suite 100,Bluffton,SC,29910,"4 Clark Summit Dr Suite 100 Bluffton, SC 29910",(912) 468-1645,https://www.evexipel.com/hormone-replacement-therapy-provider/compass-rose-health-and-wellness-bluffton-sc/,
Refine Aesthetics,132 Bluffton Rd Ste 102,Bluffton,SC,29910,"132 Bluffton Rd Ste 102 Bluffton, SC 29910",(912) 468-1648,https://www.evexipel.com/hormone-replacement-therapy-provider/refine-aesthetics-bluffton-sc/,
VIP Cosmetic Surgery and Med Spa,10 William Pope Dr Suite,Bluffton,SC,29909,"10 William Pope Dr Suite #4 Bluffton, SC 29909",(912) 600-2849,https://www.evexipel.com/hormone-replacement-therapy-provider/vip-cosmetic-surgery-and-med-spa-bluffton-sc/,
About Face Aesthetics and Wellness Chapin,113 Virginia St.,Chapin,SC,29036,"113 Virginia St. Chapin, SC 29036",(864) 661-6793,https://www.evexipel.com/hormone-replacement-therapy-provider/about-face-aesthetics-and-wellness-chapin-sc/,
Cooper House Wellness and Aesthetics,846 Piccadilly Cir,Charleston,SC,29412,"846 Piccadilly Cir Charleston, SC 29412",(854) 202-9622,https://www.evexipel.com/hormone-replacement-therapy-provider/cooper-house-wellness-and-aesthetics-charleston-sc/,
Luminus Aesthetics,1525 Ashley River Road Ste,Charleston,SC,29407,"1525 Ashley River Road Ste A Charleston, SC 29407",(843) 560-5527,https://www.evexipel.com/hormone-replacement-therapy-provider/luminus-aesthetics-charleston-sc/,
"Palmetto Beauty and Balance, LLC",2467 Savannah Hwy Unit 530,Charleston,SC,29414,"2467 Savannah Hwy Unit 530 Charleston, SC 29414",(854) 777-0252,https://www.evexipel.com/hormone-replacement-therapy-provider/palmetto-beauty-and-balance-llc-charleston-sc/,
Aeternum Aesthetics & Wellness,534 Nautical Dr. Suite 3,Clover,SC,29710,"534 Nautical Dr. Suite 3 Clover, SC 29710",(864) 763-6203,https://www.evexipel.com/hormone-replacement-therapy-provider/aeternum-aesthetics-wellness-clover-sc/,
Sculpted by WH Aesthetics,701 Lady St Ste,Columbia,SC,29201,"701 Lady St Ste B Columbia, SC 29201",(803) 403-2591,https://www.evexipel.com/hormone-replacement-therapy-provider/sculpted-by-wh-aesthetics-columbia-sc/,
Carolina Express and Infusion Care,1321 Fourth Ave,Conway,SC,29526,"1321 Fourth Ave Conway, SC 29526",(843) 417-9862,https://www.evexipel.com/hormone-replacement-therapy-provider/carolina-express-and-infusion-care-conway-sc/,
Ro Wellness,2843 W Palmetto St. Suite,Florence,SC,29501,"2843 W Palmetto St. Suite A Florence, SC 29501",(854) 400-1451,https://www.evexipel.com/hormone-replacement-therapy-provider/ro-wellness-florence-sc/,
Modern Hormone and Wellness LLC,4416 Augusta Hwy,Gilbert,SC,29054,"4416 Augusta Hwy Gilbert, SC 29054",(803) 303-8325,https://www.evexipel.com/hormone-replacement-therapy-provider/modern-hormone-and-wellness-llc-gilbert-sc/,https://share.google/JdYwoyKIzrpu7cfPu
"Blume Wellness, LLC",320 W Stone Ave,Greenville,SC,29609,"320 W Stone Ave Greenville, SC 29609",(864) 326-0077,https://www.evexipel.com/hormone-replacement-therapy-provider/blume-wellness-llc-greenville-sc/,
Primegevity Medicine,114 Knollwood Ln,Greenville,SC,29607,"114 Knollwood Ln Greenville, SC 29607",(864) 668-3048,https://www.evexipel.com/hormone-replacement-therapy-provider/primegevity-medicine-greenville-sc/,
RMI Consultants,503 Roper Creek Dr,Greenville,SC,29615,"503 Roper Creek Dr Greenville, SC 29615",(877) 573-3737,https://www.evexipel.com/hormone-replacement-therapy-provider/rmi-consultants-greenville-sc/,
Flourish Health and Wellness,211 Waller Ave,Greenwood,SC,29646,"211 Waller Ave Greenwood, SC 29646",(864) 713-5797,https://www.evexipel.com/hormone-replacement-therapy-provider/flourish-health-and-wellness-greenwood-sc/,
Imperial Healthcare,1610 B Calhoun Rd,Greenwood,SC,29649,"1610 B Calhoun Rd Greenwood, SC 29649",(864) 618-2360,https://www.evexipel.com/hormone-replacement-therapy-provider/imperial-healthcare-greenwood-sc/,
Renew The Med Spa,701 Medical Park Dr Ste 103,Hartsville,SC,29550,"701 Medical Park Dr Ste 103 Hartsville, SC 29550",(843) 938-4750,https://www.evexipel.com/hormone-replacement-therapy-provider/renew-the-med-spa-hartsville-sc/,
Lindle Family Medicine & Wellness Clinic,512-B East Greer Street,Honea Path,SC,29654,"512-B East Greer Street Honea Path, SC 29654",(864) 712-9986,https://www.evexipel.com/hormone-replacement-therapy-provider/lindle-family-medicine-wellness-clinic-honea-path-sc/,
Younger You Aesthetics and Wellness,1022 Carolina Blvd # 301,Isle of Palms,SC,29451,"1022 Carolina Blvd # 301 Isle of Palms, SC 29451",(854) 227-3945,https://www.evexipel.com/hormone-replacement-therapy-provider/younger-you-aesthetics-and-wellness-isle-of-palms-sc/,
Charleston Direct Primary Care,501 Hayes Park Blvd,Johns Island,SC,29455,"501 Hayes Park Blvd Johns Island, SC 29455",(854) 220-9617,https://www.evexipel.com/hormone-replacement-therapy-provider/charleston-direct-primary-care-johns-island-sc/,
Altranais Wellness,435 Potter Rd. Suite 800,Lancaster,SC,29720,"435 Potter Rd. Suite 800 Lancaster, SC 29720",(803) 887-3556,https://www.evexipel.com/hormone-replacement-therapy-provider/altranais-wellness-lancaster-sc/,
Mackey Family Practice,1025 W. Meeting St. Suite 200,Lancaster,SC,29720,"1025 W. Meeting St. Suite 200 Lancaster, SC 29720",(980) 294-4056,https://www.evexipel.com/hormone-replacement-therapy-provider/mackey-family-practice-lancaster-sc/,
Alpha Male Clinic,4999 Carolina Forest Dr STE 9,Myrtle Beach,SC,29579,"4999 Carolina Forest Dr STE 9 Myrtle Beach, SC 29579",(843) 428-5568,https://www.evexipel.com/hormone-replacement-therapy-provider/alpha-male-clinic-myrtle-beach-sc/,
Milovia Aesthetics & Wellness,3573 Saint James Ave,Myrtle Beach,SC,29577,"3573 Saint James Ave Myrtle Beach, SC 29577",(854) 600-4097,https://www.evexipel.com/hormone-replacement-therapy-provider/milovia-aesthetics-wellness-myrtle-beach-sc/,
Posh Aesthetics,926 Iris St Unit,Myrtle Beach,SC,29577,"926 Iris St Unit D Myrtle Beach, SC 29577",(843) 429-6574,https://www.evexipel.com/hormone-replacement-therapy-provider/posh-aesthetics-myrtle-beach-sc/,
Charleston Pain Relief Center,2294 Otranto Rd,North Charleston,SC,29406,"2294 Otranto Rd North Charleston, SC 29406",(843) 823-1179,https://www.evexipel.com/hormone-replacement-therapy-provider/charleston-pain-relief-center-north-charleston-sc/,
Carolina Hormone & Hlth-Mtplsant,300 West Coleman Blvd. Ste 101,Pleasant,SC,29464,"300 West Coleman Blvd. Ste 101 Mt. Pleasant, SC 29464",(843) 396-2258,https://www.evexipel.com/hormone-replacement-therapy-provider/carolina-hormone-hlth-mtplsant-mt-pleasant-sc/,
Charleston Men's Clinic,1300 Hospital Drive Suite 310,Pleasant,SC,29464,"1300 Hospital Drive Suite 310 Mt Pleasant, SC 29464",(843) 508-2176,https://www.evexipel.com/hormone-replacement-therapy-provider/charleston-mens-clinic-mt-pleasant-sc/,
Soulshine Aesthetics,664 Long Point Rd Unit,Pleasant,SC,29464,"664 Long Point Rd Unit D Mt Pleasant, SC 29464",(854) 205-2649,https://www.evexipel.com/hormone-replacement-therapy-provider/soulshine-aesthetics-mt-pleasant-sc/,
Holy City Wellness Center,2206b Mossy Oaks Rd Suite 7,Port Royal,SC,29945,"2206b Mossy Oaks Rd Suite 7 Port Royal, SC 29945",(854) 212-5186,https://www.evexipel.com/hormone-replacement-therapy-provider/holy-city-wellness-center-port-royal-sc/,
Miriam Medical Center,1926 India Hook Rd,Rock Hill,SC,29732,"1926 India Hook Rd Rock Hill, SC 29732",(980) 446-3489,https://www.evexipel.com/hormone-replacement-therapy-provider/miriam-medical-center-rock-hill-sc/,
Rumor Medical Aesthetics,430 South Herlong Avenue Suite 103,Rock Hill,SC,29732,"430 South Herlong Avenue Suite 103 Rock Hill, SC 29732",(803) 752-8756,https://www.evexipel.com/hormone-replacement-therapy-provider/rumor-medical-aesthetics-rock-hill-sc/,
Health Core Medical & Aesthetics,2660 Reidville Rd. Suite 5 Suite 5,Spartanburg,SC,29301,"2660 Reidville Rd. Suite 5 Suite 5 Spartanburg, SC 29301",(864) 714-8618,https://www.evexipel.com/hormone-replacement-therapy-provider/health-core-medical-aesthetics-spartanburg-sc/,
Baldoni Aesthetic,118 W. Richardson Ave St. 100,Summerville,SC,29483,"118 W. Richardson Ave St. 100 Summerville, SC 29483",(854) 300-5783,https://www.evexipel.com/hormone-replacement-therapy-provider/baldoni-aesthetic-summerville-sc/,
Luminus Aesthetics - Summerville,1229 Nexton Parkway Unit,Summerville,SC,29486,"1229 Nexton Parkway Unit A Summerville, SC 29486",(854) 300-6634,https://www.evexipel.com/hormone-replacement-therapy-provider/luminus-aesthetics-summerville-sc/,
Women's Health Partners (WHP) OBGYN,75 Springview Ln,Summerville,SC,29485,"75 Springview Ln Summerville, SC 29485",(854) 888-9924,https://www.evexipel.com/hormone-replacement-therapy-provider/womens-health-partners-whp-obgyn-summerville-sc/,
Women's Health Partners - Front St,5500 Front Street Suite 430,Summerville,SC,29486,"5500 Front Street Suite 430 Summerville, SC 29486",(803) 759-8315,https://www.evexipel.com/hormone-replacement-therapy-provider/womens-health-partners-front-st-summerville-sc/,
About Face Aesthetics and Wellness,112 E. Main St,Union,SC,29379,"112 E. Main St Union, SC 29379",(864) 613-6818,https://www.evexipel.com/hormone-replacement-therapy-provider/about-face-aesthetics-and-wellness-union-sc/,
Carolina Hormone & Hlth-Columbia,3231 Sunset Blvd Ste,West Columbia,SC,29169,"3231 Sunset Blvd Ste C West Columbia, SC 29169",(803) 454-8500,https://www.evexipel.com/hormone-replacement-therapy-provider/carolina-hormone-hlth-columbia-west-columbia-sc/,
Conklin Clinics,2120 8Th Ave Ne,Aberdeen,SD,57401,"2120 8Th Ave Ne Aberdeen, SD 57401",(605) 309-8597,https://www.evexipel.com/hormone-replacement-therapy-provider/conklin-clinics-aberdeen-sd/,
Rejuvenating Remedies Med Spa,102 South Main St,Chamberlain,SD,57325,"102 South Main St Chamberlain, SD 57325",(605) 853-8377,https://www.evexipel.com/hormone-replacement-therapy-provider/rejuvenating-remedies-med-spa-chamberlain-sd/,
Well Beyond Personalized Medicine,3808 Sheridan Lake Rd. Suite 101,Rapid City,SD,57702,"3808 Sheridan Lake Rd. Suite 101 Rapid City, SD 57702",(605) 674-6410,https://www.evexipel.com/hormone-replacement-therapy-provider/well-beyond-personalized-medicine-rapid-city-sd/,
Radiant Health and Hormone Therapy,4928 E Rosa Parks Pl,Sioux Falls,SD,57110,"4928 E Rosa Parks Pl Sioux Falls, SD 57110",(605) 467-7213,https://www.evexipel.com/hormone-replacement-therapy-provider/radiant-health-and-hormone-therapy-sioux-falls-sd/,
Balanced Beauty Aesthetics & Wellness,203 East Washington Avenue,Athens,TN,37303,"203 East Washington Avenue Athens, TN 37303",(865) 346-3506,https://www.evexipel.com/hormone-replacement-therapy-provider/balanced-beauty-aesthetics-wellness-athens-tn/,
Body for Life Bartlett,8046 N Brother Blvd Suite 103,Bartlett,TN,38133,"8046 N Brother Blvd Suite 103 Bartlett, TN 38133",(901) 668-8397,https://www.evexipel.com/hormone-replacement-therapy-provider/body-for-life-bartlett-tn/,
Integrative Health Clinic,317 Seven Springs Way Ste 205,Brentwood,TN,37027,"317 Seven Springs Way Ste 205 Brentwood, TN 37027",(615) 703-4577,https://www.evexipel.com/hormone-replacement-therapy-provider/integrative-health-clinic-brentwood-tn/,
Next Level Health,1646 Westgate Circle Suite 106,Brentwood,TN,37027,"1646 Westgate Circle Suite 106 Brentwood, TN 37027",(615) 283-9705,https://www.evexipel.com/hormone-replacement-therapy-provider/next-level-health-brentwood-tn/,
Pazona MD - Brentwood,301 Seven Springs Way Suite 250,Brentwood,TN,37027,"301 Seven Springs Way Suite 250 Brentwood, TN 37027",(615) 527-4700,https://www.evexipel.com/hormone-replacement-therapy-provider/pazona-md-brentwood-tn/,
REGEN Society Aesthetics + Wellness,8119 Isabella Lane Ste 100,Brentwood,TN,37027,"8119 Isabella Lane Ste 100 Brentwood, TN 37027",(615) 903-8534,https://www.evexipel.com/hormone-replacement-therapy-provider/regen-society-aesthetics-wellness-brentwood-tn/,
Restore Hormonal Health,1612 Westgate Circle Suite 214,Brentwood,TN,37027,"1612 Westgate Circle Suite 214 Brentwood, TN 37027",(615) 939-9325,https://www.evexipel.com/hormone-replacement-therapy-provider/restore-hormonal-health-brentwood-tn/,
Tennessee Wellness Collective,116 Wilson Pike Circle Suite 102,Brentwood,TN,37027,"116 Wilson Pike Circle Suite 102 Brentwood, TN 37027",(629) 205-4858,https://www.evexipel.com/hormone-replacement-therapy-provider/tennessee-wellness-collective-brentwood-tn/,
Magnolia Health and Wellness,516 Main St N #,Carthage,TN,37030,"516 Main St N # A Carthage, TN 37030",(629) 226-7441,https://www.evexipel.com/hormone-replacement-therapy-provider/magnolia-health-and-wellness-carthage-tn/,
Flawless Aesthetics,6216 Airpark Dr,Chattanooga,TN,37421,"6216 Airpark Dr Chattanooga, TN 37421",(706) 954-7215,https://www.evexipel.com/hormone-replacement-therapy-provider/flawless-aesthetics-chattanooga-tn/,
Kenz Aesthetics and Skin Co.,2115 Gunbarrel Road Ste 26,Chattanooga,TN,37421,"2115 Gunbarrel Road Ste 26 Chattanooga, TN 37421",(762) 760-5202,https://www.evexipel.com/hormone-replacement-therapy-provider/kenz-aesthetics-and-skin-co-chattanooga-tn/,
"Lavender Medi Spa, PLLC","1334 MACKEY BRANCH DRIVE, SUITE 103 Unit 103",Chattanooga,TN,37421,"1334 MACKEY BRANCH DRIVE, SUITE 103 Unit 103 Chattanooga, TN 37421",(762) 209-3375,https://www.evexipel.com/hormone-replacement-therapy-provider/lavender-medi-spa-pllc-chattanooga-tn/,https://share.google/R1VPFr6IONC4LBD1Z
"Magnolia Health, PLLC",6404 E Brainerd Rd,Chattanooga,TN,37421,"6404 E Brainerd Rd Chattanooga, TN 37421",(423) 556-6397,https://www.evexipel.com/hormone-replacement-therapy-provider/magnolia-health-pllc-chattanooga-tn/,
Moore Road Medical Weight Loss & Medispa,1425 S. Moore Rd Ste,Chattanooga,TN,37412,"1425 S. Moore Rd Ste F Chattanooga, TN 37412",(706) 397-4234,https://www.evexipel.com/hormone-replacement-therapy-provider/moore-road-medical-weight-loss-medispa-east-ridge-tn/,
"Re/Balance Medical Aesthetics, LLC",7305 Jarnigan Road,Chattanooga,TN,37421,"7305 Jarnigan Road Chattanooga, TN 37421",(762) 760-0368,https://www.evexipel.com/hormone-replacement-therapy-provider/rebalance-medical-aesthetics-llc-chattanooga-tn/,
ReShapesRX &Wellness,3211 Cummings Hwy,Chattanooga,TN,37419,"3211 Cummings Hwy Chattanooga, TN 37419",(256) 703-7654,https://www.evexipel.com/hormone-replacement-therapy-provider/reshapesrx-wellness-chattanooga-tn/,
Renaissance Health - Chattanooga,1030 E 4Th St,Chattanooga,TN,37403,"1030 E 4Th St Chattanooga, TN 37403",(706) 954-8356,https://www.evexipel.com/hormone-replacement-therapy-provider/renaissance-health-chattanooga-tn/,
Hillcrest Medical Weight Loss and Hormone,230 HILLCREST DRIVE,Clarksville,TN,37043,"230 HILLCREST DRIVE Clarksville, TN 37043",(270) 633-4810,https://www.evexipel.com/hormone-replacement-therapy-provider/hillcrest-medical-weight-loss-and-hormone-clarksville-tn/,
Riverside Spine and Physical Medicine,121 W. Dunbar Cave Rd.,Clarksville,TN,37040,"121 W. Dunbar Cave Rd. Clarksville, TN 37040",(931) 651-8009,https://www.evexipel.com/hormone-replacement-therapy-provider/riverside-spine-and-physical-medicine-clarksville-tn/,
931 Skin + Co Aesthetics & Wellness,1324 Trotwood Ave Suite 1,Columbia,TN,38401,"1324 Trotwood Ave Suite 1 Columbia, TN 38401",(931) 281-8930,https://www.evexipel.com/hormone-replacement-therapy-provider/931-skin-co-aesthetics-wellness-columbia-tn/,
Highland Institute,929 W Jackson St Ste,Cookeville,TN,38501,"929 W Jackson St Ste A Cookeville, TN 38501",(931) 651-9367,https://www.evexipel.com/hormone-replacement-therapy-provider/highland-institute-cookeville-tn/,
Memphis Aesthetics and Wellness,310 S Walnut Bend Rd STE 8,Cordova,TN,38018,"310 S Walnut Bend Rd STE 8 Cordova, TN 38018",(662) 863-3626,https://www.evexipel.com/hormone-replacement-therapy-provider/memphis-aesthetics-and-wellness-memphis-tn/,
Vitality Hydration and Wellness,865 Willow Tree Cir Ste 100,Cordova,TN,38018,"865 Willow Tree Cir Ste 100 Cordova, TN 38018",(662) 850-9200,https://www.evexipel.com/hormone-replacement-therapy-provider/vitality-hydration-and-wellness-memphis-tn/,
Hamilton Health and Wellness,111 S Munford St,Covington,TN,38019,"111 S Munford St Covington, TN 38019",(731) 324-4807,https://www.evexipel.com/hormone-replacement-therapy-provider/hamilton-health-and-wellness-covington-tn/,
The Nurse Wellness Collective,375 2nd Ave,Dayton,TN,37321,"375 2nd Ave Dayton, TN 37321",(423) 370-9438,https://www.evexipel.com/hormone-replacement-therapy-provider/the-nurse-wellness-collective-dayton-tn/,
Restoration Clinic,16850 State Highway 58 S Ste,Decatur,TN,37322,"16850 State Highway 58 S Ste A Decatur, TN 37322",(423) 454-2993,https://www.evexipel.com/hormone-replacement-therapy-provider/restoration-clinic-decatur-tn/,
Lake Med Health & Wellness,1852 Decherd Blvd,Decherd,TN,37324,"1852 Decherd Blvd Decherd, TN 37324",(256) 663-4889,https://www.evexipel.com/hormone-replacement-therapy-provider/lake-med-health-wellness-decherd-tn/,https://www.google.com/search?q=lake+med+health+and+wellness&sca_esv=e5f3872605fd4577&sxsrf=ANbL-n6hA0vD48hsg65ZBlssBV7q9ElCMw%3A1770697261218&source=hp&ei=LbKKaeD8Cty3ptQPtIegkQk&iflsig=AFdpzrgAAAAAaYrAPTyxswJTCg8vIhVJILmeH2-y1IVR&oq=lake+med+&gs_lp=Egdn
Thrive Hormone Specialist,100 Academy St.,Dickson,TN,37055,"100 Academy St. Dickson, TN 37055",(931) 442-4590,https://www.evexipel.com/hormone-replacement-therapy-provider/thrive-hormone-specialist-dickson-tn/,
Brooke’s Beyond Beauty,1510 Woodlawn Ave,Dyersburg,TN,38024,"1510 Woodlawn Ave Dyersburg, TN 38024",(731) 260-8313,https://www.evexipel.com/hormone-replacement-therapy-provider/brookes-beyond-beauty-dyersburg-tn/,
A Prestige Aesthetics & Wellness,504 Autumn Springs Ct,Franklin,TN,37067,"504 Autumn Springs Ct #19 Franklin, TN 37067",(629) 209-5880,https://www.evexipel.com/hormone-replacement-therapy-provider/a-prestige-aesthetics-wellness-franklin-tn/,https://www.google.com/search?q=APs+Aesthetics+and+Wellness+-+Medical+Spa&stick=H4sIAAAAAAAA_-NgU1I1qLCwMDMySzNNszS2NDNNSzK2MqgwTjNISU5JTDU2MU5MNLU0WsSq6RhQrOCYWlySkVqSmVyskJiXohCempOTl1pcrKCr4JuakpmcmKMQXJAIAFLM0nNVAAAA&hl=en&mat=CWoaDeK1qTrPElcBTVDHnvd-
Elegant Aesthetics,214 2nd Ave S,Franklin,TN,37064,"214 2nd Ave S Franklin, TN 37064",(931) 671-1329,https://www.evexipel.com/hormone-replacement-therapy-provider/elegant-aesthetics-franklin-tn/,
"Findi Longevity & Wellness, PLLC",99 E Main Street Ste 23,Franklin,TN,37064,"99 E Main Street Ste 23 Franklin, TN 37064",(931) 499-5933,https://www.evexipel.com/hormone-replacement-therapy-provider/findi-longevity-wellness-pllc-franklin-tn/,
Level Wellness PLLC,512 Autumn Springs Court,Franklin,TN,37067,"512 Autumn Springs Court Franklin, TN 37067",(615) 535-6673,https://www.evexipel.com/hormone-replacement-therapy-provider/level-wellness-pllc-franklin-tn/,
Rewind Medical Solutions,1025 Westhaven Blvd Suite 210,Franklin,TN,37064,"1025 Westhaven Blvd Suite 210 Franklin, TN 37064",(615) 307-8442,https://www.evexipel.com/hormone-replacement-therapy-provider/rewind-medical-solutions-franklin-tn/,
Advanced Rehab and Medical,149 North Star Dr,Jackson,TN,38305,"149 North Star Dr Jackson, TN 38305",(731) 513-6397,https://www.evexipel.com/hormone-replacement-therapy-provider/advanced-rehab-and-medical-jackson-tn/,
Rejuvenation,455 High Cliff Rd,Jellico,TN,37762,"455 High Cliff Rd Jellico, TN 37762",(865) 800-8287,https://www.evexipel.com/hormone-replacement-therapy-provider/rejuvenation-jellico-tn/,
Aspire Health Md,915 North Kentucky Street,Kingston,TN,37763,"915 North Kentucky Street Kingston, TN 37763",(865) 270-5731,https://www.evexipel.com/hormone-replacement-therapy-provider/aspire-health-md-kingston-tn/,
Adam Eve Medispa,135 W End Ave,Knoxville,TN,37934,"135 W End Ave Knoxville, TN 37934",(865) 234-4262,https://www.evexipel.com/hormone-replacement-therapy-provider/adam-eve-medispa-farragut-tn/,
Arabella Medical Aesthetics,240 S Peters Rd Ste 102,Knoxville,TN,37923,"240 S Peters Rd Ste 102 Knoxville, TN 37923",(865) 234-9711,https://www.evexipel.com/hormone-replacement-therapy-provider/arabella-medical-aesthetics-knoxville-tn/,
Precision Health,9325 S Northshore Dr,Knoxville,TN,37922,"9325 S Northshore Dr Knoxville, TN 37922",(865) 359-0762,https://www.evexipel.com/hormone-replacement-therapy-provider/precision-health-knoxville-tn/,
Valencia Med Spa,10321 Kingston Pike Ste 104,Knoxville,TN,37922,"10321 Kingston Pike Ste 104 Knoxville, TN 37922",(865) 346-2970,https://www.evexipel.com/hormone-replacement-therapy-provider/valencia-med-spa-knoxville-tn/,
LUMI Aesthetics,1670 W Main St Ste 140,Lebanon,TN,37087,"1670 W Main St Ste 140 Lebanon, TN 37087",(629) 226-6216,https://www.evexipel.com/hormone-replacement-therapy-provider/lumi-aesthetics-lebanon-tn/,
Magnolia Clinic - Martin,215 Hawks Rd Ste 6,Martin,TN,38237,"215 Hawks Rd Ste 6 Martin, TN 38237",(731) 224-4686,https://www.evexipel.com/hormone-replacement-therapy-provider/magnolia-clinic-martin-tn/,
TruYou Aesthetics,1732 W Broadway Ave,Maryville,TN,37801,"1732 W Broadway Ave Maryville, TN 37801",(865) 276-7915,https://www.evexipel.com/hormone-replacement-therapy-provider/truyou-aesthetics-maryville-tn/,
South Gibson Family Care,589 Highway 45 Byp S,Medina,TN,38355,"589 Highway 45 Byp S Medina, TN 38355",(731) 202-4063,https://www.evexipel.com/hormone-replacement-therapy-provider/south-gibson-family-care-medina-tn/,
Ruch OBGYN,6215 Humphreys Blvd # 500,Memphis,TN,38120,"6215 Humphreys Blvd # 500 Memphis, TN 38120",(901) 682-0630,https://www.evexipel.com/hormone-replacement-therapy-provider/ruch-obgyn-memphis-tn/,
Wallace Plastic Surgery Group,6215 Humphreys Blvd Ste 201,Memphis,TN,38120,"6215 Humphreys Blvd Ste 201 Memphis, TN 38120",(901) 763-6897,https://www.evexipel.com/hormone-replacement-therapy-provider/wallace-plastic-surgery-group-memphis-tn/,
Balance Medical and Rehab,1133 S Main St,Milan,TN,38358,"1133 S Main St Milan, TN 38358",(731) 330-2724,https://www.evexipel.com/hormone-replacement-therapy-provider/balance-medical-and-rehab-milan-tn/,
Body for Life Millington,8370 US Highway 51 N Ste 106,Millington,TN,38053,"8370 US Highway 51 N Ste 106 Millington, TN 38053",(901) 403-7365,https://www.evexipel.com/hormone-replacement-therapy-provider/body-for-life-millington-tn/,
Valor Medical Group - Morristown,1121 W 1ST North ST,Morristown,TN,37814,"1121 W 1ST North ST Morristown, TN 37814",(423) 373-7400,https://www.evexipel.com/hormone-replacement-therapy-provider/valor-medical-group-morristown-tn/,
Inspire Medical,151 Adams Ln Ste,Mount Juliet,TN,37122,"151 Adams Ln Ste 8A Mount Juliet, TN 37122",(615) 488-5374,https://www.evexipel.com/hormone-replacement-therapy-provider/inspire-medical-mt-juliet-tn/,
Speight Family Medical,76 Tabb Dr Ste E,Munford,TN,38058,"76 Tabb Dr Ste E Munford, TN 38058",(870) 410-4149,https://www.evexipel.com/hormone-replacement-therapy-provider/speight-family-medical-munford-tn/,
Core Wellness and Longevity,210 25Th Ave. North Suite 25,Nashville,TN,37203,"210 25Th Ave. North Suite 25 Nashville, TN 37203",(615) 535-5119,https://www.evexipel.com/hormone-replacement-therapy-provider/core-wellness-and-longevity-nashville-tn/,
"Menopause Health Institute, LLC",4205 Hillsboro Pike Ste 218,Nashville,TN,37215,"4205 Hillsboro Pike Ste 218 Nashville, TN 37215",(629) 231-6091,https://www.evexipel.com/hormone-replacement-therapy-provider/menopause-health-institute-llc-nashville-tn/,
Profiles Laser and Medical,1184,Nashville Pike Gallatin,TN,37066,"1184 Nashville Pike Gallatin, TN 37066",(615) 822-6800,https://www.evexipel.com/hormone-replacement-therapy-provider/profiles-laser-and-medical-gallatin-tn/,
Cryo & Contour,7180 Nolensville Rd Ste,Nolensville,TN,37135,"7180 Nolensville Rd Ste 2E Nolensville, TN 37135",(629) 529-4835,https://www.evexipel.com/hormone-replacement-therapy-provider/cryo-contour-nolensville-tn/,
"Atomic Aesthetics and Wellness, LLC",226 A Jackson Square Ste,Oak Ridge,TN,37830,"226 A Jackson Square Ste A Oak Ridge, TN 37830",(865) 328-3953,https://www.evexipel.com/hormone-replacement-therapy-provider/atomic-aesthetics-and-wellness-llc-oak-ridge-tn/,
Associates in Women's Health,6845 Mountain View Rd,Ooltewah,TN,37405,"6845 Mountain View Rd Ooltewah, TN 37405",(762) 760-2469,https://www.evexipel.com/hormone-replacement-therapy-provider/associates-in-womens-health-ooltewah-tn/,
Flourish Wellness,1008 Pickwick St,Savannah,TN,38372,"1008 Pickwick St Savannah, TN 38372",(731) 316-0411,https://www.evexipel.com/hormone-replacement-therapy-provider/flourish-wellness-savannah-tn/,
Greenbrier Medical,1110 Village Dr.,Sevierville,TN,37862,"1110 Village Dr. Sevierville, TN 37862",(865) 328-7399,https://www.evexipel.com/hormone-replacement-therapy-provider/greenbrier-medical-sevierville-tn/,
Faith Family Wellness Clinic,2012 N Main St,Shelbyville,TN,37160,"2012 N Main St Shelbyville, TN 37160",(931) 293-6417,https://www.evexipel.com/hormone-replacement-therapy-provider/faith-family-wellness-clinic-shelbyville-tn/,
Refined Health and Wellness,317 Ault Rd Ste 217,Signal Mountain,TN,37377,"317 Ault Rd Ste 217 Signal Mountain, TN 37377",(762) 760-3159,https://www.evexipel.com/hormone-replacement-therapy-provider/refined-health-and-wellness-signal-mountain-tn/,"https://www.google.com/maps/place/Refined+Health+and+Wellness/@35.1013719,-85.3307945,18z/data=!3m1!4b1!4m6!3m5!1s0x88605daccf7d49f9:0xcd9777f8eb198b29!8m2!3d35.10137!4d-85.3297!16s%2Fg%2F11jz6kkx9g?entry=ttu&g_ep=EgoyMDI2MDQwNy4wIKXMDSoASAFQAw%3D%3D"
Renaissance Health & Surgical Associates,325 South Cedar Ave Suite 2,South Pittsburgh,TN,37380,"325 South Cedar Ave Suite 2 South Pittsburgh, TN 37380",(706) 956-2624,https://www.evexipel.com/hormone-replacement-therapy-provider/renaissance-health-surgical-associates-south-pittsburg-tn/,
Thompson Family Health and Wellness,502 West Main St,Waverly,TN,37185,"502 West Main St Waverly, TN 37185",(931) 281-8009,https://www.evexipel.com/hormone-replacement-therapy-provider/thompson-family-health-and-wellness-waverly-tn/,
Level Wellness White House PLLC,2823 U.S. 31W Ste 200,White House,TN,37188,"2823 U.S. 31W Ste 200 White House, TN 37188",(270) 813-2372,https://www.evexipel.com/hormone-replacement-therapy-provider/level-wellness-white-house-pllc-white-house-tn/,https://www.google.com/search?q=levelwellness+white+house
The Collective,2090 Cowan Hwy,Winchester,TN,37398,"2090 Cowan Hwy Winchester, TN 37398",(423) 403-3765,https://www.evexipel.com/hormone-replacement-therapy-provider/the-collective-winchester-tn/,
Northlake Obstetrics & Gynecology Frisco,12500 Dallas Pkwy Ste,4.200 Frisco,TX,75033,"12500 Dallas Pkwy Ste 4.200 Frisco, TX 75033",(214) 643-8217,https://www.evexipel.com/hormone-replacement-therapy-provider/northlake-obstetrics-gynecology-frisco-tx/,
Abilene Primary Care,6743 Memorial Dr,Abilene,TX,79606,"6743 Memorial Dr Abilene, TX 79606",(325) 225-5947,https://www.evexipel.com/hormone-replacement-therapy-provider/abilene-primary-care-abilene-tx/,
Anahata Wellness Center West,702 Hickory St Ste,Abilene,TX,79601,"702 Hickory St Ste D Abilene, TX 79601",(432) 216-4706,https://www.evexipel.com/hormone-replacement-therapy-provider/anahata-wellness-center-west-abilene-tx/,
MARS Wellness - Abilene,3226 Buffalo Gap Rd,Abilene,TX,79605,"3226 Buffalo Gap Rd Abilene, TX 79605",(325) 230-2618,https://www.evexipel.com/hormone-replacement-therapy-provider/mars-wellness-abilene-tx/,
Restore Wellness Centre,1702 S. Clack St,Abilene,TX,79605,"1702 S. Clack St Abilene, TX 79605",(325) 440-6007,https://www.evexipel.com/hormone-replacement-therapy-provider/restore-wellness-centre-abilene-tx/,https://share.google/ZMDjBw7mkJn44j2Mx
The Beauty Bus,642 Sayles Blvd,Abilene,TX,79605,"642 Sayles Blvd Abilene, TX 79605",(325) 399-7042,https://www.evexipel.com/hormone-replacement-therapy-provider/the-beauty-bus-abilene-tx/,
Ohana Health,11355 US Hwy 87 E Ste 2,Adkins,TX,78101,"11355 US Hwy 87 E Ste 2 Adkins, TX 78101",(830) 251-4472,https://www.evexipel.com/hormone-replacement-therapy-provider/ohana-health-adkins-tx/,
KLP Medical Aesthetics and Consulting,9899 E Bankhead Hwy Unit 600,Aledo,TX,76008,"9899 E Bankhead Hwy Unit 600 Aledo, TX 76008",(682) 243-4825,https://www.evexipel.com/hormone-replacement-therapy-provider/klp-medical-aesthetics-and-consulting-aledo-tx/,
The Bridge Clinic of Alice,63 N Reynolds St,Alice,TX,78332,"63 N Reynolds St Alice, TX 78332",(325) 308-8478,https://www.evexipel.com/hormone-replacement-therapy-provider/the-bridge-clinic-of-alice-tx/,
Allen Midwifery & Family Wellness,406 W Main St,Allen,TX,75013,"406 W Main St Allen, TX 75013",(903) 551-6341,https://www.evexipel.com/hormone-replacement-therapy-provider/allen-midwifery-family-wellness-allen-tx/,
Express Family Clinic & Celebrity MediSpa,940 Ridgeview Dr Ste 150,Allen,TX,75013,"940 Ridgeview Dr Ste 150 Allen, TX 75013",(972) 833-7340,https://www.evexipel.com/hormone-replacement-therapy-provider/express-family-clinic-celebrity-medispa-allen-tx/,
Low Testosterone and Wellness Center,945 W Stacy Rd Ste 120,Allen,TX,75013,"945 W Stacy Rd Ste 120 Allen, TX 75013",(903) 551-7969,https://www.evexipel.com/hormone-replacement-therapy-provider/low-testosterone-and-wellness-center-allen-tx/,
Nu Med Spa,1511 W Mcdermott Dr Ste 300,Allen,TX,75013,"1511 W Mcdermott Dr Ste 300 Allen, TX 75013",(469) 388-0602,https://www.evexipel.com/hormone-replacement-therapy-provider/nu-med-spa-allen-tx/,
Salveo Family Clinic,614 S. Watters Rd. Suite 101,Allen,TX,75013,"614 S. Watters Rd. Suite  101 Allen, TX 75013",(214) 393-4732,https://www.evexipel.com/hormone-replacement-therapy-provider/salveo-family-clinic-allen-tx/,
Silhouette Health And Wellness (Allen),261 W Exchange Parkway,Allen,TX,75013,"261 W Exchange Parkway Allen, TX 75013",(972) 472-2049,https://www.evexipel.com/hormone-replacement-therapy-provider/silhouette-health-and-wellness-allen-tx/,
Full Circle Aesthetics & Wellness,113 Jephson St,Alvin,TX,77511,"113 Jephson St Alvin, TX 77511",(832) 481-6008,https://www.evexipel.com/hormone-replacement-therapy-provider/full-circle-aesthetics-wellness-alvin-tx/,
Panhandle Wellness,7620 Wallace Blvd.,Amarillio,TX,79124,"7620 Wallace Blvd. Amarillio, TX 79124",(806) 350-6571,https://www.evexipel.com/hormone-replacement-therapy-provider/panhandle-wellness-amarillo-tx/,
Amaro Integrative Medicine,1901 Medi-Park Dr Ste 1048,Amarillo,TX,79106,"1901 Medi-Park Dr Ste 1048 Amarillo, TX 79106",(806) 605-1545,https://www.evexipel.com/hormone-replacement-therapy-provider/amaro-integrative-medicine-amarillo-tx/,
Amy Upton Family Practice,1731 Hagy Blvd,Amarillo,TX,79106,"1731 Hagy Blvd Amarillo, TX 79106",(806) 420-3550,https://www.evexipel.com/hormone-replacement-therapy-provider/amy-upton-family-practice-amarillo-tx/,
BazzazMD,600 S. Tyler Suite 2901,Amarillo,TX,79101,"600 S. Tyler Suite 2901 Amarillo, TX 79101",(806) 557-3925,https://www.evexipel.com/hormone-replacement-therapy-provider/bazzazmd-amarillo-tx/,https://share.google/AEMpTE8g8x1xbbCNj
Blush Beaute and Wellness,3712 Olsen Blvd,Amarillo,TX,79109,"3712 Olsen Blvd Amarillo, TX 79109",(806) 639-4521,https://www.evexipel.com/hormone-replacement-therapy-provider/blush-beaute-and-wellness-amarillo-tx/,
Creek Stone Integrated Medicine,3501 Sw 45Th Ave Ste,Amarillo,TX,79109,"3501 Sw 45Th Ave Ste T Amarillo, TX 79109",(806) 639-4505,https://www.evexipel.com/hormone-replacement-therapy-provider/creek-stone-integrated-medicine-amarillo-tx/,
Family Care Clinic of Bushland,1600 S S Farm To Market Rd 2381,Amarillo,TX,79124,"1600 S S Farm To Market Rd 2381 Amarillo, TX 79124",(806) 256-6562,https://www.evexipel.com/hormone-replacement-therapy-provider/family-care-clinic-of-bushland-amarillo-tx/,
Generation Wellness,1901 Medi Park Dr Suite 1068,Amarillo,TX,79106,"1901 Medi Park Dr Suite 1068 Amarillo, TX 79106",(806) 670-9738,https://www.evexipel.com/hormone-replacement-therapy-provider/generation-wellness-amarillo-tx/,
Panhandle Plastic Surgery,1750 Point West Parkway Ste 201,Amarillo,TX,79124,"1750 Point West Parkway Ste 201 Amarillo, TX 79124",(806) 677-7004,https://www.evexipel.com/hormone-replacement-therapy-provider/panhandle-plastic-surgery-amarillo-tx/,
Wellness First,8201 SW 34th Ave Ste,Amarillo,TX,79121,"8201 SW 34th Ave Ste C Amarillo, TX 79121",(806) 615-3331,https://www.evexipel.com/hormone-replacement-therapy-provider/wellness-first-amarillo-tx/,
West TX Valor Pain & Spine Wellness Inst,24 Care Cir,Amarillo,TX,79124,"24 Care Cir Amarillo, TX 79124",(806) 513-5778,https://www.evexipel.com/hormone-replacement-therapy-provider/west-tx-valor-pain-spine-wellness-inst-amarillo-tx/,
Women's Healthcare Assoc - CA,1301 S. Coulter St Suite 300,Amarillo,TX,79106,"1301 S. Coulter St Suite 300 Amarillo, TX 79106",(806) 591-3216,https://www.evexipel.com/hormone-replacement-therapy-provider/womens-healthcare-assoc-ca-amarillo-tx/,
Women's Healthcare Assoc - JEN,"1301 S. Coulter, Suite 300",Amarillo,TX,79106,"1301 S. Coulter, Suite 300 Amarillo, TX 79106",(806) 590-1580,https://www.evexipel.com/hormone-replacement-therapy-provider/womens-healthcare-assoc-jen-amarillo-tx/,
Women's Healthcare Assoc - JG,"1301 S. Coulter, Suite 300",Amarillo,TX,79106,"1301 S. Coulter, Suite 300 Amarillo, TX 79106",(806) 590-1592,https://www.evexipel.com/hormone-replacement-therapy-provider/womens-healthcare-assoc-jg-amarillo-tx/,
Women's Healthcare Assoc - KT,1301 S. Coulter Ste 300,Amarillo,TX,79106,"1301 S. Coulter Ste 300 Amarillo, TX 79106",(806) 541-4481,https://www.evexipel.com/hormone-replacement-therapy-provider/womens-healthcare-assoc-kt-amarillo-tx/,
"Waldrop Aesthetic and Wellness, PLLC",319 West Broadway Street Suite,Andrews,TX,79714,"319 West Broadway Street Suite A Andrews, TX 79714",(432) 226-7179,https://www.evexipel.com/hormone-replacement-therapy-provider/waldrop-aesthetic-and-wellness-pllc-andrews-tx/,
Argyle Medspa & Wellness Center,1490 Commons Circle Suite 200,Argyle,TX,76226,"1490 Commons Circle Suite 200 Argyle, TX 76226",(940) 204-5448,https://www.evexipel.com/hormone-replacement-therapy-provider/argyle-medspa-wellness-center-argyle-tx/,
Clarity Health Direct Primary Care,5901 S Cooper St Ste 101,Arlington,TX,76017,"5901 S Cooper St Ste 101 Arlington, TX 76017",(817) 618-7267,https://www.evexipel.com/hormone-replacement-therapy-provider/clarity-health-direct-primary-care-arlington-tx/,
PrimeCare Family Practice,1001 N. Waldrop Drive Suite 801,Arlington,TX,76012,"1001 N. Waldrop Drive Suite 801 Arlington, TX 76012",(817) 623-4199,https://www.evexipel.com/hormone-replacement-therapy-provider/primecare-family-practice-arlington-tx/,
"Jonathan D. Edwards, MD",212 W. Cayuga Dr.,Athens,TX,75751,"212 W. Cayuga Dr. Athens, TX 75751",(903) 494-6561,https://www.evexipel.com/hormone-replacement-therapy-provider/jonathan-d-edwards-md-athens-tx/,
Advanced Functional Medicine of Austin,3305 Northland Dr,Austin,TX,78731,"3305 Northland Dr #205 Austin, TX 78731",(512) 991-0826,https://www.evexipel.com/hormone-replacement-therapy-provider/advanced-functional-medicine-of-austin-tx/,
Beyond Healthy MD,2808 Bee Caves Ste,Austin,TX,78746,"2808 Bee Caves Ste D Austin, TX 78746",(512) 361-5488,https://www.evexipel.com/hormone-replacement-therapy-provider/beyond-healthy-md-austin-tx/,
Brookside Womens Medical Center,1902 S Interstate 35,Austin,TX,78704,"1902 S Interstate 35 Austin, TX 78704",(737) 271-6362,https://www.evexipel.com/hormone-replacement-therapy-provider/brookside-womens-medical-center-austin-tx/,
Feel Your Prime HRT Clinic,1033 La Posada Dr Ste 210,Austin,TX,78752,"1033 La Posada Dr Ste 210 Austin, TX 78752",(512) 877-4507,https://www.evexipel.com/hormone-replacement-therapy-provider/feel-your-prime-hrt-clinic-austin-tx/,
PUR LIFE Medical Steiner Ranch,"2900 N Quinlan Park Rd, Suite 430",Austin,TX,78732,"2900 N Quinlan Park Rd, Suite 430 Austin, TX 78732",(737) 232-3147,https://www.evexipel.com/hormone-replacement-therapy-provider/pur-life-medical-steiner-ranch-austin-tx/,
"Richard Family Chiropractic, PA",3006 Bee Caves Road Suite,Austin,TX,78746,"3006 Bee Caves Road Suite A300 Austin, TX 78746",(737) 265-6933,https://www.evexipel.com/hormone-replacement-therapy-provider/richard-family-chiropractic-pa-west-lake-hills-tx/,
"Roberto Miranda, MD, PA",1508 Dessau Ridge Lane,Austin,TX,78754,"1508 Dessau Ridge Lane #602 Austin, TX 78754",(512) 746-7278,https://www.evexipel.com/hormone-replacement-therapy-provider/roberto-miranda-md-pa-austin-tx/,
Tru Life Medspa & Wellness,911 W Fm 1626 Suite 101,Austin,TX,78748,"911 W Fm 1626 Suite 101 Austin, TX 78748",(737) 232-5323,https://www.evexipel.com/hormone-replacement-therapy-provider/tru-life-medspa-wellness-austin-tx/,
Vik Medical Concierge,6836 FM 2244 Rd Ste 103,Austin,TX,78746,"6836 FM 2244 Rd Ste 103 Austin, TX 78746",(737) 265-4214,https://www.evexipel.com/hormone-replacement-therapy-provider/vik-medical-concierge-rollingwood-tx/,
Wiseman Family - Westlake,3006 Bee Caves Rd Ste,Austin,TX,78746,"3006 Bee Caves Rd Ste B180 Austin, TX 78746",(512) 600-9898,https://www.evexipel.com/hormone-replacement-therapy-provider/wiseman-family-westlake-austin-tx/,
Wiseman Practice - Central Austin,2911 Medical Arts St Ste,Austin,TX,78705,"2911 Medical Arts St Ste 1B Austin, TX 78705",(512) 222-1380,https://www.evexipel.com/hormone-replacement-therapy-provider/wiseman-practice-central-austin-tx/,
Eagle Mountain Healthcare,807 Southeast Parkway,Azle,TX,76020,"807 Southeast Parkway Azle, TX 76020",(817) 663-1683,https://www.evexipel.com/hormone-replacement-therapy-provider/eagle-mountain-healthcare-azle-tx/,
Truly U Aesthetics & Wellness,813 Boyd Rd,Azle,TX,76020,"813 Boyd Rd Azle, TX 76020",(682) 432-0810,https://www.evexipel.com/hormone-replacement-therapy-provider/truly-u-aesthetics-wellness-azle-tx/,
Your Functional Edge PLLC,26202 Oak Ridge Dr Ste,B-208 The Woodlands,TX,77380,"26202 Oak Ridge Dr Ste B-208 The Woodlands, TX 77380",(936) 297-6100,https://www.evexipel.com/hormone-replacement-therapy-provider/your-functional-edge-pllc-the-woodlands-tx/,
PineyWoods Aesthetics,102 Commercial Dr,Bastrop,TX,78602,"102 Commercial Dr Bastrop, TX 78602",(361) 203-5801,https://www.evexipel.com/hormone-replacement-therapy-provider/pineywoods-aesthetics-bastrop-tx/,
Soulage Wellness and Aesthetic Center,3101 Highway 71 E Ste 100,Bastrop,TX,78602,"3101 Highway 71 E Ste 100 Bastrop, TX 78602",(361) 203-8990,https://www.evexipel.com/hormone-replacement-therapy-provider/soulage-wellness-and-aesthetic-center-bastrop-tx/,
The Aesthetic Collective,909 Main St,Bastrop,TX,78602,"909 Main St Bastrop, TX 78602",(737) 727-4736,https://www.evexipel.com/hormone-replacement-therapy-provider/the-aesthetic-collective-bastrop-tx/,
Mary Ann Shimek FNP-C,1120 Avenue,Bay City,TX,77414,"1120 Avenue G Bay City, TX 77414",(979) 310-5022,https://www.evexipel.com/hormone-replacement-therapy-provider/mary-ann-shimek-fnp-c-bay-city-tx/,
"Medical Leaders and Associates, PLLC",740 12th Street,Bay City,TX,77414,"740 12th Street Bay City, TX 77414",(979) 459-7444,https://www.evexipel.com/hormone-replacement-therapy-provider/medical-leaders-and-associates-pllc-bay-city-tx/,
Neret Medical Clinic,1809 Merlin St,Bay City,TX,77414,"1809 Merlin St Bay City, TX 77414",(979) 459-1445,https://www.evexipel.com/hormone-replacement-therapy-provider/neret-medical-clinic-bay-city-tx/,
Rhomak's Rejuvenation Bar,1701 Golden Ave,Bay City,TX,77414,"1701 Golden Ave Bay City, TX 77414",(979) 399-7149,https://www.evexipel.com/hormone-replacement-therapy-provider/rhomaks-rejuvenation-bar-bay-city-tx/,
Bloom Aesthetics Med Spa Baker Rd,1674 W Baker Rd Ste,Baytown,TX,77521,"1674 W Baker Rd Ste A Baytown, TX 77521",(346) 567-5190,https://www.evexipel.com/hormone-replacement-therapy-provider/bloom-aesthetics-med-spa-baker-rd-baytown-tx/,
Bloom Aesthetics Med Spa Garth Rd,6051 Garth Rd Ste 700,Baytown,TX,77521,"6051 Garth Rd Ste 700 Baytown, TX 77521",(409) 797-6449,https://www.evexipel.com/hormone-replacement-therapy-provider/bloom-aesthetics-med-spa-garth-rd-baytown-tx/,
Monarch Wellness & Aesthetics Studios,3407 Winter Ln,Baytown,TX,77521,"3407 Winter Ln Baytown, TX 77521",(936) 277-9870,https://www.evexipel.com/hormone-replacement-therapy-provider/monarch-wellness-aesthetics-studios-baytown-tx/,
Shelbi Aesthetics and Wellness,803 Massey Tompkins Rd,Baytown,TX,77521,"803 Massey Tompkins Rd Baytown, TX 77521",(346) 258-8266,https://www.evexipel.com/hormone-replacement-therapy-provider/shelbi-aesthetics-and-wellness-baytown-tx/,
Solace MedSpa,7520 Fm 3180 Rd Ste 500,Baytown,TX,77523,"7520 Fm 3180 Rd Ste 500 Baytown, TX 77523",(346) 616-1805,https://www.evexipel.com/hormone-replacement-therapy-provider/solace-medspa-baytown-tx/,
"The Salt Ranch, Inc.",4319 N FM 565 Rd,Baytown,TX,77523,"4319 N FM 565 Rd Baytown, TX 77523",(832) 501-1665,https://www.evexipel.com/hormone-replacement-therapy-provider/the-salt-ranch-inc-baytown-tx/,
Trinity Family Medical,507 Rollingbrook Street,Baytown,TX,77521,"507 Rollingbrook Street Baytown, TX 77521",(281) 984-6410,https://www.evexipel.com/hormone-replacement-therapy-provider/trinity-family-medical-baytown-tx/,
"Elite Wellness (Beaumont, Tx)",2700 Toccoa St,Beaumont,TX,77703,"2700 Toccoa St Beaumont, TX 77703",(409) 219-5250,https://www.evexipel.com/hormone-replacement-therapy-provider/elite-wellness-beaumont-tx-beaumont-tx/,
Enhance Wellness,2684 Calder St,Beaumont,TX,77702,"2684 Calder St Beaumont, TX 77702",(409) 407-5297,https://www.evexipel.com/hormone-replacement-therapy-provider/enhance-wellness-beaumont-tx/,
Kenneth D Wilgers Md Pa,3129 College St Ste 200,Beaumont,TX,77701,"3129 College St Ste 200 Beaumont, TX 77701",(409) 710-5004,https://www.evexipel.com/hormone-replacement-therapy-provider/kenneth-d-wilgers-md-pa-beaumont-tx/,
Texas Center For Health,3610 Stagg Dr,Beaumont,TX,77701,"3610 Stagg Dr Beaumont, TX 77701",(409) 245-5693,https://www.evexipel.com/hormone-replacement-therapy-provider/texas-center-for-health-beaumont-tx/,
Medi-Elite Health & Wellness Plus,2721 Central Drive,Bedford,TX,76021,"2721 Central Drive Bedford, TX 76021",(682) 253-8755,https://www.evexipel.com/hormone-replacement-therapy-provider/medi-elite-health-wellness-plus-bedford-tx/,
"Bruce E Maniet, DO, PA",101 S Broadway St,Bells,TX,75414,"101 S Broadway St Bells, TX 75414",(903) 627-4459,https://www.evexipel.com/hormone-replacement-therapy-provider/bruce-e-maniet-do-pa-bells-tx/,
Anahata Wellness Center - Big Lake,800 N. Main Avenue Suite 1,Big Lake,TX,76932,"800 N. Main Avenue Suite 1 Big Lake, TX 76932",(432) 237-3312,https://www.evexipel.com/hormone-replacement-therapy-provider/anahata-wellness-center-big-lake-tx/,
King & Hardin Rejuvination Hub,800 North Main Ave Ste 1,Big Lake,TX,76932,"800 North Main Ave Ste 1 Big Lake, TX 76932",(325) 400-3037,https://www.evexipel.com/hormone-replacement-therapy-provider/king-hardin-rejuvination-hub-big-lake-tx/,
Boerne Family Medicine,112 Herff Rd Ste 110,Boerne,TX,78006,"112 Herff Rd Ste 110 Boerne, TX 78006",(830) 356-2305,https://www.evexipel.com/hormone-replacement-therapy-provider/boerne-family-medicine-boerne-tx/,
"Dr. Aldon B Williams, MD",916 River Road Ste 100,Boerne,TX,78006,"916 River Road Ste 100 Boerne, TX 78006",(830) 971-0804,https://www.evexipel.com/hormone-replacement-therapy-provider/dr-aldon-b-williams-md-boerne-tx/,
Primary Care Medical Associates,9091 Fair Oaks Parkway Suite 301,Boerne,TX,78015,"9091 Fair Oaks Parkway Suite 301 Boerne, TX 78015",(726) 227-0242,https://www.evexipel.com/hormone-replacement-therapy-provider/primary-care-medical-associates-fair-oaks-ranch-tx/,
Sports & Family Medicine of Boerne,905 N Main Street Ste 105,Boerne,TX,78006,"905  N Main Street Ste 105 Boerne, TX 78006",(830) 582-7706,https://www.evexipel.com/hormone-replacement-therapy-provider/sports-family-medicine-of-boerne-tx/,
Bogata Health Clinic,106 2Nd St Nw,Bogata,TX,75417,"106 2Nd St Nw Bogata, TX 75417",(903) 225-8724,https://www.evexipel.com/hormone-replacement-therapy-provider/bogata-health-clinic-bogata-tx/,
Healthy Aging And Wellness Center,1912 W Walker St,Breckenridge,TX,76424,"1912 W Walker St Breckenridge, TX 76424",(432) 200-9250,https://www.evexipel.com/hormone-replacement-therapy-provider/healthy-aging-and-wellness-center-breckenridge-tx/,
J'Allure Primary Care & Medispa,215 W Commerce St,Brenham,TX,77833,"215 W Commerce St Brenham, TX 77833",(979) 493-5940,https://www.evexipel.com/hormone-replacement-therapy-provider/jallure-primary-care-medispa-brenham-tx/,
Golden Triangle Family Care Ctr,615 W Round Bunch Rd,Bridge City,TX,77611,"615 W Round Bunch Rd Bridge City, TX 77611",(409) 735-7305,https://www.evexipel.com/hormone-replacement-therapy-provider/golden-triangle-family-care-ctr-bridge-city-tx/,
Rayburn Family Medicine,4031 Sam Rayburn Pkwy,Brookeland,TX,75931,"4031 Sam Rayburn Pkwy Brookeland, TX 75931",(409) 509-7320,https://www.evexipel.com/hormone-replacement-therapy-provider/rayburn-family-medicine-brookeland-tx/,
Harmony Health Spa & Wellness,434 Branchwood Ln,Brookshire,TX,77423,"434 Branchwood Ln Brookshire, TX 77423",(346) 277-0558,https://www.evexipel.com/hormone-replacement-therapy-provider/harmony-health-spa-wellness-fulshear-tx/,
Renewal Spa & Wellness,705 E. Felt Street,Brownfield,TX,79316,"705 E. Felt Street Brownfield, TX 79316",(806) 425-1369,https://www.evexipel.com/hormone-replacement-therapy-provider/renewal-spa-wellness-brownfield-tx/,
NexGen Longevity,500 E. Morrison Rd Suite E,Brownsville,TX,78526,"500 E. Morrison Rd Suite E Brownsville, TX 78526",(956) 374-2756,https://www.evexipel.com/hormone-replacement-therapy-provider/nexgen-longevity-brownsville-tx/,
Wiseman Family - Brownwood,118 South Park Drive Ste,Brownwood,TX,76801,"118 South Park Drive Ste F Brownwood, TX 76801",(325) 488-4583,https://www.evexipel.com/hormone-replacement-therapy-provider/wiseman-family-brownwood-tx/,
Adaptations Wellness,32665 US HWY 281 N Ste 202,Bulverde,TX,78163,"32665 US HWY 281 N Ste 202 Bulverde, TX 78163",(830) 587-3826,https://www.evexipel.com/hormone-replacement-therapy-provider/adaptations-wellness-spring-branch-tx/,
Approach & Achieve Wellness,32665 US HWY 281 N Suite 100,Bulverde,TX,78163,"32665 US HWY 281 N Suite 100 Bulverde, TX 78163",(830) 402-5334,https://www.evexipel.com/hormone-replacement-therapy-provider/approach-achieve-wellness-bulverde-tx/,
88 Aesthetic & Wellness,1314 NW John Jones Dr,Burleson,TX,76028,"1314 NW John Jones Dr Burleson, TX 76028",(817) 904-9461,https://www.evexipel.com/hormone-replacement-therapy-provider/88-aesthetic-wellness-burleson-tx/,
Integrative Health Solutions,304 S Main St,Burnet,TX,78611,"304 S Main St Burnet, TX 78611",(512) 790-3140,https://www.evexipel.com/hormone-replacement-therapy-provider/integrative-health-solutions-burnet-tx/,
CR Wellness - Cameron,201 N Fannin Ave,Cameron,TX,76520,"201 N Fannin Ave Cameron, TX 76520",(512) 859-7834,https://www.evexipel.com/hormone-replacement-therapy-provider/cr-wellness-cameron-tx/,
Diverse Care Clinic of Canton,658 S Trade Days Blvd,Canton,TX,75103,"658 S Trade Days Blvd Canton, TX 75103",(903) 560-9340,https://www.evexipel.com/hormone-replacement-therapy-provider/diverse-care-clinic-of-canton-tx/,
Expressions Med Spa,237 S. Trade days Blvd,Canton,TX,75103,"237 S. Trade days Blvd Canton, TX 75103",(903) 568-3500,https://www.evexipel.com/hormone-replacement-therapy-provider/expressions-med-spa-canton-tx/,
Hormonal Balance and Restoration,3012 E Hebron Pkwy Ste 110,Carrollton,TX,75010,"3012 E Hebron Pkwy Ste 110 Carrollton, TX 75010",(972) 820-6900,https://www.evexipel.com/hormone-replacement-therapy-provider/hormonal-balance-and-restoration-carrollton-tx/,
Kuraoka Clinic,3012 E Hebron Pkwy Ste. 104,Carrollton,TX,75010,"3012 E Hebron Pkwy Ste. 104 Carrollton, TX 75010",(940) 290-7711,https://www.evexipel.com/hormone-replacement-therapy-provider/kuraoka-clinic-carrollton-tx/,
Live Young Wellness Spa,4541 N Josey Lane Ste 120,Carrollton,TX,75010,"4541 N Josey Lane Ste 120 Carrollton, TX 75010",(972) 807-7801,https://www.evexipel.com/hormone-replacement-therapy-provider/live-young-wellness-spa-carrollton-tx/,
Trinity Intregated Medical,1629 W Hebron Pkwy,Carrollton,TX,75010,"1629 W Hebron Pkwy Carrollton, TX 75010",(940) 373-7720,https://www.evexipel.com/hormone-replacement-therapy-provider/trinity-intregated-medical-carrollton-tx/,
VitaleHEALTH Carrollton,4217 Marsh Ridge Rd Ste 110,Carrollton,TX,75010,"4217 Marsh Ridge Rd Ste 110 Carrollton, TX 75010",(940) 373-5606,https://www.evexipel.com/hormone-replacement-therapy-provider/vitalehealth-carrollton-tx/,
Women's Premier Ob/Gyn,4333 N Josey Ln Ste 200,Carrollton,TX,75010,"4333 N Josey Ln Ste 200 Carrollton, TX 75010",(972) 480-6084,https://www.evexipel.com/hormone-replacement-therapy-provider/womens-premier-obgyn-carrollton-tx/,
Duran Aesthetics,112 South St Mary Street,Carthage,TX,75633,"112 South St Mary Street Carthage, TX 75633",(903) 226-7190,https://www.evexipel.com/hormone-replacement-therapy-provider/duran-aesthetics-carthage-tx/,
B+A Medical Aesthetics and Wellness,1410 Medical Pkwy Ste 1,Cedar Park,TX,78613,"1410 Medical Pkwy Ste 1 Cedar Park, TX 78613",(737) 510-2963,https://www.evexipel.com/hormone-replacement-therapy-provider/ba-medical-aesthetics-and-wellness-cedar-park-tx/,
B1 Men's Health,3000 Polar Lane Ste 901,Cedar Park,TX,78613,"3000 Polar Lane Ste 901 Cedar Park, TX 78613",(254) 970-3637,https://www.evexipel.com/hormone-replacement-therapy-provider/b1-mens-health-cedar-park-tx/,
Cedar Park Women's Center,1401 Medical Pkwy Ste 120 Bldg,Cedar Park,TX,78613,"1401 Medical Pkwy Ste 120 Bldg B Cedar Park, TX 78613",(512) 260-3636,https://www.evexipel.com/hormone-replacement-therapy-provider/cedar-park-womens-center-cedar-park-tx/,
"Genetic Weight Loss, LLC",601 E Whitestone Blvd Ste 230,Cedar Park,TX,78613,"601 E Whitestone Blvd Ste 230 Cedar Park, TX 78613",(737) 245-0224,https://www.evexipel.com/hormone-replacement-therapy-provider/genetic-weight-loss-llc-cedar-park-tx/,
Opus Wellness Center,201 S. Lakeline Blvd Ste 402,Cedar Park,TX,78613,"201 S. Lakeline Blvd  Ste 402 Cedar Park, TX 78613",(512) 729-8195,https://www.evexipel.com/hormone-replacement-therapy-provider/opus-wellness-center-cedar-park-tx/,
"Wiseman Family Practice, PLLC",2500 S Lakeline Blvd Ste 100,Cedar Park,TX,78613,"2500 S Lakeline Blvd Ste 100 Cedar Park, TX 78613",(512) 345-8970,https://www.evexipel.com/hormone-replacement-therapy-provider/wiseman-family-practice-pllc-cedar-park-tx/,
Youthful Solutions Medispa,"2901 Caballo Ranch Blvd, Ste",Cedar Park,TX,78641,"2901 Caballo Ranch Blvd, Ste 12B Cedar Park, TX 78641",(512) 632-4490,https://www.evexipel.com/hormone-replacement-therapy-provider/youthful-solutions-medispa-leander-tx/,
Align Hormonal Health and Wellness,3925 South Preston Road,Celina,TX,75009,"3925 South Preston Road #108 Celina, TX 75009",(903) 627-4939,https://www.evexipel.com/hormone-replacement-therapy-provider/align-hormonal-health-and-wellness-celina-tx/,
REVIVALL Holistic Health,3925 S Preston Rd ste 105,Celina,TX,75009,"3925 S Preston Rd ste 105 Celina, TX 75009",(682) 432-7931,https://www.evexipel.com/hormone-replacement-therapy-provider/revivall-holistic-health-celina-tx/,
Cline Family Practice (Center),630 Hurst St,Center,TX,75935,"630 Hurst St Center, TX 75935",(936) 213-6319,https://www.evexipel.com/hormone-replacement-therapy-provider/cline-family-practice-center-tx/,
Downtown Esthetics and Medical PLLC,117 N College Ave.,Cleveland,TX,77327,"117 N College Ave. Cleveland, TX 77327",(713) 999-6484,https://www.evexipel.com/hormone-replacement-therapy-provider/downtown-esthetics-and-medical-pllc-cleveland-tx/,
Brazos Valley Holistic Wellness Clinic,406 Tarrow St Ste,College Station,TX,77840,"406 Tarrow St Ste B College Station, TX 77840",(346) 818-3266,https://www.evexipel.com/hormone-replacement-therapy-provider/brazos-valley-holistic-wellness-clinic-college-station-tx/,
Breathe Integrative & Lifestyle Medicine,2911 Texas Ave S Ste 202,College Station,TX,77845,"2911 Texas Ave S Ste 202 College Station, TX 77845",(979) 310-6584,https://www.evexipel.com/hormone-replacement-therapy-provider/breathe-integrative-lifestyle-medicine-college-station-tx/,
Calista Skin & Laser Center,6100 Colleyville Blvd Ste. 165,Colleyville,TX,76034,"6100 Colleyville Blvd Ste. 165 Colleyville, TX 76034",(817) 488-3838,https://www.evexipel.com/hormone-replacement-therapy-provider/calista-skin-laser-center-colleyville-tx/,
Revive Primary Care & Med Spa,1124 Glade Road Suite 140,Colleyville,TX,76034,"1124 Glade Road Suite 140 Colleyville, TX 76034",(940) 373-7205,https://www.evexipel.com/hormone-replacement-therapy-provider/revive-primary-care-med-spa-colleyville-tx/,
"Svelte Wellness, LLC",104 Nelson Dr,Comanche,TX,76442,"104 Nelson Dr Comanche, TX 76442",(325) 748-8454,https://www.evexipel.com/hormone-replacement-therapy-provider/svelte-wellness-llc-comanche-tx/,
Facial Aesthetic Care & Enhancement,1909 Longmire Road,Conroe,TX,77304,"1909 Longmire Road Conroe, TX 77304",(936) 297-5342,https://www.evexipel.com/hormone-replacement-therapy-provider/facial-aesthetic-care-enhancement-conroe-tx/,
Radiant Skin and Health,4015 I45 N. Ste 220,Conroe,TX,77304,"4015 I45 N. Ste 220 Conroe, TX 77304",(936) 227-5945,https://www.evexipel.com/hormone-replacement-therapy-provider/radiant-skin-and-health-conroe-tx/,
Sandstone Wellness,1803 W White Oak Ter Ste,Conroe,TX,77304,"1803 W White Oak Ter Ste AB Conroe, TX 77304",(936) 259-2051,https://www.evexipel.com/hormone-replacement-therapy-provider/sandstone-wellness-conroe-tx/,
TransMed,2510 S loop 336 W Suite 135,Conroe,TX,77304,"2510 S loop 336 W Suite 135 Conroe, TX 77304",(936) 441-8999,https://www.evexipel.com/hormone-replacement-therapy-provider/transmed-conroe-tx/,
Be Whole,6820 S Interstate 35 E Ste 125,Corinth,TX,76210,"6820 S Interstate 35 E Ste 125 Corinth, TX 76210",(940) 412-9431,https://www.evexipel.com/hormone-replacement-therapy-provider/be-whole-corinth-tx/,https://share.google/MLbaU7QtfZiE7nKQW
Broussard Primary Care,3301 S Alameda Street Ste 212,Corpus Christi,TX,78411,"3301 S Alameda Street Ste 212 Corpus Christi, TX 78411",(361) 306-9606,https://www.evexipel.com/hormone-replacement-therapy-provider/broussard-primary-care-corpus-christi-tx/,
Corpus Care Family Medicine,4710 Everhart Rd Ste 100,Corpus Christi,TX,78411,"4710 Everhart Rd Ste 100 Corpus Christi, TX 78411",(361) 470-8801,https://www.evexipel.com/hormone-replacement-therapy-provider/corpus-care-family-medicine-corpus-christi-tx/,
"Mark Dodson, Md, Pllc",1521 S Staples street,Corpus Christi,TX,78404,"1521 S Staples street #605 Corpus Christi, TX 78404",(361) 491-2983,https://www.evexipel.com/hormone-replacement-therapy-provider/mark-dodson-md-pllc-corpus-christi-tx/,
Oceana Luxe Medspa LLC,5242 Holly Rd,Corpus Christi,TX,78411,"5242 Holly Rd Corpus Christi, TX 78411",(361) 315-7114,https://www.evexipel.com/hormone-replacement-therapy-provider/oceana-luxe-medspa-llc-corpus-christi-tx/,
Taylor Med Spa,3636 A. Alameda St. Ste,Corpus Christi,TX,78411,"3636 A. Alameda St. Ste L Corpus Christi, TX 78411",(361) 203-8011,https://www.evexipel.com/hormone-replacement-therapy-provider/taylor-med-spa-corpus-christi-tx/,
"Texas Family Wellness Clinic, INC",6326 Yorktown Blvd Ste 8,Corpus Christi,TX,78414,"6326 Yorktown Blvd Ste 8 Corpus Christi, TX 78414",(361) 266-4242,https://www.evexipel.com/hormone-replacement-therapy-provider/texas-family-wellness-clinic-inc-corpus-christi-tx/,
The Better Weigh Center,5826 Esplanade Dr Ste 102,Corpus Christi,TX,78414,"5826 Esplanade Dr Ste 102 Corpus Christi, TX 78414",(361) 500-2898,https://www.evexipel.com/hormone-replacement-therapy-provider/the-better-weigh-center-corpus-christi-tx/,
The Bridge Clinic Corpus Christi,15217 S Padre Island Dr. Ste,Corpus Christi,TX,78418,"15217 S Padre Island Dr. Ste B Corpus Christi, TX 78418",(325) 230-6237,https://www.evexipel.com/hormone-replacement-therapy-provider/the-bridge-clinic-corpus-christi-tx/,
The G Spa,6202 Yorktown Boulevard Ste 106,Corpus Christi,TX,78414,"6202 Yorktown Boulevard Ste 106 Corpus Christi, TX 78414",(361) 266-3063,https://www.evexipel.com/hormone-replacement-therapy-provider/the-g-spa-corpus-christi-tx/,
"Vijay Bindingnavele, MD",5642 Esplanade Dr,Corpus Christi,TX,78414,"5642 Esplanade Dr Corpus Christi, TX 78414",(361) 238-5043,https://www.evexipel.com/hormone-replacement-therapy-provider/vijay-bindingnavele-md-corpus-christi-tx/,
Corrigan Medical Clinic,207 W. Ben Franklin St,Corrigan,TX,75939,"207 W. Ben Franklin St Corrigan, TX 75939",(936) 259-3197,https://www.evexipel.com/hormone-replacement-therapy-provider/corrigan-medical-clinic-corrigan-tx/,
Health Dynamix,3100 W. State Hwy 22,Corsicana,TX,75110,"3100 W. State Hwy 22 Corsicana, TX 75110",(903) 282-3136,https://www.evexipel.com/hormone-replacement-therapy-provider/health-dynamix-corsicana-tx/,
Hometown Medical Associates,115 W Collin St,Corsicana,TX,75110,"115 W Collin St Corsicana, TX 75110",(903) 945-4605,https://www.evexipel.com/hormone-replacement-therapy-provider/hometown-medical-associates-corsicana-tx/,
The Eve Center,701 W. 7th Avenue,Corsicana,TX,75110,"701 W. 7th Avenue Corsicana, TX 75110",(903) 587-5093,https://www.evexipel.com/hormone-replacement-therapy-provider/the-eve-center-corsicana-tx/,
Basu Aesthetics & Plastic Surgery,9899 Towne Lake Parkway STE 100,Cypress,TX,77433,"9899 Towne Lake Parkway STE 100 Cypress, TX 77433",(346) 706-5860,https://www.evexipel.com/hormone-replacement-therapy-provider/basu-aesthetics-plastic-surgery-houston-tx/,
Complete Midlife - Cypress,21212 Northwest Fwy STE 335,Cypress,TX,77429,"21212 Northwest Fwy STE 335 Cypress, TX 77429",(713) 497-5727,https://www.evexipel.com/hormone-replacement-therapy-provider/complete-midlife-cypress-houston-tx/,
Creekside Wellness,13145 Spring Cypress Rd Bldg 1 Ste,Cypress,TX,77429,"13145 Spring Cypress Rd Bldg 1 Ste B Cypress, TX 77429",(281) 246-1571,https://www.evexipel.com/hormone-replacement-therapy-provider/creekside-wellness-houston-tx/,
Creole Contour Aesthetics,15030 N. Eldridge Pkwy Suite,Cypress,TX,77429,"15030 N. Eldridge Pkwy Suite B Cypress, TX 77429",(936) 251-4257,https://www.evexipel.com/hormone-replacement-therapy-provider/creole-contour-aesthetics-houston-tx/,
Mintbody Med Spa and Wellness,14131 Mueschke Rd. Ste 203,Cypress,TX,77433,"14131 Mueschke Rd. Ste 203 Cypress, TX 77433",(936) 236-9664,https://www.evexipel.com/hormone-replacement-therapy-provider/mintbody-med-spa-and-wellness-houston-tx/,
New Beginnings Women's Care & Aesthetics,10242 Greenhouse Road Ste 801,Cypress,TX,77433,"10242 Greenhouse Road Ste 801 Cypress, TX 77433",(346) 423-2964,https://www.evexipel.com/hormone-replacement-therapy-provider/new-beginnings-womens-care-aesthetics-cypress-tx/,
Real Nurturing Family Practice,17920 Huffmeister Rd Ste 220,Cypress,TX,77429,"17920 Huffmeister Rd Ste 220 Cypress, TX 77429",(346) 600-9236,https://www.evexipel.com/hormone-replacement-therapy-provider/real-nurturing-family-practice-cypress-tx/,
Premier Primary Clinic,1387 George Dieter Dr Ste,D-103 El Paso,TX,79936,"1387 George Dieter Dr Ste D-103 El Paso, TX 79936",(915) 223-7900,https://www.evexipel.com/hormone-replacement-therapy-provider/premier-primary-clinic-el-paso-tx/,
Atria Health,3005 S Lamar Blvd Ste,D-112 Austin,TX,78704,"3005 S Lamar Blvd Ste D-112 Austin, TX 78704",(737) 265-7697,https://www.evexipel.com/hormone-replacement-therapy-provider/atria-health-austin-tx/,
Dallam Hartley Counties Hospital District,206 E 16th St,Dalhart,TX,79022,"206 E 16th St Dalhart, TX 79022",(806) 602-9765,https://www.evexipel.com/hormone-replacement-therapy-provider/dallam-hartley-counties-hospital-district-dalhart-tx/,
Aspera Medical Group,5422 Alpha Rd,Dallas,TX,75240,"5422 Alpha Rd Dallas, TX 75240",(214) 544-9128,https://www.evexipel.com/hormone-replacement-therapy-provider/aspera-medical-group-dallas-tx/,
Comadre Health,1151 North Buckner Blvd STE 408,Dallas,TX,75218,"1151 North Buckner Blvd STE 408 Dallas, TX 75218",(469) 523-5603,https://www.evexipel.com/hormone-replacement-therapy-provider/comadre-health-dallas-tx/,
Complete Woman,4224 Swiss Ave,Dallas,TX,75204,"4224 Swiss Ave Dallas, TX 75204",(214) 821-9938,https://www.evexipel.com/hormone-replacement-therapy-provider/complete-woman-dallas-tx/,
Dallas Health Partners,3600 Gaston Ave Suite 755,Dallas,TX,75246,"3600 Gaston Ave Suite 755 Dallas, TX 75246",(682) 345-8054,https://www.evexipel.com/hormone-replacement-therapy-provider/dallas-health-partners-dallas-tx/,
Deelightfully Beautiful,6210 Campbell Rd Ste 225,Dallas,TX,75248,"6210 Campbell Rd Ste 225 Dallas, TX 75248",(972) 640-9771,https://www.evexipel.com/hormone-replacement-therapy-provider/deelightfully-beautiful-dallas-tx/,
Entice Intimate Wellness,8201 Preston Rd Ste 520,Dallas,TX,75225,"8201 Preston Rd Ste 520 Dallas, TX 75225",(214) 774-2025,https://www.evexipel.com/hormone-replacement-therapy-provider/entice-intimate-wellness-dallas-tx/,
GHD,7777 Forest Ln Bldg-B Ste 416,Dallas,TX,75230,"7777 Forest Ln Bldg-B Ste 416 Dallas, TX 75230",(972) 843-7757,https://www.evexipel.com/hormone-replacement-therapy-provider/ghd-dallas-tx/,
Higher Level Skin & Beauty Dallas,218 W 10th St,Dallas,TX,75208,"218 W 10th St Dallas, TX 75208",(469) 991-9304,https://www.evexipel.com/hormone-replacement-therapy-provider/higher-level-skin-beauty-dallas-tx/,
Infinity Functional Performance (Dallas),1925 E Levee St,Dallas,TX,75207,"1925 E Levee St Dallas, TX 75207",(682) 356-2725,https://www.evexipel.com/hormone-replacement-therapy-provider/infinity-functional-performance-dallas-tx/,
KLP Medspa,12900 Preston Rd. Ste 730,Dallas,TX,75230,"12900 Preston Rd. Ste 730 Dallas, TX 75230",(940) 240-6689,https://www.evexipel.com/hormone-replacement-therapy-provider/klp-medspa-dallas-tx/,
LOTUS Healthcare + Wellness,1212 Tavaros Ave,Dallas,TX,75218,"1212 Tavaros Ave Dallas, TX 75218",(214) 751-2827,https://www.evexipel.com/hormone-replacement-therapy-provider/lotus-healthcare-wellness-dallas-tx/,
Livwell Method,12720 Hillcrest Rd. Suite 207,Dallas,TX,75230,"12720 Hillcrest Rd. Suite 207 Dallas, TX 75230",(469) 206-1946,https://www.evexipel.com/hormone-replacement-therapy-provider/livwell-method-dallas-tx/,
Neighborhood Medical Center,5917 Belt Line Rd,Dallas,TX,75254,"5917 Belt Line Rd Dallas, TX 75254",(972) 433-5795,https://www.evexipel.com/hormone-replacement-therapy-provider/neighborhood-medical-center-dallas-tx/,
Reform Regenerative Health,16600 Dallas Pkwy Ste 100,Dallas,TX,75248,"16600 Dallas Pkwy Ste 100 Dallas, TX 75248",(940) 326-5980,https://www.evexipel.com/hormone-replacement-therapy-provider/reform-regenerative-health-dallas-tx/,
Regen Wellness,5510 Abrams Rd Ste 126,Dallas,TX,75214,"5510 Abrams Rd Ste 126 Dallas, TX 75214",(214) 393-4625,https://www.evexipel.com/hormone-replacement-therapy-provider/regen-wellness-dallas-tx/,
Resurrect Skin MD,8226 Douglas Ave Ste. 104,Dallas,TX,75225,"8226 Douglas Ave Ste. 104 Dallas, TX 75225",(219) 400-8165,https://www.evexipel.com/hormone-replacement-therapy-provider/resurrect-skin-md-dallas-tx/,https://www.google.com/search?q=resurrect+skin+md&oq=re&gs_lcrp=EgZjaHJvbWUqDggEEEUYJxg7GIAEGIoFMgYIABBFGDwyBggBEEUYPDITCAIQLhiDARjHARixAxjRAxiABDIGCAMQRRg5Mg4IBBBFGCcYOxiABBiKBTIGCAUQRRg8MgYIBhBFGDwyBggHEEUYPNIBCDI3NDdqMGo3qAIAsAIA&sourceid=chrome&ie=UTF
Revive Primary Care - Highland Park,3330 Douglas Ave,Dallas,TX,75219,"3330 Douglas Ave Dallas, TX 75219",(469) 382-4270,https://www.evexipel.com/hormone-replacement-therapy-provider/revive-primary-care-highland-park-dallas-tx/,
Sanctum Med + Wellness,5600 W Lovers Lane Suite 220,Dallas,TX,75209,"5600 W Lovers Lane Suite 220 Dallas, TX 75209",(469) 694-2495,https://www.evexipel.com/hormone-replacement-therapy-provider/sanctum-med-wellness-dallas-tx/,
Saving Grace Health Texas,12700 Hillcrest Rd. Suite 128,Dallas,TX,75230,"12700 Hillcrest Rd. Suite 128 Dallas, TX 75230",(940) 326-7948,https://www.evexipel.com/hormone-replacement-therapy-provider/saving-grace-health-texas-dallas-tx/,
Skin Damsel,4801 Spring Valley Rd Suite 80,Dallas,TX,75244,"4801 Spring Valley Rd Suite 80 Dallas, TX 75244",(469) 589-5832,https://www.evexipel.com/hormone-replacement-therapy-provider/skin-damsel-dallas-tx/,
Specialty Care Clinic- Dallas,4211 Cedar Springs Rd Ste 200,Dallas,TX,75219,"4211 Cedar Springs Rd Ste 200 Dallas, TX 75219",(817) 552-4431,https://www.evexipel.com/hormone-replacement-therapy-provider/specialty-care-clinic-dallas-tx/,
The Science of Beauty Med Spa,4101 Bryan Street,Dallas,TX,75204,"4101 Bryan Street #100 Dallas, TX 75204",(469) 402-0777,https://www.evexipel.com/hormone-replacement-therapy-provider/the-science-of-beauty-med-spa-dallas-tx/,
Marshal Family Practice,601 S Winfree St,Dayton,TX,77535,"601 S Winfree St Dayton, TX 77535",(936) 262-6904,https://www.evexipel.com/hormone-replacement-therapy-provider/marshal-family-practice-dayton-tx/,
Seoul Glow Clinic,605 West Clayton Street Suite,Dayton,TX,77535,"605 West Clayton Street Suite F Dayton, TX 77535",(936) 681-7538,https://www.evexipel.com/hormone-replacement-therapy-provider/seoul-glow-clinic-dayton-tx/,
Array Healthcare,1821 S FM 51 STE,Decatur,TX,76234,"1821 S FM 51 STE A Decatur, TX 76234",(940) 267-2905,https://www.evexipel.com/hormone-replacement-therapy-provider/array-healthcare-decatur-tx/,
"Restoration Haus, LLC",101 S Trinity St,Decatur,TX,76234,"101 S Trinity St Decatur, TX 76234",(940) 302-1236,https://www.evexipel.com/hormone-replacement-therapy-provider/restoration-haus-llc-decatur-tx/,
Cura Aesthetics,508 W Hondo Ave Unit,Devine,TX,78016,"508 W Hondo Ave Unit B Devine, TX 78016",(830) 264-1791,https://www.evexipel.com/hormone-replacement-therapy-provider/cura-aesthetics-devine-tx/,
Renew at Ease,402 W Wheatland Rd Ste 140,Duncanville,TX,75116,"402 W Wheatland Rd Ste 140 Duncanville, TX 75116",(469) 747-0128,https://www.evexipel.com/hormone-replacement-therapy-provider/renew-at-ease-duncanville-tx/,
Sunrise Infusion,1397 George Dieter Dr. Ste.,E&F El Paso,TX,79936,"1397 George Dieter Dr. Ste. E&F El Paso, TX 79936",(915) 995-5961,https://www.evexipel.com/hormone-replacement-therapy-provider/sunrise-infusion-el-paso-tx/,
Permian Basin Wellness,600 Interstate 20,East Stanton,TX,79782,"600 Interstate 20 East Stanton, TX 79782",(432) 300-7314,https://www.evexipel.com/hormone-replacement-therapy-provider/permian-basin-wellness-stanton-tx/,
Champion Healthcare,2850,Eastex Freeway #100 Beaumont,TX,77703,"2850 Eastex Freeway #100 Beaumont, TX 77703",(409) 207-8677,https://www.evexipel.com/hormone-replacement-therapy-provider/champion-healthcare-beaumont-tx/,
Adira Health,200 South Sugar Rd Suite,Edinburg,TX,78539,"200 South Sugar Rd Suite 1B Edinburg, TX 78539",(956) 567-9571,https://www.evexipel.com/hormone-replacement-therapy-provider/adira-health-edinburg-tx/,
"Heriberto Rodriguez-Ayala, MD",5419 S. McColl Rd,Edinburg,TX,78539,"5419 S. McColl Rd Edinburg, TX 78539",(956) 952-7427,https://www.evexipel.com/hormone-replacement-therapy-provider/heriberto-rodriguez-ayala-md-edinburg-tx/,
New Day Associates,2717 Cornerstone Blvd,Edinburg,TX,78539,"2717 Cornerstone Blvd Edinburg, TX 78539",(956) 707-1573,https://www.evexipel.com/hormone-replacement-therapy-provider/new-day-associates-edinburg-tx/,
Women's Clinic of South Texas,910 S. Closner Blvd,Edinburg,TX,78539,"910 S. Closner Blvd Edinburg, TX 78539",(956) 567-9189,https://www.evexipel.com/hormone-replacement-therapy-provider/womens-clinic-of-south-texas-edinburg-tx/,
Landmark Family Medicine,108 McKinney St,Farmersville,TX,75442,"108 McKinney St Farmersville, TX 75442",(469) 908-4209,https://www.evexipel.com/hormone-replacement-therapy-provider/landmark-family-medicine-farmersville-tx/,
Farwell Family Healthcare,405 Ave,Farwell,TX,79325,"405 Ave A Farwell, TX 79325",(806) 203-5876,https://www.evexipel.com/hormone-replacement-therapy-provider/farwell-family-healthcare-farwell-tx/,
Beauty Fix Aesthetics & Wellness,6021 Morriss Rd Ste 112,Flower Mound,TX,75028,"6021 Morriss Rd Ste 112 Flower Mound, TX 75028",(940) 286-3299,https://www.evexipel.com/hormone-replacement-therapy-provider/beauty-fix-aesthetics-wellness-flower-mound-tx/,
Flower Mound Plastic Surgery,2931 Long Prairie Rd Ste 100,Flower Mound,TX,75022,"2931 Long Prairie Rd Ste 100 Flower Mound, TX 75022",(972) 318-2648,https://www.evexipel.com/hormone-replacement-therapy-provider/flower-mound-plastic-surgery-flower-mound-tx/,
VitaleHEALTH Flower Mound,1020 Flower Mound Rd Ste 100,Flower Mound,TX,75028,"1020 Flower Mound Rd Ste 100 Flower Mound, TX 75028",(940) 326-4359,https://www.evexipel.com/hormone-replacement-therapy-provider/vitalehealth-flower-mound-tx/,
Collins Family Planning Clinic,1100 Bridgewood Drive Suite 120,Fort Worth,TX,76112,"1100 Bridgewood Drive Suite 120 Fort Worth, TX 76112",(817) 839-3167,https://www.evexipel.com/hormone-replacement-therapy-provider/collins-family-planning-clinic-fort-worth-tx/,
DFW Spine Joint & Pain Care,7235 Boat Club Rd.,Fort Worth,TX,76179,"7235 Boat Club Rd. Fort Worth, TX 76179",(940) 479-3591,https://www.evexipel.com/hormone-replacement-therapy-provider/dfw-spine-joint-pain-care-fort-worth-tx/,
Hulen Total Care PA,6049 South Hulen Street,Fort Worth,TX,76132,"6049 South Hulen Street Fort Worth, TX 76132",(972) 640-1212,https://www.evexipel.com/hormone-replacement-therapy-provider/hulen-total-care-pa-fort-worth-tx/,
Livwell Method Fort Worth,6913 Camp Bowie Blvd Ste 141,Fort Worth,TX,76116,"6913 Camp Bowie Blvd Ste 141 Fort Worth, TX 76116",(469) 306-1585,https://www.evexipel.com/hormone-replacement-therapy-provider/livwell-method-fort-worth-tx/,
North Tarrant Surgical & Aesthetics,3848 N Tarrant Pkwy Ste 100,Fort Worth,TX,76244,"3848 N Tarrant Pkwy Ste 100 Fort Worth, TX 76244",(817) 646-4299,https://www.evexipel.com/hormone-replacement-therapy-provider/north-tarrant-surgical-aesthetics-fort-worth-tx/,
Park Place Health Solutions,904 Lexington St,Fort Worth,TX,76102,"904 Lexington St Fort Worth, TX 76102",(817) 396-7259,https://www.evexipel.com/hormone-replacement-therapy-provider/park-place-health-solutions-fort-worth-tx/,
Seed Wellness Co,5408 Birchman Ave,Fort Worth,TX,76107,"5408 Birchman Ave Fort Worth, TX 76107",(817) 609-8324,https://www.evexipel.com/hormone-replacement-therapy-provider/seed-wellness-co-fort-worth-tx/,https://share.google/7OU4amXSL1FgI1RB7
Skin Balance,5130 Camp Bowie Blvd,Fort Worth,TX,76107,"5130 Camp Bowie Blvd Fort Worth, TX 76107",(817) 612-6645,https://www.evexipel.com/hormone-replacement-therapy-provider/skin-balance-fort-worth-tx/,
Texas Healthcare Priviamedical Group N TX,1250 8Th Ave Ste 445,Fort Worth,TX,76140,"1250 8Th Ave Ste 445 Fort Worth, TX 76140",(972) 640-5764,https://www.evexipel.com/hormone-replacement-therapy-provider/texas-healthcare-priviamedical-group-n-tx-fort-worth-tx/,
"Jason Peet, Md, Pa",110 East Live Oak St.,Fredericksburg,TX,78624,"110 East Live Oak St. Fredericksburg, TX 78624",(830) 307-5920,https://www.evexipel.com/hormone-replacement-therapy-provider/jason-peet-md-pa-fredericksburg-tx/,
Ata Healthcare And Wellness,8501 Wade Blvd Ste 1160,Frisco,TX,75034,"8501 Wade Blvd Ste 1160 Frisco, TX 75034",(214) 380-1380,https://www.evexipel.com/hormone-replacement-therapy-provider/ata-healthcare-and-wellness-frisco-tx/,
Evolve Health Sciences,12530 Lebanon Rd Ste 205,Frisco,TX,75035,"12530 Lebanon Rd Ste 205 Frisco, TX 75035",(972) 433-5748,https://www.evexipel.com/hormone-replacement-therapy-provider/evolve-health-sciences-frisco-tx/,
Village Health Partners FMV,9990 Dallas Parkway Ste. 200,Frisco,TX,75033,"9990 Dallas Parkway Ste. 200 Frisco, TX 75033",(214) 949-8627,https://www.evexipel.com/hormone-replacement-therapy-provider/village-health-partners-fmv-frisco-tx/,
Vita10 Therapy,11500 State Highway 121 Ste 320,Frisco,TX,75035,"11500 State Highway 121 Ste 320 Frisco, TX 75035",(940) 310-6339,https://www.evexipel.com/hormone-replacement-therapy-provider/vita10-therapy-frisco-tx/,
Vital Care Family Practice,801 N Main St Ste,G-1 Andrews,TX,79714,"801 N Main St  Ste G-1 Andrews, TX 79714",(432) 287-5820,https://www.evexipel.com/hormone-replacement-therapy-provider/vital-care-family-practice-andrews-tx/,
Georgetown OB-Gyn - Montiville,602 High Tech Dr,Georgetown,TX,78626,"602 High Tech Dr Georgetown, TX 78626",(512) 771-4054,https://www.evexipel.com/hormone-replacement-therapy-provider/georgetown-ob-gyn-montiville-georgetown-tx/,
"Georgetown OB-Gyn, LLP",602 High Tech Dr,Georgetown,TX,78626,"602 High Tech Dr Georgetown, TX 78626",(512) 771-4054,https://www.evexipel.com/hormone-replacement-therapy-provider/georgetown-ob-gyn-llp-georgetown-tx/,
Georgetown Plastic Surgery,3201 S Austin Ave Ste 305,Georgetown,TX,78626,"3201 S Austin Ave Ste 305 Georgetown, TX 78626",(512) 548-3577,https://www.evexipel.com/hormone-replacement-therapy-provider/georgetown-plastic-surgery-georgetown-tx/,
JK Medical,2951 Fm 1460 Unit 204,Georgetown,TX,78626,"2951 Fm 1460 Unit 204 Georgetown, TX 78626",(512) 883-0008,https://www.evexipel.com/hormone-replacement-therapy-provider/jk-medical-georgetown-tx/,
Prime Wellness And Longevity,4871-2 Williams Drive,Georgetown,TX,78633,"4871-2 Williams Drive #207 Georgetown, TX 78633",(512) 240-4456,https://www.evexipel.com/hormone-replacement-therapy-provider/prime-wellness-and-longevity-georgetown-tx/,
Re-Gen-U,3613 Williams Dr Ste 702,Georgetown,TX,78628,"3613 Williams Dr Ste 702 Georgetown, TX 78628",(254) 249-4836,https://www.evexipel.com/hormone-replacement-therapy-provider/re-gen-u-georgetown-tx/,
Renew Spa,4859 Williams Drive Ste 111,Georgetown,TX,78633,"4859 Williams Drive Ste 111 Georgetown, TX 78633",(737) 265-8259,https://www.evexipel.com/hormone-replacement-therapy-provider/renew-spa-georgetown-tx/,
Trinity Balanced Wellness Center,101 Cooperative Way Ste 110,Georgetown,TX,78626,"101 Cooperative Way Ste 110 Georgetown, TX 78626",(512) 733-5800,https://www.evexipel.com/hormone-replacement-therapy-provider/trinity-balanced-wellness-center-georgetown-tx/,
Wiseman Family - Georgetown,1502 Blue Ridge Dr Ste 100,Georgetown,TX,78626,"1502 Blue Ridge Dr Ste 100 Georgetown, TX 78626",(512) 345-3530,https://www.evexipel.com/hormone-replacement-therapy-provider/wiseman-family-georgetown-tx/,
Youth Revitalized Health and Wellness,602 Titus St Ste 120,Gilmer,TX,75644,"602 Titus St Ste 120 Gilmer, TX 75644",(903) 329-2314,https://www.evexipel.com/hormone-replacement-therapy-provider/youth-revitalized-health-and-wellness-gilmer-tx/,
Renew,618 Oak Street,Graham,TX,76450,"618 Oak Street Graham, TX 76450",(940) 204-0864,https://www.evexipel.com/hormone-replacement-therapy-provider/renew-graham-tx/,
"Lake Granbury Internal Med & Peds, Pa",2005 Rockview Dr,Granbury,TX,76049,"2005 Rockview Dr Granbury, TX 76049",(817) 241-5084,https://www.evexipel.com/hormone-replacement-therapy-provider/lake-granbury-internal-med-peds-pa-granbury-tx/,
Medicure Family Clinic,1038 N Carrier Pkwy,Grand Prairie,TX,75050,"1038 N Carrier Pkwy Grand Prairie, TX 75050",(682) 350-5036,https://www.evexipel.com/hormone-replacement-therapy-provider/medicure-family-clinic-grand-prairie-tx/,
IntraCare Grapevine,1604 Lancaster Dr,Grapevine,TX,76051,"1604 Lancaster Dr Grapevine, TX 76051",(817) 587-1997,https://www.evexipel.com/hormone-replacement-therapy-provider/intracare-grapevine-tx/,
LaComb Health and Wellness,6000 39th Street Suite,Groves,TX,77619,"6000 39th Street Suite B Groves, TX 77619",(409) 216-0627,https://www.evexipel.com/hormone-replacement-therapy-provider/lacomb-health-and-wellness-groves-tx/,
Stone and Oak Integrative Medicine,302 S. Central St. STE,Hallsville,TX,75650,"302 S. Central St. STE C8 Hallsville, TX 75650",(903) 668-0491,https://www.evexipel.com/hormone-replacement-therapy-provider/stone-and-oak-integrative-medicine-hallsville-tx/,
Posh Aesthetics & Wellness,443 S. Central Ave,Hamlin,TX,79520,"443 S. Central Ave Hamlin, TX 79520",(325) 715-8513,https://www.evexipel.com/hormone-replacement-therapy-provider/posh-aesthetics-wellness-hamlin-tx/,
Central Texas Holistic Care,2025 Memory Lane,Harker Heights,TX,76548,"2025 Memory Lane #300 Harker Heights, TX 76548",(254) 589-4257,https://www.evexipel.com/hormone-replacement-therapy-provider/central-texas-holistic-care-harker-heights-tx/,
"Christopher Guadarrama, PLLC",222 E Van Buren Ave,Harlingen,TX,78550,"222 E Van Buren Ave Harlingen, TX 78550",(956) 567-9487,https://www.evexipel.com/hormone-replacement-therapy-provider/christopher-guadarrama-pllc-harlingen-tx/,
Next Level Medical Clinic,604 South 77 Sunshine Strip Ste,Harlingen,TX,78550,"604 South 77 Sunshine Strip Ste C Harlingen, TX 78550",(956) 660-9430,https://www.evexipel.com/hormone-replacement-therapy-provider/next-level-medical-clinic-harlingen-tx/,
Optimum Wellness & Medical Spa,2121 Pease St Ste 305,Harlingen,TX,78550,"2121 Pease St Ste 305 Harlingen, TX 78550",(956) 300-0533,https://www.evexipel.com/hormone-replacement-therapy-provider/optimum-wellness-medical-spa-harlingen-tx/,
Rio Grande Medicine,5505 S. Expressway 77 Ste 205,Harlingen,TX,78550,"5505 S. Expressway 77 Ste 205 Harlingen, TX 78550",(956) 436-5274,https://www.evexipel.com/hormone-replacement-therapy-provider/rio-grande-medicine-harlingen-tx/,
"Les T. Sandknop, DO, PA",6785 Horizon Rd Ste 100,Heath,TX,75032,"6785 Horizon Rd  Ste 100 Heath, TX 75032",(972) 782-5515,https://www.evexipel.com/hormone-replacement-therapy-provider/les-t-sandknop-do-pa-heath-tx/,
San Antonio Family Physicians - Helotes,12274 Bandera Rd Ste 108,Helotes,TX,78023,"12274 Bandera Rd Ste 108 Helotes, TX 78023",(726) 237-3738,https://www.evexipel.com/hormone-replacement-therapy-provider/san-antonio-family-physicians-helotes-tx/,
The Lotus | Aesthetics And Wellness,14743 Old Bandera Rd Unit 11 Ste 101,Helotes,TX,78023,"14743 Old Bandera Rd  Unit 11 Ste 101 Helotes, TX 78023",(210) 750-6804,https://www.evexipel.com/hormone-replacement-therapy-provider/the-lotus-aesthetics-and-wellness-helotes-tx/,
Family Care of Henderson,321 Wilson Street,Henderson,TX,75652,"321 Wilson Street Henderson, TX 75652",(903) 568-0824,https://www.evexipel.com/hormone-replacement-therapy-provider/family-care-of-henderson-tx/,
Henderson Family Medicine,105 N High St,Henderson,TX,75652,"105 N High St Henderson, TX 75652",(903) 567-9591,https://www.evexipel.com/hormone-replacement-therapy-provider/henderson-family-medicine-henderson-tx/,
"Holland Health Spa, LLC",205 S Franklin St,Holland,TX,76534,"205 S Franklin St Holland, TX 76534",(254) 284-5435,https://www.evexipel.com/hormone-replacement-therapy-provider/holland-health-spa-llc-holland-tx/,
St. Andrews Family Medicine Clinic,494 N. Kenazo Ave Ste,Horizon City,TX,79925,"494 N. Kenazo Ave Ste I Horizon City, TX 79925",(915) 900-8346,https://www.evexipel.com/hormone-replacement-therapy-provider/st-andrews-family-medicine-clinic-horizon-city-tx/,
ACPS - The Surgicentre,12727 Kimberley Ln Ste 300,Houston,TX,77024,"12727 Kimberley Ln Ste 300 Houston, TX 77024",(346) 616-9715,https://www.evexipel.com/hormone-replacement-therapy-provider/acps-the-surgicentre-houston-tx/,
"Burt L. Forgason, M.D.",14441 Memorial Dr Ste 6,Houston,TX,77079,"14441 Memorial Dr Ste 6 Houston, TX 77079",(281) 595-9260,https://www.evexipel.com/hormone-replacement-therapy-provider/burt-l-forgason-md-houston-tx/,
Champion Health and Wellness Clinics,4295 San Felipe St Ste 235,Houston,TX,77027,"4295 San Felipe St Ste 235 Houston, TX 77027",(281) 603-9916,https://www.evexipel.com/hormone-replacement-therapy-provider/champion-health-and-wellness-clinics-houston-tx/,
Complete Midlife - Binz,1200 Binz Street Ste 650,Houston,TX,77004,"1200 Binz Street Ste 650 Houston, TX 77004",(346) 787-1518,https://www.evexipel.com/hormone-replacement-therapy-provider/complete-midlife-binz-houston-tx/,
Complete Midlife - Tanglewood,7700 San Felipe St Ste 330,Houston,TX,77063,"7700 San Felipe St Ste 330 Houston, TX 77063",(346) 263-0103,https://www.evexipel.com/hormone-replacement-therapy-provider/complete-midlife-tanglewood-houston-tx/,
EMRLD Aesthetics,2401 N Shepherd Dr. Suite 235,Houston,TX,77008,"2401 N Shepherd Dr. Suite 235 Houston, TX 77008",(346) 594-6992,https://www.evexipel.com/hormone-replacement-therapy-provider/emrld-aesthetics-houston-tx/,
FACEMAKER,16000 Park Ten Pl Suite 202,Houston,TX,77084,"16000 Park Ten Pl Suite 202 Houston, TX 77084",(936) 213-6967,https://www.evexipel.com/hormone-replacement-therapy-provider/facemaker-houston-tx/,
Gessner Medical Center,5704 S Gessner Rd Ste,Houston,TX,77036,"5704 S Gessner Rd Ste D Houston, TX 77036",(346) 271-1075,https://www.evexipel.com/hormone-replacement-therapy-provider/gessner-medical-center-houston-tx/,
"Houston Cosmetic Surgery - Cypress, TX",22215 Cypresswood Drive Suite 113,Houston,TX,77433,"22215 Cypresswood Drive Suite 113 Houston, TX 77433",(936) 310-4331,https://www.evexipel.com/hormone-replacement-therapy-provider/houston-cosmetic-surgery-cypress-tx-houston-tx/,
Houston Cosmetic Surgery Center,110 Vintage Park Blvd Ste 280,Houston,TX,77070,"110 Vintage Park Blvd Ste 280 Houston, TX 77070",(281) 957-3025,https://www.evexipel.com/hormone-replacement-therapy-provider/houston-cosmetic-surgery-center-houston-tx/,
Houston OG,1415 North Loop W Ste 750,Houston,TX,77008,"1415 North Loop W Ste 750 Houston, TX 77008",(346) 233-1431,https://www.evexipel.com/hormone-replacement-therapy-provider/houston-og-houston-tx/,
Juvan MD,"2795 Katy Freeway, Ste 210",Houston,TX,77007,"2795 Katy Freeway, Ste 210 Houston, TX 77007",(346) 680-1481,https://www.evexipel.com/hormone-replacement-therapy-provider/juvan-md-houston-tx/,
Kristin Leigh Wellness,200 Westcott St,Houston,TX,77007,"200 Westcott St Houston, TX 77007",(573) 763-2144,https://www.evexipel.com/hormone-replacement-therapy-provider/kristin-leigh-wellness-houston-tx/,
Kristin Schmidt MD & Aesthetics,2222 Greenhouse Rd Ste 2000,Houston,TX,77084-7855,"2222 Greenhouse Rd  Ste 2000 Houston, TX 77084-7855",(832) 702-3828,https://www.evexipel.com/hormone-replacement-therapy-provider/kristin-schmidt-md-aesthetics-houston-tx/,
Linly Medspa and Wellness,2054 W Main St,Houston,TX,77098,"2054 W Main St Houston, TX 77098",(832) 786-5488,https://www.evexipel.com/hormone-replacement-therapy-provider/linly-medspa-and-wellness-houston-tx/,
Magnolia Health & Wellness,18333 Egret Bay Boulevard Ste 148,Houston,TX,77058,"18333 Egret Bay Boulevard Ste 148 Houston, TX 77058",(346) 423-2829,https://www.evexipel.com/hormone-replacement-therapy-provider/magnolia-health-wellness-webster-tx/,
Minnow Wellness PLLC,3334 Richmond Ave Ste 208,Houston,TX,77098,"3334 Richmond Ave Ste 208 Houston, TX 77098",(832) 532-9030,https://www.evexipel.com/hormone-replacement-therapy-provider/minnow-wellness-pllc-houston-tx/,
NeuMed San Felipe,5706 San Felipe St Ste,Houston,TX,77057,"5706 San Felipe St Ste A300 Houston, TX 77057",(832) 621-4627,https://www.evexipel.com/hormone-replacement-therapy-provider/neumed-san-felipe-houston-tx/,
Performance Pain & Sports Medicine-TX,4126 Southwest Freeway Ste 1700,Houston,TX,77027,"4126 Southwest Freeway Ste 1700 Houston, TX 77027",(346) 707-2856,https://www.evexipel.com/hormone-replacement-therapy-provider/performance-pain-sports-medicine-tx-houston-tx/,
Renew Body Contouring & Medspa,1811 Bering Dr,Houston,TX,77057,"1811 Bering Dr #310 Houston, TX 77057",(281) 247-6759,https://www.evexipel.com/hormone-replacement-therapy-provider/renew-body-contouring-medspa-houston-tx/,
Renew You MD,950 Threadneedle St Ste 280,Houston,TX,77079,"950 Threadneedle St Ste 280 Houston, TX 77079",(281) 937-8157,https://www.evexipel.com/hormone-replacement-therapy-provider/renew-you-md-houston-tx/,
Spa 146 By Dr. Theresa Harring,2000 North Loop W Suite 220,Houston,TX,77016,"2000 North Loop W Suite 220 Houston, TX 77016",(281) 426-0376,https://www.evexipel.com/hormone-replacement-therapy-provider/spa-146-by-dr-theresa-harring-houston-tx/,
"Specialized Medical, PLLC",2401 N Shepherd Dr Ste 235,Houston,TX,77008,"2401 N Shepherd Dr Ste 235 Houston, TX 77008",(346) 616-1722,https://www.evexipel.com/hormone-replacement-therapy-provider/specialized-medical-pllc-houston-tx/,
"THRIVE Medicine, PLLC",802 W 18th St,Houston,TX,77008,"802 W 18th St Houston, TX 77008",(832) 957-0692,https://www.evexipel.com/hormone-replacement-therapy-provider/thrive-medicine-pllc-houston-tx/,
Vanguard Spine & Sport,8800 Katy Fwy Ste 201,Houston,TX,77024,"8800 Katy Fwy Ste 201 Houston, TX 77024",(832) 539-7810,https://www.evexipel.com/hormone-replacement-therapy-provider/vanguard-spine-sport-houston-tx/,
Willowbrook Wellness Center,13215 Dotson Rd Suite 200,Houston,TX,77070,"13215 Dotson Rd Suite 200 Houston, TX 77070",(281) 524-2062,https://www.evexipel.com/hormone-replacement-therapy-provider/willowbrook-wellness-center-houston-tx/,
Core Health,300 W Haning St Ste,Howe,TX,75459,"300 W Haning St Ste A Howe, TX 75459",(903) 419-4298,https://www.evexipel.com/hormone-replacement-therapy-provider/core-health-howe-tx/,
Harmony Aesthetics - West Lake,1710 W Lake Houston Pkwy STE,Humble,TX,77339,"1710 W Lake Houston Pkwy STE 260B Humble, TX 77339",(713) 590-7388,https://www.evexipel.com/hormone-replacement-therapy-provider/harmony-aesthetics-west-lake-humble-tx/,
"Julie Bernell, MD - elev8HRT, LLC",18835 McKay Dr ste 300,Humble,TX,77338,"18835 McKay Dr ste 300 Humble, TX 77338",(281) 319-4111,https://www.evexipel.com/hormone-replacement-therapy-provider/julie-bernell-md-elev8hrt-llc-humble-tx/,
Luminous Health & Wellness,13531 Will Clayton Pkwy Ste 700,Humble,TX,77346,"13531 Will Clayton Pkwy Ste 700 Humble, TX 77346",(832) 979-0163,https://www.evexipel.com/hormone-replacement-therapy-provider/luminous-health-wellness-humble-tx/,
Venus Tan & Body Spa,5444 Atascocita Rd Ste 104,Humble,TX,77346,"5444 Atascocita Rd Ste 104 Humble, TX 77346",(936) 681-7345,https://www.evexipel.com/hormone-replacement-therapy-provider/venus-tan-body-spa-houston-tx/,
Pulse Physician Organization-Huntsville,119 Medical Park Lane Ste,Huntsville,TX,77340,"119 Medical Park Lane Ste D Huntsville, TX 77340",(936) 209-7479,https://www.evexipel.com/hormone-replacement-therapy-provider/pulse-physician-organization-huntsville-tx/,
Elite Care Clinic,1173 W John Carpenter Fwy Ste 102,Irving,TX,75039,"1173 W John Carpenter Fwy Ste 102 Irving, TX 75039",(469) 949-1873,https://www.evexipel.com/hormone-replacement-therapy-provider/elite-care-clinic-irving-tx/,
McNair Aesthetics,5901 High Point Dr # 19,Irving,TX,75038,"5901 High Point Dr # 19 Irving, TX 75038",(972) 440-2429,https://www.evexipel.com/hormone-replacement-therapy-provider/mcnair-aesthetics-irving-tx/,
Beeline Health,305 W Rusk St,Jacksonville,TX,75766,"305 W Rusk St Jacksonville, TX 75766",(903) 400-1968,https://www.evexipel.com/hormone-replacement-therapy-provider/beeline-health-jacksonville-tx/,
"Complete Healthcare Services, Pa",315 W Houston St,Jasper,TX,75951,"315 W Houston St Jasper, TX 75951",(409) 254-4979,https://www.evexipel.com/hormone-replacement-therapy-provider/complete-healthcare-services-pa-jasper-tx/,
"Rodriguez Health, LLC",1405 E Hwy 97,Jourdanton,TX,78026,"1405 E Hwy 97 Jourdanton, TX 78026",(830) 429-5842,https://www.evexipel.com/hormone-replacement-therapy-provider/rodriguez-health-llc-jourdanton-tx/,
Impact Medical And Chiropractic,11180 FM 156 S Suite 303,Justin,TX,76247,"11180 FM 156 S Suite 303 Justin, TX 76247",(940) 242-5621,https://www.evexipel.com/hormone-replacement-therapy-provider/impact-medical-and-chiropractic-justin-tx/,
Advanced Integrative Metabolic Institute,1325 Main St Ste 803,Katy,TX,77494,"1325 Main St Ste 803 Katy, TX 77494",(979) 472-6586,https://www.evexipel.com/hormone-replacement-therapy-provider/advanced-integrative-metabolic-institute-katy-tx/,
Jenkins OBGYN & Reproductive Medicine,23535 Kingsland Boulevard,Katy,TX,77494,"23535 Kingsland Boulevard Katy, TX 77494",(281) 957-6462,https://www.evexipel.com/hormone-replacement-therapy-provider/jenkins-obgyn-reproductive-medicine-katy-tx/,
Jenkins Wellness Center and Med Spa,21769 Merchants Way,Katy,TX,77449,"21769 Merchants Way Katy, TX 77449",(832) 924-7664,https://www.evexipel.com/hormone-replacement-therapy-provider/jenkins-wellness-center-and-med-spa-katy-tx/,
Katy Women's Pelvic Health,410 W. Grand Parkway S Suite 320,Katy,TX,77494,"410 W. Grand Parkway S Suite 320 Katy, TX 77494",(409) 684-2918,https://www.evexipel.com/hormone-replacement-therapy-provider/katy-womens-pelvic-health-katy-tx/,
Keller WellCare,25140 Kingsland Blvd Suite 200,Katy,TX,77494,"25140 Kingsland Blvd Suite 200 Katy, TX 77494",(346) 742-0268,https://www.evexipel.com/hormone-replacement-therapy-provider/keller-wellcare-katy-tx/,
Premier Gastroenterology & Wellness,521 W Grand Pkwy S,Katy,TX,77494,"521 W Grand Pkwy S Katy, TX 77494",(936) 310-4520,https://www.evexipel.com/hormone-replacement-therapy-provider/premier-gastroenterology-wellness-katy-tx/,
Pro-Elite Management Services Corp,21685 Kingsland Blvd,Katy,TX,77450,"21685 Kingsland Blvd Katy, TX 77450",(346) 559-2561,https://www.evexipel.com/hormone-replacement-therapy-provider/pro-elite-management-services-corp-katy-tx/,
Ascension Point Wellness,1530 Keller Pkwy Ste A Rm 11,Keller,TX,76248,"1530 Keller Pkwy Ste A Rm 11 Keller, TX 76248",(817) 270-6445,https://www.evexipel.com/hormone-replacement-therapy-provider/ascension-point-wellness-keller-tx/,
Best Life Healthcare,903 FM 518 RD Ste,Kemah,TX,77565,"903 FM 518 RD Ste A Kemah, TX 77565",(346) 209-9787,https://www.evexipel.com/hormone-replacement-therapy-provider/best-life-healthcare-kemah-tx/,
"Hometown Health and Wellness, PLLC",395 Columbia Memorial Parkway STE,Kemah,TX,77565,"395 Columbia Memorial Parkway STE C Kemah, TX 77565",(346) 233-1393,https://www.evexipel.com/hormone-replacement-therapy-provider/hometown-health-and-wellness-pllc-kemah-tx/,
Hill Country Health and Hormones,708 Hill Country Dr. Ste,Kerrville,TX,78028,"708 Hill Country Dr. Ste 300A Kerrville, TX 78028",(830) 590-1522,https://www.evexipel.com/hormone-replacement-therapy-provider/hill-country-health-and-hormones-kerrville-tx/,
Aesthetics by Allyson,401 E. Lantrip St.,Kilgore,TX,75662,"401 E. Lantrip St. Kilgore, TX 75662",(903) 329-6686,https://www.evexipel.com/hormone-replacement-therapy-provider/aesthetics-by-allyson-kilgore-tx/,
Dermaplus Aesthetics,3036 Northpark Dr,Kingwood,TX,77339,"3036 Northpark Dr Kingwood, TX 77339",(281) 800-7468,https://www.evexipel.com/hormone-replacement-therapy-provider/dermaplus-aesthetics-houston-tx/,
Texas Advanced Spine,201 Kingwood Medical Drive,Kingwood,TX,77339,"201 Kingwood Medical Drive #A-350 Kingwood, TX 77339",(281) 666-9108,https://www.evexipel.com/hormone-replacement-therapy-provider/texas-advanced-spine-houston-tx/,
El Paso Family Medicine and Mental Health,8929 Viscount Suite,LL-B El Paso,TX,79925,"8929 Viscount Suite LL-B El Paso, TX 79925",(915) 621-5837,https://www.evexipel.com/hormone-replacement-therapy-provider/el-paso-family-medicine-and-mental-health-el-paso-tx/,
Brazosport Women's Health,208 Oak Drive South Suite 300,Lake Jackson,TX,77566,"208 Oak Drive South Suite 300 Lake Jackson, TX 77566",(979) 266-9544,https://www.evexipel.com/hormone-replacement-therapy-provider/brazosport-womens-health-lake-jackson-tx/,
Crystal Outpatient Surgery Center,215 Oak Drive South Suite,Lake Jackson,TX,77566,"215 Oak Drive South Suite J Lake Jackson, TX 77566",(979) 310-4572,https://www.evexipel.com/hormone-replacement-therapy-provider/crystal-outpatient-surgery-center-lake-jackson-tx/,
Celadine Wellbeing,1017 Ranch Road 620 S Ste 101,Lakeway,TX,78734,"1017 Ranch Road 620 S Ste 101 Lakeway, TX 78734",(737) 252-3458,https://www.evexipel.com/hormone-replacement-therapy-provider/celadine-wellbeing-lakeway-tx/,
Thrive Hormonal Health & Wellness,1017 Ranch Road 620 S Ste 101,Lakeway,TX,78734,"1017 Ranch Road 620 S Ste 101 Lakeway, TX 78734",(737) 242-6722,https://www.evexipel.com/hormone-replacement-therapy-provider/thrive-hormonal-health-wellness-lakeway-tx/,
"Versatile Health, PMA",1307 Lubbock Hwy,Lamesa,TX,79331,"1307 Lubbock Hwy Lamesa, TX 79331",(806) 666-6450,https://www.evexipel.com/hormone-replacement-therapy-provider/versatile-health-pma-lamesa-tx/,
The Wellness Refinery,510 E. 4th St STE,Lampasas,TX,76550,"510 E. 4th St  STE B Lampasas, TX 76550",(254) 345-4422,https://www.evexipel.com/hormone-replacement-therapy-provider/the-wellness-refinery-lampasas-tx/,
Axis Direct Care,7110 Rocio Dr Unit 10,Laredo,TX,78041,"7110 Rocio Dr Unit 10 Laredo, TX 78041",(956) 477-5014,https://www.evexipel.com/hormone-replacement-therapy-provider/axis-direct-care-laredo-tx/,
Obgyn Associates Of Laredo P A,7109 N Bartlett Ave Ste 101,Laredo,TX,78041,"7109 N Bartlett Ave Ste 101 Laredo, TX 78041",(956) 717-5775,https://www.evexipel.com/hormone-replacement-therapy-provider/obgyn-associates-of-laredo-p-a-laredo-tx/,
The Body Lab Med Spa,3502 E Del Mar Blvd Ste,Laredo,TX,78045,"3502 E Del Mar Blvd Ste #5 Laredo, TX 78045",(956) 363-4805,https://www.evexipel.com/hormone-replacement-therapy-provider/the-body-lab-med-spa-laredo-tx/,
Essence Aesthetics - League City,3725 E League City Pkwy Ste 240,League City,TX,77573,"3725 E League City Pkwy Ste 240 League City, TX 77573",(346) 617-2995,https://www.evexipel.com/hormone-replacement-therapy-provider/essence-aesthetics-league-city-tx/,https://www.google.com/search?q=la+maison+luxe+med+spa+and+wellness&sca_esv=cc34ee859529854e&source=hp&ei=B0Nxacz7JMbhkPIP6Z-t8Qg&iflsig=AFdpzrgAAAAAaXFRF1khZqlCTSwHviEcnowZ7vPsnfdu&oq=L%27Maison+LUXE&gs_lp=Egdnd3Mtd2l6Ig1MJ01haXNvbiBMVVhFKgIIADIJEAAYgAQY
League City Family Clinic,1930 State Highway 3 S Ste 200,League City,TX,77573,"1930 State Highway 3 S Ste 200 League City, TX 77573",(409) 572-0312,https://www.evexipel.com/hormone-replacement-therapy-provider/league-city-family-clinic-league-city-tx/,
League City Spine & Sports Med,1216 East Main Street,League City,TX,77573,"1216 East Main Street League City, TX 77573",(281) 332-3428,https://www.evexipel.com/hormone-replacement-therapy-provider/league-city-spine-sports-med-league-city-tx/,
Frontier Direct Care,11840 Hero Way W Ste 200,Leander,TX,78641,"11840 Hero Way W Ste 200 Leander, TX 78641",(737) 252-6521,https://www.evexipel.com/hormone-replacement-therapy-provider/frontier-direct-care-leander-tx/,
Vital Hormone Health,14300 Ronald W Reagan Blvd Ste 803,Leander,TX,78641,"14300 Ronald W Reagan Blvd Ste 803 Leander, TX 78641",(737) 345-0772,https://www.evexipel.com/hormone-replacement-therapy-provider/vital-hormone-health-leander-tx/,
West Texas Optimal Health,915 Austin St,Levelland,TX,79336,"915 Austin St Levelland, TX 79336",(806) 602-0643,https://www.evexipel.com/hormone-replacement-therapy-provider/west-texas-optimal-health-levelland-tx/,
Maya Medical Management-Lewisville,1850 Lakepointe Dr Ste 700,Lewisville,TX,75057,"1850 Lakepointe Dr Ste 700 Lewisville, TX 75057",(469) 331-4797,https://www.evexipel.com/hormone-replacement-therapy-provider/maya-medical-management-lewisville-tx/,
The Lady Lounge Aesthetics,8541 N US Highway 77,Lexington,TX,78947,"8541 N US Highway 77 Lexington, TX 78947",(979) 271-5714,https://www.evexipel.com/hormone-replacement-therapy-provider/the-lady-lounge-aesthetics-lexington-tx/,
Aspire Family Medical,14875 W State Highway 29,Liberty Hill,TX,78642,"14875 W State Highway 29 Liberty Hill, TX 78642",(254) 970-0235,https://www.evexipel.com/hormone-replacement-therapy-provider/aspire-family-medical-liberty-hill-tx/,
Signature Aesthetics & IV Lounge,201 St Joseph Ct Ste 410,Liberty Hill,TX,78642,"201 St Joseph Ct Ste 410 Liberty Hill, TX 78642",(737) 234-2067,https://www.evexipel.com/hormone-replacement-therapy-provider/signature-aesthetics-iv-lounge-liberty-hill-tx/,https://www.google.com/search?q=signature+aesthetics&sca_esv=3411e0dcc18d8ddc&sxsrf=APpeQnvso-QHKesi1MdacYtTOG4zKwBkpw%3A1783889823077&source=hp&ei=n_9Tau7vAbe5mtkPl66u6Ac&iflsig=ABILxe8AAAAAalQNr5EG_OPlwXMXg4xvx-hiFYD-EHMm&gs_ssp=eJzj4tVP1zc0zC4zL08xNSkz
VitaLuxe Wellness & Aesthetics,104 S Kickapoo Suite 202,Lipan,TX,76462,"104 S Kickapoo Suite 202 Lipan, TX 76462",(940) 468-1221,https://www.evexipel.com/hormone-replacement-therapy-provider/vitaluxe-wellness-aesthetics-lipan-tx/,
Joint Pain Specialists,2601 Little Elm Parkway Suite 203,Little Elm,TX,75068,"2601 Little Elm Parkway Suite 203 Little Elm, TX 75068",(682) 223-4992,https://www.evexipel.com/hormone-replacement-therapy-provider/joint-pain-specialists-little-elm-tx/,
Specialty Care Clinic- Little Elm,1395 E Eldorado Pkwy Ste 400,Little Elm,TX,75068,"1395 E Eldorado Pkwy Ste 400 Little Elm, TX 75068",(903) 228-4791,https://www.evexipel.com/hormone-replacement-therapy-provider/specialty-care-clinic-little-elm-tx/,
Aurora OBGYN,12500 Judson Rd Ste 210,Live Oak,TX,78233,"12500 Judson Rd  Ste 210 Live Oak, TX 78233",(210) 964-5199,https://www.evexipel.com/hormone-replacement-therapy-provider/aurora-obgyn-live-oak-tx/,
New You Medical Center,5550,Long Prairie Trace Richmond,TX,77407,"5550 Long Prairie Trace Richmond, TX 77407",(936) 282-5752,https://www.evexipel.com/hormone-replacement-therapy-provider/new-you-medical-center-richmond-tx/,
Ageless Medical Clinic,103 W Loop 281 Ste 472,Longview,TX,75605,"103 W Loop 281 Ste 472 Longview, TX 75605",(903) 500-7250,https://www.evexipel.com/hormone-replacement-therapy-provider/ageless-medical-clinic-longview-tx/,
Optimal Aesthetics,1106 N. 6Th Street,Longview,TX,75601,"1106 N. 6Th Street Longview, TX 75601",(903) 225-8744,https://www.evexipel.com/hormone-replacement-therapy-provider/optimal-aesthetics-longview-tx/,
Renew Aesthetics and Weight Loss,1106 North Sixth Street,Longview,TX,75601,"1106 North Sixth Street Longview, TX 75601",(903) 600-9675,https://www.evexipel.com/hormone-replacement-therapy-provider/renew-aesthetics-and-weight-loss-longview-tx/,
Total Testosterone,405 W Loop 281 Ste,Longview,TX,75605,"405 W Loop 281 Ste J Longview, TX 75605",(903) 304-1706,https://www.evexipel.com/hormone-replacement-therapy-provider/total-testosterone-longview-tx/,
10611 Medical Associates,10611 Quaker Ave,Lubbock,TX,79424,"10611 Quaker Ave Lubbock, TX 79424",(806) 304-6409,https://www.evexipel.com/hormone-replacement-therapy-provider/10611-medical-associates-lubbock-tx/,
Arledge Aesthetics & Plastic Surgery,2719 81st St,Lubbock,TX,79423,"2719 81st St Lubbock, TX 79423",(806) 541-4872,https://www.evexipel.com/hormone-replacement-therapy-provider/arledge-aesthetics-plastic-surgery-lubbock-tx/,
Aspire Primary Care Partners,4903 82nd Street Unit 10,Lubbock,TX,79424,"4903 82nd Street Unit 10 Lubbock, TX 79424",(806) 404-1605,https://www.evexipel.com/hormone-replacement-therapy-provider/aspire-primary-care-partners-lubbock-tx/,
Balance and Restore,12402 Slide Rd Ste 402,Lubbock,TX,79424,"12402 Slide Rd Ste 402 Lubbock, TX 79424",(806) 878-9687,https://www.evexipel.com/hormone-replacement-therapy-provider/balance-and-restore-lubbock-tx/,
Beauty Bar Health & Wellness Lubbock,6302 70th St.,Lubbock,TX,79424,"6302 70th St. Lubbock, TX 79424",(806) 606-0946,https://www.evexipel.com/hormone-replacement-therapy-provider/beauty-bar-health-wellness-lubbock-tx/,
Cornerstone OBGYN,3715 21st St,Lubbock,TX,79410,"3715 21st St Lubbock, TX 79410",(806) 607-8552,https://www.evexipel.com/hormone-replacement-therapy-provider/cornerstone-obgyn-lubbock-tx/,
Corona Concierge Care,6418 98th St Ste 100,Lubbock,TX,79424,"6418 98th St Ste 100 Lubbock, TX 79424",(806) 835-5787,https://www.evexipel.com/hormone-replacement-therapy-provider/corona-concierge-care-lubbock-tx/,
Elite Primary Care and Wellness,8713 Milwaukee Ave Ste 100,Lubbock,TX,79424,"8713 Milwaukee Ave Ste 100 Lubbock, TX 79424",(806) 630-0479,https://www.evexipel.com/hormone-replacement-therapy-provider/elite-primary-care-and-wellness-lubbock-tx/,
Estrada Health & Wellness,11915 Frankford Ave Ste 200,Lubbock,TX,79424,"11915 Frankford Ave Ste 200 Lubbock, TX 79424",(806) 450-5666,https://www.evexipel.com/hormone-replacement-therapy-provider/estrada-health-wellness-lubbock-tx/,
IV League,4715 w Loop 289,Lubbock,TX,79414,"4715 w Loop 289 Lubbock, TX 79414",(806) 515-4520,https://www.evexipel.com/hormone-replacement-therapy-provider/iv-league-lubbock-tx/,
Interventional Pain & Regenerative Med,4642 N Loop 289 Ste 209,Lubbock,TX,79424,"4642 N Loop 289 Ste 209 Lubbock, TX 79424",(806) 203-5651,https://www.evexipel.com/hormone-replacement-therapy-provider/interventional-pain-regenerative-med-lubbock-tx/,
Lubbock Advanced Physical Medicine,2230 Indiana Avenue,Lubbock,TX,79410,"2230 Indiana Avenue Lubbock, TX 79410",(806) 515-2036,https://www.evexipel.com/hormone-replacement-therapy-provider/lubbock-advanced-physical-medicine-lubbock-tx/,
Lubbock Cooper Health Center,12115 Indiana Ave,Lubbock,TX,79423,"12115 Indiana Ave Lubbock, TX 79423",(806) 429-4937,https://www.evexipel.com/hormone-replacement-therapy-provider/lubbock-cooper-health-center-lubbock-tx/,
Lubbock Family Medicine,7008 Indiana Ave Ste,Lubbock,TX,79413,"7008 Indiana Ave Ste A Lubbock, TX 79413",(806) 606-0948,https://www.evexipel.com/hormone-replacement-therapy-provider/lubbock-family-medicine-lubbock-tx/,
Lubbock Primary Care,11007 Quaker Ave,Lubbock,TX,79424,"11007 Quaker Ave Lubbock, TX 79424",(806) 203-6077,https://www.evexipel.com/hormone-replacement-therapy-provider/lubbock-primary-care-lubbock-tx/,
Lubbock Primary Care Milwaukee,10709 Milwaukee Ave,Lubbock,TX,79424,"10709 Milwaukee Ave Lubbock, TX 79424",(806) 607-6552,https://www.evexipel.com/hormone-replacement-therapy-provider/lubbock-primary-care-milwaukee-lubbock-tx/,
Lubbock Primary Care North,1120 West Loop 289,Lubbock,TX,79416,"1120 West Loop 289 Lubbock, TX 79416",(806) 606-0255,https://www.evexipel.com/hormone-replacement-therapy-provider/lubbock-primary-care-north-lubbock-tx/,
Lubbock Primary Care University,5015 University Ave,Lubbock,TX,79413,"5015 University Ave B1 Lubbock, TX 79413",(806) 835-5235,https://www.evexipel.com/hormone-replacement-therapy-provider/lubbock-primary-care-university-lubbock-tx/,
My Urgent Care Clinic Lubbock,2424 Quaker Ave,Lubbock,TX,79410,"2424 Quaker Ave Lubbock, TX 79410",(806) 602-0885,https://www.evexipel.com/hormone-replacement-therapy-provider/my-urgent-care-clinic-lubbock-tx/,
Pure Health LLC,8004 Quaker Avenue,Lubbock,TX,79424,"8004 Quaker Avenue Lubbock, TX 79424",(806) 298-6849,https://www.evexipel.com/hormone-replacement-therapy-provider/pure-health-llc-lubbock-tx/,
Quantum Wellness,5252 114th St,Lubbock,TX,79424,"5252 114th St Lubbock, TX 79424",(806) 515-2184,https://www.evexipel.com/hormone-replacement-therapy-provider/quantum-wellness-lubbock-tx/,
Rejuvenate,6205 43rd Street,Lubbock,TX,79407,"6205 43rd Street Lubbock, TX 79407",(806) 230-4432,https://www.evexipel.com/hormone-replacement-therapy-provider/rejuvenate-lubbock-tx/,
"Rhiannon Newsom, Np-C",3519 22Nd Place,Lubbock,TX,79410,"3519 22Nd Place Lubbock, TX 79410",(806) 792-3715,https://www.evexipel.com/hormone-replacement-therapy-provider/rhiannon-newsom-np-c-lubbock-tx/,
Sozo Health,6405 107th St.,Lubbock,TX,79424,"6405 107th St. #200 Lubbock, TX 79424",(806) 878-0254,https://www.evexipel.com/hormone-replacement-therapy-provider/sozo-health-lubbock-tx/,
The Bridge Clinics of Texas Lubbock,6701 Aberdeen Ave Ste 9,Lubbock,TX,79424,"6701 Aberdeen Ave Ste 9 Lubbock, TX 79424",(325) 313-3545,https://www.evexipel.com/hormone-replacement-therapy-provider/the-bridge-clinics-of-texas-lubbock-tx/,
The Spa by Sheena,8713 Milwaukee Ave Ste 200,Lubbock,TX,79424,"8713 Milwaukee Ave Ste 200 Lubbock, TX 79424",(806) 515-4571,https://www.evexipel.com/hormone-replacement-therapy-provider/the-spa-by-sheena-lubbock-tx/,
Women's Health Associates,4501 50th St Ste 200,Lubbock,TX,79414,"4501 50th St Ste 200 Lubbock, TX 79414",(806) 605-0424,https://www.evexipel.com/hormone-replacement-therapy-provider/womens-health-associates-lubbock-tx/,
First Choice Family Medicine - Hill,818 W Frank Ave,Lufkin,TX,75904,"818 W Frank Ave Lufkin, TX 75904",(936) 226-0481,https://www.evexipel.com/hormone-replacement-therapy-provider/first-choice-family-medicine-hill-lufkin-tx/,
First Choice Family Medicine - Whitley,818 W Frank Ave,Lufkin,TX,75904,"818 W Frank Ave Lufkin, TX 75904",(936) 342-7914,https://www.evexipel.com/hormone-replacement-therapy-provider/first-choice-family-medicine-whitley-lufkin-tx/,
Lufkin Family Medicine  Center,3804 S Medford Dr,Lufkin,TX,75901,"3804 S Medford Dr Lufkin, TX 75901",(936) 417-1165,https://www.evexipel.com/hormone-replacement-therapy-provider/lufkin-family-medicine-center-lufkin-tx/,
MediSlim Lufkin,3806 S. Medford Drive,Lufkin,TX,75901,"3806 S. Medford Drive Lufkin, TX 75901",(936) 292-3527,https://www.evexipel.com/hormone-replacement-therapy-provider/medislim-lufkin-tx/,
Revive Integrative Medicine,105 Westside Medical Blvd,Lufkin,TX,75904,"105 Westside Medical Blvd Lufkin, TX 75904",(936) 289-9186,https://www.evexipel.com/hormone-replacement-therapy-provider/revive-integrative-medicine-lufkin-tx/,
Rima Kittley MD Family Medicine,1501 Hanks St #,Lufkin,TX,75904,"1501 Hanks St # B Lufkin, TX 75904",(936) 410-4583,https://www.evexipel.com/hormone-replacement-therapy-provider/rima-kittley-md-family-medicine-lufkin-tx/,
Texas Urological Clinic,1704 E Denman Ave,Lufkin,TX,75901,"1704 E Denman Ave Lufkin, TX 75901",(936) 255-2744,https://www.evexipel.com/hormone-replacement-therapy-provider/texas-urological-clinic-lufkin-tx/,
Balanced Health,313 N Lhs Dr,Lumberton,TX,77657,"313 N Lhs Dr Lumberton, TX 77657",(409) 348-3585,https://www.evexipel.com/hormone-replacement-therapy-provider/balanced-health-lumberton-tx/,
The Wellness Firm,100 Canyon Lake Cir,Lumberton,TX,77657,"100 Canyon Lake Cir Lumberton, TX 77657",(409) 730-7005,https://www.evexipel.com/hormone-replacement-therapy-provider/the-wellness-firm-lumberton-tx/,
Biometric Profile Health,506 Honea Egypt Rd Ste 104,Magnolia,TX,77354,"506 Honea Egypt Rd  Ste 104 Magnolia, TX 77354",(281) 607-4105,https://www.evexipel.com/hormone-replacement-therapy-provider/biometric-profile-health-magnolia-tx/,
Davam Family Medicine,6018 Fm 1488 Rd,Magnolia,TX,77354,"6018 Fm 1488 Rd Magnolia, TX 77354",(346) 375-7522,https://www.evexipel.com/hormone-replacement-therapy-provider/davam-family-medicine-magnolia-tx/,
Joon Medical Corp,1316 Sendera Ranch Drive Ste.,Magnolia,TX,77354,"1316 Sendera Ranch Drive Ste. A Magnolia, TX 77354",(832) 698-8676,https://www.evexipel.com/hormone-replacement-therapy-provider/joon-medical-corp-magnolia-tx/,
Beauty Bar Health & Wellness Denver City,521 N,Main Denver City,TX,79323,"521 N Main Denver City, TX 79323",(806) 203-5979,https://www.evexipel.com/hormone-replacement-therapy-provider/beauty-bar-health-wellness-denver-city-tx/,
260 THMA MNS OBGYN,2302 Lone Star Rd Ste 260,Mansfield,TX,76063,"2302 Lone Star Rd Ste 260 Mansfield, TX 76063",(682) 281-5421,https://www.evexipel.com/hormone-replacement-therapy-provider/260-thma-mns-obgyn-mansfield-tx/,
Premier Women's Health,1758 Broad Park Cir. S,Mansfield,TX,76063,"1758 Broad Park Cir. S Mansfield, TX 76063",(972) 503-4630,https://www.evexipel.com/hormone-replacement-therapy-provider/premier-womens-health-mansfield-tx/,
TX Center for Urology - Mansfield,1759 Broad Park Circle South Suite 101,Mansfield,TX,76063,"1759 Broad Park Circle South Suite 101 Mansfield, TX 76063",(817) 769-3370,https://www.evexipel.com/hormone-replacement-therapy-provider/tx-center-for-urology-mansfield-tx/,
East Texas Health & Wellness,1600 S Washington Ave,Marshall,TX,75670,"1600 S Washington Ave Marshall, TX 75670",(903) 225-8476,https://www.evexipel.com/hormone-replacement-therapy-provider/east-texas-health-wellness-marshall-tx/,
Apricity Wellness and Aesthetics PLLC,2507 Buddy Owens Blvd,McAllen,TX,78504,"2507 Buddy Owens Blvd McAllen, TX 78504",(956) 446-2636,https://www.evexipel.com/hormone-replacement-therapy-provider/apricity-wellness-and-aesthetics-pllc-mcallen-tx/,
Beautified By Veronica Aesth & Wellness,6401 N 10 th St Suite 100,McAllen,TX,78504,"6401 N 10 th St Suite 100 McAllen, TX 78504",(956) 707-1228,https://www.evexipel.com/hormone-replacement-therapy-provider/beautified-by-veronica-aesth-wellness-mcallen-tx/,
Beauty and Health by Dr. Rashid,801 E Nolana Ave Ste 7,McAllen,TX,78504,"801 E Nolana Ave Ste 7 McAllen, TX 78504",(956) 297-0244,https://www.evexipel.com/hormone-replacement-therapy-provider/beauty-and-health-by-dr-rashid-mcallen-tx/,
"Compassionate Care Family Clinic, LLC",5408 N 10th St,McAllen,TX,78504,"5408 N 10th St McAllen, TX 78504",(956) 306-1114,https://www.evexipel.com/hormone-replacement-therapy-provider/compassionate-care-family-clinic-llc-mcallen-tx/,
Cosmetic Laser Center,715 Savannah Ave W,McAllen,TX,78503,"715 Savannah Ave W McAllen, TX 78503",(956) 758-8414,https://www.evexipel.com/hormone-replacement-therapy-provider/cosmetic-laser-center-mcallen-tx/,
Family Medicine Clinic,5800 N. 23rd Street,McAllen,TX,78504,"5800 N. 23rd Street McAllen, TX 78504",(956) 305-1459,https://www.evexipel.com/hormone-replacement-therapy-provider/family-medicine-clinic-mcallen-tx/,
Mother & Child Health Consultants,5305 N McColl Rd,McAllen,TX,78504,"5305 N McColl Rd McAllen, TX 78504",(956) 633-4080,https://www.evexipel.com/hormone-replacement-therapy-provider/mother-child-health-consultants-mcallen-tx/,
Optimal Lifestyle Medicine,520 E Dove Ave,McAllen,TX,78504,"520 E Dove Ave McAllen, TX 78504",(956) 663-4297,https://www.evexipel.com/hormone-replacement-therapy-provider/optimal-lifestyle-medicine-mcallen-tx/,
Revive Skin Group,4703 N 10th St,McAllen,TX,78504,"4703 N 10th St McAllen, TX 78504",(956) 396-0102,https://www.evexipel.com/hormone-replacement-therapy-provider/revive-skin-group-mcallen-tx/,
Uptown Medical Wellness & Anti-Aging Ctr,801 E Nolana Ave Ste 4,McAllen,TX,78504,"801 E Nolana Ave Ste 4 McAllen, TX 78504",(956) 903-2854,https://www.evexipel.com/hormone-replacement-therapy-provider/uptown-medical-wellness-anti-aging-ctr-mcallen-tx/,
Women's Center Of Excellence,4324 N McColl Rd,McAllen,TX,78504,"4324 N McColl Rd McAllen, TX 78504",(956) 474-3132,https://www.evexipel.com/hormone-replacement-therapy-provider/womens-center-of-excellence-mcallen-tx/,
Women's Clinic of South Texas - McAllen,316 Linberg Ave,McAllen,TX,78501,"316 Linberg Ave McAllen, TX 78501",(956) 300-3879,https://www.evexipel.com/hormone-replacement-therapy-provider/womens-clinic-of-south-texas-mcallen-tx/,
Ellen Mehta Advanced Practice,7701 Stacy Rd Ste 800,McKinney,TX,75070,"7701 Stacy Rd Ste 800 McKinney, TX 75070",(248) 218-9941,https://www.evexipel.com/hormone-replacement-therapy-provider/ellen-mehta-advanced-practice-mckinney-tx/,
Hartwater Wellness,7200 W University Dr Ste 170,McKinney,TX,75071,"7200 W University Dr Ste 170 McKinney, TX 75071",(903) 776-4854,https://www.evexipel.com/hormone-replacement-therapy-provider/hartwater-wellness-mckinney-tx/,
Doctor's Choice Medical & Rehab,4900 N. 10Th St Ste,Mcallen,TX,78504,"4900 N. 10Th St Ste D2 Mcallen, TX 78504",(956) 663-3482,https://www.evexipel.com/hormone-replacement-therapy-provider/doctors-choice-medical-rehab-mcallen-tx/,
"Elite Functional Health, Pllc",2215 W Fern Ave Ste,Mcallen,TX,78501,"2215 W Fern Ave Ste B Mcallen, TX 78501",(956) 253-1151,https://www.evexipel.com/hormone-replacement-therapy-provider/elite-functional-health-pllc-mcallen-tx/,
"Gholam A Kiani, MD, PA - Jackson Rd",5121 N Jackson Rd Ste 10,Mcallen,TX,78504,"5121 N Jackson Rd Ste 10 Mcallen, TX 78504",(956) 394-0267,https://www.evexipel.com/hormone-replacement-therapy-provider/gholam-a-kiani-md-pa-jackson-rd-mcallen-tx/,
Hero Family Medicine Pllc,1200 E Savannah Ave Suite 8,Mcallen,TX,78503,"1200 E Savannah Ave Suite 8 Mcallen, TX 78503",(956) 450-7044,https://www.evexipel.com/hormone-replacement-therapy-provider/hero-family-medicine-pllc-mcallen-tx/,
Revive Primary Care & Med Spa - Mckinney,4987 W University Dr Ste 150,Mckinney,TX,75071,"4987 W University Dr Ste 150 Mckinney, TX 75071",(903) 989-3250,https://www.evexipel.com/hormone-replacement-therapy-provider/revive-primary-care-med-spa-mckinney-tx/,
Village Health Partners MMV,7300 Eldorado Parkway Ste 200,Mckinney,TX,75070,"7300 Eldorado Parkway Ste 200 Mckinney, TX 75070",(214) 833-6613,https://www.evexipel.com/hormone-replacement-therapy-provider/village-health-partners-mmv-mckinney-tx/,
"Amarillo Urology Associates, LLP",1900,"Medi Park Dr, Amarillo",TX,79106,"1900 Medi Park Dr, Amarillo, TX 79106",(806) 602-8121,https://www.evexipel.com/hormone-replacement-therapy-provider/amarillo-urology-associates-llp-amarillo-tx/,
Texas Hormonal Replacement Wellness,1650 Republic Pkwy Ste 140,Mesquite,TX,75150,"1650 Republic Pkwy Ste 140 Mesquite, TX 75150",(469) 290-3175,https://www.evexipel.com/hormone-replacement-therapy-provider/texas-hormonal-replacement-wellness-mesquite-tx/,
"Doll Aesthetics, LLC",3300 N A St Ste 107,Midland,TX,79705,"3300 N A St Ste 107 Midland, TX 79705",(432) 237-3947,https://www.evexipel.com/hormone-replacement-therapy-provider/doll-aesthetics-llc-midland-tx/,
Elite Family Practice,1900 W Wall St Ste,Midland,TX,79701,"1900 W Wall St Ste A Midland, TX 79701",(432) 300-6639,https://www.evexipel.com/hormone-replacement-therapy-provider/elite-family-practice-midland-tx/,
EnviouSkin Aesthetics,1028 Andrews Hwy STE,Midland,TX,79701,"1028 Andrews Hwy STE H Midland, TX 79701",(432) 237-4615,https://www.evexipel.com/hormone-replacement-therapy-provider/enviouskin-aesthetics-midland-tx/,
"P. Douglas Cochran, Md",15 Smith Road Suite 3004,Midland,TX,79705,"15 Smith Road Suite 3004 Midland, TX 79705",(432) 237-3604,https://www.evexipel.com/hormone-replacement-therapy-provider/p-douglas-cochran-md-midland-tx/,
Vitality Lifestyle & Wellness,5105 Sunmore Cr Ste,Midland,TX,79707,"5105 Sunmore Cr Ste A Midland, TX 79707",(432) 216-4707,https://www.evexipel.com/hormone-replacement-therapy-provider/vitality-lifestyle-wellness-midland-tx/,
"Wild Roots Wellness Center, PLLC",1030 Andrews Highway Ste 108,Midland,TX,79701,"1030 Andrews Highway Ste 108 Midland, TX 79701",(432) 287-5739,https://www.evexipel.com/hormone-replacement-therapy-provider/wild-roots-wellness-center-pllc-midland-tx/,
Frontline Health & Wellness,200 S 14th St Ste 110,Midlothian,TX,76065,"200 S 14th St Ste 110 Midlothian, TX 76065",(817) 587-9060,https://www.evexipel.com/hormone-replacement-therapy-provider/frontline-health-wellness-midlothian-tx/,
Four Points Wellness,108 SW 6th Ave,Mineral Wells,TX,76067,"108 SW 6th Ave Mineral Wells, TX 76067",(817) 631-1801,https://www.evexipel.com/hormone-replacement-therapy-provider/four-points-wellness-mineral-wells-tx/,
Aesthetics by Liz,2134 E Griffin Pkwy,Mission,TX,78572,"2134 E Griffin Pkwy Mission, TX 78572",(956) 305-0289,https://www.evexipel.com/hormone-replacement-therapy-provider/aesthetics-by-liz-mission-tx/,
Beautilase Med Spa,1500 S Bryan Rd,Mission,TX,78572,"1500 S Bryan Rd Mission, TX 78572",(956) 405-7277,https://www.evexipel.com/hormone-replacement-therapy-provider/beautilase-med-spa-mission-tx/,
Mission Doctor's Group,910 S. Bryan Rd. Suite 104,Mission,TX,78572,"910 S. Bryan Rd. Suite 104 Mission, TX 78572",(956) 277-9103,https://www.evexipel.com/hormone-replacement-therapy-provider/mission-doctors-group-mission-tx/,
Mission Family Clinic,1512 E Griffin Pkwy Ste,Mission,TX,78572,"1512 E Griffin Pkwy Ste 12A Mission, TX 78572",(956) 903-2245,https://www.evexipel.com/hormone-replacement-therapy-provider/mission-family-clinic-mission-tx/,
"Gretchen M Velasco, MD, PA",910 S. Bryan Rd Ste 204,Misson,TX,78572,"910 S. Bryan Rd  Ste 204 Misson, TX 78572",(956) 797-7534,https://www.evexipel.com/hormone-replacement-therapy-provider/gretchen-m-velasco-md-pa-mission-tx/,
Mont Belvieu Family Wellness,11316 Eagle Dr,Mont Belvieu,TX,77523,"11316 Eagle Dr Mont Belvieu, TX 77523",(936) 256-2434,https://www.evexipel.com/hormone-replacement-therapy-provider/mont-belvieu-family-wellness-mont-belvieu-tx/,
Advanced Hormone Therapy Of Montgomery,19782 Highway 105 W Ste 111,Montgomery,TX,77356,"19782 Highway 105 W Ste 111 Montgomery, TX 77356",(334) 409-6870,https://www.evexipel.com/hormone-replacement-therapy-provider/advanced-hormone-therapy-of-montgomery-tx/,
Simply Creative Aesthetics,920 Pine Market Ave Suite 100,Montgomery,TX,77316,"920 Pine Market Ave Suite 100 Montgomery, TX 77316",(936) 237-6599,https://www.evexipel.com/hormone-replacement-therapy-provider/simply-creative-aesthetics-montgomery-tx/,
Woodlands Medical (Montgomery),18001 TX 105 Suite 208,Montgomery,TX,77356,"18001 TX 105 Suite 208 Montgomery, TX 77356",(936) 273-9053,https://www.evexipel.com/hormone-replacement-therapy-provider/woodlands-medical-montgomery-tx/,
NEWU by Bello Med Spa,120 E 3rd street,Mount Pleasant,TX,75455,"120 E 3rd street Mount Pleasant, TX 75455",(817) 623-5361,https://www.evexipel.com/hormone-replacement-therapy-provider/newu-by-bello-med-spa-mt-pleasant-tx/,
Muenster Family Medical,134 S Mesquite St,Muenster,TX,76252,"134 S Mesquite St Muenster, TX 76252",(940) 736-9743,https://www.evexipel.com/hormone-replacement-therapy-provider/muenster-family-medical-muenster-tx/,
Cline Family Medicine (Nacogdoches),3900 NE Stallings Drive Ste 101,Nacogdoches,TX,75965,"3900 NE Stallings Drive Ste 101 Nacogdoches, TX 75965",(936) 209-7165,https://www.evexipel.com/hormone-replacement-therapy-provider/cline-family-medicine-nacogdoches-tx/,
MediSlim Nacogdoches,4415 North Street Suite 107,Nacogdoches,TX,75965,"4415 North Street Suite 107 Nacogdoches, TX 75965",(936) 301-1172,https://www.evexipel.com/hormone-replacement-therapy-provider/medislim-nacogdoches-tx/,
My MD Select,3618 N. University Dr.,Nacogdoches,TX,75965,"3618 N. University Dr. Nacogdoches, TX 75965",(936) 247-0565,https://www.evexipel.com/hormone-replacement-therapy-provider/my-md-select-nacogdoches-tx/,
Aesthetics of Central Texas,2115 Stephens Pl Ste 900,New Braunfels,TX,78130,"2115 Stephens Pl Ste 900 New Braunfels, TX 78130",(830) 271-3991,https://www.evexipel.com/hormone-replacement-therapy-provider/aesthetics-of-central-texas-san-marcos-tx/,
Glam House Aesthetics & Wellness,1108 W Coll St,New Braunfels,TX,78130,"1108 W Coll St New Braunfels, TX 78130",(830) 463-6954,https://www.evexipel.com/hormone-replacement-therapy-provider/glam-house-aesthetics-wellness-new-braunfels-tx/,
Neighborhood Wellness Clinic (New Braunf),1551 N Walnut Ave Suite 42,New Braunfels,TX,78130,"1551 N Walnut Ave Suite 42 New Braunfels, TX 78130",(830) 327-0153,https://www.evexipel.com/hormone-replacement-therapy-provider/neighborhood-wellness-clinic-new-braunf-new-braunfels-tx/,
Newman & Company,125 S Business IH 35,New Braunfels,TX,78130,"125 S Business IH 35 New Braunfels, TX 78130",(830) 498-0567,https://www.evexipel.com/hormone-replacement-therapy-provider/newman-company-new-braunfels-tx/,
Strive IV and Wellness,1260 River Acres Dr,New Braunfels,TX,78130,"1260 River Acres Dr New Braunfels, TX 78130",(830) 406-4799,https://www.evexipel.com/hormone-replacement-therapy-provider/strive-iv-and-wellness-new-braunfels-tx/,
Unique Health and Body,349 Creekside Way Ste 14,New Braunfels,TX,78130,"349 Creekside Way Ste 14 New Braunfels, TX 78130",(830) 402-4032,https://www.evexipel.com/hormone-replacement-therapy-provider/unique-health-and-body-new-braunfels-tx/,
"Dustin Pratt, Md",1001 Highway 83,North Childress,TX,79201,"1001 Highway 83 North Childress, TX 79201",(940) 461-7018,https://www.evexipel.com/hormone-replacement-therapy-provider/dustin-pratt-md-childress-tx/,
"Primary Care Simplified, Pllc",8376 Davis Blvd Ste 262,North Richland Hills,TX,76182,"8376 Davis Blvd Ste 262 North Richland Hills, TX 76182",(817) 482-0935,https://www.evexipel.com/hormone-replacement-therapy-provider/primary-care-simplified-pllc-north-richland-hills-tx/,
Rockport Wellness,1121 Hwy 35,North Rockport,TX,78382,"1121 Hwy 35 North Rockport, TX 78382",(361) 450-3807,https://www.evexipel.com/hormone-replacement-therapy-provider/rockport-wellness-rockport-tx/,
"OccuMed Kacee Dunavan, FNP",5000 E University Blvd Ste 6,Odessa,TX,79762,"5000 E University Blvd Ste 6 Odessa, TX 79762",(432) 249-3905,https://www.evexipel.com/hormone-replacement-therapy-provider/occumed-kacee-dunavan-fnp-odessa-tx/,
Pandeia,501 Bernice Ave,Odessa,TX,79763,"501 Bernice Ave Odessa, TX 79763",(432) 302-4725,https://www.evexipel.com/hormone-replacement-therapy-provider/pandeia-odessa-tx/,
Simply Gorgeous Aesthetics,5000 Ne Loop 338 Ste 108,Odessa,TX,79762,"5000 Ne Loop 338 Ste 108 Odessa, TX 79762",(432) 777-3203,https://www.evexipel.com/hormone-replacement-therapy-provider/simply-gorgeous-aesthetics-odessa-tx/,
Trinity Family Medicine,6100 Eastridge Rd.,Odessa,TX,79762,"6100 Eastridge Rd. Odessa, TX 79762",(432) 272-1072,https://www.evexipel.com/hormone-replacement-therapy-provider/trinity-family-medicine-odessa-tx/,
Vive Wellness and Medical Aesthetics,6005 Eastridge Rd Ste 255,Odessa,TX,79762,"6005 Eastridge Rd Ste 255 Odessa, TX 79762",(432) 614-9663,https://www.evexipel.com/hormone-replacement-therapy-provider/vive-wellness-and-medical-aesthetics-odessa-tx/,https://share.google/txIxJmglHIAVfK8wD
Bella Vita Health and Wellness,514 E Orange Ste,Orange Grove,TX,78372,"514 E Orange  Ste A Orange Grove, TX 78372",(361) 203-2345,https://www.evexipel.com/hormone-replacement-therapy-provider/bella-vita-health-and-wellness-orange-grove-tx/,
Family Care Clinic of Panhandle,102 E. HW 60,Panhandle,TX,79086,"102 E. HW 60 Panhandle, TX 79086",(806) 298-6205,https://www.evexipel.com/hormone-replacement-therapy-provider/family-care-clinic-of-panhandle-tx/,
Complete Care Clinic,2745 Ne Loop 286,Paris,TX,75460,"2745 Ne Loop 286 Paris, TX 75460",(430) 444-5231,https://www.evexipel.com/hormone-replacement-therapy-provider/complete-care-clinic-paris-tx/,
Regenesis Med Spa,1122 East Austin St.,Paris,TX,75460,"1122 East Austin St. Paris, TX 75460",(430) 444-5189,https://www.evexipel.com/hormone-replacement-therapy-provider/regenesis-med-spa-paris-tx/,
"Rejuvenation Laser Spa, LLC",5119 Fairmont Pkwy Suite,Pasadena,TX,77505,"5119 Fairmont Pkwy Suite A Pasadena, TX 77505",(346) 567-8346,https://www.evexipel.com/hormone-replacement-therapy-provider/rejuvenation-laser-spa-llc-pasadena-tx/,
Adi Medspa,11331 James Watt Dr Bldg 100,Paso,TX,79936,"11331 James Watt Dr Bldg 100 El Paso, TX 79936",(915) 465-9178,https://www.evexipel.com/hormone-replacement-therapy-provider/adi-medspa-el-paso-tx/,
Amare Wellness Center,5860 N Mesa St Ste 111,Paso,TX,79912,"5860 N Mesa St Ste 111 El Paso, TX 79912",(575) 619-7554,https://www.evexipel.com/hormone-replacement-therapy-provider/amare-wellness-center-el-paso-tx/,
Bio Drip Wellness & Longevity,935 Sunland Park Dr Ste 102,Paso,TX,79922,"935 Sunland Park Dr Ste 102 El Paso, TX 79922",(915) 221-8615,https://www.evexipel.com/hormone-replacement-therapy-provider/bio-drip-wellness-longevity-el-paso-tx/,
Cares Medical Clinic,3130 Lee Trevino Ste,Paso,TX,79936,"3130 Lee Trevino  Ste 114A El Paso, TX 79936",(915) 621-5863,https://www.evexipel.com/hormone-replacement-therapy-provider/cares-medical-clinic-el-paso-tx/,
Diabetes & Thyroid Metabolic Clinic,6955 N. Mesa St Ste. 108,Paso,TX,79912,"6955 N. Mesa St Ste. 108 El Paso, TX 79912",(915) 995-5620,https://www.evexipel.com/hormone-replacement-therapy-provider/diabetes-thyroid-metabolic-clinic-el-paso-tx/,
Dr. Galo Rodarte,400 E Robinson Ave Ste,Paso,TX,79902,"400 E Robinson Ave Ste A El Paso, TX 79902",(575) 448-9817,https://www.evexipel.com/hormone-replacement-therapy-provider/dr-galo-rodarte-el-paso-tx/,
"El Paso Wellness Associates, LLC",1600 N Lee Trevino DR St,Paso,TX,79936,"1600 N Lee Trevino DR  St A2 El Paso, TX 79936",(915) 233-6674,https://www.evexipel.com/hormone-replacement-therapy-provider/el-paso-wellness-associates-llc-el-paso-tx/,
Ep Preventive Care,154 North Festival Drive Ste.,Paso,TX,79912,"154 North Festival Drive Ste. A El Paso, TX 79912",(575) 448-9735,https://www.evexipel.com/hormone-replacement-therapy-provider/ep-preventive-care-el-paso-tx/,
GALMed Family Clinic,11125 La Quinta Pl Ste,Paso,TX,79936,"11125 La Quinta Pl Ste B El Paso, TX 79936",(915) 312-0275,https://www.evexipel.com/hormone-replacement-therapy-provider/galmed-family-clinic-el-paso-tx/,
Garcia Family Medicine,11355 Montwood Dr Ste,Paso,TX,79936,"11355 Montwood Dr Ste A El Paso, TX 79936",(915) 292-7883,https://www.evexipel.com/hormone-replacement-therapy-provider/garcia-family-medicine-el-paso-tx/,
Higher Level Skin & Beauty El Paso,9398 Viscount Blvd Bldg,Paso,TX,79925,"9398 Viscount Blvd Bldg 5A El Paso, TX 79925",(915) 223-6705,https://www.evexipel.com/hormone-replacement-therapy-provider/higher-level-skin-beauty-el-paso-tx/,
Injury Medical Clinic PA,11860 Vista Del Sol Dr,Paso,TX,79936,"11860 Vista Del Sol Dr El Paso, TX 79936",(575) 448-9542,https://www.evexipel.com/hormone-replacement-therapy-provider/injury-medical-clinic-pa-el-paso-tx/,https://share.google/I0VgdWayDcuQmSCOe
"Lauro I. Ortega, MD, PA",5915 Silver Springs Dr Bldg,Paso,TX,79912,"5915 Silver Springs Dr Bldg 6A El Paso, TX 79912",(915) 221-9240,https://www.evexipel.com/hormone-replacement-therapy-provider/lauro-i-ortega-md-pa-el-paso-tx/,
Northeast Family Clinic and Pediatrics,9740 Dyer St Ste 111,Paso,TX,79924,"9740 Dyer St Ste 111 El Paso, TX 79924",(915) 621-5043,https://www.evexipel.com/hormone-replacement-therapy-provider/northeast-family-clinic-and-pediatrics-el-paso-tx/,
Oasis Integrated Health Solutions,11206 Montwood Drive Ste 203,Paso,TX,79936,"11206 Montwood Drive Ste 203 El Paso, TX 79936",(915) 221-9508,https://www.evexipel.com/hormone-replacement-therapy-provider/oasis-integrated-health-solutions-el-paso-tx/,
Una Vida,7470 Cimarron Plaza Bldg 13; Ste 100,Paso,TX,79911,"7470 Cimarron Plaza Bldg 13; Ste 100 El Paso, TX 79911",(915) 233-6524,https://www.evexipel.com/hormone-replacement-therapy-provider/una-vida-el-paso-tx/,
Xavier Munoz,7812 Gateway East Blvd Ste 230,Paso,TX,79915,"7812 Gateway East Blvd Ste 230 El Paso, TX 79915",(915) 615-3183,https://www.evexipel.com/hormone-replacement-therapy-provider/xavier-munoz-el-paso-tx/,
CC Wellness And Aesthetics,2640 East Broadway suite 107,Pearland,TX,77581,"2640 East Broadway suite 107 Pearland, TX 77581",(346) 215-1385,https://www.evexipel.com/hormone-replacement-therapy-provider/cc-wellness-and-aesthetics-pearland-tx/,
Blasthetics,2309 S Cedar St,Perryton,TX,79070,"2309 S Cedar St Perryton, TX 79070",(806) 216-6670,https://www.evexipel.com/hormone-replacement-therapy-provider/blasthetics-perryton-tx/,
LuxeMe Aesthetics,701 FM 685 Ste 520,Pflugerville,TX,78660,"701 FM 685 Ste 520 Pflugerville, TX 78660",(737) 259-4512,https://www.evexipel.com/hormone-replacement-therapy-provider/luxeme-aesthetics-pflugerville-tx/,
Magic Valley Medical Care Clinic & MedSpa,306 West Park Ave,Pharr,TX,78577,"306 West Park Ave Pharr, TX 78577",(956) 269-9466,https://www.evexipel.com/hormone-replacement-therapy-provider/magic-valley-medical-care-clinic-medspa-pharr-tx/,
Optimum Womens Health Rio Grande Valley,1106 W Sam Houston Blvd,Pharr,TX,78577,"1106 W Sam Houston Blvd Pharr, TX 78577",(956) 300-2109,https://www.evexipel.com/hormone-replacement-therapy-provider/optimum-womens-health-rio-grande-valley-pharr-tx/,
Medical Associates of Pilot Point,1235 S Highway 377 Ste,Pilot Point,TX,76258,"1235 S Highway 377 Ste A Pilot Point, TX 76258",(903) 551-7155,https://www.evexipel.com/hormone-replacement-therapy-provider/medical-associates-of-pilot-point-tx/,
Aesthetic Collective - Plano,7800 Dallas Pkwy Ste 100,Plano,TX,75024,"7800 Dallas Pkwy Ste 100 Plano, TX 75024",(940) 326-4789,https://www.evexipel.com/hormone-replacement-therapy-provider/aesthetic-collective-plano-tx/,
B Well Med Spa,6300 Stonewood Dr Ste 110,Plano,TX,75024,"6300 Stonewood Dr Ste 110 Plano, TX 75024",(972) 519-1600,https://www.evexipel.com/hormone-replacement-therapy-provider/b-well-med-spa-plano-tx/,
Bates Wellness Center,6300 Stonewood Dr Ste 302,Plano,TX,75024,"6300 Stonewood Dr Ste 302 Plano, TX 75024",(972) 943-8597,https://www.evexipel.com/hormone-replacement-therapy-provider/bates-wellness-center-plano-tx/,
Elase MedSpa Plano,7501 Lone Star Drive,Plano,TX,75024,"7501 Lone Star Drive B140 Plano, TX 75024",(940) 240-3253,https://www.evexipel.com/hormone-replacement-therapy-provider/elase-medspa-plano-tx/,
Genesis Health & Wellness Center,3415 Custer Road Suite 116,Plano,TX,75023,"3415 Custer Road Suite 116 Plano, TX 75023",(940) 326-5442,https://www.evexipel.com/hormone-replacement-therapy-provider/genesis-health-wellness-center-plano-tx/,
Healing Hands Holistic Health,3028 Communications Parkway Ste 200,Plano,TX,75093,"3028 Communications Parkway Ste 200 Plano, TX 75093",(214) 751-7746,https://www.evexipel.com/hormone-replacement-therapy-provider/healing-hands-holistic-health-plano-tx/,
KTK2 Wellness,700 E Park Blvd STE 206,Plano,TX,75074-5472,"700 E Park Blvd  STE 206 Plano , TX  75074-5472",(469) 529-7393,https://www.evexipel.com/hormone-replacement-therapy-provider/ktk2-wellness-plano-tx/,
Northlake Obstetrics & Gynecology Plano,6124 West Parker Road Bldg. 3-Suite 136,Plano,TX,75093,"6124 West Parker Road Bldg. 3-Suite 136 Plano, TX 75093",(817) 796-9043,https://www.evexipel.com/hormone-replacement-therapy-provider/northlake-obstetrics-gynecology-plano-tx/,
Plano Womens Healthcare - Feltman,1600 Coit Road Ste 202,Plano,TX,75075,"1600 Coit Road Ste 202 Plano, TX 75075",(972) 596-2470,https://www.evexipel.com/hormone-replacement-therapy-provider/plano-womens-healthcare-feltman-plano-tx/,
Plano Womens Healthcare DaVolio,1600 Coit Road Ste 202,Plano,TX,75075,"1600 Coit Road Ste 202 Plano, TX 75075",(972) 596-2470,https://www.evexipel.com/hormone-replacement-therapy-provider/plano-womens-healthcare-davolio-plano-tx/,
Plano Womens Healthcare Jacobs,1600 Coit Rd Ste 202,Plano,TX,75075,"1600 Coit Rd Ste 202 Plano, TX 75075",(972) 596-2470,https://www.evexipel.com/hormone-replacement-therapy-provider/plano-womens-healthcare-jacobs-plano-tx/,
Plano Womens Healthcare Li,1600 Coit Road Ste 202,Plano,TX,75075,"1600 Coit Road Ste 202 Plano, TX 75075",(972) 596-2470,https://www.evexipel.com/hormone-replacement-therapy-provider/plano-womens-healthcare-li-plano-tx/,
Plano Womens Healthcare Lopez,1600 Coit Road Ste 202,Plano,TX,75075,"1600 Coit Road Ste 202 Plano, TX 75075",(972) 596-2470,https://www.evexipel.com/hormone-replacement-therapy-provider/plano-womens-healthcare-lopez-plano-tx/,
Plano Womens Healthcare Means,1600 Coit Road Ste 202,Plano,TX,75075,"1600 Coit Road Ste 202 Plano, TX 75075",(972) 596-2470,https://www.evexipel.com/hormone-replacement-therapy-provider/plano-womens-healthcare-means-plano-tx/,
Plano Womens Healthcare Mos,1600 Coit Rd Ste 202,Plano,TX,75075,"1600 Coit Rd Ste 202 Plano, TX 75075",(972) 596-6526,https://www.evexipel.com/hormone-replacement-therapy-provider/plano-womens-healthcare-mos-plano-tx/,
Southwest Pain Management,6957 W Plano Pkwy Ste 2100,Plano,TX,75093,"6957 W Plano Pkwy Ste 2100 Plano, TX 75093",(214) 989-3912,https://www.evexipel.com/hormone-replacement-therapy-provider/southwest-pain-management-plano-tx/,
TruGevity Health and Wellness,6853 Coit Rd Ste 100,Plano,TX,75024,"6853 Coit Rd Ste 100 Plano, TX 75024",(972) 402-6327,https://www.evexipel.com/hormone-replacement-therapy-provider/trugevity-health-and-wellness-plano-tx/,
Village Health Partners - WPMV,5655 West Spring Creek Parkway Ste 200,Plano,TX,75024,"5655 West Spring Creek Parkway Ste 200 Plano, TX 75024",(972) 382-5689,https://www.evexipel.com/hormone-replacement-therapy-provider/village-health-partners-wpmv-plano-tx/,
Village Health Partners IMV,8080 Independence Parkway Ste. 200,Plano,TX,75025,"8080 Independence Parkway Ste. 200 Plano, TX 75025",(972) 947-9923,https://www.evexipel.com/hormone-replacement-therapy-provider/village-health-partners-imv-plano-tx/,
BSZ Medical,1746 W. Goodwin St.,Pleasanton,TX,78064,"1746 W. Goodwin St. Pleasanton, TX 78064",(830) 532-8582,https://www.evexipel.com/hormone-replacement-therapy-provider/bsz-medical-pleasanton-tx/,
Restore + Revive,2501 Jimmy Johnson Blvd Ste 302,Port Arthur,TX,77640,"2501 Jimmy Johnson Blvd Ste 302 Port Arthur, TX 77640",(409) 245-5365,https://www.evexipel.com/hormone-replacement-therapy-provider/restore-revive-port-arthur-tx/,
Grayce Hudson Aesthetics & Wellness,402 Broadway Street,Port Lavaca,TX,77979,"402 Broadway Street Port Lavaca, TX 77979",(361) 314-7087,https://www.evexipel.com/hormone-replacement-therapy-provider/grayce-hudson-aesthetics-wellness-port-lavaca-tx/,
Skin Essentials Luxury Spa,10122 N L ST,Porte,TX,77571,"10122 N L ST La Porte, TX 77571",(281) 501-6140,https://www.evexipel.com/hormone-replacement-therapy-provider/skin-essentials-luxury-spa-la-porte-tx/,
Lotus Med Spa,1630 W. Prosper Trail Suite 540,Prosper,TX,75078,"1630 W. Prosper Trail Suite 540 Prosper, TX 75078",(361) 203-5868,https://www.evexipel.com/hormone-replacement-therapy-provider/lotus-med-spa-prosper-tx/,
Advanced Hormone Management,3201 E President George Bush Hwy Ste 107,Richardson,TX,75082,"3201 E President George Bush Hwy Ste 107 Richardson, TX 75082",(972) 787-2270,https://www.evexipel.com/hormone-replacement-therapy-provider/advanced-hormone-management-richardson-tx/,
"Comfort Procedures, PLLC",3013 E Renner Rd Ste 120,Richardson,TX,75082,"3013 E Renner Rd Ste 120 Richardson, TX 75082",(940) 290-8251,https://www.evexipel.com/hormone-replacement-therapy-provider/comfort-procedures-pllc-richardson-tx/,
Sinang Medical and Associates,3634 Glenn Lakes Ln Ste 200,Richmond,TX,77459,"3634 Glenn Lakes Ln Ste 200 Richmond, TX 77459",(281) 984-6844,https://www.evexipel.com/hormone-replacement-therapy-provider/sinang-medical-and-associates-missouri-city-tx/,
Trinity Integrative Health Solutions,735 Plantation Dr. Ste 304,Richmond,TX,77406,"735 Plantation Dr. Ste 304 Richmond, TX 77406",(936) 282-5765,https://www.evexipel.com/hormone-replacement-therapy-provider/trinity-integrative-health-solutions-richmond-tx/,
D Oro Wellness & Medical Aesthetics,2790 Pharmacy Rd Ste,Rio Grande City,TX,78582,"2790 Pharmacy Rd Ste B Rio Grande City, TX 78582",(956) 303-8998,https://www.evexipel.com/hormone-replacement-therapy-provider/d-oro-wellness-medical-aesthetics-rio-grande-city-tx/,https://www.google.com/search?client=safari&rls=en&q=d+oro+wellness+%26+medical+aesthetics&ie=UTF-8&oe=UTF-8&sei=Wjc0afOKLamnmtkP58mLiQk&dlnr=1
We Care Clinic - Qasim,1011 Roberts Cut-Off Rd,River Oaks,TX,76114,"1011 Roberts Cut-Off Rd River Oaks, TX 76114",(817) 934-4379,https://www.evexipel.com/hormone-replacement-therapy-provider/we-care-clinic-qasim-fort-worth-tx/,
Cornerstone Health & Wellbeing,351 W Byron Nelson Blvd Ste 110,Roanoke,TX,76262,"351 W Byron Nelson Blvd Ste 110 Roanoke, TX 76262",(817) 672-9314,https://www.evexipel.com/hormone-replacement-therapy-provider/cornerstone-health-wellbeing-roanoke-tx/,
Texas Family Wellness Clinic - Robstown,15406 Northwest Blvd Ste,Robstown,TX,78380,"15406 Northwest Blvd Ste B Robstown, TX 78380",(361) 315-7022,https://www.evexipel.com/hormone-replacement-therapy-provider/texas-family-wellness-clinic-robstown-tx/,
CR Wellness,602 N Main St Ste,Rockdale,TX,76567,"602 N Main St Ste D Rockdale, TX 76567",(737) 225-6531,https://www.evexipel.com/hormone-replacement-therapy-provider/cr-wellness-rockdale-tx/,
Rockport Physical Medicine Pa,2011 Highway 35 N,Rockport,TX,78382,"2011 Highway 35 N Rockport, TX 78382",(361) 203-5297,https://www.evexipel.com/hormone-replacement-therapy-provider/rockport-physical-medicine-pa-rockport-tx/,
BeSpoke Health and Beauty,5713 Horizon Rd,Rockwall,TX,75032,"5713 Horizon Rd Rockwall, TX 75032",(682) 732-7711,https://www.evexipel.com/hormone-replacement-therapy-provider/bespoke-health-and-beauty-rockwall-tx/,
Bella Skin & Wellness Clinic,6800 Heritage Pkwy Ste 102,Rockwall,TX,75087,"6800 Heritage Pkwy Ste 102 Rockwall, TX 75087",(469) 769-5837,https://www.evexipel.com/hormone-replacement-therapy-provider/bella-skin-wellness-clinic-rockwall-tx/,
Evexias Medical Centers - Rockwall,1207 Arista Dr Suite 103,Rockwall,TX,75032,"1207 Arista Dr Suite 103 Rockwall, TX 75032",(817) 242-9104,https://www.evexipel.com/hormone-replacement-therapy-provider/evexias-medical-centers-rockwall-tx/,
Living Springs Natural Health,251 Harker Trail,Rockwall,TX,75087,"251 Harker Trail Rockwall, TX 75087",(469) 769-5844,https://www.evexipel.com/hormone-replacement-therapy-provider/living-springs-natural-health-rockwall-tx/,
Metroplex Women's Health Care,1020 West Ralph Hall Parkway Suite 101,Rockwall,TX,75032,"1020 West Ralph Hall Parkway Suite 101 Rockwall, TX 75032",(972) 789-4163,https://www.evexipel.com/hormone-replacement-therapy-provider/metroplex-womens-health-care-rockwall-tx/,
Round Rock Obgyn,1490 Rusk Road Ste 202,Round Rock,TX,78665,"1490 Rusk Road Ste 202 Round Rock, TX 78665",(737) 234-8221,https://www.evexipel.com/hormone-replacement-therapy-provider/round-rock-obgyn-round-rock-tx/,
Cline Family Medicine (Rusk),1400 N Dickinson Dr,Rusk,TX,75785,"1400 N Dickinson Dr Rusk, TX 75785",(903) 205-9320,https://www.evexipel.com/hormone-replacement-therapy-provider/cline-family-medicine-rusk-tx/,
Wellness Code - Sachse,7900 Woodbridge Pkwy Ste 130,Sachse,TX,75048,"7900 Woodbridge Pkwy Ste 130 Sachse, TX 75048",(469) 402-9917,https://www.evexipel.com/hormone-replacement-therapy-provider/wellness-code-sachse-tx/,
MARS Wellness,3224 College Hills Blvd. Silo Salon Room 13,San Angelo,TX,76904,"3224 College Hills Blvd. Silo Salon Room 13 San Angelo, TX 76904",(325) 442-5241,https://www.evexipel.com/hormone-replacement-therapy-provider/mars-wellness-san-angelo-tx/,
Skin Bliss Beauty Bar San Angelo,12 E. Twohig Ave,San Angelo,TX,76903,"12 E. Twohig Ave #200 San Angelo, TX 76903",(719) 623-5126,https://www.evexipel.com/hormone-replacement-therapy-provider/skin-bliss-beauty-bar-san-angelo-tx/,
Wiseman Family - San Angelo,115 S Randolph St Ste 101,San Angelo,TX,76903,"115 S Randolph St Ste 101 San Angelo, TX 76903",(325) 617-4583,https://www.evexipel.com/hormone-replacement-therapy-provider/wiseman-family-san-angelo-tx/,
Advanced Wellness Clinic,4242 Medical Dr Ste 6100,San Antonio,TX,78229,"4242 Medical Dr Ste 6100 San Antonio, TX 78229",(210) 796-2376,https://www.evexipel.com/hormone-replacement-therapy-provider/advanced-wellness-clinic-san-antonio-tx/,
Alamo Ranch Integrative Medicine,11345 Alamo Ranch Pkwy Ste 103,San Antonio,TX,78253,"11345 Alamo Ranch Pkwy Ste 103 San Antonio, TX 78253",(726) 227-0150,https://www.evexipel.com/hormone-replacement-therapy-provider/alamo-ranch-integrative-medicine-san-antonio-tx/,
"Amore Life Healthcare, PLLC",8006 West Ave Ste 1,San Antonio,TX,78213,"8006 West Ave Ste 1 San Antonio, TX 78213",(210) 972-2921,https://www.evexipel.com/hormone-replacement-therapy-provider/amore-life-healthcare-pllc-san-antonio-tx/,
Arijai Aesthetics,250 E. Basse Road Suite 205,San Antonio,TX,78209,"250 E. Basse Road Suite 205 San Antonio, TX 78209",(952) 260-8749,https://www.evexipel.com/hormone-replacement-therapy-provider/arijai-aesthetics-san-antonio-tx/,
Believe Aesthetics,1407 W. Bitters Suite 103,San Antonio,TX,78248,"1407 W. Bitters Suite 103 San Antonio, TX 78248",(726) 216-2579,https://www.evexipel.com/hormone-replacement-therapy-provider/believe-aesthetics-san-antonio-tx/,
Comprehensive Primary Care,22250 Bulverde Rd Ste 111,San Antonio,TX,78261,"22250 Bulverde Rd Ste 111 San Antonio, TX 78261",(726) 237-4890,https://www.evexipel.com/hormone-replacement-therapy-provider/comprehensive-primary-care-san-antonio-tx/,
Cool Med Integrative Medicine,525 Oak Centre Dr Suite 230,San Antonio,TX,78258,"525 Oak Centre Dr Suite 230 San Antonio, TX 78258",(830) 227-2094,https://www.evexipel.com/hormone-replacement-therapy-provider/cool-med-integrative-medicine-san-antonio-tx/,
Crown Health & Wellness,4499 Medical Dr Ste 250,San Antonio,TX,78229,"4499 Medical Dr Ste 250 San Antonio, TX 78229",(210) 934-9168,https://www.evexipel.com/hormone-replacement-therapy-provider/crown-health-wellness-san-antonio-tx/,
Evolve Texas Medical Group,20627 Huebner Rd Suite 101,San Antonio,TX,78258,"20627 Huebner Rd  Suite 101 San Antonio, TX 78258",(726) 201-0848,https://www.evexipel.com/hormone-replacement-therapy-provider/evolve-texas-medical-group-san-antonio-tx/,
Glow Up at Dawn,4241 Woodcock Drive Suite,San Antonio,TX,78228,"4241 Woodcock Drive Suite C110 San Antonio, TX 78228",(830) 538-0502,https://www.evexipel.com/hormone-replacement-therapy-provider/glow-up-at-dawn-san-antonio-tx/,
Heart Healthy Family Practice,1840 Lockhill Selma Road Suite 101,San Antonio,TX,78213,"1840 Lockhill Selma Road Suite 101 San Antonio, TX 78213",(726) 227-2568,https://www.evexipel.com/hormone-replacement-therapy-provider/heart-healthy-family-practice-san-antonio-tx/,
Institute for Functional Health,1602 McCullough Ave,San Antonio,TX,78212,"1602 McCullough Ave San Antonio, TX 78212",(726) 227-4870,https://www.evexipel.com/hormone-replacement-therapy-provider/institute-for-functional-health-san-antonio-tx/,
Jovem,23535 W Interstate 10 Frontage Road,San Antonio,TX,78257,"23535 W Interstate 10 Frontage Road #3003 San Antonio, TX 78257",(726) 232-1078,https://www.evexipel.com/hormone-replacement-therapy-provider/jovem-san-antonio-tx/,
"Leon Springs Family Practice, PA",24165 W Interstate 10 Ste 118,San Antonio,TX,78257,"24165 W Interstate 10 Ste 118 San Antonio, TX 78257",(210) 972-7160,https://www.evexipel.com/hormone-replacement-therapy-provider/leon-springs-family-practice-pa-san-antonio-tx/,
Marcos Med Aesthetics & Wellness,503 Med Ct ste 102,San Antonio,TX,78258,"503 Med Ct ste 102 San Antonio, TX 78258",(210) 256-9053,https://www.evexipel.com/hormone-replacement-therapy-provider/marcos-med-aesthetics-wellness-san-antonio-tx/,
Med Spa Bar + Wellness Center,3126 N St Mary's St suite 201,San Antonio,TX,78212,"3126 N St Mary's St suite 201  San Antonio, TX 78212",(726) 200-5262,https://www.evexipel.com/hormone-replacement-therapy-provider/med-spa-bar-wellness-center-san-antonio-tx/,
My Personal Physician,903 Austin Hwy,San Antonio,TX,78209,"903 Austin Hwy San Antonio, TX 78209",(830) 402-4911,https://www.evexipel.com/hormone-replacement-therapy-provider/my-personal-physician-san-antonio-tx/,
Neera Bhatia MD PA,1303 McCullough Avenue Suite 237,San Antonio,TX,78212,"1303 McCullough Avenue Suite 237 San Antonio, TX 78212",(210) 222-2694,https://www.evexipel.com/hormone-replacement-therapy-provider/neera-bhatia-md-pa-san-antonio-tx/,
New Era Wellness Center,1205 N Loop 1604 W Ste 225,San Antonio,TX,78258,"1205 N Loop 1604 W Ste 225 San Antonio, TX 78258",(726) 227-1582,https://www.evexipel.com/hormone-replacement-therapy-provider/new-era-wellness-center-san-antonio-tx/,
Radiance MedSpa,1624 Lockhill Selma Road,San Antonio,TX,78213,"1624 Lockhill Selma Road San Antonio, TX 78213",(726) 227-1765,https://www.evexipel.com/hormone-replacement-therapy-provider/radiance-medspa-san-antonio-tx/,
Restore Primary Care and Wellness,8414 Fountain Circle,San Antonio,TX,78229,"8414 Fountain Circle San Antonio, TX 78229",(210) 879-6887,https://www.evexipel.com/hormone-replacement-therapy-provider/restore-primary-care-and-wellness-san-antonio-tx/,
Revify Med Spa,20658 Stone Oak Pkwy Ste 108,San Antonio,TX,78258,"20658 Stone Oak Pkwy Ste 108 San Antonio, TX 78258",(210) 941-2932,https://www.evexipel.com/hormone-replacement-therapy-provider/revify-med-spa-san-antonio-tx/,
San Antonio Family Physicians,5230 Rogers Rd Bldg 2,San Antonio,TX,78251,"5230 Rogers Rd Bldg 2 San Antonio, TX 78251",(726) 232-5454,https://www.evexipel.com/hormone-replacement-therapy-provider/san-antonio-family-physicians-san-antonio-tx/,
San Antonio Med Spa,22015 W I-10 Ste 204,San Antonio,TX,78257,"22015 W I-10 Ste 204 San Antonio, TX 78257",(830) 357-7513,https://www.evexipel.com/hormone-replacement-therapy-provider/san-antonio-med-spa-san-antonio-tx/,
Seger MD Wellness & Weight Management,8038 Wurzbach Road Suite 250,San Antonio,TX,78229,"8038 Wurzbach Road Suite 250 San Antonio, TX 78229",(830) 355-3139,https://www.evexipel.com/hormone-replacement-therapy-provider/seger-md-wellness-weight-management-san-antonio-tx/,
Texas Oaks Skin & Wellness,8299 Fredericksburg Rd,San Antonio,TX,78229,"8299 Fredericksburg Rd San Antonio, TX 78229",(830) 355-0387,https://www.evexipel.com/hormone-replacement-therapy-provider/texas-oaks-skin-wellness-san-antonio-tx/,
Turquoise Springs Medical Spa,14800 San Pedro Ave Ste 202,San Antonio,TX,78232,"14800 San Pedro Ave Ste 202 San Antonio, TX 78232",(830) 402-6965,https://www.evexipel.com/hormone-replacement-therapy-provider/turquoise-springs-medical-spa-san-antonio-tx/,
XIA Aesthetics & Wellness,17000 San Pedro Ave Ste 1101,San Antonio,TX,78232,"17000 San Pedro Ave Ste 1101 San Antonio, TX 78232",(726) 227-3212,https://www.evexipel.com/hormone-replacement-therapy-provider/xia-aesthetics-wellness-san-antonio-tx/,
Rich Medical Aesthetics,4517,Santa Rosa Midland,TX,79707,"4517 Santa Rosa Midland, TX 79707",(432) 535-0521,https://www.evexipel.com/hormone-replacement-therapy-provider/rich-medical-aesthetics-midland-tx/,
Glam House Aesthetics TX,"1996 Schertz Parkway, Suite 301",Schertz,TX,78154,"1996 Schertz Parkway, Suite 301 Schertz, TX 78154",(726) 227-4248,https://www.evexipel.com/hormone-replacement-therapy-provider/glam-house-aesthetics-tx-schertz-tx/,
Neighborhood Wellness Clinic (Schertz),6051 Fm 3009 Ste 255,Schertz,TX,78154,"6051 Fm 3009 Ste 255 Schertz, TX 78154",(210) 791-0239,https://www.evexipel.com/hormone-replacement-therapy-provider/neighborhood-wellness-clinic-schertz-tx/,
Passion Health Primary Care Seven Points,606 S. Seven Points Dr. Ste 9,Seven Points,TX,75143,"606 S. Seven Points Dr. Ste 9 Seven Points, TX 75143",(903) 418-4780,https://www.evexipel.com/hormone-replacement-therapy-provider/passion-health-primary-care-seven-points-tx/,
"Sleek Laser & Skin Center, INC",260 Ed English Drive Ste,Shenandoah,TX,77385,"260 Ed English Drive Ste D Shenandoah, TX 77385",(281) 576-8989,https://www.evexipel.com/hormone-replacement-therapy-provider/sleek-laser-skin-center-inc-shenandoah-tx/,
Advance Medical Group,2416 Swamy Dr,Sherman,TX,75090,"2416 Swamy Dr #110 Sherman, TX 75090",(903) 476-6702,https://www.evexipel.com/hormone-replacement-therapy-provider/advance-medical-group-sherman-tx/,
Allure Laser & Medical Spa,240 E Evergreen St,Sherman,TX,75090,"240 E Evergreen St Sherman, TX 75090",(903) 957-3409,https://www.evexipel.com/hormone-replacement-therapy-provider/allure-laser-medical-spa-sherman-tx/,
Full Life MedSpa,600 East Taylor St. Ste 201,Sherman,TX,75090,"600 East Taylor St. Ste 201 Sherman, TX 75090",(903) 403-2054,https://www.evexipel.com/hormone-replacement-therapy-provider/full-life-medspa-sherman-tx/,
"Select Wellness - Deborah Fisher, MD, PA",3401 N Calais Dr,Sherman,TX,75090,"3401 N Calais Dr Sherman, TX 75090",(903) 487-4549,https://www.evexipel.com/hormone-replacement-therapy-provider/select-wellness-deborah-fisher-md-pa-sherman-tx/,
Snyder Family Healthcare,1912 6th St.,Snyder,TX,79549,"1912 6th St. Snyder, TX 79549",(325) 309-5780,https://www.evexipel.com/hormone-replacement-therapy-provider/snyder-family-healthcare-snyder-tx/,
Iglesias Family Medicine,9895 Alameda Avenue Ste 118,Socorro,TX,79927,"9895 Alameda Avenue Ste 118 Socorro, TX 79927",(915) 223-2902,https://www.evexipel.com/hormone-replacement-therapy-provider/iglesias-family-medicine-el-paso-tx/,
McCamey County Hospital Rural Hlth Clinic,2500 Hwy 305,South McCamey,TX,79752,"2500 Hwy 305 South McCamey, TX 79752",(432) 389-0769,https://www.evexipel.com/hormone-replacement-therapy-provider/mccamey-county-hospital-rural-hlth-clinic-mccamey-tx/,
Evexias Medical Centers - Southlake,920 S Kimball Ave Suite 140,Southlake,TX,76092,"920 S Kimball Ave Suite 140 Southlake, TX 76092",(469) 769-5451,https://www.evexipel.com/hormone-replacement-therapy-provider/evexias-medical-centers-southlake-tx/,
Feel Ideal 360,660 W Southlake Blvd Ste 100,Southlake,TX,76092,"660 W Southlake Blvd Ste 100 Southlake, TX 76092",(972) 656-1200,https://www.evexipel.com/hormone-replacement-therapy-provider/feel-ideal-360-southlake-tx/,
Sedo Laser,750 N Carroll Ave,Southlake,TX,76092,"750 N Carroll Ave Southlake, TX 76092",(817) 934-4293,https://www.evexipel.com/hormone-replacement-therapy-provider/sedo-laser-southlake-tx/,
Southlake Physical Medicine,1500 W Southlake Blvd Ste 120,Southlake,TX,76092,"1500 W Southlake Blvd Ste 120 Southlake, TX 76092",(817) 934-4388,https://www.evexipel.com/hormone-replacement-therapy-provider/southlake-physical-medicine-southlake-tx/,
Timarron Family Medicine Pa,200 Pecan Creek Dr.,Southlake,TX,76092,"200 Pecan Creek Dr. Southlake, TX 76092",(817) 518-3655,https://www.evexipel.com/hormone-replacement-therapy-provider/timarron-family-medicine-pa-southlake-tx/,
"BCARED4LIFE Health and Wellness, LLC",5037b Fm 2920 Rd,Spring,TX,77388,"5037b Fm 2920 Rd Spring, TX 77388",(346) 423-4796,https://www.evexipel.com/hormone-replacement-therapy-provider/bcared4life-health-and-wellness-llc-spring-tx/,
"Balanced Body and Wellness, PLLC",2530 Old Louetta Loop Suite 110,Spring,TX,77388,"2530 Old Louetta Loop Suite 110 Spring, TX 77388",(346) 258-7474,https://www.evexipel.com/hormone-replacement-therapy-provider/balanced-body-and-wellness-pllc-spring-tx/,https://share.google/QBi6hMvMRcDxgC9aZ
Elite Medical Skin & Laser Center,25501 Richards Rd Ste 102,Spring,TX,77386,"25501 Richards Rd Ste 102 Spring, TX 77386",(281) 801-9779,https://www.evexipel.com/hormone-replacement-therapy-provider/elite-medical-skin-laser-center-spring-tx/,
"Foundation Healthcare, PLLC",7109 Fm 2920 Rd Ste 600,Spring,TX,77379,"7109 Fm 2920 Rd Ste 600 Spring, TX 77379",(936) 297-5950,https://www.evexipel.com/hormone-replacement-therapy-provider/foundation-healthcare-pllc-spring-tx/,
Harmony Aesthetics,3466 Discovery Creek Blvd Suite 600,Spring,TX,77386,"3466 Discovery Creek Blvd Suite 600 Spring, TX 77386",(832) 551-1800,https://www.evexipel.com/hormone-replacement-therapy-provider/harmony-aesthetics-spring-tx/,
New Wave Physicians Group,5220 Fm 2920 Rd Ste 110,Spring,TX,77388,"5220 Fm 2920 Rd Ste 110 Spring, TX 77388",(936) 202-3312,https://www.evexipel.com/hormone-replacement-therapy-provider/new-wave-physicians-group-spring-tx/,
Spine Rehab Affiliates-Spring,19510 Kuykendahl Road Ste,Spring,TX,77379,"19510 Kuykendahl Road Ste A Spring, TX 77379",(346) 273-2238,https://www.evexipel.com/hormone-replacement-therapy-provider/spine-rehab-affiliates-spring-tx/,
Perfect You Health & Wellness,3727 Greenbriar Dr Ste 115,Stafford,TX,77477,"3727 Greenbriar Dr Ste 115 Stafford, TX 77477",(346) 375-5077,https://www.evexipel.com/hormone-replacement-therapy-provider/perfect-you-health-wellness-stafford-tx/,
Eddie L Cerday MD,14019 Southwest Fwy Ste 201,Sugar Land,TX,77478,"14019 Southwest Fwy Ste 201 Sugar Land, TX 77478",(281) 801-4715,https://www.evexipel.com/hormone-replacement-therapy-provider/eddie-l-cerday-md-katy-tx/,
Elite Doc Health and Beauty,4665 Sweetwater Blvd Ste 200,Sugar Land,TX,77479,"4665 Sweetwater Blvd Ste 200 Sugar Land, TX 77479",(979) 398-3899,https://www.evexipel.com/hormone-replacement-therapy-provider/elite-doc-health-and-beauty-sugar-land-tx/,
Renew Wellness Center - Sugar Land,210 Century Square Blvd Ste 100,Sugar Land,TX,77478,"210 Century Square Blvd Ste 100 Sugar Land, TX 77478",(346) 279-0731,https://www.evexipel.com/hormone-replacement-therapy-provider/renew-wellness-center-sugar-land-tx/,
Dusty Rhoades,601 Airport Rd STE 150,Sulphur Springs,TX,75482,"601 Airport Rd STE 150 Sulphur Springs, TX 75482",(903) 400-4988,https://www.evexipel.com/hormone-replacement-therapy-provider/dusty-rhoades-sulphur-springs-tx/,
Pierce Md (Sulpher Springs),1240 E Shannon Rd Ste. 100,Sulphur Springs,TX,75482,"1240 E Shannon Rd Ste. 100 Sulphur Springs, TX 75482",(903) 225-8251,https://www.evexipel.com/hormone-replacement-therapy-provider/pierce-md-sulpher-springs-sulphur-springs-tx/,
Tiffany Gebel MD PA,601 Airport Rd Suite 170,Sulphur Springs,TX,75482,"601 Airport Rd Suite 170 Sulphur Springs, TX 75482",(903) 827-5316,https://www.evexipel.com/hormone-replacement-therapy-provider/tiffany-gebel-md-pa-sulphur-springs-tx/,
Wellness Code - Sunnyvale,3501 N Belt Line Rd Ste 105,Sunnyvale,TX,75182,"3501 N Belt Line Rd Ste 105 Sunnyvale, TX 75182",(972) 846-0773,https://www.evexipel.com/hormone-replacement-therapy-provider/wellness-code-sunnyvale-tx/,
Sweetwater Family Clinic,1500 Lamar St,Sweetwater,TX,79556,"1500 Lamar St Sweetwater, TX 79556",(325) 335-1444,https://www.evexipel.com/hormone-replacement-therapy-provider/sweetwater-family-clinic-sweetwater-tx/,
Sparta Wellness Clinic,2990,TX-66 Caddo Mills,TX,75135,"2990 TX-66 Caddo Mills, TX 75135",(972) 764-8367,https://www.evexipel.com/hormone-replacement-therapy-provider/sparta-wellness-clinic-caddo-mills-tx/,
Fowler Medical Group,213 Paloma Dr,Temple,TX,76502,"213 Paloma Dr Temple, TX 76502",(254) 295-0732,https://www.evexipel.com/hormone-replacement-therapy-provider/fowler-medical-group-temple-tx/,
Exceed Health Clinic,3725 Mall Ln,Texarkana,TX,75501,"3725 Mall Ln Texarkana, TX 75501",(903) 501-3282,https://www.evexipel.com/hormone-replacement-therapy-provider/exceed-health-clinic-texarkana-tx/,
LoneStar Health & Wellness,1724 Galleria Oak Dr,Texarkana,TX,75503,"1724 Galleria Oak Dr Texarkana, TX 75503",(903) 321-2248,https://www.evexipel.com/hormone-replacement-therapy-provider/lonestar-health-wellness-texarkana-tx/,
Valiant Health,3003 Richmond Rd,Texarkana,TX,75503,"3003 Richmond Rd Texarkana, TX 75503",(903) 459-8927,https://www.evexipel.com/hormone-replacement-therapy-provider/valiant-health-texarkana-tx/,
Aida Aesthetics,10000 Emmett F Lowry Expy Suite 5000,Texas City,TX,77591,"10000 Emmett F Lowry Expy Suite 5000 B Texas City, TX 77591",(409) 220-4975,https://www.evexipel.com/hormone-replacement-therapy-provider/aida-aesthetics-texas-city-tx/,
Avante Laser & Medi Spa,8708 Technology Forest Pl Ste 125,The Woodlands,TX,77381,"8708 Technology Forest Pl Ste 125 The Woodlands, TX 77381",(346) 488-1205,https://www.evexipel.com/hormone-replacement-therapy-provider/avante-laser-medi-spa-the-woodlands-tx/,https://share.google/PWYW8ofZXHY384A9n
"Hazem M Elzufari, MD PA",9000 Forest Crossing Drive,The Woodlands,TX,77381,"9000 Forest Crossing Drive The Woodlands, TX 77381",(346) 248-3479,https://www.evexipel.com/hormone-replacement-therapy-provider/hazem-m-elzufari-md-pa-spring-tx/,
SGK Plastic Surgery,10080 Research Forest Dr,The Woodlands,TX,77354,"10080 Research Forest Dr The Woodlands, TX 77354",(346) 423-2059,https://www.evexipel.com/hormone-replacement-therapy-provider/sgk-plastic-surgery-the-woodlands-tx/,
Spine Rehab Affiliates,3101 College Park Drive,The Woodlands,TX,77384,"3101 College Park Drive The Woodlands, TX 77384",(936) 236-4951,https://www.evexipel.com/hormone-replacement-therapy-provider/spine-rehab-affiliates-the-woodlands-tx/,
Woodlands Gynecology,"17350 St Lukes Way Medical Arts Center 2, Suite 390",The Woodlands,TX,77384,"17350 St Lukes Way Medical Arts Center 2, Suite 390 The Woodlands, TX 77384",(346) 220-3112,https://www.evexipel.com/hormone-replacement-therapy-provider/woodlands-gynecology-the-woodlands-tx/,
Woodlands Medical Aesthetics,17350 St. Luke'S Way Suite 380,The Woodlands,TX,77384,"17350 St. Luke'S Way Suite 380 The Woodlands, TX 77384",(346) 258-8251,https://www.evexipel.com/hormone-replacement-therapy-provider/woodlands-medical-aesthetics-the-woodlands-tx/,
ReNu Hormone and Wellness,6530 West Us Highway 377 Suite 100,Tolar,TX,76476,"6530 West Us Highway 377 Suite 100 Tolar, TX 76476",(254) 269-4577,https://www.evexipel.com/hormone-replacement-therapy-provider/renu-hormone-and-wellness-tolar-tx/,
Essence Aesthetics,24721 State Hwy 249,Tomball,TX,77375,"24721 State Hwy 249 Tomball, TX 77375",(346) 361-1592,https://www.evexipel.com/hormone-replacement-therapy-provider/essence-aesthetics-tomball-tx/,
Harmony Aesthetics - Creekside,26940 Kuykendahl Rd Ste 106,Tomball,TX,77375,"26940 Kuykendahl Rd Ste 106 Tomball, TX 77375",(832) 232-5568,https://www.evexipel.com/hormone-replacement-therapy-provider/harmony-aesthetics-creekside-tomball-tx/,
New You Wellness Center,11617 Spring Cypress Road Suite,Tomball,TX,77377,"11617 Spring Cypress Road Suite C Tomball, TX 77377",(936) 310-4359,https://www.evexipel.com/hormone-replacement-therapy-provider/new-you-wellness-center-tomball-tx/,https://share.google/G4x0DAyrAEcZiqyZU
Pulse Physicians Organization-Tomball,25420 Kuykendahl Rd STE,Tomball,TX,77375,"25420 Kuykendahl Rd  STE E700 Tomball, TX 77375",(346) 423-2254,https://www.evexipel.com/hormone-replacement-therapy-provider/pulse-physicians-organization-tomball-tx/,
QLMD Direct Primary Care,24914 Kuykendahl Rd Suite,Tomball,TX,77375,"24914 Kuykendahl Rd Suite C Tomball, TX 77375",(936) 310-3824,https://www.evexipel.com/hormone-replacement-therapy-provider/qlmd-direct-primary-care-tomball-tx/,
The Cell Spa,2800 East Tx Highway 114 Ste 130,Trophy Club,TX,76262,"2800 East Tx Highway 114 Ste 130 Trophy Club, TX 76262",(469) 716-6934,https://www.evexipel.com/hormone-replacement-therapy-provider/the-cell-spa-trophy-club-tx/,
Rose City Urology,4293 Kinsey Dr,Tyler,TX,75703,"4293 Kinsey Dr Tyler, TX 75703",(903) 437-9597,https://www.evexipel.com/hormone-replacement-therapy-provider/rose-city-urology-tyler-tx/,
Smart Choice Medical Clinic,3347 Old Jacksonville Rd # 100,Tyler,TX,75701,"3347 Old Jacksonville Rd # 100 Tyler, TX 75701",(903) 300-6876,https://www.evexipel.com/hormone-replacement-therapy-provider/smart-choice-medical-clinic-tyler-tx/,
"Stephen C Spain, Md",5040 Kinsey Dr Ste 300,Tyler,TX,75703,"5040 Kinsey Dr Ste 300 Tyler, TX 75703",(430) 205-8865,https://www.evexipel.com/hormone-replacement-therapy-provider/stephen-c-spain-md-tyler-tx/,
Valley View Family Medical Clinic,909 N Frontage Rd,Valley View,TX,76272,"909 N Frontage Rd Valley View, TX 76272",(940) 291-3224,https://www.evexipel.com/hormone-replacement-therapy-provider/valley-view-family-medical-clinic-valley-view-tx/,
North Texas Family Health,980 W Van Alstyne Pkwy,Van Alstyne,TX,75495,"980 W Van Alstyne Pkwy Van Alstyne, TX 75495",(903) 476-6250,https://www.evexipel.com/hormone-replacement-therapy-provider/north-texas-family-health-van-alstyne-tx/,
Revive Wellness - Texas,102 S Fm 1346 Ste 1,Vernia,TX,78121,"102 S Fm 1346 Ste 1 La Vernia, TX 78121",(210) 880-6069,https://www.evexipel.com/hormone-replacement-therapy-provider/revive-wellness-texas-la-vernia-tx/,
Adi Med Spa - Vinton,141 Vinton Road,Vinton,TX,79821,"141 Vinton Road Vinton, TX 79821",(915) 221-9663,https://www.evexipel.com/hormone-replacement-therapy-provider/adi-med-spa-vinton-el-paso-tx/,
Inspired Skin+Wellness,7125 New Sanger Ave Ste 502,Waco,TX,76712,"7125 New Sanger Ave Ste 502 Waco, TX 76712",(254) 323-8866,https://www.evexipel.com/hormone-replacement-therapy-provider/inspired-skinwellness-waco-tx/,
Uncommon Healthcare,1000 W State Hwy 6 Ste 100,Waco,TX,76712,"1000 W State Hwy 6 Ste 100 Waco, TX 76712",(254) 457-3767,https://www.evexipel.com/hormone-replacement-therapy-provider/uncommon-healthcare-waco-tx/,
Elan Med Spa & Clinic,1795 N Hwy 77 Ste 101,Waxahachie,TX,75165,"1795 N  Hwy 77 Ste 101 Waxahachie, TX 75165",(469) 716-6187,https://www.evexipel.com/hormone-replacement-therapy-provider/elan-med-spa-clinic-waxahachie-tx/,
"Quantum Energy Holistic Medspa, PLLC",6497 Granbury Hwy,Weatherford,TX,76087,"6497 Granbury Hwy Weatherford, TX 76087",(817) 382-3533,https://www.evexipel.com/hormone-replacement-therapy-provider/quantum-energy-holistic-medspa-pllc-weatherford-tx/,
Rx4Change Health & Wellness,104 W Russell St,Weatherford,TX,76086,"104 W Russell St Weatherford, TX 76086",(817) 660-7671,https://www.evexipel.com/hormone-replacement-therapy-provider/rx4change-health-wellness-weatherford-tx/,
Star Med Spa,929 Hilltop Dr,Weatherford,TX,76086,"929 Hilltop Dr Weatherford, TX 76086",(817) 476-7693,https://www.evexipel.com/hormone-replacement-therapy-provider/star-med-spa-weatherford-tx/,
M Spa Face and Body,1400 Fm 528 Rd Ste,Webster,TX,77598,"1400 Fm 528 Rd Ste A Webster, TX 77598",(281) 941-6958,https://www.evexipel.com/hormone-replacement-therapy-provider/m-spa-face-and-body-webster-tx/,
Pulse Wellness,921 East Ave,Wellington,TX,79095,"921 East Ave Wellington, TX 79095",(806) 216-3564,https://www.evexipel.com/hormone-replacement-therapy-provider/pulse-wellness-wellington-tx/,
Angelic Functional Medicine & Spa,1311 W Expressway 83 Ste,Weslaco,TX,78596,"1311 W Expressway 83 Ste D Weslaco, TX 78596",(956) 923-3716,https://www.evexipel.com/hormone-replacement-therapy-provider/angelic-functional-medicine-spa-weslaco-tx/,
"Annabelle Lopez, MD, PA",1620 E 8th St,Weslaco,TX,78596,"1620 E 8th St Weslaco, TX 78596",(956) 300-2634,https://www.evexipel.com/hormone-replacement-therapy-provider/annabelle-lopez-md-pa-weslaco-tx/,
Rio Grande Medicine Weslaco,902 S Airport Dr Ste 3,Weslaco,TX,78596,"902 S Airport Dr Ste 3 Weslaco, TX 78596",(956) 628-4016,https://www.evexipel.com/hormone-replacement-therapy-provider/rio-grande-medicine-weslaco-tx/,
Auveau,4238 Bee Caves Rd Ste,West Lake Hills,TX,78746,"4238 Bee Caves Rd Ste B West Lake Hills, TX 78746",(512) 601-5623,https://www.evexipel.com/hormone-replacement-therapy-provider/auveau-west-lake-hills-tx/,
PAK MEDICAL GROUP - HWY 46,1770 State Highway 46,West New Braunfels,TX,78132,"1770 State Highway 46 West New Braunfels, TX 78132",(737) 520-4268,https://www.evexipel.com/hormone-replacement-therapy-provider/pak-medical-group-hwy-46-new-braunfels-tx/,
Midland Primary Care,1300,West Wall Midland,TX,79701,"1300 West Wall Midland, TX 79701",(432) 400-5307,https://www.evexipel.com/hormone-replacement-therapy-provider/midland-primary-care-midland-tx/,
White Oak Family Medicine,491 E Old US Hwy 80,White Oak,TX,75693,"491 E Old US Hwy 80 White Oak, TX 75693",(430) 204-2105,https://www.evexipel.com/hormone-replacement-therapy-provider/white-oak-family-medicine-white-oak-tx/,
Whitesboro Family Medical Clinic,304 Charlie St,Whitesboro,TX,76273,"304 Charlie St Whitesboro, TX 76273",(903) 564-3503,https://www.evexipel.com/hormone-replacement-therapy-provider/whitesboro-family-medical-clinic-whitesboro-tx/,
Conroe Willis Family Medicine,9851 FM 1097 Rd. West Ste 120,Willis,TX,77318,"9851 FM 1097 Rd. West Ste 120 Willis, TX 77318",(936) 243-1340,https://www.evexipel.com/hormone-replacement-therapy-provider/conroe-willis-family-medicine-willis-tx/,
TX Center for Urology-Willow Park,136 El Chico Trl Ste 102,Willow Park,TX,76087,"136 El Chico Trl Ste 102 Willow Park, TX 76087",(817) 769-3370,https://www.evexipel.com/hormone-replacement-therapy-provider/tx-center-for-urology-willow-park-tx/,
Wiseman Family - Wimberley,173 FM 3237 Ste,Wimberley,TX,78676,"173 FM 3237 Ste A Wimberley, TX 78676",(512) 600-2870,https://www.evexipel.com/hormone-replacement-therapy-provider/wiseman-family-wimberley-tx/,
"Healing Handz Health & Wellness, PLLC",8940 Fourwinds Drive Suite 210,Windcrest,TX,78239,"8940 Fourwinds Drive Suite 210 Windcrest, TX 78239",(210) 972-5737,https://www.evexipel.com/hormone-replacement-therapy-provider/healing-handz-health-wellness-pllc-selma-tx/,
Healthy by Hillary DPC,403 S Jackson Ave Ste 102,Wylie,TX,75098,"403 S Jackson Ave Ste 102 Wylie, TX 75098",(214) 972-2239,https://www.evexipel.com/hormone-replacement-therapy-provider/healthy-by-hillary-dpc-wylie-tx/,
Hormone Harmony and Wellness Center,102 1st Ave Ste,Zapata,TX,78076,"102 1st Ave Ste B Zapata, TX 78076",(956) 253-2223,https://www.evexipel.com/hormone-replacement-therapy-provider/hormone-harmony-and-wellness-center-zapata-tx/,
Woywood Integrated Medicine,12702 Toepperwein Rd Ste 140,live oak,TX,78233,"12702 Toepperwein Rd Ste 140 live oak, TX 78233",(210) 718-0525,https://www.evexipel.com/hormone-replacement-therapy-provider/woywood-integrated-medicine-live-oak-tx/,
Embody Health,46 N Main St,Blanding,UT,84511,"46 N Main St Blanding, UT 84511",(435) 485-7490,https://www.evexipel.com/hormone-replacement-therapy-provider/embody-health-blanding-ut/,
Bair Integrative Health,160 N Main Street,Bountiful,UT,84010,"160 N Main Street Bountiful, UT 84010",(385) 300-0919,https://www.evexipel.com/hormone-replacement-therapy-provider/bair-integrative-health-bountiful-ut/,
Integrated Med Spa,458 N 500 W,Bountiful,UT,84010,"458 N 500 W Bountiful, UT 84010",(385) 354-5734,https://www.evexipel.com/hormone-replacement-therapy-provider/integrated-med-spa-bountiful-ut/,
Westbroek Family Medicine Brigham City,903 S Main St Suite,Brigham City,UT,84302,"903 S Main St Suite A Brigham City, UT 84302",(385) 438-7797,https://www.evexipel.com/hormone-replacement-therapy-provider/westbroek-family-medicine-brigham-city-ut/,
Tonya Hood,189 South State Street Suite 245,Clearfield,UT,84015,"189 South State Street Suite 245 Clearfield, UT 84015",(385) 462-8856,https://www.evexipel.com/hormone-replacement-therapy-provider/tonya-hood-clearfield-ut/,
Elite ReGen Center,1844 E Fort Union Blvd Suite 17,Cottonwood Heights,UT,84121,"1844 E Fort Union Blvd Suite 17 Cottonwood Heights, UT 84121",(832) 906-8033,https://www.evexipel.com/hormone-replacement-therapy-provider/elite-regen-center-cottonwood-heights-ut/,
Hometown Health and Wellness,735 East Aspen St,Delta,UT,84624,"735 East Aspen St Delta, UT 84624",(435) 292-3890,https://www.evexipel.com/hormone-replacement-therapy-provider/hometown-health-and-wellness-delta-ut/,
Elase Medical Spa - Utah,131 East 12300 South Ste,Draper,UT,84020,"131 East 12300 South Ste R200 Draper, UT 84020",(385) 324-6209,https://www.evexipel.com/hormone-replacement-therapy-provider/elase-medical-spa-utah-draper-ut/,
La Belle Vie Medical Care & Aesthetics,248 E 13800 S Ste 3,Draper,UT,84020,"248 E 13800 S Ste 3 Draper, UT 84020",(801) 876-1122,https://www.evexipel.com/hormone-replacement-therapy-provider/la-belle-vie-medical-care-aesthetics-draper-ut/,
Summit Medical Spa - Eagle Mountain,3435 E Pony Express Pkwy Ste 120,Eagle Mountain,UT,84005,"3435 E Pony Express Pkwy Ste 120 Eagle Mountain, UT 84005",(385) 293-3192,https://www.evexipel.com/hormone-replacement-therapy-provider/summit-medical-spa-eagle-mountain-ut/,
True Medical Spa,12276 South 1300,East Draper,UT,84020,"12276 South 1300 East Draper, UT 84020",(801) 783-4105,https://www.evexipel.com/hormone-replacement-therapy-provider/true-medical-spa-draper-ut/,
Advanced Health Clinic,630 Shepard Ln Ste 102,Farmington,UT,84025,"630 Shepard Ln Ste 102 Farmington, UT 84025",(801) 516-4822,https://www.evexipel.com/hormone-replacement-therapy-provider/advanced-health-clinic-farmington-ut/,
Copper Rock Clinic,140 N 400 W Ste A2 St,George,UT,84770,"140 N 400 W Ste A2 St George, UT 84770",(435) 375-4972,https://www.evexipel.com/hormone-replacement-therapy-provider/copper-rock-clinic-st-george-ut/,https://www.google.com/search?q=Copper+Rock+Clinic&stick=H4sIAAAAAAAA_-NgU1IxqLAwSE40TTI3MjA3SzNINk6yMqgwSkw2T0tJMU9JTDQ1T7JYxCrknF9QkFqkEJSfnK3gnJOZl5kMAJRQxWM9AAAA&hl=en&mat=CX-GvZOqmNkaElcBTVDHnoJMo5xWn1c1a2CJnOvQo58qrf5RWseKdX7jnCbPKR_NVw_TIUkLf0LN36p
K2 Aesthetics and Wellness,1276 E George Washington Blvd Suite 4 St,George,UT,84790,"1276 E George Washington Blvd Suite 4 St George, UT 84790",(435) 236-2560,https://www.evexipel.com/hormone-replacement-therapy-provider/k2-aesthetics-and-wellness-st-george-ut/,
Red River - St George Utah,1490 Foremaster Lane #130 St.,George,UT,84790,"1490 Foremaster Lane #130 St. George, UT 84790",(435) 236-2962,https://www.evexipel.com/hormone-replacement-therapy-provider/red-river-st-george-utah-st-george-ut/,
The Well Health,736 South 900 East Suite 104 St,George,UT,84790,"736 South 900 East Suite 104 St George, UT 84790",(801) 203-3114,https://www.evexipel.com/hormone-replacement-therapy-provider/the-well-health-st-george-ut/,
Elle Aesthetics - Heber City,136 S Main St,Heber City,UT,84032,"136 S Main St Heber City, UT 84032",(435) 253-7417,https://www.evexipel.com/hormone-replacement-therapy-provider/elle-aesthetics-heber-city-ut/,
Mod Doc - Kaysville,1188 W Sportsplex Dr Ste 102,Kaysville,UT,84037,"1188 W Sportsplex Dr Ste 102 Kaysville, UT 84037",(385) 393-0234,https://www.evexipel.com/hormone-replacement-therapy-provider/mod-doc-kaysville-ut/,
Evoke Regenerative Health,1330 E Highway 193 Ste,Layton,UT,84040,"1330 E Highway 193 Ste C1 Layton, UT 84040",(385) 432-3645,https://www.evexipel.com/hormone-replacement-therapy-provider/evoke-regenerative-health-layton-ut/,
Sileo Medical Weight Loss & Aesthetics,880 Heritage Park Blvd Suite 220,Layton,UT,84041,"880 Heritage Park Blvd Suite 220 Layton, UT 84041",(385) 503-7248,https://www.evexipel.com/hormone-replacement-therapy-provider/sileo-medical-weight-loss-aesthetics-layton-ut/,
Helix Springs Family Care,394 W Main St. Ste 209,Lehi,UT,84043,"394 W Main St. Ste 209 Lehi, UT 84043",(385) 421-9478,https://www.evexipel.com/hormone-replacement-therapy-provider/helix-springs-family-care-lehi-ut/,
Ruma Aesthetics,1850 W Ashton Blvd Ste 100,Lehi,UT,84043,"1850 W Ashton Blvd Ste 100 Lehi, UT 84043",(385) 255-7392,https://www.evexipel.com/hormone-replacement-therapy-provider/ruma-aesthetics-lehi-ut/,
Ultimate Health and Wellness,230 N 1200 E Ste 202,Lehi,UT,84043,"230 N 1200 E Ste 202 Lehi, UT 84043",(385) 557-6497,https://www.evexipel.com/hormone-replacement-therapy-provider/ultimate-health-and-wellness-lehi-ut/,
Bella Lily Wellness and Aesthetics,353 N 540 W,Lindon,UT,84042,"353 N 540 W Lindon, UT 84042",(385) 330-4127,https://www.evexipel.com/hormone-replacement-therapy-provider/bella-lily-wellness-and-aesthetics-lindon-ut/,
Top Rated Medical - Lindon,1971 W 700 N Ste 102,Lindon,UT,84042,"1971 W 700 N Ste 102 Lindon, UT 84042",(385) 200-9850,https://www.evexipel.com/hormone-replacement-therapy-provider/top-rated-medical-lindon-ut/,
Revive Wellness & Aesthetics,1451 N 200 E Suite 190,Logan,UT,84341,"1451 N 200 E Suite 190 Logan, UT 84341",(435) 466-7454,https://www.evexipel.com/hormone-replacement-therapy-provider/revive-wellness-aesthetics-logan-ut/,
Elle Aesthetics,"704 S 1600 W, Suite 103",Mapleton,UT,84664,"704 S 1600 W, Suite 103 Mapleton, UT 84664",(385) 376-2032,https://www.evexipel.com/hormone-replacement-therapy-provider/elle-aesthetics-mapleton-ut/,
Renasci Med Spa,6770 S 900 E Ste 100,Midvale,UT,84047,"6770 S 900 E Ste 100 Midvale, UT 84047",(435) 241-1050,https://www.evexipel.com/hormone-replacement-therapy-provider/renasci-med-spa-midvale-ut/,
Elk Ridge Wellness,265 N main Street,Monticello,UT,84535,"265 N main Street Monticello, UT 84535",(970) 512-1052,https://www.evexipel.com/hormone-replacement-therapy-provider/elk-ridge-wellness-monticello-ut/,
Top Rated Medical,5187 S Ascension Way Ste 250,Murray,UT,84123,"5187 S Ascension Way Ste 250 Murray, UT 84123",(435) 244-6241,https://www.evexipel.com/hormone-replacement-therapy-provider/top-rated-medical-murray-ut/,
Vespera Vitalis,4700 S 900 E ste 18,Murray,UT,84117,"4700 S 900 E ste 18 Murray, UT 84117",(385) 421-9823,https://www.evexipel.com/hormone-replacement-therapy-provider/vespera-vitalis-salt-lake-city-ut/,
Timeless MedSpa - North Logan,2245 N. 400 E. Suite 303,North Logan,UT,84341,"2245 N. 400 E. Suite 303 North Logan, UT 84341",(435) 264-4861,https://www.evexipel.com/hormone-replacement-therapy-provider/timeless-medspa-north-logan-ut/,
Medical Weight Loss & Hormone Clinic,3929 Wall Ave Ste 5,Ogden,UT,84405,"3929 Wall Ave Ste 5 Ogden, UT 84405",(385) 442-4212,https://www.evexipel.com/hormone-replacement-therapy-provider/medical-weight-loss-hormone-clinic-south-ogden-ut/,
Regeneration Health Of Northern Utah,2797 North Highway 89 Ste 100,Ogden,UT,84404,"2797 North Highway 89 Ste 100 Ogden, UT 84404",(385) 492-6452,https://www.evexipel.com/hormone-replacement-therapy-provider/regeneration-health-of-northern-utah-ogden-ut/,
Westbroek Family Medicine Ogden,475 40th St,Ogden,UT,84403,"475 40th St Ogden, UT 84403",(385) 437-6370,https://www.evexipel.com/hormone-replacement-therapy-provider/westbroek-family-medicine-ogden-ut/,
Provo Health - Orem,980 E 800 N Ste 202,Orem,UT,84097,"980 E 800 N Ste 202 Orem, UT 84097",(385) 421-9738,https://www.evexipel.com/hormone-replacement-therapy-provider/provo-health-orem-ut/,
RestoreLife Hormone & Regenerative Medici,887 West Center Street Suite 102,Orem,UT,84057,"887 West Center Street Suite 102 Orem, UT 84057",(385) 247-2311,https://www.evexipel.com/hormone-replacement-therapy-provider/restorelife-hormone-regenerative-medici-orem-ut/,
Aura Vida Health,1776 Park Ave Ste 211,Park City,UT,84060,"1776 Park Ave Ste 211 Park City, UT 84060",(541) 813-4117,https://www.evexipel.com/hormone-replacement-therapy-provider/aura-vida-health-park-city-ut/,
Keystone Medical Solutions,1064 South North County Blvd Suite 460,Pleasant Grove,UT,84062,"1064 South North County Blvd Suite 460 Pleasant Grove, UT 84062",(385) 438-6530,https://www.evexipel.com/hormone-replacement-therapy-provider/keystone-medical-solutions-pleasant-grove-ut/,
Royale Aesthetics and Beauty,805 W Riverdale Rd,Riverdale,UT,84405,"805 W Riverdale Rd Riverdale, UT 84405",(435) 292-5335,https://www.evexipel.com/hormone-replacement-therapy-provider/royale-aesthetics-and-beauty-ogden-ut/,
Zenith Family Health,1756 W. Park Avenue,Riverton,UT,84065,"1756 W. Park Avenue Riverton, UT 84065",(385) 247-2067,https://www.evexipel.com/hormone-replacement-therapy-provider/zenith-family-health-riverton-ut/,
Southern Utah Medical Clinic,163 W 1600 S Ste 4,Saint George,UT,84770,"163 W 1600 S Ste 4 Saint George, UT 84770",(435) 253-5997,https://www.evexipel.com/hormone-replacement-therapy-provider/southern-utah-medical-clinic-st-george-ut/,
Hillside Medical Clinic,118 N Main St Suite,Salem,UT,84653,"118 N Main St Suite B Salem, UT 84653",(385) 422-8632,https://www.evexipel.com/hormone-replacement-therapy-provider/hillside-medical-clinic-salem-ut/,
House Call Doctors,466 E 500 S Ste 200,Salt Lake City,UT,84111,"466 E 500 S Ste 200 Salt Lake City, UT 84111",(801) 447-1424,https://www.evexipel.com/hormone-replacement-therapy-provider/house-call-doctors-salt-lake-city-ut/,
Thrive Aesthetics and Wellness,6405 S 3000 E Ste 100 Room 10,Salt Lake City,UT,84121,"6405 S 3000 E Ste 100 Room 10 Salt Lake City, UT 84121",(801) 876-1268,https://www.evexipel.com/hormone-replacement-therapy-provider/thrive-aesthetics-and-wellness-salt-lake-city-ut/,
Genesis Health,580 East 9400 South Ste 109,Sandy,UT,84070,"580 East 9400 South Ste 109 Sandy, UT 84070",(385) 354-6753,https://www.evexipel.com/hormone-replacement-therapy-provider/genesis-health-sandy-ut/,
Infuse Zen,1068 N Redwood Rd Unit,Saratoga Springs,UT,84045,"1068 N Redwood Rd Unit C Saratoga Springs, UT 84045",(801) 939-3008,https://www.evexipel.com/hormone-replacement-therapy-provider/infuse-zen-saratoga-springs-ut/,
Elevate Wellness & Aesthetics,10694 S River Front Pkwy,South Jordan,UT,84095,"10694 S River Front Pkwy South Jordan, UT 84095",(385) 265-4023,https://www.evexipel.com/hormone-replacement-therapy-provider/elevate-wellness-aesthetics-south-jordan-ut/,
Red River-South Jordan,10965 S River Front Pkwy,South Jordan,UT,84095,"10965 S River Front Pkwy South Jordan, UT 84095",(801) 421-4329,https://www.evexipel.com/hormone-replacement-therapy-provider/red-river-south-jordan-ut/,
Pinnacle Preventative Health,968 Chambers Street Ste 5,South Ogden,UT,84403,"968 Chambers Street Ste 5 South Ogden, UT 84403",(801) 396-9636,https://www.evexipel.com/hormone-replacement-therapy-provider/pinnacle-preventative-health-ogden-ut/,
Timeless Med Spa,982 Chambers St.,South Ogden,UT,84403,"982 Chambers St. South Ogden, UT 84403",(801) 761-0668,https://www.evexipel.com/hormone-replacement-therapy-provider/timeless-med-spa-south-ogden-ut/,
Golden Oak Aesthetic Lounge,111 E 300 S,Spanish Fork,UT,84660,"111 E 300 S Spanish Fork, UT 84660",(385) 438-8086,https://www.evexipel.com/hormone-replacement-therapy-provider/golden-oak-aesthetic-lounge-spanish-fork-ut/,
Summit Medical Spa,63 E 800 N,Spanish Fork,UT,84660,"63 E 800 N Spanish Fork, UT 84660",(801) 758-2251,https://www.evexipel.com/hormone-replacement-therapy-provider/summit-medical-spa-spanish-fork-ut/,
Athletique Wellness,655 S 1200 W Ste,Springville,UT,84663,"655 S 1200 W Ste B Springville , UT 84663",(801) 609-9344,https://www.evexipel.com/hormone-replacement-therapy-provider/athletique-wellness-springville-ut/,
Gemini Glow Med Spa,6321 S Redwood Rd Suite 102,Taylorsville,UT,84123,"6321 S Redwood Rd Suite 102 Taylorsville, UT 84123",(385) 354-5772,https://www.evexipel.com/hormone-replacement-therapy-provider/gemini-glow-med-spa-taylorsville-ut/,"https://www.google.com/maps/place/Gemini+Glow+MedSpa/@40.6364692,-111.9380397,17z/data=!3m1!4b1!4m6!3m5!1s0x8752f36da9ba39c3:0x83004c292e5fa73c!8m2!3d40.6364692!4d-111.9380397!16s%2Fg%2F11lnmztdyt?entry=ttu&g_ep=EgoyMDI2MDEyOC4wIKXMDSoASAFQAw%3D%3D"
Amatoria Wellness PC,1244 N Main St Ste 101,Tooele,UT,84074,"1244 N Main St Ste 101 Tooele, UT 84074",(435) 268-3988,https://www.evexipel.com/hormone-replacement-therapy-provider/amatoria-wellness-pc-tooele-ut/,
Adara Aesthetics,582 N 1700 W Ste,Vernal,UT,84078,"582 N 1700 W Ste A Vernal, UT 84078",(970) 548-2077,https://www.evexipel.com/hormone-replacement-therapy-provider/adara-aesthetics-vernal-ut/,
Integracare Medical Care and Aesthetics,773 E. Mill Rd Ste,Vineyard,UT,84059,"773 E. Mill Rd  Ste C Vineyard, UT 84059",(801) 515-3904,https://www.evexipel.com/hormone-replacement-therapy-provider/integracare-medical-care-and-aesthetics-vineyard-ut/,
Healing Center of Utah,2630 W. 3500 S. Ste,West Valley City,UT,84119,"2630 W. 3500 S.   Ste B West Valley City, UT 84119",(385) 316-7732,https://www.evexipel.com/hormone-replacement-therapy-provider/healing-center-of-utah-west-valley-city-ut/,
Longevity Medicine,1414 S 600 W,Woods Cross,UT,84010,"1414 S 600 W Woods Cross, UT 84010",(385) 348-4925,https://www.evexipel.com/hormone-replacement-therapy-provider/longevity-medicine-woods-cross-ut/,
Living Water Vein Institute & Medical Spa,107 Cook St,Abingdon,VA,24210,"107 Cook St Abingdon, VA 24210",(276) 900-1376,https://www.evexipel.com/hormone-replacement-therapy-provider/living-water-vein-institute-medical-spa-abingdon-va/,
Metropolitan ENT & Facial Plastic Surgery,6355 Walker Ln Ste 308,Alexandria,VA,22310,"6355 Walker Ln Ste 308 Alexandria, VA 22310",(240) 901-9480,https://www.evexipel.com/hormone-replacement-therapy-provider/metropolitan-ent-facial-plastic-surgery-alexandria-va/,
ProMD Health Arlington,1530 Wilson Blvd Ste 170,Arlington,VA,22209,"1530 Wilson Blvd Ste 170 Arlington, VA 22209",(410) 339-8853,https://www.evexipel.com/hormone-replacement-therapy-provider/promd-health-arlington-va/,
RxWellness Aesthetic & Anti-Aging Ashburn,43780 Central Station Dr Suite 100,Ashburn,VA,20147,"43780 Central Station Dr Suite 100 Ashburn, VA 20147",(571) 548-3484,https://www.evexipel.com/hormone-replacement-therapy-provider/rxwellness-aesthetic-anti-aging-ashburn-va/,
Forecast Medical Practice,563 Southpark Blvd,"Colonial Heights,",VA,23834,"563 Southpark Blvd Colonial Heights,, VA 23834",(434) 597-3229,https://www.evexipel.com/hormone-replacement-therapy-provider/forecast-medical-practice-colonial-heights-va/,
Washington Aesthetics Med Spa & Wellness,3998 Fair Ridge Rd Suite 100,Fairfax,VA,22033,"3998 Fair Ridge Rd Suite 100 Fairfax, VA 22033",(540) 340-9594,https://www.evexipel.com/hormone-replacement-therapy-provider/washington-aesthetics-med-spa-wellness-fairfax-va/,
"URBAN Medical, Fishersville",1707 Jefferson Hwy,Fishersville,VA,22939,"1707 Jefferson Hwy Fishersville, VA 22939",(540) 660-3735,https://www.evexipel.com/hormone-replacement-therapy-provider/urban-medical-fishersville-va/,
Forest Wellness MD LLC,18250 Forest Rd Ste 1,Forest,VA,24551,"18250 Forest Rd Ste 1 Forest, VA 24551",(434) 608-9794,https://www.evexipel.com/hormone-replacement-therapy-provider/forest-wellness-md-llc-forest-va/,
Southside Diabetes & Integrated Care,1337 Armory Dr,Franklin,VA,23851,"1337 Armory Dr Franklin, VA 23851",(757) 780-7778,https://www.evexipel.com/hormone-replacement-therapy-provider/southside-diabetes-integrated-care-franklin-va/,
Millennium Medical Care - Herndon,1043 Sterling Rd Suite,Herndon,VA,20170,"1043 Sterling Rd Suite #104 Herndon, VA 20170",(240) 817-2957,https://www.evexipel.com/hormone-replacement-therapy-provider/millennium-medical-care-herndon-va/,
RxWellness Aesthetic & Anti-Aging Herndon,950 Herndon Parkway Suite 130,Herndon,VA,20170,"950 Herndon Parkway Suite 130 Herndon, VA 20170",(571) 583-3523,https://www.evexipel.com/hormone-replacement-therapy-provider/rxwellness-aesthetic-anti-aging-herndon-va/,
Radiant Aesthetics & Lifestyle Medicine,19415 Deerfield Ave Ste 209,Lansdowne,VA,20176,"19415 Deerfield Ave Ste 209 Lansdowne, VA 20176",(681) 540-0525,https://www.evexipel.com/hormone-replacement-therapy-provider/radiant-aesthetics-lifestyle-medicine-lansdowne-va/,https://www.google.com/search?q=Radiant+Aesthetics+%26+Lifestyle+Medicine+Lansdowne&stick=H4sIAAAAAAAA_-NgU1I1qLCwTDIzTjE1STJNMTBJMzG1MqhIS05ONE4zNrNMMbVMNDM3W8RqGJSYkpmYV6LgmFpckpFakplcrKCm4JOZBuRW5qQq-KamZCZn5qUq-CTmFafkl-elAgDsbGvDXQAAAA&hl=en&mat=CbRa
Living Water Vein Institute - Lebanon,1283 East Main Street,Lebanon,VA,24266,"1283 East Main Street Lebanon, VA 24266",(276) 496-6310,https://www.evexipel.com/hormone-replacement-therapy-provider/living-water-vein-institute-lebanon-abingdon-va/,
Gen Wellness and Aesthetics,8 South St Sw Ste,Leesburg,VA,20175,"8 South St Sw Ste B Leesburg, VA 20175",(240) 702-1529,https://www.evexipel.com/hormone-replacement-therapy-provider/gen-wellness-and-aesthetics-leesburg-va/,
Endura Wellness Clinic,4327 Boonsboro Rd Ste 3,Lynchburg,VA,24503,"4327 Boonsboro Rd Ste 3 Lynchburg, VA 24503",(434) 478-3330,https://www.evexipel.com/hormone-replacement-therapy-provider/endura-wellness-clinic-lynchburg-va/,
Integrative Medicine & Wellness,7900 Sudley Road Suite 416,Manassas,VA,20109,"7900 Sudley Road Suite 416 Manassas , VA 20109",(240) 244-4913,https://www.evexipel.com/hormone-replacement-therapy-provider/integrative-medicine-wellness-manassas-va/,https://share.google/ChpILKkqid4vVFDXD
Center for Weight Loss Success,711 Brick Kiln Blvd Ste,Newport News,VA,23602,"711 Brick Kiln Blvd Ste D Newport News, VA 23602",(757) 854-9779,https://www.evexipel.com/hormone-replacement-therapy-provider/center-for-weight-loss-success-newport-news-va/,
K.O. Blade & Beauty,11747 Jefferson Ave Ste,Newport News,VA,23606,"11747 Jefferson Ave Ste 6C Newport News, VA 23606",(757) 960-7143,https://www.evexipel.com/hormone-replacement-therapy-provider/ko-blade-beauty-newport-news-va/,
The Wellness NPs - Annandale,4131,Old Columbia Pike Annandale,VA,22003,"4131 Old Columbia Pike Annandale, VA 22003",(240) 213-9388,https://www.evexipel.com/hormone-replacement-therapy-provider/the-wellness-nps-annandale-va/,
"Integrative Health and Aesthetics, LLC",5427A Backlick Road,Springfield,VA,22151,"5427A Backlick Road Springfield, VA 22151",(571) 621-6307,https://www.evexipel.com/hormone-replacement-therapy-provider/integrative-health-and-aesthetics-llc-springfield-va/,https://share.google/6Uhx6W9cbxybPYfKe
Millennium Medical Care - Stone Springs,24430 Stone Springs Blvd Suite 200,Sterling,VA,20166,"24430 Stone Springs Blvd Suite 200 Sterling, VA 20166",(681) 540-0229,https://www.evexipel.com/hormone-replacement-therapy-provider/millennium-medical-care-stone-springs-sterling-va/,
Ageless Skin Rejuvenation,3388 Princess Anne Rd Ste 2000,Virginia Beach,VA,23456,"3388 Princess Anne Rd Ste 2000 Virginia Beach, VA 23456",(757) 720-7234,https://www.evexipel.com/hormone-replacement-therapy-provider/ageless-skin-rejuvenation-virginia-beach-va/,
Millennium Medical Care - Woodbridge,13168 Centerpointe Way Suite 101,Woodbridge,VA,22193,"13168 Centerpointe Way Suite 101 Woodbridge, VA 22193",(571) 427-0691,https://www.evexipel.com/hormone-replacement-therapy-provider/millennium-medical-care-woodbridge-va/,
OPTIMAL SLEEP AND WEIGHT LOSS CLINIC,13000 Harbor Center Drive Suite 212,Woodbridge,VA,22192,"13000 Harbor Center Drive Suite 212 Woodbridge, VA 22192",(703) 349-1522,https://www.evexipel.com/hormone-replacement-therapy-provider/optimal-sleep-and-weight-loss-clinic-woodbridge-va/,
Cossmedic Wellness,4103 Bridgeport Way W Suite B University Place,,WA,98466,"4103 Bridgeport Way W Suite B University Place, WA 98466",(253) 785-4281,https://www.evexipel.com/hormone-replacement-therapy-provider/cossmedic-wellness-university-place-wa/,https://www.google.com/search?q=Cossmedic+Wellness+and+Aesthetics&stick=H4sIAAAAAAAA_-NgU1I1qDA1sTRMTDIxNTc3sDA3Mk6zMqiwNLdMszRKMTdLTUpMNE9LWsSq6JxfXJybmpKZrBCempOTl1pcrJCYl6LgmFpckpFakplcDACIpKH3TQAAAA&hl=en&mat=Cf96BRQROYI0ElcBTVDHnhbBCpLtGTVADu4tcaLoge
Habitual Beauty Aesthetics,33801 1St Way S Suite 211 Federal Way,,WA,98003,"33801 1St Way S Suite 211 Federal Way, WA 98003",(253) 364-0794,https://www.evexipel.com/hormone-replacement-therapy-provider/habitual-beauty-aesthetics-federal-way-wa/,
Integrity Healthcare Clinic,4230 Bridgeport Way W Ste A University Place,,WA,98466,"4230 Bridgeport Way W  Ste A  University Place, WA 98466",(253) 528-3251,https://www.evexipel.com/hormone-replacement-therapy-provider/integrity-healthcare-clinic-university-place-wa/,
Elevate Health and Beauty,5420 NW 38th Ave Suite,202-20 Camas,WA,98607,"5420 NW 38th Ave Suite 202-20 Camas, WA 98607",(360) 323-6616,https://www.evexipel.com/hormone-replacement-therapy-provider/elevate-health-and-beauty-camas-wa/,
Anacortes Health and Aesthetics,301 Commercial Ave,Anacortes,WA,98221,"301 Commercial Ave Anacortes, WA 98221",(360) 468-8518,https://www.evexipel.com/hormone-replacement-therapy-provider/anacortes-health-and-aesthetics-anacortes-wa/,
GloAesthetics,1207 SE Rasmussen Blvd Ste 119,Battle Ground,WA,98604,"1207 SE Rasmussen Blvd Ste 119 Battle Ground, WA 98604",(509) 287-4624,https://www.evexipel.com/hormone-replacement-therapy-provider/gloaesthetics-battle-ground-wa/,
Bellevue Plastic Surgeons,11820 Northup Way Ste,Bellevue,WA,98005,"11820 Northup Way Ste E190 Bellevue, WA 98005",(425) 474-3608,https://www.evexipel.com/hormone-replacement-therapy-provider/bellevue-plastic-surgeons-bellevue-wa/,https://share.google/L69P1Korkflj0utff
Holistique Medical Center,1200 116th Ave NE Ste,Bellevue,WA,98004,"1200 116th Ave NE Ste C Bellevue, WA 98004",(425) 842-0186,https://www.evexipel.com/hormone-replacement-therapy-provider/holistique-medical-center-bellevue-wa/,
IAM Center,1550 140th Ave NE Ste 200,Bellevue,WA,98005,"1550 140th Ave NE Ste 200 Bellevue, WA 98005",(425) 600-7810,https://www.evexipel.com/hormone-replacement-therapy-provider/iam-center-bellevue-wa/,
Rogue Healthcare,4340 Pacific Hwy Unit 102,Bellingham,WA,98226,"4340 Pacific Hwy Unit 102 Bellingham, WA 98226",(425) 532-5950,https://www.evexipel.com/hormone-replacement-therapy-provider/rogue-healthcare-bellingham-wa/,
Honey Glow Health,19651 State Route 410 E,Bonney Lake,WA,98391,"19651 State Route 410 E Bonney Lake, WA 98391",(253) 499-7951,https://www.evexipel.com/hormone-replacement-therapy-provider/honey-glow-health-bonney-lake-wa/,
Lake Tapps Beauty Bar & Wellness,8415 Myers Rd E,Bonney Lake,WA,98391,"8415 Myers Rd E Bonney Lake, WA 98391",(425) 243-1779,https://www.evexipel.com/hormone-replacement-therapy-provider/lake-tapps-beauty-bar-wellness-bonney-lake-wa/,
Optimal Biohealth,10024 Main Street Suite,Bothell,WA,98011,"10024 Main Street Suite 2C Bothell, WA 98011",(425) 484-7089,https://www.evexipel.com/hormone-replacement-therapy-provider/optimal-biohealth-bothell-wa/,
Adorne Medical Aesthetics,2530 NE Kresky Ave Ste,Chehalis,WA,98532,"2530 NE Kresky Ave Ste C Chehalis, WA 98532",(360) 585-4344,https://www.evexipel.com/hormone-replacement-therapy-provider/adorne-medical-aesthetics-chehalis-wa/,
Dr. Rachel Giordano,111 Sunset Avenue,Edmonds,WA,98026,"111 Sunset Avenue #105 Edmonds, WA 98026",(206) 687-4945,https://www.evexipel.com/hormone-replacement-therapy-provider/dr-rachel-giordano-seattle-wa/,
Mariposa Medical Aesthetics,309 N Pearl St STE,Ellensburg,WA,98926,"309 N Pearl St STE A Ellensburg, WA 98926",(509) 517-6054,https://www.evexipel.com/hormone-replacement-therapy-provider/mariposa-medical-aesthetics-ellensburg-wa/,
Pnw Rejuvenation,860 Cole St.,Enumclaw,WA,98022,"860 Cole St. Enumclaw, WA 98022",(253) 300-1361,https://www.evexipel.com/hormone-replacement-therapy-provider/pnw-rejuvenation-enumclaw-wa/,
Apollo Health,5401 32Nd Ave Ste 106,Gig Harbor,WA,98335,"5401 32Nd Ave Ste 106 Gig Harbor, WA 98335",(253) 300-0241,https://www.evexipel.com/hormone-replacement-therapy-provider/apollo-health-gig-harbor-wa/,
Le Muse,13131 120th Ave NE Ste,Kirkland,WA,98034,"13131 120th Ave NE Ste C Kirkland, WA 98034",(425) 522-8583,https://www.evexipel.com/hormone-replacement-therapy-provider/le-muse-kirkland-wa/,
Sparrow Health and Wellness,11707 E Sprague Ave Ste,LL101 Spokane,WA,99206,"11707 E Sprague Ave Ste LL101 Spokane, WA 99206",(509) 778-7655,https://www.evexipel.com/hormone-replacement-therapy-provider/sparrow-health-and-wellness-spokane-valley-wa/,
Lake Stevens Natural Medicine,9327 4Th St Ne Ste 9,Lake Stevens,WA,98258,"9327 4Th St Ne Ste 9 Lake Stevens, WA 98258",(360) 803-3619,https://www.evexipel.com/hormone-replacement-therapy-provider/lake-stevens-natural-medicine-lake-stevens-wa/,
Velvet Skyn Aesthetics,2627 Parkmont Ln SW Ste 101,Olympia,WA,98502,"2627 Parkmont Ln SW Ste 101 Olympia, WA 98502",(360) 667-1696,https://www.evexipel.com/hormone-replacement-therapy-provider/velvet-skyn-aesthetics-olympia-wa/,
Ember Medical Services,12815 Canyon Rd E STE,Puyallup,WA,98373,"12815 Canyon Rd E STE AB Puyallup, WA 98373",(253) 600-2118,https://www.evexipel.com/hormone-replacement-therapy-provider/ember-medical-services-puyallup-wa/,
PNW Hydration and Wellness,615 East Pioneer Suite 114,Puyallup,WA,98372,"615 East Pioneer Suite 114 Puyallup, WA 98372",(253) 465-2050,https://www.evexipel.com/hormone-replacement-therapy-provider/pnw-hydration-and-wellness-puyallup-wa/,
Alpine Integrated Medicine,22635 NE Marketplace Dr Ste 130,Redmond,WA,98053,"22635 NE Marketplace Dr Ste 130 Redmond, WA 98053",(425) 600-2767,https://www.evexipel.com/hormone-replacement-therapy-provider/alpine-integrated-medicine-redmond-wa/,
Natural Medicine of Seattle,3513 NE 45th St Ste,Seattle,WA,98105,"3513 NE 45th St Ste 2W Seattle, WA 98105",(206) 590-4301,https://www.evexipel.com/hormone-replacement-therapy-provider/natural-medicine-of-seattle-wa/,
Purity Med Spa - Seattle,5235 University Way NE,Seattle,WA,98105,"5235 University Way NE Seattle, WA 98105",(206) 695-2810,https://www.evexipel.com/hormone-replacement-therapy-provider/purity-med-spa-seattle-wa/,
Northwest Beauty and Wellness,542 North 5th Ave Ste,Sequim,WA,98382,"542 North 5th Ave Ste A Sequim, WA 98382",(360) 858-6871,https://www.evexipel.com/hormone-replacement-therapy-provider/northwest-beauty-and-wellness-sequim-wa/,
Eterna Vein Medical Aesthetics,1803,South Meridian Puyallup,WA,98371,"1803 South Meridian Puyallup, WA 98371",(253) 465-2205,https://www.evexipel.com/hormone-replacement-therapy-provider/eterna-vein-medical-aesthetics-puyallup-wa/,
True Potential MD,1702 Commercial St,Steilacoom,WA,98388,"1702 Commercial St Steilacoom, WA 98388",(253) 465-4884,https://www.evexipel.com/hormone-replacement-therapy-provider/true-potential-md-steilacoom-wa/,
Emerge Natural Health Care,8513 NE Hazel Dell Ave Suite 201,Vancouver,WA,98665,"8513 NE Hazel Dell Ave Suite 201 Vancouver, WA 98665",(360) 276-9416,https://www.evexipel.com/hormone-replacement-therapy-provider/emerge-natural-health-care-vancouver-wa/,
Storm Wellness Northwest,1309 NE 134th St Suite,Vancouver,WA,98685,"1309 NE 134th St Suite B Vancouver, WA 98685",(971) 290-4819,https://www.evexipel.com/hormone-replacement-therapy-provider/storm-wellness-northwest-vancouver-wa/,
Oak Tree Integrative Medicine,17924 140th Ave NE Suite 203,Woodinville,WA,98072,"17924 140th Ave NE Suite 203 Woodinville, WA 98072",(425) 549-4673,https://www.evexipel.com/hormone-replacement-therapy-provider/oak-tree-integrative-medicine-woodinville-wa/,
Woodinville Family Medicine & Skin Clinic,13110 Ne 177 Pl Unit,Woodinville,WA,98072,"13110 Ne 177 Pl Unit B102 Woodinville, WA 98072",(425) 474-5931,https://www.evexipel.com/hormone-replacement-therapy-provider/woodinville-family-medicine-skin-clinic-woodinville-wa/,
"Fox Valley Plastic Surgery, SC - Appleton",2500 E Capitol Dr,Appleton,WI,54911,"2500 E Capitol Dr #1500 Appleton, WI 54911",(920) 956-9755,https://www.evexipel.com/hormone-replacement-therapy-provider/fox-valley-plastic-surgery-sc-appleton-wi/,https://share.google/ldF6FpQWpOzwBP4H4
The Center for Aesthetics - Appleton,2201 E Enterprise Avenue Suite,Appleton,WI,54913,"2201 E Enterprise Avenue Suite #104 Appleton, WI 54913",(920) 516-1931,https://www.evexipel.com/hormone-replacement-therapy-provider/the-center-for-aesthetics-appleton-wi/,
MediVerse Health & Wellness,860 Main St Ste 4,Baldwin,WI,54002,"860 Main St Ste 4 Baldwin, WI 54002",(715) 716-4206,https://www.evexipel.com/hormone-replacement-therapy-provider/mediverse-health-wellness-baldwin-wi/,
Capital City Wellness,1004 E.,Broadway #107 Monona,WI,53716,"1004 E. Broadway #107 Monona, WI 53716",(608) 465-4539,https://www.evexipel.com/hormone-replacement-therapy-provider/capital-city-wellness-madison-wi/,
The Body Shop LLC,208 Main St,Cornell,WI,54732,"208 Main St Cornell, WI 54732",(715) 288-2445,https://www.evexipel.com/hormone-replacement-therapy-provider/the-body-shop-llc-cornell-wi/,
Driftless Aesthetics,3143 State Rd # 200,Crosse,WI,54601,"3143 State Rd # 200 La Crosse, WI 54601",(608) 351-0426,https://www.evexipel.com/hormone-replacement-therapy-provider/driftless-aesthetics-la-crosse-wi/,
Optima Medical,3321 Golf Rd Ste,Eau Claire,WI,54701,"3321 Golf Rd Ste A Eau Claire, WI 54701",(715) 200-8395,https://www.evexipel.com/hormone-replacement-therapy-provider/optima-medical-eau-claire-wi/,
Elemental Skin & Body Medical Aesthetics,700 West Walworth Street,Elkhorn,WI,53121,"700 West Walworth Street Elkhorn, WI 53121",(262) 217-0160,https://www.evexipel.com/hormone-replacement-therapy-provider/elemental-skin-body-medical-aesthetics-lake-geneva-wi/,
Lasting Skin Solutions,2981 Yarmouth Greenway Dr Suite 111,Fitchburg,WI,53711,"2981 Yarmouth Greenway Dr Suite 111 Fitchburg, WI 53711",(608) 591-5980,https://www.evexipel.com/hormone-replacement-therapy-provider/lasting-skin-solutions-madison-wi/,
"Into the Woods Wellness, LLC",1424 Lynn Ave,Fond Du Lac,WI,54937,"1424 Lynn Ave Fond Du Lac, WI 54937",(920) 635-2215,https://www.evexipel.com/hormone-replacement-therapy-provider/into-the-woods-wellness-llc-fond-du-lac-wi/,
Illume Cosmetic Surgery - Glendale,6002 N Port Washington Rd,Glendale,WI,53217,"6002 N Port Washington Rd Glendale, WI 53217",(262) 404-2232,https://www.evexipel.com/hormone-replacement-therapy-provider/illume-cosmetic-surgery-glendale-wi/,
AmbianceMD,1808 Allouez Ave Ste,Green Bay,WI,54311,"1808 Allouez Ave Ste B Green Bay, WI 54311",(920) 280-0548,https://www.evexipel.com/hormone-replacement-therapy-provider/ambiancemd-green-bay-wi/,
Discovery Health Healing Center,1601 S. Webster Ave,Green Bay,WI,54301,"1601 S. Webster Ave Green Bay, WI 54301",(920) 536-4721,https://www.evexipel.com/hormone-replacement-therapy-provider/discovery-health-healing-center-green-bay-wi/,
Corelix Wellness,45 Hilldale Drive Suite,Hartford,WI,53027,"45 Hilldale Drive Suite A Hartford, WI 53027",(920) 315-3407,https://www.evexipel.com/hormone-replacement-therapy-provider/corelix-wellness-hartford-wi/,
Family Medicine and Weight Loss,6125 Green Bay Rd Ste 600,Kenosha,WI,53142,"6125 Green Bay Rd Ste 600 Kenosha, WI 53142",(262) 846-5646,https://www.evexipel.com/hormone-replacement-therapy-provider/family-medicine-and-weight-loss-kenosha-wi/,
ANEU Med Spa - Madison,5231 West Madison University Ave,Madison,WI,53705,"5231 West Madison University Ave Madison, WI 53705",(608) 975-3225,https://www.evexipel.com/hormone-replacement-therapy-provider/aneu-med-spa-madison-wi/,
ANEU Medical Spa,4717 Dale Curtin Dr,Mcfarland,WI,53558,"4717 Dale Curtin Dr Mcfarland, WI 53558",(608) 602-2090,https://www.evexipel.com/hormone-replacement-therapy-provider/aneu-medical-spa-mcfarland-wi/,
ReFresh Aesthetic Center,10404 N Port Washington Rd,Mequon,WI,53092,"10404 N Port Washington Rd Mequon, WI 53092",(262) 600-2584,https://www.evexipel.com/hormone-replacement-therapy-provider/refresh-aesthetic-center-mequon-wi/,
MKE Aesthetics & Wellness,1233 N. Mayfair Rd Suite 120,Milwaukee,WI,53226,"1233 N. Mayfair Rd Suite 120 Milwaukee, WI 53226",(262) 800-4719,https://www.evexipel.com/hormone-replacement-therapy-provider/mke-aesthetics-wellness-wauwatosa-wi/,
The Center for Aesthetics - Neenah,425 S Commercial Street,Neenah,WI,54956,"425 S Commercial Street Neenah, WI 54956",(920) 504-3268,https://www.evexipel.com/hormone-replacement-therapy-provider/the-center-for-aesthetics-neenah-wi/,
"Fox Valley Plastic Surgery, SC","2400 Witzel Avenue, Suite",Oshkosh,WI,54904,"2400 Witzel Avenue, Suite A Oshkosh, WI 54904",(920) 717-3711,https://www.evexipel.com/hormone-replacement-therapy-provider/fox-valley-plastic-surgery-sc-oshkosh-wi/,https://share.google/ldF6FpQWpOzwBP4H4
MKE Aesthetics & Wellness - Pleasant,9900 Terwall Terrace,Pleasant Prairie,WI,53158,"9900 Terwall Terrace Pleasant Prairie, WI 53158",(262) 683-4846,https://www.evexipel.com/hormone-replacement-therapy-provider/mke-aesthetics-wellness-pleasant-pleasant-prairie-wi/,
The Center for Aesthetics - Plover,1840 Post Road Ste 1,Plover,WI,54467,"1840 Post Road Ste 1 Plover, WI 54467",(715) 462-2785,https://www.evexipel.com/hormone-replacement-therapy-provider/the-center-for-aesthetics-plover-wi/,
Harmony Hormone Solutions,2021 Cenex Drive Ste,Rice Lake,WI,54868,"2021 Cenex Drive Ste L Rice Lake, WI 54868",(715) 641-4325,https://www.evexipel.com/hormone-replacement-therapy-provider/harmony-hormone-solutions-rice-lake-wi/,
Nu Start Medical LLC,275 N Main St,Sheboygan Falls,WI,53085,"275 N Main St Sheboygan Falls, WI 53085",(920) 635-3256,https://www.evexipel.com/hormone-replacement-therapy-provider/nu-start-medical-llc-sheboygan-falls-wi/,
Injectology Aesthetics and Wellness LLC,601 Ryan St,Suites 107/108 Pewaukee,WI,53072,"601 Ryan St Suites 107/108 Pewaukee, WI 53072",(262) 686-4593,https://www.evexipel.com/hormone-replacement-therapy-provider/injectology-aesthetics-and-wellness-llc-pewaukee-wi/,
"Reviv Aesthetics & Wellness, LLC",6951 S Michigan St,Three Lakes,WI,54562,"6951 S Michigan St Three Lakes, WI 54562",(534) 600-1311,https://www.evexipel.com/hormone-replacement-therapy-provider/reviv-aesthetics-wellness-llc-three-lakes-wi/,
Lakeside Health and Wellness,10411,WI-27 Hayward,WI,54843,"10411 WI-27 Hayward, WI 54843",(715) 638-1539,https://www.evexipel.com/hormone-replacement-therapy-provider/lakeside-health-and-wellness-hayward-wi/,
"Illume Cosmetic Surgery- Waukesha, WI",N4w22370 Bluemound Rd,Waukesha,WI,53186,"N4w22370 Bluemound Rd Waukesha, WI 53186",(262) 684-1960,https://www.evexipel.com/hormone-replacement-therapy-provider/illume-cosmetic-surgery-waukesha-wi-waukesha-wi/,
Moore Lifestyle Medicine,3014 Champion Drive,Barboursville,WV,25504,"3014 Champion Drive Barboursville, WV 25504",(304) 576-6381,https://www.evexipel.com/hormone-replacement-therapy-provider/moore-lifestyle-medicine-barboursville-wv/,
Living Well,828 Oakwood Road,Charleston,WV,25314,"828 Oakwood Road Charleston, WV 25314",(304) 902-6641,https://www.evexipel.com/hormone-replacement-therapy-provider/living-well-charleston-wv/,
Tuscan Sun - Clarksburg,482 Emily Dr,Clarksburg,WV,26301,"482 Emily Dr Clarksburg, WV 26301",(681) 321-7519,https://www.evexipel.com/hormone-replacement-therapy-provider/tuscan-sun-clarksburg-wv/,
Bo-Tox'd Beauty Company,1400 Main St,Follansbee,WV,26037,"1400 Main St Follansbee, WV 26037",(724) 623-3033,https://www.evexipel.com/hormone-replacement-therapy-provider/bo-toxd-beauty-company-follansbee-wv/,
The Retreat Aesthetic & Vitality Center,3515 US Route 60,Huntington,WV,25705,"3515 US Route 60 Huntington, WV 25705",(606) 781-2821,https://www.evexipel.com/hormone-replacement-therapy-provider/the-retreat-aesthetic-vitality-center-huntington-wv/,
Holistic Healing of Hurricane,3761 Teays Valley Road,Hurricane,WV,25526,"3761 Teays Valley Road Hurricane, WV 25526",(304) 322-3154,https://www.evexipel.com/hormone-replacement-therapy-provider/holistic-healing-of-hurricane-wv/,
"Sculpted, LLC",270 Progress Way,Hurricane,WV,25526,"270 Progress Way Hurricane, WV 25526",(681) 325-6664,https://www.evexipel.com/hormone-replacement-therapy-provider/sculpted-llc-hurricane-wv/,
Valor Medical Group,150 Morris Ct,Hurricane,WV,25526,"150 Morris Ct Hurricane, WV 25526",(629) 209-1988,https://www.evexipel.com/hormone-replacement-therapy-provider/valor-medical-group-hurricane-wv/,
Infuse Wellness,18 Viking Drive,Jane Lew,WV,26378,"18 Viking Drive Jane Lew, WV 26378",(304) 317-3082,https://www.evexipel.com/hormone-replacement-therapy-provider/infuse-wellness-jane-lew-wv/,
Healthy Habits Wellness Center,258 Hanging Rock Hwy Ste 3,Logan,WV,25601,"258 Hanging Rock Hwy Ste 3 Logan, WV 25601",(681) 881-1844,https://www.evexipel.com/hormone-replacement-therapy-provider/healthy-habits-wellness-center-logan-wv/,
Living Well - Milton,1703 US ROUTE 60 W STE,Milton,WV,25541,"1703 US ROUTE 60 W STE C Milton, WV 25541",(304) 501-5202,https://www.evexipel.com/hormone-replacement-therapy-provider/living-well-milton-wv/,
Virtual Vitality,14621 US Route 60,Milton,WV,25541,"14621 US Route 60 Milton, WV 25541",(681) 233-9493,https://www.evexipel.com/hormone-replacement-therapy-provider/virtual-vitality-milton-wv/,
Busy Moms Healthcare,10000 Coombs Farm Rd. Suite 106,Morgantown,WV,26508,"10000 Coombs Farm Rd.  Suite 106 Morgantown, WV 26508",(681) 441-3814,https://www.evexipel.com/hormone-replacement-therapy-provider/busy-moms-healthcare-morgantown-wv/,
Tuscan Sun - Morgantown,401 Boyers Ave,Morgantown,WV,26505,"401 Boyers Ave Morgantown, WV 26505",(878) 206-6409,https://www.evexipel.com/hormone-replacement-therapy-provider/tuscan-sun-morgantown-wv/,
Faith Family Health,609 Mercer St,Princeton,WV,24740,"609 Mercer St Princeton, WV 24740",(276) 322-9702,https://www.evexipel.com/hormone-replacement-therapy-provider/faith-family-health-princeton-wv/,
"Envision Medical Care, LLC",111 Court St S,Ripley,WV,25271,"111 Court St S Ripley, WV 25271",(740) 570-4367,https://www.evexipel.com/hormone-replacement-therapy-provider/envision-medical-care-llc-ripley-wv/,
"Trinity Family Health Care, LLC",1 S Marsham St,Romney,WV,26757,"1 S Marsham St Romney, WV 26757",(301) 709-9929,https://www.evexipel.com/hormone-replacement-therapy-provider/trinity-family-health-care-llc-romney-wv/,
Empire Aesthetics,21 Armory Drive,Wheeling,WV,26003,"21 Armory Drive Wheeling, WV 26003",(740) 996-5016,https://www.evexipel.com/hormone-replacement-therapy-provider/empire-aesthetics-wheeling-wv/,
Cheyenne Women's Clinic,3952 Parkview Drive,Cheyenne,WY,82001,"3952 Parkview Drive Cheyenne, WY 82001",(307) 207-2382,https://www.evexipel.com/hormone-replacement-therapy-provider/cheyenne-womens-clinic-cheyenne-wy/,
True Body,902 Blackburn Street,Cody,WY,82414,"902 Blackburn Street Cody, WY 82414",(307) 429-3938,https://www.evexipel.com/hormone-replacement-therapy-provider/true-body-cody-wy/,
Alpine Functional Wellness L.L.C.,230,Elk Run Alpine,WY,83128,"230 Elk Run Alpine, WY 83128",(307) 249-4176,https://www.evexipel.com/hormone-replacement-therapy-provider/alpine-functional-wellness-llc-alpine-wy/,
"Revitalize, Llc",1206 W 4Th Street Ste 1,Gillette,WY,82716,"1206 W 4Th Street Ste 1 Gillette, WY 82716",(307) 227-4138,https://www.evexipel.com/hormone-replacement-therapy-provider/revitalize-llc-gillette-wy/,